Fold,RMSE,MAE,R2
1,0.04837664048744379,0.027969580428264407,-0.12890940014324337
2,0.0369176326371331,0.026005268323751506,-0.399697504957673
3,0.041246198219346525,0.02964361280593437,-0.33218033023445037
4,0.03988035002753934,0.027815884156694434,-1.3703224226349806
5,0.033982716698096785,0.024037507324520153,-0.3166527226971412
