Date,US_Stock_ACWI_adj_close,US_Stock_ACWI_adj_high,US_Stock_ACWI_adj_low,US_Stock_ACWI_adj_open,US_Stock_ACWI_adj_volume,US_Stock_AEM_adj_close,US_Stock_AEM_adj_high,US_Stock_AEM_adj_low,US_Stock_AEM_adj_open,US_Stock_AEM_adj_volume,US_Stock_AGG_adj_close,US_Stock_AGG_adj_high,US_Stock_AGG_adj_low,US_Stock_AGG_adj_open,US_Stock_AGG_adj_volume,US_Stock_AG_adj_close,US_Stock_AG_adj_high,US_Stock_AG_adj_low,US_Stock_AG_adj_open,US_Stock_AG_adj_volume,US_Stock_ALB_adj_close,US_Stock_ALB_adj_high,US_Stock_ALB_adj_low,US_Stock_ALB_adj_open,US_Stock_ALB_adj_volume,US_Stock_AMP_adj_close,US_Stock_AMP_adj_high,US_Stock_AMP_adj_low,US_Stock_AMP_adj_open,US_Stock_AMP_adj_volume,US_Stock_BCS_adj_close,US_Stock_BCS_adj_high,US_Stock_BCS_adj_low,US_Stock_BCS_adj_open,US_Stock_BCS_adj_volume,US_Stock_BKR_adj_close,US_Stock_BKR_adj_high,US_Stock_BKR_adj_low,US_Stock_BKR_adj_open,US_Stock_BKR_adj_volume,US_Stock_BNDX_adj_close,US_Stock_BNDX_adj_high,US_Stock_BNDX_adj_low,US_Stock_BNDX_adj_open,US_Stock_BNDX_adj_volume,US_Stock_BND_adj_close,US_Stock_BND_adj_high,US_Stock_BND_adj_low,US_Stock_BND_adj_open,US_Stock_BND_adj_volume,US_Stock_BP_adj_close,US_Stock_BP_adj_high,US_Stock_BP_adj_low,US_Stock_BP_adj_open,US_Stock_BP_adj_volume,US_Stock_BSV_adj_close,US_Stock_BSV_adj_high,US_Stock_BSV_adj_low,US_Stock_BSV_adj_open,US_Stock_BSV_adj_volume,US_Stock_CAT_adj_close,US_Stock_CAT_adj_high,US_Stock_CAT_adj_low,US_Stock_CAT_adj_open,US_Stock_CAT_adj_volume,US_Stock_CCJ_adj_close,US_Stock_CCJ_adj_high,US_Stock_CCJ_adj_low,US_Stock_CCJ_adj_open,US_Stock_CCJ_adj_volume,US_Stock_CLF_adj_close,US_Stock_CLF_adj_high,US_Stock_CLF_adj_low,US_Stock_CLF_adj_open,US_Stock_CLF_adj_volume,US_Stock_COP_adj_close,US_Stock_COP_adj_high,US_Stock_COP_adj_low,US_Stock_COP_adj_open,US_Stock_COP_adj_volume,US_Stock_CVE_adj_close,US_Stock_CVE_adj_high,US_Stock_CVE_adj_low,US_Stock_CVE_adj_open,US_Stock_CVE_adj_volume,US_Stock_CVX_adj_close,US_Stock_CVX_adj_high,US_Stock_CVX_adj_low,US_Stock_CVX_adj_open,US_Stock_CVX_adj_volume,US_Stock_DE_adj_close,US_Stock_DE_adj_high,US_Stock_DE_adj_low,US_Stock_DE_adj_open,US_Stock_DE_adj_volume,US_Stock_DVN_adj_close,US_Stock_DVN_adj_high,US_Stock_DVN_adj_low,US_Stock_DVN_adj_open,US_Stock_DVN_adj_volume,US_Stock_EEM_adj_close,US_Stock_EEM_adj_high,US_Stock_EEM_adj_low,US_Stock_EEM_adj_open,US_Stock_EEM_adj_volume,US_Stock_EFA_adj_close,US_Stock_EFA_adj_high,US_Stock_EFA_adj_low,US_Stock_EFA_adj_open,US_Stock_EFA_adj_volume,US_Stock_EMB_adj_close,US_Stock_EMB_adj_high,US_Stock_EMB_adj_low,US_Stock_EMB_adj_open,US_Stock_EMB_adj_volume,US_Stock_ENB_adj_close,US_Stock_ENB_adj_high,US_Stock_ENB_adj_low,US_Stock_ENB_adj_open,US_Stock_ENB_adj_volume,US_Stock_EOG_adj_close,US_Stock_EOG_adj_high,US_Stock_EOG_adj_low,US_Stock_EOG_adj_open,US_Stock_EOG_adj_volume,US_Stock_EWJ_adj_close,US_Stock_EWJ_adj_high,US_Stock_EWJ_adj_low,US_Stock_EWJ_adj_open,US_Stock_EWJ_adj_volume,US_Stock_EWT_adj_close,US_Stock_EWT_adj_high,US_Stock_EWT_adj_low,US_Stock_EWT_adj_open,US_Stock_EWT_adj_volume,US_Stock_EWY_adj_close,US_Stock_EWY_adj_high,US_Stock_EWY_adj_low,US_Stock_EWY_adj_open,US_Stock_EWY_adj_volume,US_Stock_EWZ_adj_close,US_Stock_EWZ_adj_high,US_Stock_EWZ_adj_low,US_Stock_EWZ_adj_open,US_Stock_EWZ_adj_volume,US_Stock_FCX_adj_close,US_Stock_FCX_adj_high,US_Stock_FCX_adj_low,US_Stock_FCX_adj_open,US_Stock_FCX_adj_volume,US_Stock_FNV_adj_close,US_Stock_FNV_adj_high,US_Stock_FNV_adj_low,US_Stock_FNV_adj_open,US_Stock_FNV_adj_volume,US_Stock_FXI_adj_close,US_Stock_FXI_adj_high,US_Stock_FXI_adj_low,US_Stock_FXI_adj_open,US_Stock_FXI_adj_volume,US_Stock_GDXJ_adj_close,US_Stock_GDXJ_adj_high,US_Stock_GDXJ_adj_low,US_Stock_GDXJ_adj_open,US_Stock_GDXJ_adj_volume,US_Stock_GDX_adj_close,US_Stock_GDX_adj_high,US_Stock_GDX_adj_low,US_Stock_GDX_adj_open,US_Stock_GDX_adj_volume,US_Stock_GLD_adj_close,US_Stock_GLD_adj_high,US_Stock_GLD_adj_low,US_Stock_GLD_adj_open,US_Stock_GLD_adj_volume,US_Stock_GOLD_adj_close,US_Stock_GOLD_adj_high,US_Stock_GOLD_adj_low,US_Stock_GOLD_adj_open,US_Stock_GOLD_adj_volume,US_Stock_HAL_adj_close,US_Stock_HAL_adj_high,US_Stock_HAL_adj_low,US_Stock_HAL_adj_open,US_Stock_HAL_adj_volume,US_Stock_HES_adj_close,US_Stock_HES_adj_high,US_Stock_HES_adj_low,US_Stock_HES_adj_open,US_Stock_HES_adj_volume,US_Stock_HL_adj_close,US_Stock_HL_adj_high,US_Stock_HL_adj_low,US_Stock_HL_adj_open,US_Stock_HL_adj_volume,US_Stock_IAU_adj_close,US_Stock_IAU_adj_high,US_Stock_IAU_adj_low,US_Stock_IAU_adj_open,US_Stock_IAU_adj_volume,US_Stock_IEF_adj_close,US_Stock_IEF_adj_high,US_Stock_IEF_adj_low,US_Stock_IEF_adj_open,US_Stock_IEF_adj_volume,US_Stock_IEMG_adj_close,US_Stock_IEMG_adj_high,US_Stock_IEMG_adj_low,US_Stock_IEMG_adj_open,US_Stock_IEMG_adj_volume,US_Stock_IGSB_adj_close,US_Stock_IGSB_adj_high,US_Stock_IGSB_adj_low,US_Stock_IGSB_adj_open,US_Stock_IGSB_adj_volume,US_Stock_JNK_adj_close,US_Stock_JNK_adj_high,US_Stock_JNK_adj_low,US_Stock_JNK_adj_open,US_Stock_JNK_adj_volume,US_Stock_KGC_adj_close,US_Stock_KGC_adj_high,US_Stock_KGC_adj_low,US_Stock_KGC_adj_open,US_Stock_KGC_adj_volume,US_Stock_KMI_adj_close,US_Stock_KMI_adj_high,US_Stock_KMI_adj_low,US_Stock_KMI_adj_open,US_Stock_KMI_adj_volume,US_Stock_LQD_adj_close,US_Stock_LQD_adj_high,US_Stock_LQD_adj_low,US_Stock_LQD_adj_open,US_Stock_LQD_adj_volume,US_Stock_LYB_adj_close,US_Stock_LYB_adj_high,US_Stock_LYB_adj_low,US_Stock_LYB_adj_open,US_Stock_LYB_adj_volume,US_Stock_MBB_adj_close,US_Stock_MBB_adj_high,US_Stock_MBB_adj_low,US_Stock_MBB_adj_open,US_Stock_MBB_adj_volume,US_Stock_MPC_adj_close,US_Stock_MPC_adj_high,US_Stock_MPC_adj_low,US_Stock_MPC_adj_open,US_Stock_MPC_adj_volume,US_Stock_MS_adj_close,US_Stock_MS_adj_high,US_Stock_MS_adj_low,US_Stock_MS_adj_open,US_Stock_MS_adj_volume,US_Stock_NEM_adj_close,US_Stock_NEM_adj_high,US_Stock_NEM_adj_low,US_Stock_NEM_adj_open,US_Stock_NEM_adj_volume,US_Stock_NUE_adj_close,US_Stock_NUE_adj_high,US_Stock_NUE_adj_low,US_Stock_NUE_adj_open,US_Stock_NUE_adj_volume,US_Stock_NUGT_adj_close,US_Stock_NUGT_adj_high,US_Stock_NUGT_adj_low,US_Stock_NUGT_adj_open,US_Stock_NUGT_adj_volume,US_Stock_OIH_adj_close,US_Stock_OIH_adj_high,US_Stock_OIH_adj_low,US_Stock_OIH_adj_open,US_Stock_OIH_adj_volume,US_Stock_OKE_adj_close,US_Stock_OKE_adj_high,US_Stock_OKE_adj_low,US_Stock_OKE_adj_open,US_Stock_OKE_adj_volume,US_Stock_OXY_adj_close,US_Stock_OXY_adj_high,US_Stock_OXY_adj_low,US_Stock_OXY_adj_open,US_Stock_OXY_adj_volume,US_Stock_PAAS_adj_close,US_Stock_PAAS_adj_high,US_Stock_PAAS_adj_low,US_Stock_PAAS_adj_open,US_Stock_PAAS_adj_volume,US_Stock_RIO_adj_close,US_Stock_RIO_adj_high,US_Stock_RIO_adj_low,US_Stock_RIO_adj_open,US_Stock_RIO_adj_volume,US_Stock_RSP_adj_close,US_Stock_RSP_adj_high,US_Stock_RSP_adj_low,US_Stock_RSP_adj_open,US_Stock_RSP_adj_volume,US_Stock_RY_adj_close,US_Stock_RY_adj_high,US_Stock_RY_adj_low,US_Stock_RY_adj_open,US_Stock_RY_adj_volume,US_Stock_SCCO_adj_close,US_Stock_SCCO_adj_high,US_Stock_SCCO_adj_low,US_Stock_SCCO_adj_open,US_Stock_SCCO_adj_volume,US_Stock_SHEL_adj_close,US_Stock_SHEL_adj_high,US_Stock_SHEL_adj_low,US_Stock_SHEL_adj_open,US_Stock_SHEL_adj_volume,US_Stock_SHY_adj_close,US_Stock_SHY_adj_high,US_Stock_SHY_adj_low,US_Stock_SHY_adj_open,US_Stock_SHY_adj_volume,US_Stock_SLB_adj_close,US_Stock_SLB_adj_high,US_Stock_SLB_adj_low,US_Stock_SLB_adj_open,US_Stock_SLB_adj_volume,US_Stock_SLV_adj_close,US_Stock_SLV_adj_high,US_Stock_SLV_adj_low,US_Stock_SLV_adj_open,US_Stock_SLV_adj_volume,US_Stock_SPIB_adj_close,US_Stock_SPIB_adj_high,US_Stock_SPIB_adj_low,US_Stock_SPIB_adj_open,US_Stock_SPIB_adj_volume,US_Stock_SPTL_adj_close,US_Stock_SPTL_adj_high,US_Stock_SPTL_adj_low,US_Stock_SPTL_adj_open,US_Stock_SPTL_adj_volume,US_Stock_SPYV_adj_close,US_Stock_SPYV_adj_high,US_Stock_SPYV_adj_low,US_Stock_SPYV_adj_open,US_Stock_SPYV_adj_volume,US_Stock_STLD_adj_close,US_Stock_STLD_adj_high,US_Stock_STLD_adj_low,US_Stock_STLD_adj_open,US_Stock_STLD_adj_volume,US_Stock_TD_adj_close,US_Stock_TD_adj_high,US_Stock_TD_adj_low,US_Stock_TD_adj_open,US_Stock_TD_adj_volume,US_Stock_TECK_adj_close,US_Stock_TECK_adj_high,US_Stock_TECK_adj_low,US_Stock_TECK_adj_open,US_Stock_TECK_adj_volume,US_Stock_TIP_adj_close,US_Stock_TIP_adj_high,US_Stock_TIP_adj_low,US_Stock_TIP_adj_open,US_Stock_TIP_adj_volume,US_Stock_TRGP_adj_close,US_Stock_TRGP_adj_high,US_Stock_TRGP_adj_low,US_Stock_TRGP_adj_open,US_Stock_TRGP_adj_volume,US_Stock_URA_adj_close,US_Stock_URA_adj_high,US_Stock_URA_adj_low,US_Stock_URA_adj_open,US_Stock_URA_adj_volume,US_Stock_VALE_adj_close,US_Stock_VALE_adj_high,US_Stock_VALE_adj_low,US_Stock_VALE_adj_open,US_Stock_VALE_adj_volume,US_Stock_VCIT_adj_close,US_Stock_VCIT_adj_high,US_Stock_VCIT_adj_low,US_Stock_VCIT_adj_open,US_Stock_VCIT_adj_volume,US_Stock_VCSH_adj_close,US_Stock_VCSH_adj_high,US_Stock_VCSH_adj_low,US_Stock_VCSH_adj_open,US_Stock_VCSH_adj_volume,US_Stock_VEA_adj_close,US_Stock_VEA_adj_high,US_Stock_VEA_adj_low,US_Stock_VEA_adj_open,US_Stock_VEA_adj_volume,US_Stock_VGIT_adj_close,US_Stock_VGIT_adj_high,US_Stock_VGIT_adj_low,US_Stock_VGIT_adj_open,US_Stock_VGIT_adj_volume,US_Stock_VGK_adj_close,US_Stock_VGK_adj_high,US_Stock_VGK_adj_low,US_Stock_VGK_adj_open,US_Stock_VGK_adj_volume,US_Stock_VGLT_adj_close,US_Stock_VGLT_adj_high,US_Stock_VGLT_adj_low,US_Stock_VGLT_adj_open,US_Stock_VGLT_adj_volume,US_Stock_VGSH_adj_close,US_Stock_VGSH_adj_high,US_Stock_VGSH_adj_low,US_Stock_VGSH_adj_open,US_Stock_VGSH_adj_volume,US_Stock_VTV_adj_close,US_Stock_VTV_adj_high,US_Stock_VTV_adj_low,US_Stock_VTV_adj_open,US_Stock_VTV_adj_volume,US_Stock_VT_adj_close,US_Stock_VT_adj_high,US_Stock_VT_adj_low,US_Stock_VT_adj_open,US_Stock_VT_adj_volume,US_Stock_VWO_adj_close,US_Stock_VWO_adj_high,US_Stock_VWO_adj_low,US_Stock_VWO_adj_open,US_Stock_VWO_adj_volume,US_Stock_VXUS_adj_close,US_Stock_VXUS_adj_high,US_Stock_VXUS_adj_low,US_Stock_VXUS_adj_open,US_Stock_VXUS_adj_volume,US_Stock_VYM_adj_close,US_Stock_VYM_adj_high,US_Stock_VYM_adj_low,US_Stock_VYM_adj_open,US_Stock_VYM_adj_volume,US_Stock_WMB_adj_close,US_Stock_WMB_adj_high,US_Stock_WMB_adj_low,US_Stock_WMB_adj_open,US_Stock_WMB_adj_volume,US_Stock_WPM_adj_close,US_Stock_WPM_adj_high,US_Stock_WPM_adj_low,US_Stock_WPM_adj_open,US_Stock_WPM_adj_volume,US_Stock_XLB_adj_close,US_Stock_XLB_adj_high,US_Stock_XLB_adj_low,US_Stock_XLB_adj_open,US_Stock_XLB_adj_volume,US_Stock_XLE_adj_close,US_Stock_XLE_adj_high,US_Stock_XLE_adj_low,US_Stock_XLE_adj_open,US_Stock_XLE_adj_volume,US_Stock_XOM_adj_close,US_Stock_XOM_adj_high,US_Stock_XOM_adj_low,US_Stock_XOM_adj_open,US_Stock_XOM_adj_volume,US_Stock_X_adj_close,US_Stock_X_adj_high,US_Stock_X_adj_low,US_Stock_X_adj_open,US_Stock_X_adj_volume,US_Stock_YINN_adj_close,US_Stock_YINN_adj_high,US_Stock_YINN_adj_low,US_Stock_YINN_adj_open,US_Stock_YINN_adj_volume
163,,,,,,,,,,,,,,,,,,,,,,,,,,,,,,,,,,,,,,,,,,,,,,,,,,,,,,,,,,,,,,,,,,,,,,,,,,,,,,,,,,,,,,,,,,,,,,,,,,,,,,,,,,,,,,,,,,,,,,,,,,,,,,,,,,,,,,,,,,,,,,,,,,,,,,,,,,,,,,,,,,,,,,,,,,,,,,,,62.68338460220741,64.67692889152752,62.57532234984914,63.71687819326235,857322.4041106484,,,,,,,,,,,,,,,,,,,,,,,,,,,,,,,,,,,,,,,,,,,,,,,,,,,,,,,,,,,,,,,,,,,,,,,,,,,,,,,,,,,,,,,,,,,,,,,,,,,,,,,,,,,,,,,,,,,,,,,,,,,,,,,,,,,,,,,,,,,,,,,,,,,,,,,,,,,,,,,,,,,,,,,,,,,,,,,,,,,,,,,,,,,,,,,,,,,,,,,,,,,,,,,,,,,,,,,,,,,,,,,,,,,,,,,,,,,,,,,,,,,,,,,,,,,,,,,,,,,,,,,,,,,,,,,,,,,,,,,,,,,,,,,,,,,,,,,
164,,,,,,,,,,,,,,,,,,,,,,,,,,,,,,,,,,,,,,,,,,,,,,,,,,,,,,,,,,,,,,,,,,,,,,,,,,,,,,,,,,,,,,,,,,,,,,,,,,,,,,,,,,,,,,,,,,,,,,,,,,,,,,,,,,,,,,,,,,,,,,,,,,,,,,,,,,,,,,,,,,,,,,,,,,,,,,,,62.668428229777845,64.67336135232551,62.57451067718853,63.713716000813285,737150.0826459232,,,,,,,,,,,,,,,,,,,,,,,,,,,,,,,,,,,,,,,,,,,,,,,,,,,,,,,,,,,,,,,,,,,,,,,,,,,,,,,,,,,,,,,,,,,,,,,,,,,,,,,,,,,,,,,,,,,,,,,,,,,,,,,,,,,,,,,,,,,,,,,,,,,,,,,,,,,,,,,,,,,,,,,,,,,,,,,,,,,,,,,,,,,,,,,,,,,,,,,,,,,,,,,,,,,,,,,,,,,,,,,,,,,,,,,,,,,,,,,,,,,,,,,,,,,,,,,,,,,,,,,,,,,,,,,,,,,,,,,,,,,,,,,,,,,,,,,
165,,,,,,,,,,,,,,,,,,,,,,,,,,,,,,,,,,,,,,,,,,,,,,,,,,,,,,,,,,,,,,,,,,,,,,,,,,,,,,,,,,,,,,,,,,,,,,,,,,,,,,,,,,,,,,,,,,,,,,,,,,,,,,,,,,,,,,,,,,,,,,,,,,,,,,,,,,,,,,,,,,,,,,,,,,,,,,,,62.66633009873033,64.67306585642561,62.57453669422533,63.713557585495316,667000.15334976,,,,,,,,,,,,,,,,,,,,,,,,,,,,,,,,,,,,,,,,,,,,,,,,,,,,,,,,,,,,,,,,,,,,,,,,,,,,,,,,,,,,,,,,,,,,,,,,,,,,,,,,,,,,,,,,,,,,,,,,,,,,,,,,,,,,,,,,,,,,,,,,,,,,,,,,,,,,,,,,,,,,,,,,,,,,,,,,,,,,,,,,,,,,,,,,,,,,,,,,,,,,,,,,,,,,,,,,,,,,,,,,,,,,,,,,,,,,,,,,,,,,,,,,,,,,,,,,,,,,,,,,,,,,,,,,,,,,,,,,,,,,,,,,,,,,,,,
166,,,,,,,,,,,,,,,,,,,,,,,,,,,,,,,,,,,,,,,,,,,,,,,,,,,,,,,,,,,,,,,,,,,,,,,,,,,,,,,,,,,,,,,,,,,,,,,,,,,,,,,,,,,,,,,,,,,,,,,,,,,,,,,,,,,,,,,,,,,,,,,,,,,,,,,,,,,,,,,,,,,,,,,,,,,,,,,,62.66603576573526,64.67304138077954,62.574535860285444,63.71354964941509,626050.5193552033,,,,,,,,,,,,,,,,,,,,,,,,,,,,,,,,,,,,,,,,,,,,,,,,,,,,,,,,,,,,,,,,,,,,,,,,,,,,,,,,,,,,,,,,,,,,,,,,,,,,,,,,,,,,,,,,,,,,,,,,,,,,,,,,,,,,,,,,,,,,,,,,,,,,,,,,,,,,,,,,,,,,,,,,,,,,,,,,,,,,,,,,,,,,,,,,,,,,,,,,,,,,,,,,,,,,,,,,,,,,,,,,,,,,,,,,,,,,,,,,,,,,,,,,,,,,,,,,,,,,,,,,,,,,,,,,,,,,,,,,,,,,,,,,,,,,,,,
167,,,,,,,,,,,,,,,,,,,,,,,,,,,,,,,,,,,,,,,,,,,,,,,,,,,,,,,,,,,,,,,,,,,,,,,,,,,,,,,,,,,,,,,,,,,,,,,,,,,,,,,,,,,,,,,,,,,,,,,,,,,,,,,,,,,,,,,,,,,,,,,,,,,,,,,,,,,,,,,,,,,,,,,,,,,,,,,,62.665994475696635,64.67303935348491,62.574535887016225,63.71354925184389,602146.3965554691,,,,,,,,,,,,,,,,,,,,,,,,,,,,,,,,,,,,,,,,,,,,,,,,,,,,,,,,,,,,,,,,,,,,,,,,,,,,,,,,,,,,,,,,,,,,,,,,,,,,,,,,,,,,,,,,,,,,,,,,,,,,,,,,,,,,,,,,,,,,,,,,,,,,,,,,,,,,,,,,,,,,,,,,,,,,,,,,,,,,,,,,,,,,,,,,,,,,,,,,,,,,,,,,,,,,,,,,,,,,,,,,,,,,,,,,,,,,,,,,,,,,,,,,,,,,,,,,,,,,,,,,,,,,,,,,,,,,,,,,,,,,,,,,,,,,,,,
168,,,,,,,,,,,,,,,,,,,,,,,,,,,,,,,,,,,,,,,,,,,,,,,,,,,,,,,,,,,,,,,,,,,,,,,,,,,,,,,,,,,,,,,,,,,,,,,,,,,,,,,,,,,,,,,,,,,,,,,,,,,,,,,,,,,,,,,,,,,,,,,,,,,,,,,,,,,,,,,,,,,,,,,,,,,,,,,,62.66598868338888,64.67303918556601,62.57453588615941,63.71354923192689,588192.496823405,,,,,,,,,,,,,,,,,,,,,,,,,,,,,,,,,,,,,,,,,,,,,,,,,,,,,,,,,,,,,,,,,,,,,,,,,,,,,,,,,,,,,,,,,,,,,,,,,,,,,,,,,,,,,,,,,,,,,,,,,,,,,,,,,,,,,,,,,,,,,,,,,,,,,,,,,,,,,,,,,,,,,,,,,,,,,,,,,,,,,,,,,,,,,,,,,,,,,,,,,,,,,,,,,,,,,,,,,,,,,,,,,,,,,,,,,,,,,,,,,,,,,,,,,,,,,,,,,,,,,,,,,,,,,,,,,,,,,,,,,,,,,,,,,,,,,,,
169,,,,,,,,,,,,,,,,,,,,,,,,,,,,,,,,,,,,,,,,,,,,,,,,,,,,,,,,,,,,,,,,,,,,,,,,,,,,,,,,,,,,,,,,,,,,,,,,,,,,,,,,,,,,,,,,,,,,,,,,,,,,,,,,,,,,,,,,,,,,,,,,,,,,,,,,,,,,,,,,,,,,,,,,,,,,,,,,62.665987870824154,64.67303917165745,62.57453588618687,63.71354923092912,580046.9848812281,,,,,,,,,,,,,,,,,,,,,,,,,,,,,,,,,,,,,,,,,,,,,,,,,,,,,,,,,,,,,,,,,,,,,,,,,,,,,,,,,,,,,,,,,,,,,,,,,,,,,,,,,,,,,,,,,,,,,,,,,,,,,,,,,,,,,,,,,,,,,,,,,,,,,,,,,,,,,,,,,,,,,,,,,,,,,,,,,,,,,,,,,,,,,,,,,,,,,,,,,,,,,,,,,,,,,,,,,,,,,,,,,,,,,,,,,,,,,,,,,,,,,,,,,,,,,,,,,,,,,,,,,,,,,,,,,,,,,,,,,,,,,,,,,,,,,,,
170,,,,,,,,,,,,,,,,,,,,,,,,,,,,,,,,,,,,,,,,,,,,,,,,,,,,,,,,,,,,,,,,,,,,,,,,,,,,,,,,,,,,,,,,,,,,,,,,,,,,,,,,,,,,,,,,,,,,,,,,,,,,,,,,,,,,,,,,,,,,,,,,,,,,,,,,,,,,,,,,,,,,,,,,,,,,,,,,62.665987756834795,64.67303917050542,62.57453588618599,63.71354923087913,575292.0872487271,,,,,,,,,,,,,,,,,,,,,,,,,,,,,,,,,,,,,,,,,,,,,,,,,,,,,,,,,,,,,,,,,,,,,,,,,,,,,,,,,,,,,,,,,,,,,,,,,,,,,,,,,,,,,,,,,,,,,,,,,,,,,,,,,,,,,,,,,,,,,,,,,,,,,,,,,,,,,,,,,,,,,,,,,,,,,,,,,,,,,,,,,,,,,,,,,,,,,,,,,,,,,,,,,,,,,,,,,,,,,,,,,,,,,,,,,,,,,,,,,,,,,,,,,,,,,,,,,,,,,,,,,,,,,,,,,,,,,,,,,,,,,,,,,,,,,,,
171,,,,,,,,,,,,,,,,,,,,,,,,,,,,,,,,,,,,,,,,,,,,,,,,,,,,,,,,,,,,,,,,,,,,,,,,,,,,,,,,,,,,,,,,,,,,,,,,,,,,,,,,,,,,,,,,,,,,,,,,,,,,,,,,,,,,,,,,,,,,,,,,,,,,,,,,,,,,,,,,,,,,,,,,,,,,,,,,62.66598774084398,64.67303917041,62.57453588618602,63.71354923087663,572516.4420030925,,,,,,,,,,,,,,,,,,,,,,,,,,,,,,,,,,,,,,,,,,,,,,,,,,,,,,,,,,,,,,,,,,,,,,,,,,,,,,,,,,,,,,,,,,,,,,,,,,,,,,,,,,,,,,,,,,,,,,,,,,,,,,,,,,,,,,,,,,,,,,,,,,,,,,,,,,,,,,,,,,,,,,,,,,,,,,,,,,,,,,,,,,,,,,,,,,,,,,,,,,,,,,,,,,,,,,,,,,,,,,,,,,,,,,,,,,,,,,,,,,,,,,,,,,,,,,,,,,,,,,,,,,,,,,,,,,,,,,,,,,,,,,,,,,,,,,,
172,,,,,,,,,,,,,,,,,,,,,,,,,,,,,,,,,,,,,,,,,,,,,,,,,,,,,,,,,,,,,,,,,,,,,,,,,,,,,,,,,,,,,,,,,,,,,,,,,,,,,,,,,,,,,,,,,,,,,,,,,,,,,,,,,,,,,,,,,,,,,,,,,,,,,,,,,,,,,,,,,,,,,,,,,,,,,,,,62.665987738600734,64.67303917040209,62.57453588618602,63.7135492308765,570896.1744126918,,,,,,,,,,,,,,,,,,,,,,,,,,,,,,,,,,,,,,,,,,,,,,,,,,,,,,,,,,,,,,,,,,,,,,,,,,,,,,,,,,,,,,,,,,,,,,,,,,,,,,,,,,,,,,,,,,,,,,,,,,,,,,,,,,,,,,,,,,,,,,,,,,,,,,,,,,,,,,,,,,,,,,,,,,,,,,,,,,,,,,,,,,,,,,,,,,,,,,,,,,,,,,,,,,,,,,,,,,,,,,,,,,,,,,,,,,,,,,,,,,,,,,,,,,,,,,,,,,,,,,,,,,,,,,,,,,,,,,,,,,,,,,,,,,,,,,,
173,,,,,,,,,,,,,,,,,,,,,,,,,,,,,,,,,,,,,,,,,,,,,,,,,,,,,,,,,,,,,,,,,,,,,,,,,,,,,,,,,,,,,,,,,,,,,,,,,,,,,,,,,,,,,,,,,,,,,,,,,,,,,,,,,,,,,,,,,,,,,,,,,,,,,,,,,,,,,,,,,,,,,,,,,,,,,,,,62.66598773828604,64.67303917040144,62.57453588618602,63.713549230876495,569950.3521507758,,,,,,,,,,,,,,,,,,,,,,,,,,,,,,,,,,,,,,,,,,,,,,,,,,,,,,,,,,,,,,,,,,,,,,,,,,,,,,,,,,,,,,,,,,,,,,,,,,,,,,,,,,,,,,,,,,,,,,,,,,,,,,,,,,,,,,,,,,,,,,,,,,,,,,,,,,,,,,,,,,,,,,,,,,,,,,,,,,,,,,,,,,,,,,,,,,,,,,,,,,,,,,,,,,,,,,,,,,,,,,,,,,,,,,,,,,,,,,,,,,,,,,,,,,,,,,,,,,,,,,,,,,,,,,,,,,,,,,,,,,,,,,,,,,,,,,,
175,,,,,,,,,,,,,,,,,,,,,,,,,,,,,,,,,,,,,,,,,,,,,,,,,,,,,,,,,,,,,,,,,,,,,,,,,,,,,,,,,,,,,,,,,,,,,,,,,,,,,,,,,,,,,,,,,,,,,,,,,,,,,,,,,,,,,,,,,,,,,,,,,,,,,,,,,,,,,,,,,,,,,,,,,,,,,,,,62.665987738241895,64.67303917040138,62.57453588618602,63.713549230876495,569398.2336263815,,,,,,,,,,,,,,,,,,,,,,,,,,,,,,,,,,,,,,,,,,,,,,,,,,,,,,,,,,,,,,,,,,,,,,,,,,,,,,,,,,,,,,,,,,,,,,,,,,,,,,,,,,,,,,,,,,,,,,,,,,,,,,,,,,,,,,,,,,,,,,,,,,,,,,,,,,,,,,,,,,,,,,,,,,,,,,,,,,,,,,,,,,,,,,,,,,,,,,,,,,,,,,,,,,,,,,,,,,,,,,,,,,,,,,,,,,,,,,,,,,,,,,,,,,,,,,,,,,,,,,,,,,,,,,,,,,,,,,,,,,,,,,,,,,,,,,,
176,,,,,,,,,,,,,,,,,,,,,,,,,,,,,,,,,,,,,,,,,,,,,,,,,,,,,,,,,,,,,,,,,,,,,,,,,,,,,,,,,,,,,,,,,,,,,,,,,,,,,,,,,,,,,,,,,,,,,,,,,,,,,,,,,,,,,,,,,,,,,,,,,,,,,,,,,,,,,,,,,,,,,,,,,,,,,,,,62.6659877382357,64.67303917040138,62.57453588618602,63.713549230876495,569075.9374854957,,,,,,,,,,,,,,,,,,,,,,,,,,,,,,,,,,,,,,,,,,,,,,,,,,,,,,,,,,,,,,,,,,,,,,,,,,,,,,,,,,,,,,,,,,,,,,,,,,,,,,,,,,,,,,,,,,,,,,,,,,,,,,,,,,,,,,,,,,,,,,,,,,,,,,,,,,,,,,,,,,,,,,,,,,,,,,,,,,,,,,,,,,,,,,,,,,,,,,,,,,,,,,,,,,,,,,,,,,,,,,,,,,,,,,,,,,,,,,,,,,,,,,,,,,,,,,,,,,,,,,,,,,,,,,,,,,,,,,,,,,,,,,,,,,,,,,,
177,,,,,,,,,,,,,,,,,,,,,,,,,,,,,,,,,,,,,,,,,,,,,,,,,,,,,,,,,,,,,,,,,,,,,,,,,,,,,,,,,,,,,,,,,,,,,,,,,,,,,,,,,,,,,,,,,,,,,,,,,,,,,,,,,,,,,,,,,,,,,,,,,,,,,,,,,,,,,,,,,,,,,,,,,,,,,,,,62.66598773823483,64.67303917040138,62.57453588618602,63.713549230876495,568887.7988923489,,,,,,,,,,,,,,,,,,,,,,,,,,,,,,,,,,,,,,,,,,,,,,,,,,,,,,,,,,,,,,,,,,,,,,,,,,,,,,,,,,,,,,,,,,,,,,,,,,,,,,,,,,,,,,,,,,,,,,,,,,,,,,,,,,,,,,,,,,,,,,,,,,,,,,,,,,,,,,,,,,,,,,,,,,,,,,,,,,,,,,,,,,,,,,,,,,,,,,,,,,,,,,,,,,,,,,,,,,,,,,,,,,,,,,,,,,,,,,,,,,,,,,,,,,,,,,,,,,,,,,,,,,,,,,,,,,,,,,,,,,,,,,,,,,,,,,,
180,,,,,,,,,,,,,,,,,,,,,,,,,,,,,,,,,,,,,,,,,,,,,,,,,,,,,,,,,,,,,,,,,,,,,,,,,,,,,,,,,,,,,,,,,,,,,,,,,,,,,,,,,,,,,,,,,,,,,,,,,,,,,,,,,,,,,,,,,,,,,,,,,,,,,,,,,,,,,,,,,,,,,,,,,,,,,,,,62.66598773823471,64.67303917040138,62.57453588618602,63.713549230876495,568777.9740271365,,,,,,,,,,,,,,,,,,,,,,,,,,,,,,,,,,,,,,,,,,,,,,,,,,,,,,,,,,,,,,,,,,,,,,,,,,,,,,,,,,,,,,,,,,,,,,,,,,,,,,,,,,,,,,,,,,,,,,,,,,,,,,,,,,,,,,,,,,,,,,,,,,,,,,,,,,,,,,,,,,,,,,,,,,,,,,,,,,,,,,,,,,,,,,,,,,,,,,,,,,,,,,,,,,,,,,,,,,,,,,,,,,,,,,,,,,,,,,,,,,,,,,,,,,,,,,,,,,,,,,,,,,,,,,,,,,,,,,,,,,,,,,,,,,,,,,,
181,,,,,,,,,,,,,,,,,,,,,,,,,,,,,,,,,,,,,,,,,,,,,,,,,,,,,,,,,,,,,,,,,,,,,,,,,,,,,,,,,,,,,,,,,,,,,,,,,,,,,,,,,,,,,,,,,,,,,,,,,,,,,,,,,,,,,,,,,,,,,,,,,,,,,,,,,,,,,,,,,,,,,,,,,,,,,,,,62.6659877382347,64.67303917040138,62.57453588618602,63.713549230876495,568713.8643683089,,,,,,,,,,,,,,,,,,,,,,,,,,,,,,,,,,,,,,,,,,,,,,,,,,,,,,,,,,,,,,,,,,,,,,,,,,,,,,,,,,,,,,,,,,,,,,,,,,,,,,,,,,,,,,,,,,,,,,,,,,,,,,,,,,,,,,,,,,,,,,,,,,,,,,,,,,,,,,,,,,,,,,,,,,,,,,,,,,,,,,,,,,,,,,,,,,,,,,,,,,,,,,,,,,,,,,,,,,,,,,,,,,,,,,,,,,,,,,,,,,,,,,,,,,,,,,,,,,,,,,,,,,,,,,,,,,,,,,,,,,,,,,,,,,,,,,,
182,,,,,,,,,,,,,,,,,,,,,,,,,,,,,,,,,,,,,,,,,,,,,,,,,,,,,,,,,,,,,,,,,,,,,,,,,,,,,,,,,,,,,,,,,,,,,,,,,,,,,,,,,,,,,,,,,,,,,,,,,,,,,,,,,,,,,,,,,,,,,,,,,,,,,,,,,,,,,,,,,,,,,,,,,,,,,,,,62.6659877382347,64.67303917040138,62.57453588618602,63.713549230876495,568676.4407088577,,,,,,,,,,,,,,,,,,,,,,,,,,,,,,,,,,,,,,,,,,,,,,,,,,,,,,,,,,,,,,,,,,,,,,,,,,,,,,,,,,,,,,,,,,,,,,,,,,,,,,,,,,,,,,,,,,,,,,,,,,,,,,,,,,,,,,,,,,,,,,,,,,,,,,,,,,,,,,,,,,,,,,,,,,,,,,,,,,,,,,,,,,,,,,,,,,,,,,,,,,,,,,,,,,,,,,,,,,,,,,,,,,,,,,,,,,,,,,,,,,,,,,,,,,,,,,,,,,,,,,,,,,,,,,,,,,,,,,,,,,,,,,,,,,,,,,,
183,,,,,,,,,,,,,,,,,,,,,,,,,,,,,,,,,,,,,,,,,,,,,,,,,,,,,,,,,,,,,,,,,,,,,,,,,,,,,,,,,,,,,,,,,,,,,,,,,,,,,,,,,,,,,,,,,,,,,,,,,,,,,,,,,,,,,,,,,,,,,,,,,,,,,,,,,,,,,,,,,,,,,,,,,,,,,,,,62.6659877382347,64.67303917040138,62.57453588618602,63.713549230876495,568654.5948542341,,,,,,,,,,,,,,,,,,,,,,,,,,,,,,,,,,,,,,,,,,,,,,,,,,,,,,,,,,,,,,,,,,,,,,,,,,,,,,,,,,,,,,,,,,,,,,,,,,,,,,,,,,,,,,,,,,,,,,,,,,,,,,,,,,,,,,,,,,,,,,,,,,,,,,,,,,,,,,,,,,,,,,,,,,,,,,,,,,,,,,,,,,,,,,,,,,,,,,,,,,,,,,,,,,,,,,,,,,,,,,,,,,,,,,,,,,,,,,,,,,,,,,,,,,,,,,,,,,,,,,,,,,,,,,,,,,,,,,,,,,,,,,,,,,,,,,,
184,,,,,,,,,,,,,,,,,,,,,,,,,,,,,,,,,,,,,,,,,,,,,,,,,,,,,,,,,,,,,,,,,,,,,,,,,,,,,,,,,,,,,,,,,,,,,,,,,,,,,,,,,,,,,,,,,,,,,,,,,,,,,,,,,,,,,,,,,,,,,,,,,,,,,,,,,,,,,,,,,,,,,,,,,,,,,,,,62.6659877382347,64.67303917040138,62.57453588618602,63.713549230876495,568641.8424571881,,,,,,,,,,,,,,,,,,,,,,,,,,,,,,,,,,,,,,,,,,,,,,,,,,,,,,,,,,,,,,,,,,,,,,,,,,,,,,,,,,,,,,,,,,,,,,,,,,,,,,,,,,,,,,,,,,,,,,,,,,,,,,,,,,,,,,,,,,,,,,,,,,,,,,,,,,,,,,,,,,,,,,,,,,,,,,,,,,,,,,,,,,,,,,,,,,,,,,,,,,,,,,,,,,,,,,,,,,,,,,,,,,,,,,,,,,,,,,,,,,,,,,,,,,,,,,,,,,,,,,,,,,,,,,,,,,,,,,,,,,,,,,,,,,,,,,,
185,,,,,,,,,,,,,,,,,,,,,,,,,,,,,,,,,,,,,,,,,,,,,,,,,,,,,,,,,,,,,,,,,,,,,,,,,,,,,,,,,,,,,,,,,,,,,,,,,,,,,,,,,,,,,,,,,,,,,,,,,,,,,,,,,,,,,,,,,,,,,,,,,,,,,,,,,,,,,,,,,,,,,,,,,,,,,,,,62.6659877382347,64.67303917040138,62.57453588618602,63.713549230876495,568634.3983158065,,,,,,,,,,,,,,,,,,,,,,,,,,,,,,,,,,,,,,,,,,,,,,,,,,,,,,,,,,,,,,,,,,,,,,,,,,,,,,,,,,,,,,,,,,,,,,,,,,,,,,,,,,,,,,,,,,,,,,,,,,,,,,,,,,,,,,,,,,,,,,,,,,,,,,,,,,,,,,,,,,,,,,,,,,,,,,,,,,,,,,,,,,,,,,,,,,,,,,,,,,,,,,,,,,,,,,,,,,,,,,,,,,,,,,,,,,,,,,,,,,,,,,,,,,,,,,,,,,,,,,,,,,,,,,,,,,,,,,,,,,,,,,,,,,,,,,,
186,,,,,,,,,,,,,,,,,,,,,,,,,,,,,,,,,,,,,,,,,,,,,,,,,,,,,,,,,,,,,,,,,,,,,,,,,,,,,,,,,,,,,,,,,,,,,,,,,,,,,,,,,,,,,,,,,,,,,,,,,,,,,,,,,,,,,,,,,,,,,,,,,,,,,,,,,,,,,,,,,,,,,,,,,,,,,,,,62.6659877382347,64.67303917040138,62.57453588618602,63.713549230876495,568630.0528393672,,,,,,,,,,,,,,,,,,,,,,,,,,,,,,,,,,,,,,,,,,,,,,,,,,,,,,,,,,,,,,,,,,,,,,,,,,,,,,,,,,,,,,,,,,,,,,,,,,,,,,,,,,,,,,,,,,,,,,,,,,,,,,,,,,,,,,,,,,,,,,,,,,,,,,,,,,,,,,,,,,,,,,,,,,,,,,,,,,,,,,,,,,,,,,,,,,,,,,,,,,,,,,,,,,,,,,,,,,,,,,,,,,,,,,,,,,,,,,,,,,,,,,,,,,,,,,,,,,,,,,,,,,,,,,,,,,,,,,,,,,,,,,,,,,,,,,,
187,,,,,,,,,,,,,,,,,,,,,,,,,,,,,,,,,,,,,,,,,,,,,,,,,,,,,,,,,,,,,,,,,,,,,,,,,,,,,,,,,,,,,,,,,,,,,,,,,,,,,,,,,,,,,,,,,,,,,,,,,,,,,,,,,,,,,,,,,,,,,,,,,,,,,,,,,,,,,,,,,,,,,,,,,,,,,,,,62.6659877382347,64.67303917040138,62.57453588618602,63.713549230876495,568627.516191483,,,,,,,,,,,,,,,,,,,,,,,,,,,,,,,,,,,,,,,,,,,,,,,,,,,,,,,,,,,,,,,,,,,,,,,,,,,,,,,,,,,,,,,,,,,,,,,,,,,,,,,,,,,,,,,,,,,,,,,,,,,,,,,,,,,,,,,,,,,,,,,,,,,,,,,,,,,,,,,,,,,,,,,,,,,,,,,,,,,,,,,,,,,,,,,,,,,,,,,,,,,,,,,,,,,,,,,,,,,,,,,,,,,,,,,,,,,,,,,,,,,,,,,,,,,,,,,,,,,,,,,,,,,,,,,,,,,,,,,,,,,,,,,,,,,,,,,
188,,,,,,,,,,,,,,,,,,,,,,,,,,,,,,,,,,,,,,,,,,,,,,,,,,,,,,,,,,,,,,,,,,,,,,,,,,,,,,,,,,,,,,,,,,,,,,,,,,,,,,,,,,,,,,,,,,,,,,,,,,,,,,,,,,,,,,,,,,,,,,,,,,,,,,,,,,,,,,,,,,,,,,,,,,,,,,,,62.6659877382347,64.67303917040138,62.57453588618602,63.713549230876495,568626.0354372831,,,,,,,,,,,,,,,,,,,,,,,,,,,,,,,,,,,,,,,,,,,,,,,,,,,,,,,,,,,,,,,,,,,,,,,,,,,,,,,,,,,,,,,,,,,,,,,,,,,,,,,,,,,,,,,,,,,,,,,,,,,,,,,,,,,,,,,,,,,,,,,,,,,,,,,,,,,,,,,,,,,,,,,,,,,,,,,,,,,,,,,,,,,,,,,,,,,,,,,,,,,,,,,,,,,,,,,,,,,,,,,,,,,,,,,,,,,,,,,,,,,,,,,,,,,,,,,,,,,,,,,,,,,,,,,,,,,,,,,,,,,,,,,,,,,,,,,
189,,,,,,,,,,,,,,,,,,,,,,,,,,,,,,,,,,,,,,,,,,,,,,,,,,,,,,,,,,,,,,,,,,,,,,,,,,,,,,,,,,,,,,,,,,,,,,,,,,,,,,,,,,,,,,,,,,,,,,,,,,,,,,,,,,,,,,,,,,,,,,,,,,,,,,,,,,,,,,,,,,,,,,,,,,,,,,,,62.6659877382347,64.67303917040138,62.57453588618602,63.713549230876495,568625.1710551927,,,,,,,,,,,,,,,,,,,,,,,,,,,,,,,,,,,,,,,,,,,,,,,,,,,,,,,,,,,,,,,,,,,,,,,,,,,,,,,,,,,,,,,,,,,,,,,,,,,,,,,,,,,,,,,,,,,,,,,,,,,,,,,,,,,,,,,,,,,,,,,,,,,,,,,,,,,,,,,,,,,,,,,,,,,,,,,,,,,,,,,,,,,,,,,,,,,,,,,,,,,,,,,,,,,,,,,,,,,,,,,,,,,,,,,,,,,,,,,,,,,,,,,,,,,,,,,,,,,,,,,,,,,,,,,,,,,,,,,,,,,,,,,,,,,,,,,
190,,,,,,,,,,,,,,,,,,,,,,,,,,,,,,,,,,,,,,,,,,,,,,,,,,,,,,,,,,,,,,,,,,,,,,,,,,,,,,,,,,,,,,,,,,,,,,,,,,,,,,,,,,,,,,,,,,,,,,,,,,,,,,,,,,,,,,,,,,,,,,,,,,,,,,,,,,,,,,,,,,,,,,,,,,,,,,,,62.6659877382347,64.67303917040138,62.57453588618602,63.713549230876495,568624.666476919,,,,,,,,,,,,,,,,,,,,,,,,,,,,,,,,,,,,,,,,,,,,,,,,,,,,,,,,,,,,,,,,,,,,,,,,,,,,,,,,,,,,,,,,,,,,,,,,,,,,,,,,,,,,,,,,,,,,,,,,,,,,,,,,,,,,,,,,,,,,,,,,,,,,,,,,,,,,,,,,,,,,,,,,,,,,,,,,,,,,,,,,,,,,,,,,,,,,,,,,,,,,,,,,,,,,,,,,,,,,,,,,,,,,,,,,,,,,,,,,,,,,,,,,,,,,,,,,,,,,,,,,,,,,,,,,,,,,,,,,,,,,,,,,,,,,,,,
191,,,,,,,,,,,,,,,,,,,,,,,,,,,,,,,,,,,,,,,,,,,,,,,,,,,,,,,,,,,,,,,,,,,,,,,,,,,,,,,,,,,,,,,,,,,,,,,,,,,,,,,,,,,,,,,,,,,,,,,,,,,,,,,,,,,,,,,,,,,,,,,,,,,,,,,,,,,,,,,,,,,,,,,,,,,,,,,,62.6659877382347,64.67303917040138,62.57453588618602,63.713549230876495,568624.371932137,,,,,,,,,,,,,,,,,,,,,,,,,,,,,,,,,,,,,,,,,,,,,,,,,,,,,,,,,,,,,,,,,,,,,,,,,,,,,,,,,,,,,,,,,,,,,,,,,,,,,,,,,,,,,,,,,,,,,,,,,,,,,,,,,,,,,,,,,,,,,,,,,,,,,,,,,,,,,,,,,,,,,,,,,,,,,,,,,,,,,,,,,,,,,,,,,,,,,,,,,,,,,,,,,,,,,,,,,,,,,,,,,,,,,,,,,,,,,,,,,,,,,,,,,,,,,,,,,,,,,,,,,,,,,,,,,,,,,,,,,,,,,,,,,,,,,,,
192,,,,,,,,,,,,,,,,,,,,,,,,,,,,,,,,,,,,,,,,,,,,,,,,,,,,,,,,,,,,,,,,,,,,,,,,,,,,,,,,,,,,,,,,,,,,,,,,,,,,,,,,,,,,,,,,,,,,,,,,,,,,,,,,,,,,,,,,,,,,,,,,,,,,,,,,,,,,,,,,,,,,,,,,,,,,,,,,62.6659877382347,64.67303917040138,62.57453588618602,63.713549230876495,568624.1999932464,,,,,,,,,,,,,,,,,,,,,,,,,,,,,,,,,,,,,,,,,,,,,,,,,,,,,,,,,,,,,,,,,,,,,,,,,,,,,,,,,,,,,,,,,,,,,,,,,,,,,,,,,,,,,,,,,,,,,,,,,,,,,,,,,,,,,,,,,,,,,,,,,,,,,,,,,,,,,,,,,,,,,,,,,,,,,,,,,,,,,,,,,,,,,,,,,,,,,,,,,,,,,,,,,,,,,,,,,,,,,,,,,,,,,,,,,,,,,,,,,,,,,,,,,,,,,,,,,,,,,,,,,,,,,,,,,,,,,,,,,,,,,,,,,,,,,,,
193,,,,,,,,,,,,,,,,,,,,,,,,,,,,,,,,,,,,,,,,,,,,,,,,,,,,,,,,,,,,,,,,,,,,,,,,,,,,,,,,,,,,,,,,,,,,,,,,,,,,,,,,,,,,,,,,,,,,,,,,,,,,,,,,,,,,,,,,,,,,,,,,,,,,,,,,,,,,,,,,,,,,,,,,,,,,,,,,62.6659877382347,64.67303917040138,62.57453588618602,63.713549230876495,568624.0996248681,,,,,,,,,,,,,,,,,,,,,,,,,,,,,,,,,,,,,,,,,,,,,,,,,,,,,,,,,,,,,,,,,,,,,,,,,,,,,,,,,,,,,,,,,,,,,,,,,,,,,,,,,,,,,,,,,,,,,,,,,,,,,,,,,,,,,,,,,,,,,,,,,,,,,,,,,,,,,,,,,,,,,,,,,,,,,,,,,,,,,,,,,,,,,,,,,,,,,,,,,,,,,,,,,,,,,,,,,,,,,,,,,,,,,,,,,,,,,,,,,,,,,,,,,,,,,,,,,,,,,,,,,,,,,,,,,,,,,,,,,,,,,,,,,,,,,,,
194,,,,,,,,,,,,,,,,,,,,,,,,,,,,,,,,,,,,,,,,,,,,,,,,,,,,,,,,,,,,,,,,,,,,,,,,,,,,,,,,,,,,,,,,,,,,,,,,,,,,,,,,,,,,,,,,,,,,,,,,,,,,,,,,,,,,,,,,,,,,,,,,,,,,,,,,,,,,,,,,,,,,,,,,,,,,,,,,62.6659877382347,64.67303917040138,62.57453588618602,63.713549230876495,568624.0410353814,,,,,,,,,,,,,,,,,,,,,,,,,,,,,,,,,,,,,,,,,,,,,,,,,,,,,,,,,,,,,,,,,,,,,,,,,,,,,,,,,,,,,,,,,,,,,,,,,,,,,,,,,,,,,,,,,,,,,,,,,,,,,,,,,,,,,,,,,,,,,,,,,,,,,,,,,,,,,,,,,,,,,,,,,,,,,,,,,,,,,,,,,,,,,,,,,,,,,,,,,,,,,,,,,,,,,,,,,,,,,,,,,,,,,,,,,,,,,,,,,,,,,,,,,,,,,,,,,,,,,,,,,,,,,,,,,,,,,,,,,,,,,,,,,,,,,,,
195,,,,,,,,,,,,,,,,,,,,,,,,,,,,,,,,,,,,,,,,,,,,,,,,,,,,,,,,,,,,,,,,,,,,,,,,,,,,,,,,,,,,,,,,,,,,,,,,,,,,,,,,,,,,,,,,,,,,,,,,,,,,,,,,,,,,,,,,,,,,,,,,,,,,,,,,,,,,,,,,,,,,,,,,,,,,,,,,62.6659877382347,64.67303917040138,62.57453588618602,63.713549230876495,568624.0068340919,,,,,,,,,,,,,,,,,,,,,,,,,,,,,,,,,,,,,,,,,,,,,,,,,,,,,,,,,,,,,,,,,,,,,,,,,,,,,,,,,,,,,,,,,,,,,,,,,,,,,,,,,,,,,,,,,,,,,,,,,,,,,,,,,,,,,,,,,,,,,,,,,,,,,,,,,,,,,,,,,,,,,,,,,,,,,,,,,,,,,,,,,,,,,,,,,,,,,,,,,,,,,,,,,,,,,,,,,,,,,,,,,,,,,,,,,,,,,,,,,,,,,,,,,,,,,,,,,,,,,,,,,,,,,,,,,,,,,,,,,,,,,,,,,,,,,,,
196,,,,,,,,,,,,,,,,,,,,,,,,,,,,,,,,,,,,,,,,,,,,,,,,,,,,,,,,,,,,,,,,,,,,,,,,,,,,,,,,,,,,,,,,,,,,,,,,,,,,,,,,,,,,,,,,,,,,,,,,,,,,,,,,,,,,,,,,,,,,,,,,,,,,,,,,,,,,,,,,,,,,,,,,,,,,,,,,62.6659877382347,64.67303917040138,62.57453588618602,63.713549230876495,568623.9868692779,,,,,,,,,,,,,,,,,,,,,,,,,,,,,,,,,,,,,,,,,,,,,,,,,,,,,,,,,,,,,,,,,,,,,,,,,,,,,,,,,,,,,,,,,,,,,,,,,,,,,,,,,,,,,,,,,,,,,,,,,,,,,,,,,,,,,,,,,,,,,,,,,,,,,,,,,,,,,,,,,,,,,,,,,,,,,,,,,,,,,,,,,,,,,,,,,,,,,,,,,,,,,,,,,,,,,,,,,,,,,,,,,,,,,,,,,,,,,,,,,,,,,,,,,,,,,,,,,,,,,,,,,,,,,,,,,,,,,,,,,,,,,,,,,,,,,,,
197,,,,,,,,,,,,,,,,,,,,,,,,,,,,,,,,,,,,,,,,,,,,,,,,,,,,,,,,,,,,,,,,,,,,,,,,,,,,,,,,,,,,,,,,,,,,,,,,,,,,,,,,,,,,,,,,,,,,,,,,,,,,,,,,,,,,,,,,,,,,,,,,,,,,,,,,,,,,,,,,,,,,,,,,,,,,,,,,62.6659877382347,64.67303917040138,62.57453588618602,63.713549230876495,568623.9752149279,,,,,,,,,,,,,,,,,,,,,,,,,,,,,,,,,,,,,,,,,,,,,,,,,,,,,,,,,,,,,,,,,,,,,,,,,,,,,,,,,,,,,,,,,,,,,,,,,,,,,,,,,,,,,,,,,,,,,,,,,,,,,,,,,,,,,,,,,,,,,,,,,,,,,,,,,,,,,,,,,,,,,,,,,,,,,,,,,,,,,,,,,,,,,,,,,,,,,,,,,,,,,,,,,,,,,,,,,,,,,,,,,,,,,,,,,,,,,,,,,,,,,,,,,,,,,,,,,,,,,,,,,,,,,,,,,,,,,,,,,,,,,,,,,,,,,,,
198,,,,,,,,,,,,,,,,,,,,,,,,,,,,,,,,,,,,,,,,,,,,,,,,,,,,,,,,,,,,,,,,,,,,,,,,,,,,,,,,,,,,,,,,,,,,,,,,,,,,,,,,,,,,,,,,,,,,,,,,,,,,,,,,,,,,,,,,,,,,,,,,,,,,,,,,,,,,,,,,,,,,,,,,,,,,,,,,62.6659877382347,64.67303917040138,62.57453588618602,63.713549230876495,568623.9684117655,,,,,,,,,,,,,,,,,,,,,,,,,,,,,,,,,,,,,,,,,,,,,,,,,,,,,,,,,,,,,,,,,,,,,,,,,,,,,,,,,,,,,,,,,,,,,,,,,,,,,,,,,,,,,,,,,,,,,,,,,,,,,,,,,,,,,,,,,,,,,,,,,,,,,,,,,,,,,,,,,,,,,,,,,,,,,,,,,,,,,,,,,,,,,,,,,,,,,,,,,,,,,,,,,,,,,,,,,,,,,,,,,,,,,,,,,,,,,,,,,,,,,,,,,,,,,,,,,,,,,,,,,,,,,,,,,,,,,,,,,,,,,,,,,,,,,,,
199,,,,,,,,,,,,,,,,,,,,,,,,,,,,,,,,,,,,,,,,,,,,,,,,,,,,,,,,,,,,,,,,,,,,,,,,,,,,,,,,,,,,,,,,,,,,,,,,,,,,,,,,,,,,,,,,,,,,,,,,,,,,,,,,,,,,,,,,,,,,,,,,,,,,,,,,,,,,,,,,,,,,,,,,,,,,,,,,62.6659877382347,64.67303917040138,62.57453588618602,63.713549230876495,568623.964440457,,,,,,,,,,,,,,,,,,,,,,,,,,,,,,,,,,,,,,,,,,,,,,,,,,,,,,,,,,,,,,,,,,,,,,,,,,,,,,,,,,,,,,,,,,,,,,,,,,,,,,,,,,,,,,,,,,,,,,,,,,,,,,,,,,,,,,,,,,,,,,,,,,,,,,,,,,,,,,,,,,,,,,,,,,,,,,,,,,,,,,,,,,,,,,,,,,,,,,,,,,,,,,,,,,,,,,,,,,,,,,,,,,,,,,,,,,,,,,,,,,,,,,,,,,,,,,,,,,,,,,,,,,,,,,,,,,,,,,,,,,,,,,,,,,,,,,,
200,,,,,,,,,,,,,,,,,,,,,,,,,,,,,,,,,,,,,,,,,,,,,,,,,,,,,,,,,,,,,,,,,,,,,,,,,,,,,,,,,,,,,,,,,,,,,,,,,,,,,,,,,,,,,,,,,,,,,,,,,,,,,,,,,,,,,,,,,,,,,,,,,,,,,,,,,,,,,,,,,,,,,,,,,,,,,,,,62.6659877382347,64.67303917040138,62.57453588618602,63.713549230876495,568623.9621222276,,,,,,,,,,,,,,,,,,,,,,,,,,,,,,,,,,,,,,,,,,,,,,,,,,,,,,,,,,,,,,,,,,,,,,,,,,,,,,,,,,,,,,,,,,,,,,,,,,,,,,,,,,,,,,,,,,,,,,,,,,,,,,,,,,,,,,,,,,,,,,,,,,,,,,,,,,,,,,,,,,,,,,,,,,,,,,,,,,,,,,,,,,,,,,,,,,,,,,,,,,,,,,,,,,,,,,,,,,,,,,,,,,,,,,,,,,,,,,,,,,,,,,,,,,,,,,,,,,,,,,,,,,,,,,,,,,,,,,,,,,,,,,,,,,,,,,,
201,,,,,,,,,,,,,,,,,,,,,,,,,,,,,,,,,,,,,,,,,,,,,,,,,,,,,,,,,,,,,,,,,,,,,,,,,,,,,,,,,,,,,,,,,,,,,,,,,,,,,,,,,,,,,,,,,,,,,,,,,,,,,,,,,,,,,,,,,,,,,,,,,,,,,,,,,,,,,,,,,,,,,,,,,,,,,,,,62.6659877382347,64.67303917040138,62.57453588618602,63.713549230876495,568623.960768974,,,,,,,,,,,,,,,,,,,,,,,,,,,,,,,,,,,,,,,,,,,,,,,,,,,,,,,,,,,,,,,,,,,,,,,,,,,,,,,,,,,,,,,,,,,,,,,,,,,,,,,,,,,,,,,,,,,,,,,,,,,,,,,,,,,,,,,,,,,,,,,,,,,,,,,,,,,,,,,,,,,,,,,,,,,,,,,,,,,,,,,,,,,,,,,,,,,,,,,,,,,,,,,,,,,,,,,,,,,,,,,,,,,,,,,,,,,,,,,,,,,,,,,,,,,,,,,,,,,,,,,,,,,,,,,,,,,,,,,,,,,,,,,,,,,,,,,
202,,,,,,,,,,,,,,,,,,,,,,,,,,,,,,,,,,,,,,,,,,,,,,,,,,,,,,,,,,,,,,,,,,,,,,,,,,,,,,,,,,,,,,,,,,,,,,,,,,,,,,,,,,,,,,,,,,,,,,,,,,,,,,,,,,,,,,,,,,,,,,,,,,,,,,,,,,,,,,,,,,,,,,,,,,,,,,,,62.6659877382347,64.67303917040138,62.57453588618602,63.713549230876495,568623.9599790197,,,,,,,,,,,,,,,,,,,,,,,,,,,,,,,,,,,,,,,,,,,,,,,,,,,,,,,,,,,,,,,,,,,,,,,,,,,,,,,,,,,,,,,,,,,,,,,,,,,,,,,,,,,,,,,,,,,,,,,,,,,,,,,,,,,,,,,,,,,,,,,,,,,,,,,,,,,,,,,,,,,,,,,,,,,,,,,,,,,,,,,,,,,,,,,,,,,,,,,,,,,,,,,,,,,,,,,,,,,,,,,,,,,,,,,,,,,,,,,,,,,,,,,,,,,,,,,,,,,,,,,,,,,,,,,,,,,,,,,,,,,,,,,,,,,,,,,
203,,,,,,,,,,,,,,,,,,,,,,,,,,,,,,,,,,,,,,,,,,,,,,,,,,,,,,,,,,,,,,,,,,,,,,,,,,,,,,,,,,,,,,,,,,,,,,,,,,,,,,,,,,,,,,,,,,,,,,,,,,,,,,,,,,,,,,,,,,,,,,,,,,,,,,,,,,,,,,,,,,,,,,,,,,,,,,,,62.6659877382347,64.67303917040138,62.57453588618602,63.713549230876495,568623.9595178883,,,,,,,,,,,,,,,,,,,,,,,,,,,,,,,,,,,,,,,,,,,,,,,,,,,,,,,,,,,,,,,,,,,,,,,,,,,,,,,,,,,,,,,,,,,,,,,,,,,,,,,,,,,,,,,,,,,,,,,,,,,,,,,,,,,,,,,,,,,,,,,,,,,,,,,,,,,,,,,,,,,,,,,,,,,,,,,,,,,,,,,,,,,,,,,,,,,,,,,,,,,,,,,,,,,,,,,,,,,,,,,,,,,,,,,,,,,,,,,,,,,,,,,,,,,,,,,,,,,,,,,,,,,,,,,,,,,,,,,,,,,,,,,,,,,,,,,
204,,,,,,,,,,,,,,,,,,,,,,,,,,,,,,,,,,,,,,,,,,,,,,,,,,,,,,,,,,,,,,,,,,,,,,,,,,,,,,,,,,,,,,,,,,,,,,,,,,,,,,,,,,,,,,,,,,,,,,,,,,,,,,,,,,,,,,,,,,,,,,,,,,,,,,,,,,,,,,,,,,,,,,,,,,,,,,,,62.6659877382347,64.67303917040138,62.57453588618602,63.713549230876495,568623.9592487053,,,,,,,,,,,,,,,,,,,,,,,,,,,,,,,,,,,,,,,,,,,,,,,,,,,,,,,,,,,,,,,,,,,,,,,,,,,,,,,,,,,,,,,,,,,,,,,,,,,,,,,,,,,,,,,,,,,,,,,,,,,,,,,,,,,,,,,,,,,,,,,,,,,,,,,,,,,,,,,,,,,,,,,,,,,,,,,,,,,,,,,,,,,,,,,,,,,,,,,,,,,,,,,,,,,,,,,,,,,,,,,,,,,,,,,,,,,,,,,,,,,,,,,,,,,,,,,,,,,,,,,,,,,,,,,,,,,,,,,,,,,,,,,,,,,,,,,
205,,,,,,,,,,,,,,,,,,,,,,,,,,,,,,,,,,,,,,,,,,,,,,,,,,,,,,,,,,,,,,,,,,,,,,,,,,,,,,,,,,,,,,,,,,,,,,,,,,,,,,,,,,,,,,,,,,,,,,,,,,,,,,,,,,,,,,,,,,,,,,,,,,,,,,,,,,,,,,,,,,,,,,,,,,,,,,,,62.6659877382347,64.67303917040138,62.57453588618602,63.713549230876495,568623.9590915713,,,,,,,,,,,,,,,,,,,,,,,,,,,,,,,,,,,,,,,,,,,,,,,,,,,,,,,,,,,,,,,,,,,,,,,,,,,,,,,,,,,,,,,,,,,,,,,,,,,,,,,,,,,,,,,,,,,,,,,,,,,,,,,,,,,,,,,,,,,,,,,,,,,,,,,,,,,,,,,,,,,,,,,,,,,,,,,,,,,,,,,,,,,,,,,,,,,,,,,,,,,,,,,,,,,,,,,,,,,,,,,,,,,,,,,,,,,,,,,,,,,,,,,,,,,,,,,,,,,,,,,,,,,,,,,,,,,,,,,,,,,,,,,,,,,,,,,
206,,,,,,,,,,,,,,,,,,,,,,,,,,,,,,,,,,,,,,,,,,,,,,,,,,,,,,,,,,,,,,,,,,,,,,,,,,,,,,,,,,,,,,,,,,,,,,,,,,,,,,,,,,,,,,,,,,,,,,,,,,,,,,,,,,,,,,,,,,,,,,,,,,,,,,,,,,,,,,,,,,,,,,,,,,,,,,,,62.6659877382347,64.67303917040138,62.57453588618602,63.713549230876495,568623.9589998451,,,,,,,,,,,,,,,,,,,,,,,,,,,,,,,,,,,,,,,,,,,,,,,,,,,,,,,,,,,,,,,,,,,,,,,,,,,,,,,,,,,,,,,,,,,,,,,,,,,,,,,,,,,,,,,,,,,,,,,,,,,,,,,,,,,,,,,,,,,,,,,,,,,,,,,,,,,,,,,,,,,,,,,,,,,,,,,,,,,,,,,,,,,,,,,,,,,,,,,,,,,,,,,,,,,,,,,,,,,,,,,,,,,,,,,,,,,,,,,,,,,,,,,,,,,,,,,,,,,,,,,,,,,,,,,,,,,,,,,,,,,,,,,,,,,,,,,
207,,,,,,,,,,,,,,,,,,,,,,,,,,,,,,,,,,,,,,,,,,,,,,,,,,,,,,,,,,,,,,,,,,,,,,,,,,,,,,,,,,,,,,,,,,,,,,,,,,,,,,,,,,,,,,,,,,,,,,,,,,,,,,,,,,,,,,,,,,,,,,,,,,,,,,,,,,,,,,,,,,,,,,,,,,,,,,,,62.6659877382347,64.67303917040138,62.57453588618602,63.713549230876495,568623.9589463004,,,,,,,,,,,,,,,,,,,,,,,,,,,,,,,,,,,,,,,,,,,,,,,,,,,,,,,,,,,,,,,,,,,,,,,,,,,,,,,,,,,,,,,,,,,,,,,,,,,,,,,,,,,,,,,,,,,,,,,,,,,,,,,,,,,,,,,,,,,,,,,,,,,,,,,,,,,,,,,,,,,,,,,,,,,,,,,,,,,,,,,,,,,,,,,,,,,,,,,,,,,,,,,,,,,,,,,,,,,,,,,,,,,,,,,,,,,,,,,,,,,,,,,,,,,,,,,,,,,,,,,,,,,,,,,,,,,,,,,,,,,,,,,,,,,,,,,
208,,,,,,,,,,,,,,,,,,,,,,,,,,,,,,,,,,,,,,,,,,,,,,,,,,,,,,,,,,,,,,,,,,,,,,,,,,,,,,,,,,,,,,,,,,,,,,,,,,,,,,,,,,,,,,,,,,,,,,,,,,,,,,,,,,,,,,,,,,,,,,,,,,,,,,,,,,,,,,,,,,,,,,,,,,,,,,,,62.6659877382347,64.67303917040138,62.57453588618602,63.713549230876495,568623.9589150441,,,,,,,,,,,,,,,,,,,,,,,,,,,,,,,,,,,,,,,,,,,,,,,,,,,,,,,,,,,,,,,,,,,,,,,,,,,,,,,,,,,,,,,,,,,,,,,,,,,,,,,,,,,,,,,,,,,,,,,,,,,,,,,,,,,,,,,,,,,,,,,,,,,,,,,,,,,,,,,,,,,,,,,,,,,,,,,,,,,,,,,,,,,,,,,,,,,,,,,,,,,,,,,,,,,,,,,,,,,,,,,,,,,,,,,,,,,,,,,,,,,,,,,,,,,,,,,,,,,,,,,,,,,,,,,,,,,,,,,,,,,,,,,,,,,,,,,
209,,,,,,,,,,,,,,,,,,,,,,,,,,,,,,,,,,,,,,,,,,,,,,,,,,,,,,,,,,,,,,,,,,,,,,,,,,,,,,,,,,,,,,,,,,,,,,,,,,,,,,,,,,,,,,,,,,,,,,,,,,,,,,,,,,,,,,,,,,,,,,,,,,,,,,,,,,,,,,,,,,,,,,,,,,,,,,,,62.6659877382347,64.67303917040138,62.57453588618602,63.713549230876495,568623.9588967983,,,,,,,,,,,,,,,,,,,,,,,,,,,,,,,,,,,,,,,,,,,,,,,,,,,,,,,,,,,,,,,,,,,,,,,,,,,,,,,,,,,,,,,,,,,,,,,,,,,,,,,,,,,,,,,,,,,,,,,,,,,,,,,,,,,,,,,,,,,,,,,,,,,,,,,,,,,,,,,,,,,,,,,,,,,,,,,,,,,,,,,,,,,,,,,,,,,,,,,,,,,,,,,,,,,,,,,,,,,,,,,,,,,,,,,,,,,,,,,,,,,,,,,,,,,,,,,,,,,,,,,,,,,,,,,,,,,,,,,,,,,,,,,,,,,,,,,
210,,,,,,,,,,,,,,,,,,,,,,,,,,,,,,,,,,,,,,,,,,,,,,,,,,,,,,,,,,,,,,,,,,,,,,,,,,,,,,,,,,,,,,,,,,,,,,,,,,,,,,,,,,,,,,,,,,,,,,,,,,,,,,,,,,,,,,,,,,,,,,,,,,,,,,,,,,,,,,,,,,,,,,,,,,,,,,,,62.6659877382347,64.67303917040138,62.57453588618602,63.713549230876495,568623.9588861475,,,,,,,,,,,,,,,,,,,,,,,,,,,,,,,,,,,,,,,,,,,,,,,,,,,,,,,,,,,,,,,,,,,,,,,,,,,,,,,,,,,,,,,,,,,,,,,,,,,,,,,,,,,,,,,,,,,,,,,,,,,,,,,,,,,,,,,,,,,,,,,,,,,,,,,,,,,,,,,,,,,,,,,,,,,,,,,,,,,,,,,,,,,,,,,,,,,,,,,,,,,,,,,,,,,,,,,,,,,,,,,,,,,,,,,,,,,,,,,,,,,,,,,,,,,,,,,,,,,,,,,,,,,,,,,,,,,,,,,,,,,,,,,,,,,,,,,
211,,,,,,,,,,,,,,,,,,,,,,,,,,,,,,,,,,,,,,,,,,,,,,,,,,,,,,,,,,,,,,,,,,,,,,,,,,,,,,,,,,,,,,,,,,,,,,,,,,,,,,,,,,,,,,,,,,,,,,,,,,,,,,,,,,,,,,,,,,,,,,,,,,,,,,,,,,,,,,,,,,,,,,,,,,,,,,,,62.6659877382347,64.67303917040138,62.57453588618602,63.713549230876495,568623.9588799301,,,,,,,,,,,,,,,,,,,,,,,,,,,,,,,,,,,,,,,,,,,,,,,,,,,,,,,,,,,,,,,,,,,,,,,,,,,,,,,,,,,,,,,,,,,,,,,,,,,,,,,,,,,,,,,,,,,,,,,,,,,,,,,,,,,,,,,,,,,,,,,,,,,,,,,,,,,,,,,,,,,,,,,,,,,,,,,,,,,,,,,,,,,,,,,,,,,,,,,,,,,,,,,,,,,,,,,,,,,,,,,,,,,,,,,,,,,,,,,,,,,,,,,,,,,,,,,,,,,,,,,,,,,,,,,,,,,,,,,,,,,,,,,,,,,,,,,
212,,,,,,,,,,,,,,,,,,,,,,,,,,,,,,,,,,,,,,,,,,,,,,,,,,,,,,,,,,,,,,,,,,,,,,,,,,,,,,,,,,,,,,,,,,,,,,,,,,,,,,,,,,,,,,,,,,,,,,,,,,,,,,,,,,,,,,,,,,,,,,,,,,,,,,,,,,,,,,,,,,,,,,,,,,,,,,,,62.6659877382347,64.67303917040138,62.57453588618602,63.713549230876495,568623.9588763007,,,,,,,,,,,,,,,,,,,,,,,,,,,,,,,,,,,,,,,,,,,,,,,,,,,,,,,,,,,,,,,,,,,,,,,,,,,,,,,,,,,,,,,,,,,,,,,,,,,,,,,,,,,,,,,,,,,,,,,,,,,,,,,,,,,,,,,,,,,,,,,,,,,,,,,,,,,,,,,,,,,,,,,,,,,,,,,,,,,,,,,,,,,,,,,,,,,,,,,,,,,,,,,,,,,,,,,,,,,,,,,,,,,,,,,,,,,,,,,,,,,,,,,,,,,,,,,,,,,,,,,,,,,,,,,,,,,,,,,,,,,,,,,,,,,,,,,
213,,,,,,,,,,,,,,,,,,,,,,,,,,,,,,,,,,,,,,,,,,,,,,,,,,,,,,,,,,,,,,,,,,,,,,,,,,,,,,,,,,,,,,,,,,,,,,,,,,,,,,,,,,,,,,,,,,,,,,,,,,,,,,,,,,,,,,,,,,,,,,,,,,,,,,,,,,,,,,,,,,,,,,,,,,,,,,,,62.6659877382347,64.67303917040138,62.57453588618602,63.713549230876495,568623.9588741821,,,,,,,,,,,,,,,,,,,,,,,,,,,,,,,,,,,,,,,,,,,,,,,,,,,,,,,,,,,,,,,,,,,,,,,,,,,,,,,,,,,,,,,,,,,,,,,,,,,,,,,,,,,,,,,,,,,,,,,,,,,,,,,,,,,,,,,,,,,,,,,,,,,,,,,,,,,,,,,,,,,,,,,,,,,,,,,,,,,,,,,,,,,,,,,,,,,,,,,,,,,,,,,,,,,,,,,,,,,,,,,,,,,,,,,,,,,,,,,,,,,,,,,,,,,,,,,,,,,,,,,,,,,,,,,,,,,,,,,,,,,,,,,,,,,,,,,
214,,,,,,,,,,,,,,,,,,,,,,,,,,,,,,,,,,,,,,,,,,,,,,,,,,,,,,,,,,,,,,,,,,,,,,,,,,,,,,,,,,,,,,,,,,,,,,,,,,,,,,,,,,,,,,,,,,,,,,,,,,,,,,,,,,,,,,,,,,,,,,,,,,,,,,,,,,,,,,,,,,,,,,,,,,,,,,,,62.6659877382347,64.67303917040138,62.57453588618602,63.713549230876495,568623.9588729454,,,,,,,,,,,,,,,,,,,,,,,,,,,,,,,,,,,,,,,,,,,,,,,,,,,,,,,,,,,,,,,,,,,,,,,,,,,,,,,,,,,,,,,,,,,,,,,,,,,,,,,,,,,,,,,,,,,,,,,,,,,,,,,,,,,,,,,,,,,,,,,,,,,,,,,,,,,,,,,,,,,,,,,,,,,,,,,,,,,,,,,,,,,,,,,,,,,,,,,,,,,,,,,,,,,,,,,,,,,,,,,,,,,,,,,,,,,,,,,,,,,,,,,,,,,,,,,,,,,,,,,,,,,,,,,,,,,,,,,,,,,,,,,,,,,,,,,
215,,,,,,,,,,,,,,,,,,,,,,,,,,,,,,,,,,,,,,,,,,,,,,,,,,,,,,,,,,,,,,,,,,,,,,,,,,,,,,,,,,,,,,,,,,,,,,,,,,,,,,,,,,,,,,,,,,,,,,,,,,,,,,,,,,,,,,,,,,,,,,,,,,,,,,,,,,,,,,,,,,,,,,,,,,,,,,,,62.6659877382347,64.67303917040138,62.57453588618602,63.713549230876495,568623.9588722235,,,,,,,,,,,,,,,,,,,,,,,,,,,,,,,,,,,,,,,,,,,,,,,,,,,,,,,,,,,,,,,,,,,,,,,,,,,,,,,,,,,,,,,,,,,,,,,,,,,,,,,,,,,,,,,,,,,,,,,,,,,,,,,,,,,,,,,,,,,,,,,,,,,,,,,,,,,,,,,,,,,,,,,,,,,,,,,,,,,,,,,,,,,,,,,,,,,,,,,,,,,,,,,,,,,,,,,,,,,,,,,,,,,,,,,,,,,,,,,,,,,,,,,,,,,,,,,,,,,,,,,,,,,,,,,,,,,,,,,,,,,,,,,,,,,,,,,
216,,,,,,,,,,,,,,,,,,,,,,,,,,,,,,,,,,,,,,,,,,,,,,,,,,,,,,,,,,,,,,,,,,,,,,,,,,,,,,,,,,,,,,,,,,,,,,,,,,,,,,,,,,,,,,,,,,,,,,,,,,,,,,,,,,,,,,,,,,,,,,,,,,,,,,,,,,,,,,,,,,,,,,,,,,,,,,,,62.6659877382347,64.67303917040138,62.57453588618602,63.713549230876495,568623.9588718021,,,,,,,,,,,,,,,,,,,,,,,,,,,,,,,,,,,,,,,,,,,,,,,,,,,,,,,,,,,,,,,,,,,,,,,,,,,,,,,,,,,,,,,,,,,,,,,,,,,,,,,,,,,,,,,,,,,,,,,,,,,,,,,,,,,,,,,,,,,,,,,,,,,,,,,,,,,,,,,,,,,,,,,,,,,,,,,,,,,,,,,,,,,,,,,,,,,,,,,,,,,,,,,,,,,,,,,,,,,,,,,,,,,,,,,,,,,,,,,,,,,,,,,,,,,,,,,,,,,,,,,,,,,,,,,,,,,,,,,,,,,,,,,,,,,,,,,
217,,,,,,,,,,,,,,,,,,,,,,,,,,,,,,,,,,,,,,,,,,,,,,,,,,,,,,,,,,,,,,,,,,,,,,,,,,,,,,,,,,,,,,,,,,,,,,,,,,,,,,,,,,,,,,,,,,,,,,,,,,,,,,,,,,,,,,,,,,,,,,,,,,,,,,,,,,,,,,,,,,,,,,,,,,,,,,,,62.6659877382347,64.67303917040138,62.57453588618602,63.713549230876495,568623.9588715561,,,,,,,,,,,,,,,,,,,,,,,,,,,,,,,,,,,,,,,,,,,,,,,,,,,,,,,,,,,,,,,,,,,,,,,,,,,,,,,,,,,,,,,,,,,,,,,,,,,,,,,,,,,,,,,,,,,,,,,,,,,,,,,,,,,,,,,,,,,,,,,,,,,,,,,,,,,,,,,,,,,,,,,,,,,,,,,,,,,,,,,,,,,,,,,,,,,,,,,,,,,,,,,,,,,,,,,,,,,,,,,,,,,,,,,,,,,,,,,,,,,,,,,,,,,,,,,,,,,,,,,,,,,,,,,,,,,,,,,,,,,,,,,,,,,,,,,
218,,,,,,,,,,,,,,,,,,,,,,,,,,,,,,,,,,,,,,,,,,,,,,,,,,,,,,,,,,,,,,,,,,,,,,,,,,,,,,,,,,,,,,,,,,,,,,,,,,,,,,,,,,,,,,,,,,,,,,,,,,,,,,,,,,,,,,,,,,,,,,,,,,,,,,,,,,,,,,,,,,,,,,,,,,,,,,,,62.6659877382347,64.67303917040138,62.57453588618602,63.713549230876495,568623.9588714124,,,,,,,,,,,,,,,,,,,,,,,,,,,,,,,,,,,,,,,,,,,,,,,,,,,,,,,,,,,,,,,,,,,,,,,,,,,,,,,,,,,,,,,,,,,,,,,,,,,,,,,,,,,,,,,,,,,,,,,,,,,,,,,,,,,,,,,,,,,,,,,,,,,,,,,,,,,,,,,,,,,,,,,,,,,,,,,,,,,,,,,,,,,,,,,,,,,,,,,,,,,,,,,,,,,,,,,,,,,,,,,,,,,,,,,,,,,,,,,,,,,,,,,,,,,,,,,,,,,,,,,,,,,,,,,,,,,,,,,,,,,,,,,,,,,,,,,
219,,,,,,,,,,,,,,,,,,,,,,,,,,,,,,,,,,,,,,,,,,,,,,,,,,,,,,,,,,,,,,,,,,,,,,,,,,,,,,,,,,,,,,,,,,,,,,,,,,,,,,,,,,,,,,,,,,,,,,,,,,,,,,,,,,,,,,,,,,,,,,,,,,,,,,,,,,,,,,,,,,,,,,,,,,,,,,,,62.6659877382347,64.67303917040138,62.57453588618602,63.713549230876495,568623.9588713286,,,,,,,,,,,,,,,,,,,,,,,,,,,,,,,,,,,,,,,,,,,,,,,,,,,,,,,,,,,,,,,,,,,,,,,,,,,,,,,,,,,,,,,,,,,,,,,,,,,,,,,,,,,,,,,,,,,,,,,,,,,,,,,,,,,,,,,,,,,,,,,,,,,,,,,,,,,,,,,,,,,,,,,,,,,,,,,,,,,,,,,,,,,,,,,,,,,,,,,,,,,,,,,,,,,,,,,,,,,,,,,,,,,,,,,,,,,,,,,,,,,,,,,,,,,,,,,,,,,,,,,,,,,,,,,,,,,,,,,,,,,,,,,,,,,,,,,
220,,,,,,,,,,,,,,,,,,,,,,,,,,,,,,,,,,,,,,,,,,,,,,,,,,,,,,,,,,,,,,,,,,,,,,,,,,,,,,,,,,,,,,,,,,,,,,,,,,,,,,,,,,,,,,,,,,,,,,,,,,,,,,,,,,,,,,,,,,,,,,,,,,,,,,,,,,,,,,,,,,,,,,,,,,,,,,,,62.6659877382347,64.67303917040138,62.57453588618602,63.713549230876495,568623.9588712797,,,,,,,,,,,,,,,,,,,,,,,,,,,,,,,,,,,,,,,,,,,,,,,,,,,,,,,,,,,,,,,,,,,,,,,,,,,,,,,,,,,,,,,,,,,,,,,,,,,,,,,,,,,,,,,,,,,,,,,,,,,,,,,,,,,,,,,,,,,,,,,,,,,,,,,,,,,,,,,,,,,,,,,,,,,,,,,,,,,,,,,,,,,,,,,,,,,,,,,,,,,,,,,,,,,,,,,,,,,,,,,,,,,,,,,,,,,,,,,,,,,,,,,,,,,,,,,,,,,,,,,,,,,,,,,,,,,,,,,,,,,,,,,,,,,,,,,
221,,,,,,,,,,,,,,,,,,,,,,,,,,,,,,,,,,,,,,,,,,,,,,,,,,,,,,,,,,,,,,,,,,,,,,,,,,,,,,,,,,,,,,,,,,,,,,,,,,,,,,,,,,,,,,,,,,,,,,,,,,,,,,,,,,,,,,,,,,,,,,,,,,,,,,,,,,,,,,,,,,,,,,,,,,,,,,,,62.6659877382347,64.67303917040138,62.57453588618602,63.713549230876495,568623.9588712512,,,,,,,,,,,,,,,,,,,,,,,,,,,,,,,,,,,,,,,,,,,,,,,,,,,,,,,,,,,,,,,,,,,,,,,,,,,,,,,,,,,,,,,,,,,,,,,,,,,,,,,,,,,,,,,,,,,,,,,,,,,,,,,,,,,,,,,,,,,,,,,,,,,,,,,,,,,,,,,,,,,,,,,,,,,,,,,,,,,,,,,,,,,,,,,,,,,,,,,,,,,,,,,,,,,,,,,,,,,,,,,,,,,,,,,,,,,,,,,,,,,,,,,,,,,,,,,,,,,,,,,,,,,,,,,,,,,,,,,,,,,,,,,,,,,,,,,
222,,,,,,,,,,,,,,,,,,,,,,,,,,,,,,,,,,,,,,,,,,,,,,,,,,,,,,,,,,,,,,,,,,,,,,,,,,,,,,,,,,,,,,,,,,,,,,,,,,,,,,,,,,,,,,,,,,,,,,,,,,,,,,,,,,,,,,,,,,,,,,,,,,,,,,,,,,,,,,,,,,,,,,,,,,,,,,,,62.6659877382347,64.67303917040138,62.57453588618602,63.713549230876495,568623.9588712346,,,,,,,,,,,,,,,,,,,,,,,,,,,,,,,,,,,,,,,,,,,,,,,,,,,,,,,,,,,,,,,,,,,,,,,,,,,,,,,,,,,,,,,,,,,,,,,,,,,,,,,,,,,,,,,,,,,,,,,,,,,,,,,,,,,,,,,,,,,,,,,,,,,,,,,,,,,,,,,,,,,,,,,,,,,,,,,,,,,,,,,,,,,,,,,,,,,,,,,,,,,,,,,,,,,,,,,,,,,,,,,,,,,,,,,,,,,,,,,,,,,,,,,,,,,,,,,,,,,,,,,,,,,,,,,,,,,,,,,,,,,,,,,,,,,,,,,
223,,,,,,,,,,,,,,,,,,,,,,,,,,,,,,,,,,,,,,,,,,,,,,,,,,,,,,,,,,,,,,,,,,,,,,,,,,,,,,,,,,,,,,,,,,,,,,,,,,,,,,,,,,,,,,,,,,,,,,,,,,,,,,,,,,,,,,,,,,,,,,,,,,,,,,,,,,,,,,,,,,,,,,,,,,,,,,,,62.6659877382347,64.67303917040138,62.57453588618602,63.713549230876495,568623.9588712248,,,,,,,,,,,,,,,,,,,,,,,,,,,,,,,,,,,,,,,,,,,,,,,,,,,,,,,,,,,,,,,,,,,,,,,,,,,,,,,,,,,,,,,,,,,,,,,,,,,,,,,,,,,,,,,,,,,,,,,,,,,,,,,,,,,,,,,,,,,,,,,,,,,,,,,,,,,,,,,,,,,,,,,,,,,,,,,,,,,,,,,,,,,,,,,,,,,,,,,,,,,,,,,,,,,,,,,,,,,,,,,,,,,,,,,,,,,,,,,,,,,,,,,,,,,,,,,,,,,,,,,,,,,,,,,,,,,,,,,,,,,,,,,,,,,,,,,
224,,,,,,,,,,,,,,,,,,,,,,,,,,,,,,,,,,,,,,,,,,,,,,,,,,,,,,,,,,,,,,,,,,,,,,,,,,,,,,,,,,,,,,,,,,,,,,,,,,,,,,,,,,,,,,,,,,,,,,,,,,,,,,,,,,,,,,,,,,,,,,,,,,,,,,,,,,,,,,,,,,,,,,,,,,,,,,,,62.6659877382347,64.67303917040138,62.57453588618602,63.713549230876495,568623.9588712191,,,,,,,,,,,,,,,,,,,,,,,,,,,,,,,,,,,,,,,,,,,,,,,,,,,,,,,,,,,,,,,,,,,,,,,,,,,,,,,,,,,,,,,,,,,,,,,,,,,,,,,,,,,,,,,,,,,,,,,,,,,,,,,,,,,,,,,,,,,,,,,,,,,,,,,,,,,,,,,,,,,,,,,,,,,,,,,,,,,,,,,,,,,,,,,,,,,,,,,,,,,,,,,,,,,,,,,,,,,,,,,,,,,,,,,,,,,,,,,,,,,,,,,,,,,,,,,,,,,,,,,,,,,,,,,,,,,,,,,,,,,,,,,,,,,,,,,
225,,,,,,,,,,,,,,,,,,,,,,,,,,,,,,,,,,,,,,,,,,,,,,,,,,,,,,,,,,,,,,,,,,,,,,,,,,,,,,,,,,,,,,,,,,,,,,,,,,,,,,,,,,,,,,,,,,,,,,,,,,,,,,,,,,,,,,,,,,,,,,,,,,,,,,,,,,,,,,,,,,,,,,,,,,,,,,,,62.6659877382347,64.67303917040138,62.57453588618602,63.713549230876495,568623.9588712158,,,,,,,,,,,,,,,,,,,,,,,,,,,,,,,,,,,,,,,,,,,,,,,,,,,,,,,,,,,,,,,,,,,,,,,,,,,,,,,,,,,,,,,,,,,,,,,,,,,,,,,,,,,,,,,,,,,,,,,,,,,,,,,,,,,,,,,,,,,,,,,,,,,,,,,,,,,,,,,,,,,,,,,,,,,,,,,,,,,,,,,,,,,,,,,,,,,,,,,,,,,,,,,,,,,,,,,,,,,,,,,,,,,,,,,,,,,,,,,,,,,,,,,,,,,,,,,,,,,,,,,,,,,,,,,,,,,,,,,,,,,,,,,,,,,,,,,
226,,,,,,,,,,,,,,,,,,,,,,,,,,,,,,,,,,,,,,,,,,,,,,,,,,,,,,,,,,,,,,,,,,,,,,,,,,,,,,,,,,,,,,,,,,,,,,,,,,,,,,,,,,,,,,,,,,,,,,,,,,,,,,,,,,,,,,,,,,,,,,,,,,,,,,,,,,,,,,,,,,,,,,,,,,,,,,,,62.6659877382347,64.67303917040138,62.57453588618602,63.713549230876495,568623.9588712138,,,,,,,,,,,,,,,,,,,,,,,,,,,,,,,,,,,,,,,,,,,,,,,,,,,,,,,,,,,,,,,,,,,,,,,,,,,,,,,,,,,,,,,,,,,,,,,,,,,,,,,,,,,,,,,,,,,,,,,,,,,,,,,,,,,,,,,,,,,,,,,,,,,,,,,,,,,,,,,,,,,,,,,,,,,,,,,,,,,,,,,,,,,,,,,,,,,,,,,,,,,,,,,,,,,,,,,,,,,,,,,,,,,,,,,,,,,,,,,,,,,,,,,,,,,,,,,,,,,,,,,,,,,,,,,,,,,,,,,,,,,,,,,,,,,,,,,
227,,,,,,,,,,,,,,,,,,,,,,,,,,,,,,,,,,,,,,,,,,,,,,,,,,,,,,,,,,,,,,,,,,,,,,,,,,,,,,,,,,,,,,,,,,,,,,,,,,,,,,,,,,,,,,,,,,,,,,,,,,,,,,,,,,,,,,,,,,,,,,,,,,,,,,,,,,,,,,,,,,,,,,,,,,,,,,,,62.6659877382347,64.67303917040138,62.57453588618602,63.713549230876495,568623.9588712127,,,,,,,,,,,,,,,,,,,,,,,,,,,,,,,,,,,,,,,,,,,,,,,,,,,,,,,,,,,,,,,,,,,,,,,,,,,,,,,,,,,,,,,,,,,,,,,,,,,,,,,,,,,,,,,,,,,,,,,,,,,,,,,,,,,,,,,,,,,,,,,,,,,,,,,,,,,,,,,,,,,,,,,,,,,,,,,,,,,,,,,,,,,,,,,,,,,,,,,,,,,,,,,,,,,,,,,,,,,,,,,,,,,,,,,,,,,,,,,,,,,,,,,,,,,,,,,,,,,,,,,,,,,,,,,,,,,,,,,,,,,,,,,,,,,,,,,
228,,,,,,,,,,,,,,,,,,,,,,,,,,,,,,,,,,,,,,,,,,,,,,,,,,,,,,,,,,,,,,,,,,,,,,,,,,,,,,,,,,,,,,,,,,,,,,,,,,,,,,,,,,,,,,,,,,,,,,,,,,,,,,,,,,,,,,,,,,,,,,,,,,,,,,,,,,,,,,,,,,,,,,,,,,,,,,,,62.6659877382347,64.67303917040138,62.57453588618602,63.713549230876495,568623.958871212,,,,,,,,,,,,,,,,,,,,,,,,,,,,,,,,,,,,,,,,,,,,,,,,,,,,,,,,,,,,,,,,,,,,,,,,,,,,,,,,,,,,,,,,,,,,,,,,,,,,,,,,,,,,,,,,,,,,,,,,,,,,,,,,,,,,,,,,,,,,,,,,,,,,,,,,,,,,,,,,,,,,,,,,,,,,,,,,,,,,,,,,,,,,,,,,,,,,,,,,,,,,,,,,,,,,,,,,,,,,,,,,,,,,,,,,,,,,,,,,,,,,,,,,,,,,,,,,,,,,,,,,,,,,,,,,,,,,,,,,,,,,,,,,,,,,,,,
229,,,,,,,,,,,,,,,,,,,,,,,,,,,,,,,,,,,,,,,,,,,,,,,,,,,,,,,,,,,,,,,,,,,,,,,,,,,,,,,,,,,,,,,,,,,,,,,,,,,,,,,,,,,,,,,,,,,,,,,,,,,,,,,,,,,,,,,,,,,,,,,,,,,,,,,,,,,,,,,,,,,,,,,,,,,,,,,,62.6659877382347,64.67303917040138,62.57453588618602,63.713549230876495,568623.9588712116,,,,,,,,,,,,,,,,,,,,,,,,,,,,,,,,,,,,,,,,,,,,,,,,,,,,,,,,,,,,,,,,,,,,,,,,,,,,,,,,,,,,,,,,,,,,,,,,,,,,,,,,,,,,,,,,,,,,,,,,,,,,,,,,,,,,,,,,,,,,,,,,,,,,,,,,,,,,,,,,,,,,,,,,,,,,,,,,,,,,,,,,,,,,,,,,,,,,,,,,,,,,,,,,,,,,,,,,,,,,,,,,,,,,,,,,,,,,,,,,,,,,,,,,,,,,,,,,,,,,,,,,,,,,,,,,,,,,,,,,,,,,,,,,,,,,,,,
230,,,,,,,,,,,,,,,,,,,,,,,,,,,,,,,,,,,,,,,,,,,,,,,,,,,,,,,,,,,,,,,,,,,,,,,,,,,,,,,,,,,,,,,,,,,,,,,,,,,,,,,,,,,,,,,,,,,,,,,,,,,,,,,,,,,,,,,,,,,,,,,,,,,,,,,,,,,,,,,,,,,,,,,,,,,,,,,,62.6659877382347,64.67303917040138,62.57453588618602,63.713549230876495,568623.9588712114,,,,,,,,,,,,,,,,,,,,,,,,,,,,,,,,,,,,,,,,,,,,,,,,,,,,,,,,,,,,,,,,,,,,,,,,,,,,,,,,,,,,,,,,,,,,,,,,,,,,,,,,,,,,,,,,,,,,,,,,,,,,,,,,,,,,,,,,,,,,,,,,,,,,,,,,,,,,,,,,,,,,,,,,,,,,,,,,,,,,,,,,,,,,,,,,,,,,,,,,,,,,,,,,,,,,,,,,,,,,,,,,,,,,,,,,,,,,,,,,,,,,,,,,,,,,,,,,,,,,,,,,,,,,,,,,,,,,,,,,,,,,,,,,,,,,,,,
231,,,,,,,,,,,,,,,,,,,,,,,,,,,,,,,,,,,,,,,,,,,,,,,,,,,,,,,,,,,,,,,,,,,,,,,,,,,,,,,,,,,,,,,,,,,,,,,,,,,,,,,,,,,,,,,,,,,,,,,,,,,,,,,,,,,,,,,,,,,,,,,,,,,,,,,,,,,,,,,,,,,,,,,,,,,,,,,,62.6659877382347,64.67303917040138,62.57453588618602,63.713549230876495,568623.9588712113,,,,,,,,,,,,,,,,,,,,,,,,,,,,,,,,,,,,,,,,,,,,,,,,,,,,,,,,,,,,,,,,,,,,,,,,,,,,,,,,,,,,,,,,,,,,,,,,,,,,,,,,,,,,,,,,,,,,,,,,,,,,,,,,,,,,,,,,,,,,,,,,,,,,,,,,,,,,,,,,,,,,,,,,,,,,,,,,,,,,,,,,,,,,,,,,,,,,,,,,,,,,,,,,,,,,,,,,,,,,,,,,,,,,,,,,,,,,,,,,,,,,,,,,,,,,,,,,,,,,,,,,,,,,,,,,,,,,,,,,,,,,,,,,,,,,,,,
233,,,,,,,,,,,,,,,,,,,,,,,,,,,,,,,,,,,,,,,,,,,,,,,,,,,,,,,,,,,,,,,,,,,,,,,,,,,,,,,,,,,,,,,,,,,,,,,,,,,,,,,,,,,,,,,,,,,,,,,,,,,,,,,,,,,,,,,,,,,,,,,,,,,,,,,,,,,,,,,,,,,,,,,,,,,,,,,,62.6659877382347,64.67303917040138,62.57453588618602,63.713549230876495,568623.9588712112,,,,,,,,,,,,,,,,,,,,,,,,,,,,,,,,,,,,,,,,,,,,,,,,,,,,,,,,,,,,,,,,,,,,,,,,,,,,,,,,,,,,,,,,,,,,,,,,,,,,,,,,,,,,,,,,,,,,,,,,,,,,,,,,,,,,,,,,,,,,,,,,,,,,,,,,,,,,,,,,,,,,,,,,,,,,,,,,,,,,,,,,,,,,,,,,,,,,,,,,,,,,,,,,,,,,,,,,,,,,,,,,,,,,,,,,,,,,,,,,,,,,,,,,,,,,,,,,,,,,,,,,,,,,,,,,,,,,,,,,,,,,,,,,,,,,,,,
234,,,,,,,,,,,,,,,,,,,,,,,,,,,,,,,,,,,,,,,,,,,,,,,,,,,,,,,,,,,,,,,,,,,,,,,,,,,,,,,,,,,,,,,,,,,,,,,,,,,,,,,,,,,,,,,,,,,,,,,,,,,,,,,,,,,,,,,,,,,,,,,,,,,,,,,,,,,,,,,,,,,,,,,,,,,,,,,,62.6659877382347,64.67303917040138,62.57453588618602,63.713549230876495,568623.9588712112,,,,,,,,,,,,,,,,,,,,,,,,,,,,,,,,,,,,,,,,,,,,,,,,,,,,,,,,,,,,,,,,,,,,,,,,,,,,,,,,,,,,,,,,,,,,,,,,,,,,,,,,,,,,,,,,,,,,,,,,,,,,,,,,,,,,,,,,,,,,,,,,,,,,,,,,,,,,,,,,,,,,,,,,,,,,,,,,,,,,,,,,,,,,,,,,,,,,,,,,,,,,,,,,,,,,,,,,,,,,,,,,,,,,,,,,,,,,,,,,,,,,,,,,,,,,,,,,,,,,,,,,,,,,,,,,,,,,,,,,,,,,,,,,,,,,,,,
235,,,,,,,,,,,,,,,,,,,,,,,,,,,,,,,,,,,,,,,,,,,,,,,,,,,,,,,,,,,,,,,,,,,,,,,,,,,,,,,,,,,,,,,,,,,,,,,,,,,,,,,,,,,,,,,,,,,,,,,,,,,,,,,,,,,,,,,,,,,,,,,,,,,,,,,,,,,,,,,,,,,,,,,,,,,,,,,,62.6659877382347,64.67303917040138,62.57453588618602,63.713549230876495,568623.9588712112,,,,,,,,,,,,,,,,,,,,,,,,,,,,,,,,,,,,,,,,,,,,,,,,,,,,,,,,,,,,,,,,,,,,,,,,,,,,,,,,,,,,,,,,,,,,,,,,,,,,,,,,,,,,,,,,,,,,,,,,,,,,,,,,,,,,,,,,,,,,,,,,,,,,,,,,,,,,,,,,,,,,,,,,,,,,,,,,,,,,,,,,,,,,,,,,,,,,,,,,,,,,,,,,,,,,,,,,,,,,,,,,,,,,,,,,,,,,,,,,,,,,,,,,,,,,,,,,,,,,,,,,,,,,,,,,,,,,,,,,,,,,,,,,,,,,,,,
236,,,,,,,,,,,,,,,,,,,,,,,,,,,,,,,,,,,,,,,,,,,,,,,,,,,,,,,,,,,,,,,,,,,,,,,,,,,,,,,,,,,,,,,,,,,,,,,,,,,,,,,,,,,,,,,,,,,,,,,,,,,,,,,,,,,,,,,,,,,,,,,,,,,,,,,,,,,,,,,,,,,,,,,,,,,,,,,,62.6659877382347,64.67303917040138,62.57453588618602,63.713549230876495,568623.9588712112,,,,,,,,,,,,,,,,,,,,,,,,,,,,,,,,,,,,,,,,,,,,,,,,,,,,,,,,,,,,,,,,,,,,,,,,,,,,,,,,,,,,,,,,,,,,,,,,,,,,,,,,,,,,,,,,,,,,,,,,,,,,,,,,,,,,,,,,,,,,,,,,,,,,,,,,,,,,,,,,,,,,,,,,,,,,,,,,,,,,,,,,,,,,,,,,,,,,,,,,,,,,,,,,,,,,,,,,,,,,,,,,,,,,,,,,,,,,,,,,,,,,,,,,,,,,,,,,,,,,,,,,,,,,,,,,,,,,,,,,,,,,,,,,,,,,,,,
237,,,,,,,,,,,,,,,,,,,,,,,,,,,,,,,,,,,,,,,,,,,,,,,,,,,,,,,,,,,,,,,,,,,,,,,,,,,,,,,,,,,,,,,,,,,,,,,,,,,,,,,,,,,,,,,,,,,,,,,,,,,,,,,,,,,,,,,,,,,,,,,,,,,,,,,,,,,,,,,,,,,,,,,,,,,,,,,,62.6659877382347,64.67303917040138,62.57453588618602,63.713549230876495,568623.9588712112,,,,,,,,,,,,,,,,,,,,,,,,,,,,,,,,,,,,,,,,,,,,,,,,,,,,,,,,,,,,,,,,,,,,,,,,,,,,,,,,,,,,,,,,,,,,,,,,,,,,,,,,,,,,,,,,,,,,,,,,,,,,,,,,,,,,,,,,,,,,,,,,,,,,,,,,,,,,,,,,,,,,,,,,,,,,,,,,,,,,,,,,,,,,,,,,,,,,,,,,,,,,,,,,,,,,,,,,,,,,,,,,,,,,,,,,,,,,,,,,,,,,,,,,,,,,,,,,,,,,,,,,,,,,,,,,,,,,,,,,,,,,,,,,,,,,,,,
238,,,,,,,,,,,,,,,,,,,,,,,,,,,,,,,,,,,,,,,,,,,,,,,,,,,,,,,,,,,,,,,,,,,,,,,,,,,,,,,,,,,,,,,,,,,,,,,,,,,,,,,,,,,,,,,,,,,,,,,,,,,,,,,,,,,,,,,,,,,,,,,,,,,,,,,,,,,,,,,,,,,,,,,,,,,,,,,,62.6659877382347,64.67303917040138,62.57453588618602,63.713549230876495,568623.9588712112,,,,,,,,,,,,,,,,,,,,,,,,,,,,,,,,,,,,,,,,,,,,,,,,,,,,,,,,,,,,,,,,,,,,,,,,,,,,,,,,,,,,,,,,,,,,,,,,,,,,,,,,,,,,,,,,,,,,,,,,,,,,,,,,,,,,,,,,,,,,,,,,,,,,,,,,,,,,,,,,,,,,,,,,,,,,,,,,,,,,,,,,,,,,,,,,,,,,,,,,,,,,,,,,,,,,,,,,,,,,,,,,,,,,,,,,,,,,,,,,,,,,,,,,,,,,,,,,,,,,,,,,,,,,,,,,,,,,,,,,,,,,,,,,,,,,,,,
239,,,,,,,,,,,,,,,,,,,,,,,,,,,,,,,,,,,,,,,,,,,,,,,,,,,,,,,,,,,,,,,,,,,,,,,,,,,,,,,,,,,,,,,,,,,,,,,,,,,,,,,,,,,,,,,,,,,,,,,,,,,,,,,,,,,,,,,,,,,,,,,,,,,,,,,,,,,,,,,,,,,,,,,,,,,,,,,,62.6659877382347,64.67303917040138,62.57453588618602,63.713549230876495,568623.9588712112,,,,,,,,,,,,,,,,,,,,,,,,,,,,,,,,,,,,,,,,,,,,,,,,,,,,,,,,,,,,,,,,,,,,,,,,,,,,,,,,,,,,,,,,,,,,,,,,,,,,,,,,,,,,,,,,,,,,,,,,,,,,,,,,,,,,,,,,,,,,,,,,,,,,,,,,,,,,,,,,,,,,,,,,,,,,,,,,,,,,,,,,,,,,,,,,,,,,,,,,,,,,,,,,,,,,,,,,,,,,,,,,,,,,,,,,,,,,,,,,,,,,,,,,,,,,,,,,,,,,,,,,,,,,,,,,,,,,,,,,,,,,,,,,,,,,,,,
240,,,,,,,,,,,,,,,,,,,,,,,,,,,,,,,,,,,,,,,,,,,,,,,,,,,,,,,,,,,,,,,,,,,,,,,,,,,,,,,,,,,,,,,,,,,,,,,,,,,,,,,,,,,,,,,,,,,,,,,,,,,,,,,,,,,,,,,,,,,,,,,,,,,,,,,,,,,,,,,,,,,,,,,,,,,,,,,,62.6659877382347,64.67303917040138,62.57453588618602,63.713549230876495,568623.9588712112,,,,,,,,,,,,,,,,,,,,,,,,,,,,,,,,,,,,,,,,,,,,,,,,,,,,,,,,,,,,,,,,,,,,,,,,,,,,,,,,,,,,,,,,,,,,,,,,,,,,,,,,,,,,,,,,,,,,,,,,,,,,,,,,,,,,,,,,,,,,,,,,,,,,,,,,,,,,,,,,,,,,,,,,,,,,,,,,,,,,,,,,,,,,,,,,,,,,,,,,,,,,,,,,,,,,,,,,,,,,,,,,,,,,,,,,,,,,,,,,,,,,,,,,,,,,,,,,,,,,,,,,,,,,,,,,,,,,,,,,,,,,,,,,,,,,,,,
242,,,,,,,,,,,,,,,,,,,,,,,,,,,,,,,,,,,,,,,,,,,,,,,,,,,,,,,,,,,,,,,,,,,,,,,,,,,,,,,,,,,,,,,,,,,,,,,,,,,,,,,,,,,,,,,,,,,,,,,,,,,,,,,,,,,,,,,,,,,,,,,,,,,,,,,,,,,,,,,,,,,,,,,,,,,,,,,,62.6659877382347,64.67303917040138,62.57453588618602,63.713549230876495,568623.9588712112,,,,,,,,,,,,,,,,,,,,,,,,,,,,,,,,,,,,,,,,,,,,,,,,,,,,,,,,,,,,,,,,,,,,,,,,,,,,,,,,,,,,,,,,,,,,,,,,,,,,,,,,,,,,,,,,,,,,,,,,,,,,,,,,,,,,,,,,,,,,,,,,,,,,,,,,,,,,,,,,,,,,,,,,,,,,,,,,,,,,,,,,,,,,,,,,,,,,,,,,,,,,,,,,,,,,,,,,,,,,,,,,,,,,,,,,,,,,,,,,,,,,,,,,,,,,,,,,,,,,,,,,,,,,,,,,,,,,,,,,,,,,,,,,,,,,,,,
243,,,,,,,,,,,,,,,,,,,,,,,,,,,,,,,,,,,,,,,,,,,,,,,,,,,,,,,,,,,,,,,,,,,,,,,,,,,,,,,,,,,,,,,,,,,,,,,,,,,,,,,,,,,,,,,,,,,,,,,,,,,,,,,,,,,,,,,,,,,,,,,,,,,,,,,,,,,,,,,,,,,,,,,,,,,,,,,,62.6659877382347,64.67303917040138,62.57453588618602,63.713549230876495,568623.9588712112,,,,,,,,,,,,,,,,,,,,,,,,,,,,,,,,,,,,,,,,,,,,,,,,,,,,,,,,,,,,,,,,,,,,,,,,,,,,,,,,,,,,,,,,,,,,,,,,,,,,,,,,,,,,,,,,,,,,,,,,,,,,,,,,,,,,,,,,,,,,,,,,,,,,,,,,,,,,,,,,,,,,,,,,,,,,,,,,,,,,,,,,,,,,,,,,,,,,,,,,,,,,,,,,,,,,,,,,,,,,,,,,,,,,,,,,,,,,,,,,,,,,,,,,,,,,,,,,,,,,,,,,,,,,,,,,,,,,,,,,,,,,,,,,,,,,,,,
244,,,,,,,,,,,,,,,,,,,,,,,,,,,,,,,,,,,,,,,,,,,,,,,,,,,,,,,,,,,,,,,,,,,,,,,,,,,,,,,,,,,,,,,,,,,,,,,,,,,,,,,,,,,,,,,,,,,,,,,,,,,,,,,,,,,,,,,,,,,,,,,,,,,,,,,,,,,,,,,,,,,,,,,,,,,,,,,,62.6659877382347,64.67303917040138,62.57453588618602,63.713549230876495,568623.9588712112,,,,,,,,,,,,,,,,,,,,,,,,,,,,,,,,,,,,,,,,,,,,,,,,,,,,,,,,,,,,,,,,,,,,,,,,,,,,,,,,,,,,,,,,,,,,,,,,,,,,,,,,,,,,,,,,,,,,,,,,,,,,,,,,,,,,,,,,,,,,,,,,,,,,,,,,,,,,,,,,,,,,,,,,,,,,,,,,,,,,,,,,,,,,,,,,,,,,,,,,,,,,,,,,,,,,,,,,,,,,,,,,,,,,,,,,,,,,,,,,,,,,,,,,,,,,,,,,,,,,,,,,,,,,,,,,,,,,,,,,,,,,,,,,,,,,,,,
245,,,,,,,,,,,,,,,,,,,,,,,,,,,,,,,,,,,,,,,,,,,,,,,,,,,,,,,,,,,,,,,,,,,,,,,,,,,,,,,,,,,,,,,,,,,,,,,,,,,,,,,,,,,,,,,,,,,,,,,,,,,,,,,,,,,,,,,,,,,,,,,,,,,,,,,,,,,,,,,,,,,,,,,,,,,,,,,,62.6659877382347,64.67303917040138,62.57453588618602,63.713549230876495,568623.9588712112,,,,,,,,,,,,,,,,,,,,,,,,,,,,,,,,,,,,,,,,,,,,,,,,,,,,,,,,,,,,,,,,,,,,,,,,,,,,,,,,,,,,,,,,,,,,,,,,,,,,,,,,,,,,,,,,,,,,,,,,,,,,,,,,,,,,,,,,,,,,,,,,,,,,,,,,,,,,,,,,,,,,,,,,,,,,,,,,,,,,,,,,,,,,,,,,,,,,,,,,,,,,,,,,,,,,,,,,,,,,,,,,,,,,,,,,,,,,,,,,,,,,,,,,,,,,,,,,,,,,,,,,,,,,,,,,,,,,,,,,,,,,,,,,,,,,,,,
246,,,,,,,,,,,,,,,,,,,,,,,,,,,,,,,,,,,,,,,,,,,,,,,,,,,,,,,,,,,,,,,,,,,,,,,,,,,,,,,,,,,,,,,,,,,,,,,,,,,,,,,,,,,,,,,,,,,,,,,,,,,,,,,,,,,,,,,,,,,,,,,,,,,,,,,,,,,,,,,,,,,,,,,,,,,,,,,,62.6659877382347,64.67303917040138,62.57453588618602,63.713549230876495,568623.9588712112,,,,,,,,,,,,,,,,,,,,,,,,,,,,,,,,,,,,,,,,,,,,,,,,,,,,,,,,,,,,,,,,,,,,,,,,,,,,,,,,,,,,,,,,,,,,,,,,,,,,,,,,,,,,,,,,,,,,,,,,,,,,,,,,,,,,,,,,,,,,,,,,,,,,,,,,,,,,,,,,,,,,,,,,,,,,,,,,,,,,,,,,,,,,,,,,,,,,,,,,,,,,,,,,,,,,,,,,,,,,,,,,,,,,,,,,,,,,,,,,,,,,,,,,,,,,,,,,,,,,,,,,,,,,,,,,,,,,,,,,,,,,,,,,,,,,,,,
247,,,,,,,,,,,,,,,,,,,,,,,,,,,,,,,,,,,,,,,,,,,,,,,,,,,,,,,,,,,,,,,,,,,,,,,,,,,,,,,,,,,,,,,,,,,,,,,,,,,,,,,,,,,,,,,,,,,,,,,,,,,,,,,,,,,,,,,,,,,,,,,,,,,,,,,,,,,,,,,,,,,,,,,,,,,,,,,,62.6659877382347,64.67303917040138,62.57453588618602,63.713549230876495,568623.9588712112,,,,,,,,,,,,,,,,,,,,,,,,,,,,,,,,,,,,,,,,,,,,,,,,,,,,,,,,,,,,,,,,,,,,,,,,,,,,,,,,,,,,,,,,,,,,,,,,,,,,,,,,,,,,,,,,,,,,,,,,,,,,,,,,,,,,,,,,,,,,,,,,,,,,,,,,,,,,,,,,,,,,,,,,,,,,,,,,,,,,,,,,,,,,,,,,,,,,,,,,,,,,,,,,,,,,,,,,,,,,,,,,,,,,,,,,,,,,,,,,,,,,,,,,,,,,,,,,,,,,,,,,,,,,,,,,,,,,,,,,,,,,,,,,,,,,,,,
248,,,,,,,,,,,,,,,,,,,,,,,,,,,,,,,,,,,,,,,,,,,,,,,,,,,,,,,,,,,,,,,,,,,,,,,,,,,,,,,,,,,,,,,,,,,,,,,,,,,,,,,,,,,,,,,,,,,,,,,,,,,,,,,,,,,,,,,,,,,,,,,,,,,,,,,,,,,,,,,,,,,,,,,,,,,,,,,,62.6659877382347,64.67303917040138,62.57453588618602,63.713549230876495,568623.9588712112,,,,,,,,,,,,,,,,,,,,,,,,,,,,,,,,,,,,,,,,,,,,,,,,,,,,,,,,,,,,,,,,,,,,,,,,,,,,,,,,,,,,,,,,,,,,,,,,,,,,,,,,,,,,,,,,,,,,,,,,,,,,,,,,,,,,,,,,,,,,,,,,,,,,,,,,,,,,,,,,,,,,,,,,,,,,,,,,,,,,,,,,,,,,,,,,,,,,,,,,,,,,,,,,,,,,,,,,,,,,,,,,,,,,,,,,,,,,,,,,,,,,,,,,,,,,,,,,,,,,,,,,,,,,,,,,,,,,,,,,,,,,,,,,,,,,,,,
249,,,,,,,,,,,,,,,,,,,,,,,,,,,,,,,,,,,,,,,,,,,,,,,,,,,,,,,,,,,,,,,,,,,,,,,,,,,,,,,,,,,,,,,,,,,,,,,,,,,,,,,,,,,,,,,,,,,,,,,,,,,,,,,,,,,,,,,,,,,,,,,,,,,,,,,,,,,,,,,,,,,,,,,,,,,,,,,,62.6659877382347,64.67303917040138,62.57453588618602,63.713549230876495,568623.9588712112,,,,,,,,,,,,,,,,,,,,,,,,,,,,,,,,,,,,,,,,,,,,,,,,,,,,,,,,,,,,,,,,,,,,,,,,,,,,,,,,,,,,,,,,,,,,,,,,,,,,,,,,,,,,,,,,,,,,,,,,,,,,,,,,,,,,,,,,,,,,,,,,,,,,,,,,,,,,,,,,,,,,,,,,,,,,,,,,,,,,,,,,,,,,,,,,,,,,,,,,,,,,,,,,,,,,,,,,,,,,,,,,,,,,,,,,,,,,,,,,,,,,,,,,,,,,,,,,,,,,,,,,,,,,,,,,,,,,,,,,,,,,,,,,,,,,,,,
250,,,,,,,,,,,,,,,,,,,,,,,,,,,,,,,,,,,,,,,,,,,,,,,,,,,,,,,,,,,,,,,,,,,,,,,,,,,,,,,,,,,,,,,,,,,,,,,,,,,,,,,,,,,,,,,,,,,,,,,,,,,,,,,,,,,,,,,,,,,,,,,,,,,,,,,,,,,,,,,,,,,,,,,,,,,,,,,,62.6659877382347,64.67303917040138,62.57453588618602,63.713549230876495,568623.9588712112,,,,,,,,,,,,,,,,,,,,,,,,,,,,,,,,,,,,,,,,,,,,,,,,,,,,,,,,,,,,,,,,,,,,,,,,,,,,,,,,,,,,,,,,,,,,,,,,,,,,,,,,,,,,,,,,,,,,,,,,,,,,,,,,,,,,,,,,,,,,,,,,,,,,,,,,,,,,,,,,,,,,,,,,,,,,,,,,,,,,,,,,,,,,,,,,,,,,,,,,,,,,,,,,,,,,,,,,,,,,,,,,,,,,,,,,,,,,,,,,,,,,,,,,,,,,,,,,,,,,,,,,,,,,,,,,,,,,,,,,,,,,,,,,,,,,,,,
251,,,,,,,,,,,,,,,,,,,,,,,,,,,,,,,,,,,,,,,,,,,,,,,,,,,,,,,,,,,,,,,,,,,,,,,,,,,,,,,,,,,,,,,,,,,,,,,,,,,,,,,,,,,,,,,,,,,,,,,,,,,,,,,,,,,,,,,,,,,,,,,,,,,,,,,,,,,,,,,,,,,,,,,,,,,,,,,,62.6659877382347,64.67303917040138,62.57453588618602,63.713549230876495,568623.9588712112,,,,,,,,,,,,,,,,,,,,,,,,,,,,,,,,,,,,,,,,,,,,,,,,,,,,,,,,,,,,,,,,,,,,,,,,,,,,,,,,,,,,,,,,,,,,,,,,,,,,,,,,,,,,,,,,,,,,,,,,,,,,,,,,,,,,,,,,,,,,,,,,,,,,,,,,,,,,,,,,,,,,,,,,,,,,,,,,,,,,,,,,,,,,,,,,,,,,,,,,,,,,,,,,,,,,,,,,,,,,,,,,,,,,,,,,,,,,,,,,,,,,,,,,,,,,,,,,,,,,,,,,,,,,,,,,,,,,,,,,,,,,,,,,,,,,,,,
252,,,,,,,,,,,,,,,,,,,,,,,,,,,,,,,,,,,,,,,,,,,,,,,,,,,,,,,,,,,,,,,,,,,,,,,,,,,,,,,,,,,,,,,,,,,,,,,,,,,,,,,,,,,,,,,,,,,,,,,,,,,,,,,,,,,,,,,,,,,,,,,,,,,,,,,,,,,,,,,,,,,,,,,,,,,,,,,,62.6659877382347,64.67303917040138,62.57453588618602,63.713549230876495,568623.9588712112,,,,,,,,,,,,,,,,,,,,,,,,,,,,,,,,,,,,,,,,,,,,,,,,,,,,,,,,,,,,,,,,,,,,,,,,,,,,,,,,,,,,,,,,,,,,,,,,,,,,,,,,,,,,,,,,,,,,,,,,,,,,,,,,,,,,,,,,,,,,,,,,,,,,,,,,,,,,,,,,,,,,,,,,,,,,,,,,,,,,,,,,,,,,,,,,,,,,,,,,,,,,,,,,,,,,,,,,,,,,,,,,,,,,,,,,,,,,,,,,,,,,,,,,,,,,,,,,,,,,,,,,,,,,,,,,,,,,,,,,,,,,,,,,,,,,,,,
253,,,,,,,,,,,,,,,,,,,,,,,,,,,,,,,,,,,,,,,,,,,,,,,,,,,,,,,,,,,,,,,,,,,,,,,,,,,,,,,,,,,,,,,,,,,,,,,,,,,,,,,,,,,,,,,,,,,,,,,,,,,,,,,,,,,,,,,,,,,,,,,,,,,,,,,,,,,,,,,,,,,,,,,,,,,,,,,,62.6659877382347,64.67303917040138,62.57453588618602,63.713549230876495,568623.9588712112,,,,,,,,,,,,,,,,,,,,,,,,,,,,,,,,,,,,,,,,,,,,,,,,,,,,,,,,,,,,,,,,,,,,,,,,,,,,,,,,,,,,,,,,,,,,,,,,,,,,,,,,,,,,,,,,,,,,,,,,,,,,,,,,,,,,,,,,,,,,,,,,,,,,,,,,,,,,,,,,,,,,,,,,,,,,,,,,,,,,,,,,,,,,,,,,,,,,,,,,,,,,,,,,,,,,,,,,,,,,,,,,,,,,,,,,,,,,,,,,,,,,,,,,,,,,,,,,,,,,,,,,,,,,,,,,,,,,,,,,,,,,,,,,,,,,,,,
254,,,,,,,,,,,,,,,,,,,,,,,,,,,,,,,,,,,,,,,,,,,,,,,,,,,,,,,,,,,,,,,,,,,,,,,,,,,,,,,,,,,,,,,,,,,,,,,,,,,,,,,,,,,,,,,,,,,,,,,,,,,,,,,,,,,,,,,,,,,,,,,,,,,,,,,,,,,,,,,,,,,,,,,,,,,,,,,,62.6659877382347,64.67303917040138,62.57453588618602,63.713549230876495,568623.9588712112,,,,,,,,,,,,,,,,,,,,,,,,,,,,,,,,,,,,,,,,,,,,,,,,,,,,,,,,,,,,,,,,,,,,,,,,,,,,,,,,,,,,,,,,,,,,,,,,,,,,,,,,,,,,,,,,,,,,,,,,,,,,,,,,,,,,,,,,,,,,,,,,,,,,,,,,,,,,,,,,,,,,,,,,,,,,,,,,,,,,,,,,,,,,,,,,,,,,,,,,,,,,,,,,,,,,,,,,,,,,,,,,,,,,,,,,,,,,,,,,,,,,,,,,,,,,,,,,,,,,,,,,,,,,,,,,,,,,,,,,,,,,,,,,,,,,,,,
256,,,,,,,,,,,,,,,,,,,,,,,,,,,,,,,,,,,,,,,,,,,,,,,,,,,,,,,,,,,,,,,,,,,,,,,,,,,,,,,,,,,,,,,,,,,,,,,,,,,,,,,,,,,,,,,,,,,,,,,,,,,,,,,,,,,,,,,,,,,,,,,,,,,,,,,,,,,,,,,,,,,,,,,,,,,,,,,,62.6659877382347,64.67303917040138,62.57453588618602,63.713549230876495,568623.9588712112,,,,,,,,,,,,,,,,,,,,,,,,,,,,,,,,,,,,,,,,,,,,,,,,,,,,,,,,,,,,,,,,,,,,,,,,,,,,,,,,,,,,,,,,,,,,,,,,,,,,,,,,,,,,,,,,,,,,,,,,,,,,,,,,,,,,,,,,,,,,,,,,,,,,,,,,,,,,,,,,,,,,,,,,,,,,,,,,,,,,,,,,,,,,,,,,,,,,,,,,,,,,,,,,,,,,,,,,,,,,,,,,,,,,,,,,,,,,,,,,,,,,,,,,,,,,,,,,,,,,,,,,,,,,,,,,,,,,,,,,,,,,,,,,,,,,,,,
257,,,,,,,,,,,,,,,,,,,,,,,,,,,,,,,,,,,,,,,,,,,,,,,,,,,,,,,,,,,,,,,,,,,,,,,,,,,,,,,,,,,,,,,,,,,,,,,,,,,,,,,,,,,,,,,,,,,,,,,,,,,,,,,,,,,,,,,,,,,,,,,,,,,,,,,,,,,,,,,,,,,,,,,,,,,,,,,,62.6659877382347,64.67303917040138,62.57453588618602,63.713549230876495,568623.9588712112,,,,,,,,,,,,,,,,,,,,,,,,,,,,,,,,,,,,,,,,,,,,,,,,,,,,,,,,,,,,,,,,,,,,,,,,,,,,,,,,,,,,,,,,,,,,,,,,,,,,,,,,,,,,,,,,,,,,,,,,,,,,,,,,,,,,,,,,,,,,,,,,,,,,,,,,,,,,,,,,,,,,,,,,,,,,,,,,,,,,,,,,,,,,,,,,,,,,,,,,,,,,,,,,,,,,,,,,,,,,,,,,,,,,,,,,,,,,,,,,,,,,,,,,,,,,,,,,,,,,,,,,,,,,,,,,,,,,,,,,,,,,,,,,,,,,,,,
258,,,,,,,,,,,,,,,,,,,,,,,,,,,,,,,,,,,,,,,,,,,,,,,,,,,,,,,,,,,,,,,,,,,,,,,,,,,,,,,,,,,,,,,,,,,,,,,,,,,,,,,,,,,,,,,,,,,,,,,,,,,,,,,,,,,,,,,,,,,,,,,,,,,,,,,,,,,,,,,,,,,,,,,,,,,,,,,,62.6659877382347,64.67303917040138,62.57453588618602,63.713549230876495,568623.9588712112,,,,,,,,,,,,,,,,,,,,,,,,,,,,,,,,,,,,,,,,,,,,,,,,,,,,,,,,,,,,,,,,,,,,,,,,,,,,,,,,,,,,,,,,,,,,,,,,,,,,,,,,,,,,,,,,,,,,,,,,,,,,,,,,,,,,,,,,,,,,,,,,,,,,,,,,,,,,,,,,,,,,,,,,,,,,,,,,,,,,,,,,,,,,,,,,,,,,,,,,,,,,,,,,,,,,,,,,,,,,,,,,,,,,,,,,,,,,,,,,,,,,,,,,,,,,,,,,,,,,,,,,,,,,,,,,,,,,,,,,,,,,,,,,,,,,,,,
1841,,,,,,,,,,,,,,,,,,,,,,,,,,,,,,,,,,,,,,,,,,,,,,,,,,,,,,,,,,,,,,,,,,,,,,,,,,,,,,,,,,,,,,,,,,,,,,,,,,,,,,,,,,,,,,,,,,,,,,,,,,,,,,,,,,,,,,,,,,,,,,,,,,,,,,,,,,,,,,,,,,,,,,,,,,,,,,,,,,,,,,,,,,,,,,,,,,,,,,,,,,,,,,,,,,,,,,,,,,,,,,,,,,,,,,,,,,,,,,,,,,,,,,,,,,,,,,,,,,,,,,,,,,,,,,,,,,,,,,,,,,,,,,,,,,,,,,,,,,,,,,,,,,,,,,,,,,,,,,,,,,,,,,,,,,,,,,,,,,,,,,,,,,,,,,,,,,,,,,,,,,,,,,,,,,,,,,,,,,,,,,,,,,,,,,,,,,,,,,,,,,,,,,,,,,,,,,,,,,,,,,,,,,,,,,,,,,,,,,,,,,,,,,,,,,,,,,,,,,,,,,,,,,37.82683124449686,38.071478971909414,37.36119202393104,37.79121141675146,5005014.651645778,,,,,
1842,,,,,,,,,,,,,,,,,,,,,,,,,,,,,,,,,,,,,,,,,,,,,,,,,,,,,,,,,,,,,,,,,,,,,,,,,,,,,,,,,,,,,,,,,,,,,,,,,,,,,,,,,,,,,,,,,,,,,,,,,,,,,,,,,,,,,,,,,,,,,,,,,,,,,,,,,,,,,,,,,,,,,,,,,,,,,,,,,,,,,,,,,,,,,,,,,,,,,,,,,,,,,,,,,,,,,,,,,,,,,,,,,,,,,,,,,,,,,,,,,,,,,,,,,,,,,,,,,,,,,,,,,,,,,,,,,,,,,,,,,,,,,,,,,,,,,,,,,,,,,,,,,,,,,,,,,,,,,,,,,,,,,,,,,,,,,,,,,,,,,,,,,,,,,,,,,,,,,,,,,,,,,,,,,,,,,,,,,,,,,,,,,,,,,,,,,,,,,,,,,,,,,,,,,,,,,,,,,,,,,,,,,,,,,,,,,,,,,,,,,,,,,,,,,,,,,,,,,,,,,,,,,,37.826893564434215,38.07246117619662,37.362934968538134,37.79243094117555,5559992.821406435,,,,,
1843,,,,,,,,,,,,,,,,,,,,,,,,,,,,,,,,,,,,,,,,,,,,,,,,,,,,,,,,,,,,,,,,,,,,,,,,,,,,,,,,,,,,,,,,,,,,,,,,,,,,,,,,,,,,,,,,,,,,,,,,,,,,,,,,,,,,,,,,,,,,,,,,,,,,,,,,,,,,,,,,,,,,,,,,,,,,,,,,,,,,,,,,,,,,,,,,,,,,,,,,,,,,,,,,,,,,,,,,,,,,,,,,,,,,,,,,,,,,,,,,,,,,,,,,,,,,,,,,,,,,,,,,,,,,,,,,,,,,,,,,,,,,,,,,,,,,,,,,,,,,,,,,,,,,,,,,,,,,,,,,,,,,,,,,,,,,,,,,,,,,,,,,,,,,,,,,,,,,,,,,,,,,,,,,,,,,,,,,,,,,,,,,,,,,,,,,,,,,,,,,,,,,,,,,,,,,,,,,,,,,,,,,,,,,,,,,,,,,,,,,,,,,,,,,,,,,,,,,,,,,,,,,,,37.82689498641405,38.07251483472986,37.3630094403493,37.79247123331148,5867914.348010057,,,,,
1844,,,,,,,,,,,,,,,,,,,,,,,,,,,,,,,,,,,,,,,,,,,,,,,,,,,,,,,,,,,,,,,,,,,,,,,,,,,,,,,,,,,,,,,,,,,,,,,,,,,,,,,,,,,,,,,,,,,,,,,,,,,,,,,,,,,,,,,,,,,,,,,,,,,,,,,,,,,,,,,,,,,,,,,,,,,,,,,,,,,,,,,,,,,,,,,,,,,,,,,,,,,,,,,,,,,,,,,,,,,,,,,,,,,,,,,,,,,,,,,,,,,,,,,,,,,,,,,,,,,,,,,,,,,,,,,,,,,,,,,,,,,,,,,,,,,,,,,,,,,,,,,,,,,,,,,,,,,,,,,,,,,,,,,,,,,,,,,,,,,,,,,,,,,,,,,,,,,,,,,,,,,,,,,,,,,,,,,,,,,,,,,,,,,,,,,,,,,,,,,,,,,,,,,,,,,,,,,,,,,,,,,,,,,,,,,,,,,,,,,,,,,,,,,,,,,,,,,,,,,,,,,,,,37.82689501885995,38.07251776613448,37.36301262234983,37.79247256453223,6020220.046437736,,,,,
1845,,,,,,,,,,,,,,,,,,,,,,,,,,,,,,,,,,,,,,,,,,,,,,,,,,,,,,,,,,,,,,,,,,,,,,,,,,,,,,,,,,,,,,,,,,,,,,,,,,,,,,,,,,,,,,,,,,,,,,,,,,,,,,,,,,,,,,,,,,,,,,,,,,,,,,,,,,,,,,,,,,,,,,,,,,,,,,,,,,,,,,,,,,,,,,,,,,,,,,,,,,,,,,,,,,,,,,,,,,,,,,,,,,,,,,,,,,,,,,,,,,,,,,,,,,,,,,,,,,,,,,,,,,,,,,,,,,,,,,,,,,,,,,,,,,,,,,,,,,,,,,,,,,,,,,,,,,,,,,,,,,,,,,,,,,,,,,,,,,,,,,,,,,,,,,,,,,,,,,,,,,,,,,,,,,,,,,,,,,,,,,,,,,,,,,,,,,,,,,,,,,,,,,,,,,,,,,,,,,,,,,,,,,,,,,,,,,,,,,,,,,,,,,,,,,,,,,,,,,,,,,,,,,37.82689501960028,38.07251792627925,37.36301275830902,37.79247260851473,6098412.326531569,,,,,
1846,,,,,,,,,,,,,,,,,,,,,,,,,,,,,,,,,,,,,,,,,,,,,,,,,,,,,,,,,,,,,,,,,,,,,,,,,,,,,,,,,,,,,,,,,,,,,,,,,,,,,,,,,,,,,,,,,,,,,,,,,,,,,,,,,,,,,,,,,,,,,,,,,,,,,,,,,,,,,,,,,,,,,,,,,,,,,,,,,,,,,,,,,,,,,,,,,,,,,,,,,,,,,,,,,,,,,,,,,,,,,,,,,,,,,,,,,,,,,,,,,,,,,,,,,,,,,,,,,,,,,,,,,,,,,,,,,,,,,,,,,,,,,,,,,,,,,,,,,,,,,,,,,,,,,,,,,,,,,,,,,,,,,,,,,,,,,,,,,,,,,,,,,,,,,,,,,,,,,,,,,,,,,,,,,,,,,,,,,,,,,,,,,,,,,,,,,,,,,,,,,,,,,,,,,,,,,,,,,,,,,,,,,,,,,,,,,,,,,,,,,,,,,,,,,,,,,,,,,,,,,,,,,,37.82689501961717,38.072517935028074,37.363012764118224,37.792472609967874,6138061.269032796,,,,,
1847,,,,,,,,,,,,,,,,,,,,,,,,,,,,,,,,,,,,,,,,,,,,,,,,,,,,,,,,,,,,,,,,,,,,,,,,,,,,,,,,,,,,,,,,,,,,,,,,,,,,,,,,,,,,,,,,,,,,,,,,,,,,,,,,,,,,,,,,,,,,,,,,,,,,,,,,,,,,,,,,,,,,,,,,,,,,,,,,,,,,,,,,,,,,,,,,,,,,,,,,,,,,,,,,,,,,,,,,,,,,,,,,,,,,,,,,,,,,,,,,,,,,,,,,,,,,,,,,,,,,,,,,,,,,,,,,,,,,,,,,,,,,,,,,,,,,,,,,,,,,,,,,,,,,,,,,,,,,,,,,,,,,,,,,,,,,,,,,,,,,,,,,,,,,,,,,,,,,,,,,,,,,,,,,,,,,,,,,,,,,,,,,,,,,,,,,,,,,,,,,,,,,,,,,,,,,,,,,,,,,,,,,,,,,,,,,,,,,,,,,,,,,,,,,,,,,,,,,,,,,,,,,,,37.82689501961755,38.07251793550603,37.36301276436644,37.792472610015885,6158248.387567119,,,,,
1849,,,,,,,,,,,,,,,,,,,,,,,,,,,,,,,,,,,,,,,,,,,,,,,,,,,,,,,,,,,,,,,,,,,,,,,,,,,,,,,,,,,,,,,,,,,,,,,,,,,,,,,,,,,,,,,,,,,,,,,,,,,,,,,,,,,,,,,,,,,,,,,,,,,,,,,,,,,,,,,,,,,,,,,,,,,,,,,,,,,,,,,,,,,,,,,,,,,,,,,,,,,,,,,,,,,,,,,,,,,,,,,,,,,,,,,,,,,,,,,,,,,,,,,,,,,,,,,,,,,,,,,,,,,,,,,,,,,,,,,,,,,,,,,,,,,,,,,,,,,,,,,,,,,,,,,,,,,,,,,,,,,,,,,,,,,,,,,,,,,,,,,,,,,,,,,,,,,,,,,,,,,,,,,,,,,,,,,,,,,,,,,,,,,,,,,,,,,,,,,,,,,,,,,,,,,,,,,,,,,,,,,,,,,,,,,,,,,,,,,,,,,,,,,,,,,,,,,,,,,,,,,,,,37.82689501961756,38.07251793553214,37.363012764377046,37.79247261001747,6168512.698849621,,,,,
1850,,,,,,,,,,,,,,,,,,,,,,,,,,,,,,,,,,,,,,,,,,,,,,,,,,,,,,,,,,,,,,,,,,,,,,,,,,,,,,,,,,,,,,,,,,,,,,,,,,,,,,,,,,,,,,,,,,,,,,,,,,,,,,,,,,,,,,,,,,,,,,,,,,,,,,,,,,,,,,,,,,,,,,,,,,,,,,,,,,,,,,,,,,,,,,,,,,,,,,,,,,,,,,,,,,,,,,,,,,,,,,,,,,,,,,,,,,,,,,,,,,,,,,,,,,,,,,,,,,,,,,,,,,,,,,,,,,,,,,,,,,,,,,,,,,,,,,,,,,,,,,,,,,,,,,,,,,,,,,,,,,,,,,,,,,,,,,,,,,,,,,,,,,,,,,,,,,,,,,,,,,,,,,,,,,,,,,,,,,,,,,,,,,,,,,,,,,,,,,,,,,,,,,,,,,,,,,,,,,,,,,,,,,,,,,,,,,,,,,,,,,,,,,,,,,,,,,,,,,,,,,,,,,37.82689501961756,38.07251793553357,37.3630127643775,37.79247261001752,6173734.007934483,,,,,
1851,,,,,,,,,,,,,,,,,,,,,,,,,,,,,,,,,,,,,,,,,,,,,,,,,,,,,,,,,,,,,,,,,,,,,,,,,,,,,,,,,,,,,,,,,,,,,,,,,,,,,,,,,,,,,,,,,,,,,,,,,,,,,,,,,,,,,,,,,,,,,,,,,,,,,,,,,,,,,,,,,,,,,,,,,,,,,,,,,,,,,,,,,,,,,,,,,,,,,,,,,,,,,,,,,,,,,,,,,,,,,,,,,,,,,,,,,,,,,,,,,,,,,,,,,,,,,,,,,,,,,,,,,,,,,,,,,,,,,,,,,,,,,,,,,,,,,,,,,,,,,,,,,,,,,,,,,,,,,,,,,,,,,,,,,,,,,,,,,,,,,,,,,,,,,,,,,,,,,,,,,,,,,,,,,,,,,,,,,,,,,,,,,,,,,,,,,,,,,,,,,,,,,,,,,,,,,,,,,,,,,,,,,,,,,,,,,,,,,,,,,,,,,,,,,,,,,,,,,,,,,,,,,,37.82689501961756,38.07251793553365,37.36301276437752,37.79247261001752,6176389.621091729,,,,,
1852,,,,,,,,,,,,,,,,,,,,,,,,,,,,,,,,,,,,,,,,,,,,,,,,,,,,,,,,,,,,,,,,,,,,,,,,,,,,,,,,,,,,,,,,,,,,,,,,,,,,,,,,,,,,,,,,,,,,,,,,,,,,,,,,,,,,,,,,,,,,,,,,,,,,,,,,,,,,,,,,,,,,,,,,,,,,,,,,,,,,,,,,,,,,,,,,,,,,,,,,,,,,,,,,,,,,,,,,,,,,,,,,,,,,,,,,,,,,,,,,,,,,,,,,,,,,,,,,,,,,,,,,,,,,,,,,,,,,,,,,,,,,,,,,,,,,,,,,,,,,,,,,,,,,,,,,,,,,,,,,,,,,,,,,,,,,,,,,,,,,,,,,,,,,,,,,,,,,,,,,,,,,,,,,,,,,,,,,,,,,,,,,,,,,,,,,,,,,,,,,,,,,,,,,,,,,,,,,,,,,,,,,,,,,,,,,,,,,,,,,,,,,,,,,,,,,,,,,,,,,,,,,,,37.82689501961756,38.072517935533654,37.36301276437752,37.79247261001752,6177740.360089693,,,,,
1853,,,,,,,,,,,,,,,,,,,,,,,,,,,,,,,,,,,,,,,,,,,,,,,,,,,,,,,,,,,,,,,,,,,,,,,,,,,,,,,,,,,,,,,,,,,,,,,,,,,,,,,,,,,,,,,,,,,,,,,,,,,,,,,,,,,,,,,,,,,,,,,,,,,,,,,,,,,,,,,,,,,,,,,,,,,,,,,,,,,,,,,,,,,,,,,,,,,,,,,,,,,,,,,,,,,,,,,,,,,,,,,,,,,,,,,,,,,,,,,,,,,,,,,,,,,,,,,,,,,,,,,,,,,,,,,,,,,,,,,,,,,,,,,,,,,,,,,,,,,,,,,,,,,,,,,,,,,,,,,,,,,,,,,,,,,,,,,,,,,,,,,,,,,,,,,,,,,,,,,,,,,,,,,,,,,,,,,,,,,,,,,,,,,,,,,,,,,,,,,,,,,,,,,,,,,,,,,,,,,,,,,,,,,,,,,,,,,,,,,,,,,,,,,,,,,,,,,,,,,,,,,,,,37.82689501961756,38.072517935533654,37.36301276437752,37.79247261001752,6178427.382732624,,,,,
1854,,,,,,,,,,,,,,,,,,,,,,,,,,,,,,,,,,,,,,,,,,,,,,,,,,,,,,,,,,,,,,,,,,,,,,,,,,,,,,,,,,,,,,,,,,,,,,,,,,,,,,,,,,,,,,,,,,,,,,,,,,,,,,,,,,,,,,,,,,,,,,,,,,,,,,,,,,,,,,,,,,,,,,,,,,,,,,,,,,,,,,,,,,,,,,,,,,,,,,,,,,,,,,,,,,,,,,,,,,,,,,,,,,,,,,,,,,,,,,,,,,,,,,,,,,,,,,,,,,,,,,,,,,,,,,,,,,,,,,,,,,,,,,,,,,,,,,,,,,,,,,,,,,,,,,,,,,,,,,,,,,,,,,,,,,,,,,,,,,,,,,,,,,,,,,,,,,,,,,,,,,,,,,,,,,,,,,,,,,,,,,,,,,,,,,,,,,,,,,,,,,,,,,,,,,,,,,,,,,,,,,,,,,,,,,,,,,,,,,,,,,,,,,,,,,,,,,,,,,,,,,,,,,37.82689501961756,38.072517935533654,37.36301276437752,37.79247261001752,6178776.823026628,,,,,
1855,,,,,,,,,,,,,,,,,,,,,,,,,,,,,,,,,,,,,,,,,,,,,,,,,,,,,,,,,,,,,,,,,,,,,,,,,,,,,,,,,,,,,,,,,,,,,,,,,,,,,,,,,,,,,,,,,,,,,,,,,,,,,,,,,,,,,,,,,,,,,,,,,,,,,,,,,,,,,,,,,,,,,,,,,,,,,,,,,,,,,,,,,,,,,,,,,,,,,,,,,,,,,,,,,,,,,,,,,,,,,,,,,,,,,,,,,,,,,,,,,,,,,,,,,,,,,,,,,,,,,,,,,,,,,,,,,,,,,,,,,,,,,,,,,,,,,,,,,,,,,,,,,,,,,,,,,,,,,,,,,,,,,,,,,,,,,,,,,,,,,,,,,,,,,,,,,,,,,,,,,,,,,,,,,,,,,,,,,,,,,,,,,,,,,,,,,,,,,,,,,,,,,,,,,,,,,,,,,,,,,,,,,,,,,,,,,,,,,,,,,,,,,,,,,,,,,,,,,,,,,,,,,,37.82689501961756,38.072517935533654,37.36301276437752,37.79247261001752,6178954.558512837,,,,,
1856,,,,,,,,,,,,,,,,,,,,,,,,,,,,,,,,,,,,,,,,,,,,,,,,,,,,,,,,,,,,,,,,,,,,,,,,,,,,,,,,,,,,,,,,,,,,,,,,,,,,,,,,,,,,,,,,,,,,,,,,,,,,,,,,,,,,,,,,,,,,,,,,,,,,,,,,,,,,,,,,,,,,,,,,,,,,,,,,,,,,,,,,,,,,,,,,,,,,,,,,,,,,,,,,,,,,,,,,,,,,,,,,,,,,,,,,,,,,,,,,,,,,,,,,,,,,,,,,,,,,,,,,,,,,,,,,,,,,,,,,,,,,,,,,,,,,,,,,,,,,,,,,,,,,,,,,,,,,,,,,,,,,,,,,,,,,,,,,,,,,,,,,,,,,,,,,,,,,,,,,,,,,,,,,,,,,,,,,,,,,,,,,,,,,,,,,,,,,,,,,,,,,,,,,,,,,,,,,,,,,,,,,,,,,,,,,,,,,,,,,,,,,,,,,,,,,,,,,,,,,,,,,,,37.82689501961756,38.072517935533654,37.36301276437752,37.79247261001752,6179044.95999784,,,,,
1857,,,,,,,,,,,,,,,,,,,,,,,,,,,,,,,,,,,,,,,,,,,,,,,,,,,,,,,,,,,,,,,,,,,,,,,,,,,,,,,,,,,,,,,,,,,,,,,,,,,,,,,,,,,,,,,,,,,,,,,,,,,,,,,,,,,,,,,,,,,,,,,,,,,,,,,,,,,,,,,,,,,,,,,,,,,,,,,,,,,,,,,,,,,,,,,,,,,,,,,,,,,,,,,,,,,,,,,,,,,,,,,,,,,,,,,,,,,,,,,,,,,,,,,,,,,,,,,,,,,,,,,,,,,,,,,,,,,,,,,,,,,,,,,,,,,,,,,,,,,,,,,,,,,,,,,,,,,,,,,,,,,,,,,,,,,,,,,,,,,,,,,,,,,,,,,,,,,,,,,,,,,,,,,,,,,,,,,,,,,,,,,,,,,,,,,,,,,,,,,,,,,,,,,,,,,,,,,,,,,,,,,,,,,,,,,,,,,,,,,,,,,,,,,,,,,,,,,,,,,,,,,,,,37.82689501961756,38.072517935533654,37.36301276437752,37.79247261001752,6179090.940837614,,,,,
1858,,,,,,,,,,,,,,,,,,,,,,,,,,,,,,,,,,,,,,,,,,,,,,,,,,,,,,,,,,,,,,,,,,,,,,,,,,,,,,,,,,,,,,,,,,,,,,,,,,,,,,,,,,,,,,,,,,,,,,,,,,,,,,,,,,,,,,,,,,,,,,,,,,,,,,,,,,,,,,,,,,,,,,,,,,,,,,,,,,,,,,,,,,,,,,,,,,,,,,,,,,,,,,,,,,,,,,,,,,,,,,,,,,,,,,,,,,,,,,,,,,,,,,,,,,,,,,,,,,,,,,,,,,,,,,,,,,,,,,,,,,,,,,,,,,,,,,,,,,,,,,,,,,,,,,,,,,,,,,,,,,,,,,,,,,,,,,,,,,,,,,,,,,,,,,,,,,,,,,,,,,,,,,,,,,,,,,,,,,,,,,,,,,,,,,,,,,,,,,,,,,,,,,,,,,,,,,,,,,,,,,,,,,,,,,,,,,,,,,,,,,,,,,,,,,,,,,,,,,,,,,,,,,37.82689501961756,38.072517935533654,37.36301276437752,37.79247261001752,6179114.328039287,,,,,
1859,,,,,,,,,,,,,,,,,,,,,,,,,,,,,,,,,,,,,,,,,,,,,,,,,,,,,,,,,,,,,,,,,,,,,,,,,,,,,,,,,,,,,,,,,,,,,,,,,,,,,,,,,,,,,,,,,,,,,,,,,,,,,,,,,,,,,,,,,,,,,,,,,,,,,,,,,,,,,,,,,,,,,,,,,,,,,,,,,,,,,,,,,,,,,,,,,,,,,,,,,,,,,,,,,,,,,,,,,,,,,,,,,,,,,,,,,,,,,,,,,,,,,,,,,,,,,,,,,,,,,,,,,,,,,,,,,,,,,,,,,,,,,,,,,,,,,,,,,,,,,,,,,,,,,,,,,,,,,,,,,,,,,,,,,,,,,,,,,,,,,,,,,,,,,,,,,,,,,,,,,,,,,,,,,,,,,,,,,,,,,,,,,,,,,,,,,,,,,,,,,,,,,,,,,,,,,,,,,,,,,,,,,,,,,,,,,,,,,,,,,,,,,,,,,,,,,,,,,,,,,,,,,,37.82689501961756,38.072517935533654,37.36301276437752,37.79247261001752,6179126.223454708,,,,,
1860,,,,,,,,,,,,,,,,,,,,,,,,,,,,,,,,,,,,,,,,,,,,,,,,,,,,,,,,,,,,,,,,,,,,,,,,,,,,,,,,,,,,,,,,,,,,,,,,,,,,,,,,,,,,,,,,,,,,,,,,,,,,,,,,,,,,,,,,,,,,,,,,,,,,,,,,,,,,,,,,,,,,,,,,,,,,,,,,,,,,,,,,,,,,,,,,,,,,,,,,,,,,,,,,,,,,,,,,,,,,,,,,,,,,,,,,,,,,,,,,,,,,,,,,,,,,,,,,,,,,,,,,,,,,,,,,,,,,,,,,,,,,,,,,,,,,,,,,,,,,,,,,,,,,,,,,,,,,,,,,,,,,,,,,,,,,,,,,,,,,,,,,,,,,,,,,,,,,,,,,,,,,,,,,,,,,,,,,,,,,,,,,,,,,,,,,,,,,,,,,,,,,,,,,,,,,,,,,,,,,,,,,,,,,,,,,,,,,,,,,,,,,,,,,,,,,,,,,,,,,,,,,,,37.82689501961756,38.072517935533654,37.36301276437752,37.79247261001752,6179132.273811267,,,,,
1861,,,,,,,,,,,,,,,,,,,,,,,,,,,,,,,,,,,,,,,,,,,,,,,,,,,,,,,,,,,,,,,,,,,,,,,,,,,,,,,,,,,,,,,,,,,,,,,,,,,,,,,,,,,,,,,,,,,,,,,,,,,,,,,,,,,,,,,,,,,,,,,,,,,,,,,,,,,,,,,,,,,,,,,,,,,,,,,,,,,,,,,,,,,,,,,,,,,,,,,,,,,,,,,,,,,,,,,,,,,,,,,,,,,,,,,,,,,,,,,,,,,,,,,,,,,,,,,,,,,,,,,,,,,,,,,,,,,,,,,,,,,,,,,,,,,,,,,,,,,,,,,,,,,,,,,,,,,,,,,,,,,,,,,,,,,,,,,,,,,,,,,,,,,,,,,,,,,,,,,,,,,,,,,,,,,,,,,,,,,,,,,,,,,,,,,,,,,,,,,,,,,,,,,,,,,,,,,,,,,,,,,,,,,,,,,,,,,,,,,,,,,,,,,,,,,,,,,,,,,,,,,,,,37.82689501961756,38.072517935533654,37.36301276437752,37.79247261001752,6179135.351199749,,,,,
1862,,,,,,,,,,,,,,,,,,,,,,,,,,,,,,,,,,,,,,,,,,,,,,,,,,,,,,,,,,,,,,,,,,,,,,,,,,,,,,,,,,,,,,,,,,,,,,,,,,,,,,,,,,,,,,,,,,,,,,,,,,,,,,,,,,,,,,,,,,,,,,,,,,,,,,,,,,,,,,,,,,,,,,,,,,,,,,,,,,,,,,,,,,142.91850172373094,143.90956569751557,139.5822128560309,141.07795440995957,2110390.6119712754,,,,,,,,,,,,,,,,,,,,,,,,,,,,,,,,,,,,,,,,,,,,,,,,,,,,,,,,,,,,,,,,,,,,,,,,,,,,,,,,,,,,,,,,,,,,,,,,,,,,,,,,,,,,,,,,,,,,,,,,,,,,,,,,,,,,,,,,,,,,,,,,,,,,,,,,,,,,,,,,,,,,,,,,,,,,,,,,,,,,,,,,,,,,,,,,,,,,,,,,,,,,,,,,,,,,,,,,,,,,,,,,,,,,,,,,,,,,,,,,,,,,,,,,,,,,,,,,,,,,,,,,,,,,,,,,,,,,37.82689501961756,38.072517935533654,37.36301276437752,37.79247261001752,6179136.916449629,,,,,
1863,,,,,,,,,,,,,,,,,,,,,,,,,,,,,,,,,,,,,,,,,,,,,,,,,,,,,,,,,,,,,,,,,,,,,,,,,,,,,,,,,,,,,,,,,,,,,,,,,,,,,,,,,,,,,,,,,,,,,,,,,,,,,,,,,,,,,,,,,,,,,,,,,,,,,,,,,,,,,,,,,,,,,,,,,,,,,,,,,,,,,,,,,,142.92044899949468,143.938917615334,139.5987122886706,141.0779993092599,2080726.9708388445,,,,,,,,,,,,,,,,,,,,,,,,,,,,,,,,,,,,,,,,,,,,,,,,,,,,,,,,,,,,,,,,,,,,,,,,,,,,,,,,,,,,,,,,,,,,,,,,,,,,,,,,,,,,,,,,,,,,,,,,,,,,,,,,,,,,,,,,,,,,,,,,,,,,,,,,,,,,,,,,,,,,,,,,,,,,,,,,,,,,,,,,,,,,,,,,,,,,,,,,,,,,,,,,,,,,,,,,,,,,,,,,,,,,,,,,,,,,,,,,,,,,,,,,,,,,,,,,,,,,,,,,,,,,,,,,,,,,37.82689501961756,38.072517935533654,37.36301276437752,37.79247261001752,6179137.712581543,,,,,
1864,,,,,,,,,,,,,,,,,,,,,,,,,,,,,,,,,,,,,,,,,,,,,,,,,,,,,,,,,,,,,,,,,,,,,,,,,,,,,,,,,,,,,,,,,,,,,,,,,,,,,,,,,,,,,,,,,,,,,,,,,,,,,,,,,,,,,,,,,,,,,,,,,,,,,,,,,,,,,,,,,,,,,,,,,,,,,,,,,,,,,,,,,,142.92050986270476,143.94215566927204,139.60047529781653,141.07799965959072,2060039.757133955,,,,,,,,,,,,,,,,,,,,,,,,,,,,,,,,,,,,,,,,,,,,,,,,,,,,,,,,,,,,,,,,,,,,,,,,,,,,,,,,,,,,,,,,,,,,,,,,,,,,,,,,,,,,,,,,,,,,,,,,,,,,,,,,,,,,,,,,,,,,,,,,,,,,,,,,,,,,,,,,,,,,,,,,,,,,,,,,,,,,,,,,,,,,,,,,,,,,,,,,,,,,,,,,,,,,,,,,,,,,,,,,,,,,,,,,,,,,,,,,,,,,,,,,,,,,,,,,,,,,,,,,,,,,,,,,,,,,37.82689501961756,38.072517935533654,37.36301276437752,37.79247261001752,6179138.117517544,,,,,
1865,,,,,,,,,,,,,,,,,,,,,,,,,,,,,,,,,,,,,,,,,,,,,,,,,,,,,,,,,,,,,,,,,,,,,,,,,,,,,,,,,,,,,,,,,,,,,,,,,,,,,,,,,,,,,,,,,,,,,,,,,,,,,,,,,,,,,,,,,,,,,,,,,,,,,,,,,,,,,,,,,,,,,,,,,,,,,,,,,,,,,,,,,,142.92051176501897,143.94251288590675,139.60066368012738,141.0779996623242,2050637.4645347048,,,,,,,,,,,,,,,,,,,,,,,,,,,,,,,,,,,,,,,,,,,,,,,,,,,,,,,,,,,,,,,,,,,,,,,,,,,,,,,,,,,,,,,,,,,,,,,,,,,,,,,,,,,,,,,,,,,,,,,,,,,,,,,,,,,,,,,,,,,,,,,,,,,,,,,,,,,,,,,,,,,,,,,,,,,,,,,,,,,,,,,,,,,,,,,,,,,,,,,,,,,,,,,,,,,,,,,,,,,,,,,,,,,,,,,,,,,,,,,,,,,,,,,,,,,,,,,,,,,,,,,,,,,,,,,,,,,,37.82689501961756,38.072517935533654,37.36301276437752,37.79247261001752,6179138.323479849,,,,,
1866,,,,,,,,,,,,,,,,,,,,,,,,,,,,,,,,,,,,,,,,,,,,,,,,,,,,,,,,,,,,,,,,,,,,,,,,,,,,,,,,,,,,,,,,,,,,,,,,,,,,,,,,,,,,,,,,,,,,,,,,,,,,,,,,,,,,,,,,,,,,,,,,,,,,,,,,,,,,,,,,,,,,,,,,,,,,,,,,,,,,,,,,,,142.92051182447688,143.94255229344182,139.60068380928845,141.07799966234552,2045846.5038307193,,,,,,,,,,,,,,,,,,,,,,,,,,,,,,,,,,,,,,,,,,,,,,,,,,,,,,,,,,,,,,,,,,,,,,,,,,,,,,,,,,,,,,,,,,,,,,,,,,,,,,,,,,,,,,,,,,,,,,,,,,,,,,,,,,,,,,,,,,,,,,,,,,,,,,,,,,,,,,,,,,,,,,,,,,,,,,,,,,,,,,,,,,,,,,,,,,,,,,,,,,,,,,,,,,,,,,,,,,,,,,,,,,,,,,,,,,,,,,,,,,,,,,,,,,,,,,,,,,,,,,,,,,,,,,,,,,,,37.82689501961756,38.072517935533654,37.36301276437752,37.79247261001752,6179138.428238307,,,,,
1867,115.28657033256923,116.29898111587809,114.78535037988144,116.11178171078237,3213861.5115880105,102.31150137860858,104.31218573577968,100.8149815533133,101.31337950410062,3093514.4247230655,97.87948419619744,97.89712597984033,97.36870038485229,97.43935354164478,8530359.126406107,6.603612759669308,6.699342822551362,6.156232063706032,6.179505386915057,26818970.652670436,71.98016252116803,73.8825064276406,70.63450143051712,72.91605214529991,2185292.2656390155,471.05096777759485,482.5232659721161,468.941346183668,480.865840723756,505353.2290667608,15.06337985331579,15.40885198833679,15.0545735328116,15.351732517808745,18908080.19889922,41.437978832519995,42.58431520366574,41.21441091498148,42.06166815374326,6858530.385032703,48.167380416925624,48.18997555667888,48.043637577155835,48.03428647578302,5805476.797851162,72.4329350636024,72.44396858262711,72.06657740866972,72.20372544237857,6385564.674575185,31.856584557157024,32.067753843768024,31.683543545119466,31.820550024082728,9080871.753678849,77.24167837492053,77.26996987150316,77.09515815634886,77.12278205669507,2239715.3467647866,331.7713010817386,338.7954820531405,329.53012451057805,333.92269842726057,2437246.9842898734,41.8044655161958,42.873724180702006,41.23239609869159,42.09697369780778,4174865.001300393,9.727061083002583,10.319913672721215,9.54070938737047,9.818614377624536,21390534.395340025,95.39428845620165,98.710272282762,95.44364477806835,96.14606945772054,10245297.241769621,12.923981467259598,13.233405973328084,12.742523250562101,13.096693625997151,15363912.648672447,151.74826632868775,152.5323325923913,150.07380237525973,150.4243760318293,9037383.894936046,465.3516125773691,479.1640362294086,464.43526978002524,471.827060887741,1427282.64972235,33.51642223977364,34.26761657160592,33.068833997299656,34.141345204973256,9676560.470378248,43.81145083224342,43.913089522009344,43.49425897480881,43.556460695979176,22084206.55543441,82.27952907180028,82.46181799376569,81.94962173804952,82.28075726230061,17561909.802662663,89.81796437777743,89.84372950880949,89.65321747871873,89.78990192775996,7728153.158590171,41.90999838273661,42.253398719787626,41.570705084259856,42.14950076351463,3607528.9489936354,119.98867601549803,123.31308241929034,118.66802575679424,122.01660720934788,3776767.1504053073,69.27672047261498,69.55668733878984,69.07367418711432,69.36949301347727,3912021.5711087007,49.65991192261717,49.81227337530358,49.35586130311846,49.644681470077224,2559218.059460028,55.32919856692665,55.61733500766352,55.19577194921223,55.34055149157377,3933591.233102681,24.7580181084469,24.88276168107066,24.35064472542117,24.361688737406343,20554957.253268413,37.42826220557674,38.78197038488119,36.60536992105862,36.438074503338584,16865473.821265966,150.0521245447764,152.99364602167515,147.29680178725584,146.88811585437344,1319908.77133191,36.56343915655129,36.73834299308083,36.03854870263638,36.08345418349573,46324351.8951826,54.319080766807225,54.819086675314225,52.924572825999704,52.86272251425757,5348836.654651256,43.15545897349698,43.63696234419419,42.16388869509225,42.09910968072866,22161915.440694522,275.1535942142299,275.49405655103277,271.63066325464456,271.7359725619053,10393560.531348549,,,,,,24.318187876672734,25.245678943331644,24.1788355108885,24.74849760593413,10811104.098586213,142.92051182633526,143.94255664081444,139.60068596014392,141.0779996623457,2043487.0821955127,5.7504671121209645,5.857781124421421,5.503294089933072,5.5092234373924445,28190075.280111086,56.27675329594693,56.35937351154969,55.57115029315092,55.60583820438483,10214039.842086853,94.21427531240845,94.28093524331547,93.59367544206549,93.69772553499934,7347244.044872713,54.093900759549065,54.233139815210514,53.74142561896748,53.875660949060595,10898137.102310149,51.71934483102536,51.69155528949621,51.589275942709705,51.63162830923132,3211284.829004347,93.80565134381408,94.28934525433851,93.73729593193416,94.31926767783118,4494698.733421599,11.36075330413387,11.612151851406821,11.121283667683606,11.198356099086425,21722220.029992934,26.261946736712662,26.472223082813013,26.058795720013073,26.31141560459124,12765799.426639007,107.19550763070748,107.1796422390219,106.2565572293624,106.35587305563661,36957964.73909575,70.86065204281581,72.24150984706101,70.10120906439424,70.34504985558169,2672957.9551471355,92.63429918954783,92.71887656038007,92.27490972777399,92.34888779127176,5789815.658781451,136.40341084803813,139.41362666105266,135.14974746785614,136.3168512145411,2493471.3232054426,110.69248732628436,113.76788656010855,110.20984624969952,113.09084186471563,7599758.566400461,45.48167682778719,46.26507264275884,43.80275694225561,43.79604986434506,10632985.721732019,129.17150911219915,133.35238748984742,128.55384934018164,130.14806753971297,2406196.201985709,55.12470599752967,56.39908044313065,52.587391069258715,52.351366288214436,1749604.4236900387,246.19624495159394,253.61494888705548,244.61490797884588,248.94743150958766,515199.9679835015,92.38311948037374,93.52427839818745,91.42047197313441,91.83250936266457,4254085.431154836,45.45072713617216,46.64186525683393,44.88191953010501,45.80532353736146,11897025.62738559,25.420718036562672,26.003105472352804,24.873838021572116,25.06755424620793,4378123.854854893,61.1981209163957,61.635240721401544,60.48049772266177,60.6065983395082,2975433.1269991403,168.6199692659301,170.73200050711645,167.8465662810268,170.23410396599738,9803183.657291207,107.84267927384211,110.13586228877688,107.64627432967049,109.94645298587466,1468791.715495595,91.68725985433042,94.14970839780159,90.76629521470159,90.69693516628692,1609879.926414225,67.0242856712163,67.50197910176331,66.90914721191662,66.82628092332781,6918944.541508316,81.94344192272975,81.9860134468372,81.85487254666099,81.88518268505086,3651244.090527325,39.92518925176802,40.63,39.612174065045394,40.077156175425195,14145484.617918726,30.710706572161843,30.92253965378974,30.13093816798948,30.237354150979616,27168788.50955403,32.80427282195031,32.795953919297254,32.682154792875,32.670568884268306,7985534.298877907,26.96651622744506,27.009988257049184,26.614049502828827,26.672058989976758,4471410.892481315,49.60715424375763,50.197969533294085,49.45613595928795,50.031602603616975,2757647.973190435,122.74923100126443,126.40852352154349,121.82637853378694,122.91405745530069,1815890.2045117666,56.91446618668402,57.83846736696283,56.88047642566611,57.417162220974255,2673582.399934799,40.46675886655209,41.74937950384823,40.07565437004081,40.42172796350304,4127987.884767676,108.48336627680719,108.55974418479822,108.09670658241012,108.19598853447714,2216144.4012535284,182.0115643560417,187.390321862628,180.35489302959544,186.8905620452102,1843925.8609619164,23.48597800659626,23.775347511678902,23.21865354587606,23.73219403213388,2872678.815394024,9.435789084288476,9.558321992643076,9.278118241699921,9.278705063021786,28471017.326655645,80.23212079934115,80.20881300821497,79.73384698628098,79.92535490628703,9245737.11372717,77.67641953866625,77.67311578338649,77.50126762579345,77.51762419979647,5499726.576159524,51.03583398244494,51.219272428318035,50.85718463460819,51.11674699878785,13646997.777441978,58.52270093104322,58.5548492699678,58.25071392258138,58.29732667858111,7246662.504627234,70.75475827838066,70.93694247409782,70.47540381412551,70.83722010482572,4863572.511202034,56.76302937318991,56.82612519377372,55.98923971201173,56.14211854823872,2397470.8950288417,57.9246535195407,57.956757551405595,57.86915765809331,57.881819155256665,3709973.540935184,167.5906949148523,169.33002933514678,166.9894492522201,168.5546108532921,3110119.179421126,114.84087803555394,115.87454643764355,114.33055286493388,115.72833626233674,2054213.9851488764,45.24804354044496,45.33263467721886,44.902503690802995,45.00511088404071,8361190.643939073,62.30496524205589,62.446715841423554,62.07705498013378,62.23802179490623,4603347.66920946,125.55837477053618,126.88135749384385,125.12065694575405,126.34994807238887,1211895.0798320167,55.78386842620693,55.884237207770326,54.990928259377625,55.742445093992416,8110195.416253008,72.35355397307092,73.63638270275705,71.04924372326974,71.18255959973774,1953420.7147522608,84.45367225390518,85.46978490077957,83.92153738021531,84.60559421746994,5369271.324527652,86.49077163862952,88.06157868731843,85.93179544583644,86.79278118851495,16307608.08034092,107.67292686058252,109.95632032713283,106.62043202212227,107.62529933168678,17644822.335837614,37.82689501961756,38.072517935533654,37.36301276437752,37.79247261001752,6179138.481521526,44.983824176879324,45.40358594879855,42.85661451571516,42.9964523842325,4824210.782807413
1868,115.20268307501097,116.2953659401322,114.78053331378611,116.10820658335363,3190333.603326309,102.31177024857661,104.32975591510268,100.82298396748567,101.32061132371281,2940541.823278249,97.84821036867848,97.89692390973892,97.37337513691976,97.43876857404078,8634653.61397469,6.658308492194705,6.746458778728263,6.156248103358529,6.165450939583959,25763842.98308598,71.97962253888181,73.8419244719577,70.6641323012988,72.23476372587287,2426757.3957189317,471.0383400207991,482.4993517688302,468.92193919838587,480.8658404297778,524176.70937337406,15.061277561603745,15.408845051859007,15.031633330952877,15.350226000806412,20459842.095608555,41.4357125905583,42.59512168890837,41.21062027098484,42.061766828591374,6926331.962391134,48.167381546719476,48.184375551984495,48.04065423957079,48.026753542927274,4941702.189198928,72.40980615760725,72.44463077078282,72.05001180339247,72.20374705722382,6464247.5699534705,31.856624485045238,32.06290196441013,31.66140011786149,31.773458178343343,9847139.811285257,77.2382550947702,77.26897675010481,77.094778129452,77.12269433070745,2160570.838800684,331.721740044589,338.6597068806271,329.74069021971235,334.41158008758106,2478572.976411214,41.80442674339709,42.92740387971341,41.34959923583474,42.20115359552857,4394397.496685776,9.726917129117288,10.307565666023919,9.518641979874763,9.819854957331868,20472839.07780343,95.39412319195824,98.73069567963452,95.45543621225414,96.14676116071165,10017923.966765814,12.92819729531993,13.230397394095172,12.741785780647799,13.087124118296131,14673521.134364804,151.7484549041765,152.52799767729343,150.07269117630162,150.42432502443376,9004739.628046582,465.3486616459029,479.4861944504686,464.657439939458,471.82420506521936,1422248.521670618,33.5152394177197,34.260621695114914,33.11428929665377,34.141217928196575,9866539.572643997,43.79988174361113,43.91300274795256,43.48934425382546,43.55305202328357,23810523.94127149,82.23488587744387,82.4403505529321,81.9409380360006,82.28049426527288,17193754.639107853,89.8114031468759,89.82272029982767,89.63498367998987,89.75427764518996,7418423.36481977,41.91002405823446,42.260648571096986,41.50594985930864,42.14960894392736,3881271.2274521645,119.84696359200258,123.3007774305614,118.63366567233889,122.01659293715387,3838962.239097716,69.27564518721319,69.55660292552605,69.07379691121388,69.36949558383061,3995927.0790431886,49.69408726443707,49.8103312854547,49.35519917051944,49.689958817520555,2706053.628474609,55.290214254687626,55.596305083698965,55.174386475412085,55.305362984543706,3797185.5399381686,24.77077144507308,24.88377934982697,24.351188967241953,24.361546145704963,21927254.111489944,37.4285470392702,38.65708122054051,36.60749351816904,36.445207902992934,16574210.884984927,149.79172626012084,152.82690226014412,147.30332757599783,146.91311068134618,1180084.6773698155,36.56637864990424,36.739764283834454,36.03857210557013,36.0816796714846,50013056.80220354,54.20821299428901,54.74588091373143,52.85667394537761,52.846329479822444,5226741.422810076,43.11383728164948,43.64353695691561,42.10096464288003,42.099974806701205,21986239.99639683,275.1537101906768,275.49945578685436,271.6327029288295,271.6059306636149,9963969.638783177,,,,,,24.3169020152564,25.248818982048927,24.17630002759048,24.690804866354554,11043766.198382592,142.92051182639335,143.94255712040925,139.60068618996866,141.0779996623457,2042313.5928102045,5.758758647758586,5.850008050342703,5.503791565510309,5.502587800837393,26324034.014559425,56.27680031347904,56.360401666222515,55.57154857070301,55.577955418340956,9742091.787866944,94.18932282376942,94.27346906858001,93.61334132962435,93.68355866688167,7414150.869891513,54.07697931313687,54.233069397785115,53.734265530976614,53.872770714315365,11144338.813870464,51.72202370028738,51.67531598099712,51.583284954549605,51.635268198944544,3055540.4644443537,93.75155493625896,94.26768693919236,93.6839701860375,94.30817134652926,4147867.0291133486,11.35025028878718,11.597873628830621,11.121349388270433,11.208038270168766,22300153.511045143,26.263273659375884,26.46859172401836,26.059036911581394,26.311294087243674,13374799.699075313,107.20025299244726,107.17856445251398,106.20509236398483,106.27089045457598,34889389.8857374,70.85058273707438,72.25270063619584,70.1107686558288,70.35750777545914,2685017.6734738,92.6184684901715,92.71508477806138,92.27504945917511,92.34898800903518,4614783.266668604,136.3059961981159,139.39097332566175,135.17115179218948,136.3271086435554,2614932.5006141304,110.68826205606175,113.8493686140607,110.19696958191251,113.09083874874821,7601667.743213169,45.48265628806992,46.2843762972504,43.80863772828148,43.80222154952803,10740199.444939928,129.00424030233057,133.3023648232434,128.55398351541146,130.05211200061007,2562496.7268143804,54.95520686998114,56.46774045467909,52.62208343520395,52.35486288971536,1765103.3846654438,246.18409575457684,253.62623495745265,244.58007184488272,248.84119210740275,542059.3150526099,92.3872541040922,93.52056764820482,91.41627162975777,91.82920652817712,4345113.71259131,45.450726322745986,46.6421765112171,44.905516770012596,45.805263239382654,12063025.1558312,25.373360844444015,25.942466343913967,24.829538393469928,25.006669627851704,4137426.646772884,61.19812932343187,61.589630730681506,60.498212304332625,60.60483592048878,3046014.696475542,168.5466591631956,170.71629414515425,167.8188403039053,170.23357811183982,9503969.765404645,107.84254573617709,110.13417395507614,107.63593604191378,109.94643806582496,1441341.5841182207,91.63791256691029,93.97439342303923,90.66865218715986,90.61435646822598,1509578.256108316,67.02433026856343,67.47759202895955,66.82323460351682,66.82647795100787,6437801.276625302,81.94346847907904,81.98607099762437,81.8548540904633,81.88518405241439,3770240.2042076904,39.92499639094675,40.63,39.61142528285969,40.077093965131255,14441492.69664011,30.72913956774369,30.923438832538345,30.130942681626284,30.20346912351288,26953604.553892113,32.80581297186783,32.795489939094495,32.67483191186613,32.650993681480095,7852228.350845954,26.947769093798847,27.001418330355726,26.621784268408987,26.689778699993788,4546670.321663499,49.579352327875746,50.195365485722235,49.45143799430086,50.03159716126287,2772187.2174450136,122.74918273467526,126.38365024216527,121.80333845045037,122.91439029181767,1763406.6840922113,56.95526511083818,57.838077382707354,56.88123545409838,57.417516196385876,2743771.5407121405,40.409162017992685,41.664621435417494,39.96805690465747,40.32840825667172,3978149.0553645175,108.46650192364388,108.5554152923545,108.08960829342811,108.19534297612586,2231193.3415282452,181.7466045023167,187.47188037722475,180.4771381388238,187.00833691009862,1884975.311564583,23.508658551670752,23.811685389102546,23.26135947955963,23.762360821154346,3040740.811804652,9.421070924917796,9.549610740235382,9.27865783640045,9.278746984566224,30051469.716462515,80.23476433592803,80.20770035148853,79.70962706687318,79.89930473106774,8541073.217551725,77.67994511652964,77.6765065502447,77.48426493506366,77.48978653896069,5103457.74738873,51.00504917490273,51.207102937144576,50.85044530802219,51.11670776171629,13825558.166782187,58.51355975538315,58.54491567052883,58.25379952436699,58.300768240413696,5810556.690968111,70.70588206609708,70.90945847818521,70.46103438193099,70.8160790516143,4891644.506048733,56.73060925724465,56.80976775902601,56.00528017037176,56.1612571211413,2453748.375701291,57.92467564320437,57.95681133510433,57.86913578759141,57.881928362352404,3496719.4853302883,167.5357641727849,169.32209350212867,166.98077940909377,168.55453985074791,3120447.827497431,114.74781586346514,115.8701807463861,114.3221940927946,115.72797049458384,2106373.221350567,45.23894891197585,45.33253834242715,44.8954341745272,45.00233443894633,8357946.184161143,62.27354724982204,62.43511487381224,62.07173838756602,62.23746578024281,4674357.376648591,125.51022229783952,126.87177236469307,125.11043816871384,126.35194755634957,1233710.2079740488,55.680330977440455,55.937535567014876,54.92956915782158,55.7429662604876,8166226.653141299,72.41187062088522,73.64793589442468,71.05004943007727,71.19012490063243,1822401.7584231985,84.45165320066877,85.47137585989975,83.91984830740516,84.60498476052773,5289239.448463925,86.49043162138517,88.06397735043501,85.92683925348958,86.79278120038985,16671197.71469403,107.67286352002263,109.93724283202762,106.63872915484399,107.50446150924,17813772.285214297,37.82689501961756,38.072517935533654,37.36301276437752,37.79247261001752,6179138.508622931,45.02911033843209,45.469841635172244,42.869980573304424,42.858561366526246,5018889.380113425
1869,115.21538532322994,116.29510977036489,114.78010871566967,116.10845341830634,3187031.029844493,102.31176678944605,104.33117864088847,100.82358256257616,101.32004421317635,2825387.909810545,97.84258002997795,97.89441105447214,97.37393499356041,97.43873759695413,8685216.324705563,6.616224664737442,6.727940538908803,6.156248330616457,6.173544541642804,24300270.624604043,71.97960288723662,73.85072638832057,70.6511823451275,72.90516521678518,2537392.530149095,471.03883729633736,482.4972874407649,468.9205644006817,480.86584042967723,538764.2381699451,15.061409965733887,15.408845009947653,15.05304876459661,15.351535998006362,21949685.923140652,41.43558677709078,42.59324071111357,41.210218780365516,42.061768311005764,7117613.094684262,48.16738155127139,48.17984666047325,48.038515988970225,48.0219638055604,4482511.231264707,72.40794748038219,72.44468649786536,72.05900143033485,72.20374849281293,6693240.053948804,31.856625101876734,32.06619260564677,31.680013078588896,31.79607560119868,10275079.929050665,77.23778161021829,77.26869006892093,77.09496861844883,77.12268849142067,2202863.048059731,331.7637272408997,338.73934597662605,329.6601600858523,333.93078241783996,2489851.7375233998,41.804426471767435,42.95990859377671,41.27637807539835,42.22932865378033,4521582.206602566,9.726910077975282,10.322897329446318,9.53060409733799,9.819908742810988,20066344.662416074,95.39412490020761,98.73302759564393,95.4566458184885,96.14674761851849,9861834.123735147,12.929303905466123,13.23017204918091,12.743510389155556,13.08709477655771,14127110.753124,151.74845221703745,152.52751912548544,150.07262256929695,150.42432471187198,8996869.88352505,465.34858402582466,479.6776871795564,464.7986141485328,471.82407810639336,1433219.7875340437,33.51519775121181,34.25991853491925,33.12704843919735,34.14121420830212,9909193.845281245,43.80260816298231,43.913005185137635,43.48973366406635,43.553370696562666,25010777.425572585,82.24359784124576,82.42646197088888,81.94085345975766,82.28050069510927,17058153.658160742,89.80748830525923,89.80904257613155,89.62661767506688,89.74001213365307,7121911.433642356,41.91002274402293,42.25615672549942,41.56268802827871,42.14960734060875,4062357.7193623744,119.84715049139767,123.29962877689316,118.63000795977777,122.01659299362288,3865519.351284247,69.27571433829054,69.55660077450648,69.07380101040756,69.36949557079927,4149523.1662634267,49.658408694157266,49.81024300998225,49.35518100799887,49.692616116481894,2824502.386552191,55.29779875504793,55.598782764996145,55.17804642275276,55.31070333809175,3746419.171628706,24.774176578260292,24.88383765791692,24.3516483863214,24.361558185701963,22376726.938375328,37.42855242561502,38.78110623386162,36.60761074390186,36.45330610668341,15861908.242167838,149.67433101370287,152.80661281286345,147.3036176672801,146.91072511740185,1096933.5956288436,36.566053335642714,36.73967100836874,36.03857172818551,36.081813928679196,52580209.65262161,54.12098811586283,54.67206710234554,52.778709614084896,52.871814508515854,5106186.885213895,43.0820746738784,43.64398275402165,42.14313624131279,42.106962035815556,21154869.38590726,275.15371076075456,275.49965136193816,271.6327545046157,271.7078203682555,9595949.89506742,,,,,,24.316826211559658,25.249202948126452,24.176054325275132,24.747703813705407,11110287.749485211,142.92051182639517,143.94255717331734,139.60068621452606,141.0779996623457,2041731.6253995823,5.754245415351449,5.84228050946729,5.5038250357483225,5.495992839465966,24803020.462745234,56.276800640822664,56.3604375323944,55.571558392506674,55.599648741734626,9455865.010688225,94.18862318331806,94.27059498989438,93.62098379791072,93.69737572437886,7450212.390422626,54.0809436866499,54.233070977054425,53.73476557813488,53.87300496093815,11358098.550999071,51.722549638681905,51.68296545573007,51.579515202363616,51.63237019079071,3033269.8124887077,93.75115787473618,94.26266346993182,93.67976719151478,94.30771100855434,3873906.8746931683,11.343418344203135,11.586911024948588,11.121350500413872,11.203269818245316,22413302.02218788,26.263756353892827,26.46792830289669,26.059067598271533,26.31128858639022,13805868.339215862,107.20081584652392,107.17835913741474,106.19066830296839,106.25671587611338,33709096.51329059,70.85935961920087,72.24773273726036,70.11022255200275,70.34575269136111,2710626.619689104,92.61870715285069,92.71321990663569,92.27504614441075,92.34898089705527,4301939.266934552,136.3708457161851,139.38100071059344,135.1733948804636,136.3265541480432,2685521.47494299,110.68808101535186,113.78110757067003,110.1956926948537,113.09083874322575,7623445.675116926,45.48267790616416,46.286145065477015,43.80908421691471,43.80166590222502,10658172.88980564,129.14712872279586,133.32076553919885,128.55395953252085,130.14677323612298,2648774.5712419725,54.80591901821933,56.47731475286985,52.626516583808666,52.354698190662035,1655708.6536026835,246.1833339525522,253.6277343930477,244.576220410546,248.75605264069011,549546.0541144229,92.38762158698658,93.51976342056395,91.41562603303875,91.82898743647164,4378098.000796265,45.45072632365594,46.64220157534484,44.91114383506037,45.80526392235828,12129630.754011527,25.335272718395867,25.892001847320998,24.788417241082424,24.96700023034615,3845687.2128121783,61.198129285818716,61.627289023345,60.48212154742608,60.604920791027766,3114807.988917642,168.54826473304718,170.71462053148528,167.81472138149635,170.23356833935387,9512369.653688762,107.84254672251693,110.13407006628374,107.63510639209734,109.94643825889574,1330325.8016076172,91.68677524149845,93.95806232204205,90.76095230827443,90.62432466370988,1429535.0072886748,67.02433076758186,67.47387169011324,66.89960490055574,66.8264755124301,6067677.250694607,81.9434679185096,81.98607318606801,81.85485329357812,81.88518407502649,3790342.4943112307,39.92498865923963,40.63,39.611363164667566,40.07709260424539,14554030.455473583,30.71754053850076,30.923474703649298,30.130942703341923,30.234207209008332,24731884.143175665,32.80606076314409,32.79482281244137,32.67763913755115,32.641618431994246,7567502.0049982965,26.93926625753338,26.996995811735317,26.621656004670633,26.70000609651879,4558016.91857723,49.580829492629945,50.195087919851794,49.450786244699934,50.03159714006687,2794965.1000092933,122.7491820997163,126.39903129293573,121.80189812894075,122.91437668671618,1736235.3834347005,56.92001003218235,57.838034330480326,56.88128891562439,57.41750395754074,2487407.655559999,40.461274113976366,41.59800609867629,39.883480606530846,40.26367263645147,3825391.9553341717,108.46101740170873,108.55473533301964,108.08422769822633,108.19529723753597,2234733.581998122,181.7452869488433,187.4028843194716,180.43379833420002,187.02514091995428,1918340.0098972784,23.511139102754296,23.837861923727637,23.23686137829682,23.76847876258822,3132878.570555236,9.434790796906753,9.54802309368381,9.278695560334496,9.278745627422271,31086763.67233303,80.23506271539769,80.20749696613257,79.70348998616352,79.8805818762083,8152389.791629438,77.68074089542787,77.67371790471415,77.47565541711303,77.4759026077982,4931296.580328475,51.01068894296791,51.199152544149214,50.850362591487226,51.116708235861154,13917504.981418261,58.51347490880838,58.55353424604425,58.254051063333414,58.29735814776202,4776920.746648382,70.7126792978513,70.8928047913648,70.45974729918221,70.81647984010755,4946409.294315223,56.71378465346248,56.80157629422947,56.00628209885779,56.15913813296956,2471010.4055131744,57.924675175487565,57.95681331972472,57.869135954972826,57.881611223841055,3591897.4667624356,167.53889807460584,169.32118566239808,166.97959849319793,168.55453933043776,3122739.3719389974,114.76266021018814,115.86984373383797,114.3212692520099,115.72797858504869,2113870.9643339533,45.24110082903874,45.332541504748384,44.89589574506304,45.00258544596234,8532509.099850604,62.28041550577031,62.42685024970612,62.07207654007266,62.237487366385324,4684152.232098265,125.51410548813246,126.87064703543552,125.10902786216637,126.35001033460762,1250338.6098054398,55.78353850342832,55.89876124499265,54.901863144566384,55.74295014562374,8197151.879937002,72.36453562467653,73.6487594014087,71.05007257833948,71.18938773573588,1749808.1273630545,84.45116495760817,85.47152576607658,83.9196946132073,84.60500473651031,5286644.052384275,86.49042349594308,88.0642870378014,85.92631998334713,86.79278120038236,16919184.159210365,107.67286277334063,109.9288194292186,106.62376199654,107.5576900974525,17851963.475123156,37.82689501961756,38.072517935533654,37.36301276437752,37.79247261001752,6179138.522407499,45.04396789490925,45.47733784534841,42.867807716325935,42.81522723379633,4901516.264244713
1870,115.2097843126871,116.29509161828756,114.78007128966037,116.10843637625817,3186567.4530793396,102.31176683394929,104.3312938445312,100.82362733857434,101.32008868529786,2764357.221053693,97.84581958495387,97.8941563875078,97.3738242347969,97.43873595655577,8701472.881898398,6.648604677796602,6.7382514014567025,6.156248333836362,6.168883640168437,23511843.18326248,71.97960217205176,73.84881731986007,70.65684202911298,72.24547668223558,2588083.629797021,471.0388177138442,482.4971092433017,468.9204670095259,480.8658404296772,544703.5557425034,15.061401626808523,15.408845009694417,15.03305675227808,15.350396885297233,22594194.385667067,41.43557979238709,42.59356811427798,41.21017625600355,42.06176833327641,7178644.500205704,48.16738155128973,48.176184010272046,48.03698343842893,48.018964605879184,4266180.385237809,72.41040326780953,72.4446911876317,72.05321773565093,72.20374858816018,6740353.923816829,31.85662511140594,32.063960827205975,31.664367699804313,31.786907256936075,10489910.932393717,77.23787896140489,77.26870987840941,77.09487313558114,77.12268810274144,2205943.5531621245,331.7281564628163,338.6743616273042,329.69095855957426,334.4036297712811,2498079.0325335776,41.80442646986449,42.957724060974584,41.322122058591425,42.21983868337314,4581813.6061980855,9.726909732596596,10.30943587433206,9.524119771789922,9.819911074686761,19851006.460756026,95.39412488255034,98.7332938506802,95.45676990409328,96.14674788364817,9797790.493947694,12.929220926564422,13.230264572220012,12.74374764483883,13.087429985715458,13865989.267065424,151.74845225532832,152.52746629588492,150.0726183334029,150.42432470995666,8993051.307195581,465.3485819841383,479.8168280596834,464.90762020183723,471.8240724622949,1436139.2828286923,33.51519628345267,34.25984784971682,33.12539302149529,34.14121409958146,9942450.128257094,43.801782757606794,43.91300511668548,43.48956016890124,43.553340904127936,25702548.071787197,82.23982053079412,82.41747660963102,81.94050894932589,82.28050053791056,17008208.342016667,89.80507154859339,89.80013790362963,89.62217808664579,89.72952443255136,6986635.361654572,41.91002281129142,42.258939772490514,41.51297435929677,42.14960736437119,4143278.1789979343,119.84077685532034,123.29952155166292,118.62961858759223,122.01659299339946,3875150.6920203725,69.27570989121864,69.55660071969417,69.0738011473276,69.36949557086534,4209611.268369285,49.691644583586985,49.81023899752163,49.355180509794806,49.690530944072,2879146.369518777,55.2955812009008,55.597885143862655,55.176991763684875,55.30898566608675,3717716.730403602,24.77824412065057,24.8838409987224,24.35203620269732,24.361557169082296,22523944.226601258,37.428552527473435,38.6625160229239,36.60761721493743,36.45272233928511,15562130.904840503,149.63640757311535,152.81207392195796,147.30363056272543,146.9109528011277,1059052.3581677622,36.56608933823093,36.73967712978512,36.03857173427104,36.081803770960235,54030506.56848464,54.052364211515766,54.61233721598089,52.71240726426281,52.85112663124136,5082603.562683216,43.05783579247694,43.64401298166671,42.11487290397438,42.10085936405112,20999353.866488557,275.1537107635568,275.49965844620243,271.6327558087758,271.62798831375443,9463094.984172793,,,,,,24.31682174280403,25.249249899760482,24.17603051536567,24.69158773682593,11129307.24928759,142.92051182639523,143.94255717915408,139.6006862171501,141.0779996623457,2041442.7677856942,5.756702049158631,5.834598235070258,5.503827287631397,5.489438303947065,24187844.114056773,56.27680064310168,56.360438783550784,55.57155863471924,55.58277093479231,9345724.97845716,94.1902699327709,94.27083816808633,93.62189415186049,93.6838998399212,7461504.187637039,54.079713474933016,54.23307094163575,53.73448321392338,53.87298597580887,11450152.820210308,51.72265289538008,51.67520539099301,51.578328542353994,51.634677527529284,3030085.222536251,93.74566871218391,94.26058221413834,93.67441057700768,94.30719139735616,3733787.9905829797,11.338974337862217,11.581029187607596,11.121350519233896,11.206222346371407,22531549.060447007,26.26384527274682,26.467807100996918,26.05907150252473,26.311288337377306,14000309.525196198,107.2008826074431,107.17832002550375,106.18405424093851,106.24674245667423,33150307.171767913,70.85170927449585,72.24687439816832,70.10978347790801,70.35290689375466,2721289.5416190983,92.62000156485416,92.7133598248819,92.27504622304492,92.34898140175879,4218646.781700495,136.32791600881424,139.38037744373236,135.17362994721586,136.32658412292994,2711540.1683067936,110.6880732582767,113.83509490362992,110.19556607509556,113.09083874321595,7632258.641075551,45.48267838330653,46.28630713536077,43.80911811580148,43.80171592809578,10648314.468975564,129.0250671099996,133.3139968806954,128.553963819296,130.0533888458876,2691296.694168165,54.693527074219794,56.47864984128272,52.6270830717381,52.35470594841715,1628604.6503237868,246.18328618459486,253.62793360384688,244.57579460134266,248.6878225053257,554988.7273933586,92.38765424864744,93.5195891210015,91.41552680421714,91.82897290314409,4393289.1568651805,45.450726323654926,46.6422035936634,44.910840579561714,45.80526391462244,12156355.563114902,25.3046394548733,25.85338480615895,24.753939078362496,24.94115361849345,3695732.484921352,61.198129285987,61.5961961205853,60.4967373290819,60.604916704026714,3149545.0592201184,168.54493639786003,170.71444219720777,167.81410948162582,170.23356815774176,9486446.432426328,107.84254671523159,110.13406367366053,107.6350398125211,109.94643825639733,1299382.2796018356,91.639711909086,93.96603444180482,90.67370273631576,90.62872054575884,1387928.6104411918,67.02433077316559,67.47473185246339,66.83171705058298,66.82647554261195,5872178.769673309,81.94346793034248,81.98607326928644,81.85485325917092,81.88518407540042,3793738.4209084,39.92498834927883,40.63,39.61135801140689,40.07709257447523,14610415.437326722,30.724839269669058,30.923476134662433,30.1309427034464,30.206323805317624,23822679.291341033,32.806100629728434,32.794752796640154,32.6760351385031,32.63626406310649,7504181.4719363395,26.938606905734318,26.997626781129046,26.621061328935344,26.705170956262553,4559727.604705489,49.578921024271224,50.19505833405879,49.45069582735041,50.03159713998432,2799608.757406135,122.74918209136325,126.38952001301136,121.80258362268061,122.91437724284141,1726767.849084395,56.94885281178944,57.83802957773909,56.88129268114178,57.41750438070383,2426597.4361412204,40.41412447617958,41.55610532951401,39.833941764453115,40.229385547504855,3755154.4548841864,108.462609587721,108.55511381704633,108.0795259109001,108.19529399690155,2235566.418221521,181.72777231305906,187.45018649035183,180.44916368236557,187.03102686034805,1927234.1174552394,23.509608462255848,23.837650131751925,23.250914623682576,23.76641070178283,3176593.4141123598,9.422001501543615,9.548280214421005,9.278698197675446,9.278745671357669,31663053.606058504,80.23509639388293,80.20745978880551,79.70053334640039,79.86712533355025,7962524.280630395,77.68092051535953,77.67584565017033,77.46881697839662,77.4676508680482,4866009.298117047,51.008148756256084,51.19395851032481,50.850071528051224,51.116708230131536,13962792.396001913,58.51396921877729,58.5460566097281,58.253930121260154,58.300737058982776,4318070.657193315,70.70847074744219,70.88271363556653,70.45909508778439,70.8156462525802,4972246.2907983055,56.71081790121161,56.80274108161121,56.00521405938535,56.15766817451174,2476245.438229408,57.92467518537558,57.95681339295729,57.86913595369181,57.88159885555235,3584741.1418785183,167.53523556702643,169.3210818077713,166.97943764111182,168.5545393266249,3123247.78077323,114.7559620291485,115.86981771792183,114.32116692472273,115.72797840609464,2114948.7437252686,45.240437395220916,45.33254140094087,44.89558144718651,45.00256275344729,8602212.135475291,62.27766122848257,62.42096246397101,62.07185836352187,62.237486528347084,4685503.303617074,125.51120576742682,126.87051491766037,125.10883322394793,126.35186748087777,1256370.9997914454,55.680659848917905,55.9269693937911,54.892182343645985,55.74295064390757,8209928.196696821,72.40295693231431,73.64881810066447,71.05007324339783,71.18945956527607,1716932.2586208165,84.45109691392125,85.4715398908027,83.91968062807516,84.60500408176368,5271689.078132991,86.49042330176819,88.06432702101716,85.92626557838018,86.79278120038236,17064368.33299917,107.67286276453846,109.92898890689506,106.63600521689062,107.53385954285416,17871270.957485717,37.82689501961756,38.072517935533654,37.36301276437752,37.79247261001752,6179138.529418734,45.0529894116394,45.485194908376215,42.86846862012221,42.784111161521146,4871051.874699028
1871,115.21087399126246,116.29509033203932,114.78006799076168,116.10843755288005,3186502.38157726,102.31176683337674,104.33130317301841,100.82363068790019,101.32008519784794,2728457.6602940164,97.84654675813935,97.89428807276062,97.37379516101501,97.43873586968812,8707515.06936096,6.623690944681996,6.733139533008628,6.156248333881983,6.171567735877098,22904797.887153223,71.97960214602394,73.84923138223428,70.65436850546612,72.89462345251496,2611309.412427022,471.0388184849942,482.497093860894,468.920460110302,480.8658404296772,547691.2735734006,15.061402152001175,15.408845009692888,15.051719953929437,15.351387404791588,22989360.99291215,41.435579404621876,42.59351112645369,41.21017175198459,42.06176833361099,7225244.8989524,48.1673815512898,48.17322191536139,48.03588501191101,48.01708340804514,4161258.9827432684,72.41061045731989,72.4446915823035,72.05679116302159,72.20374859449284,6777543.507023644,31.856625111553154,32.06547446380462,31.677518636987173,31.79042496957213,10600220.766836781,77.2379005345877,77.26872040769292,77.09492099649792,77.12268807686986,2209608.507847134,331.75829136975545,338.72524901761346,329.6791797888441,333.93860127025556,2502340.458981197,41.80442646985116,42.953856091707586,41.29354409033885,42.21704554643417,4611641.786507043,9.726909715679275,10.321703551453776,9.527634741271084,9.81991117578551,19741987.864027794,95.39412488273285,98.73332425132244,95.45678263322519,96.14674787845745,9766446.117860792,12.929172411082275,13.230284915847422,12.743683045995036,13.087440169334212,13724874.034473808,151.74845225478268,152.52746046377513,150.07261807187277,150.42432470994493,8991621.816014038,465.34858193043465,479.924117417927,464.99625867259005,471.8240722113801,1438290.0849833486,33.51519623174887,34.25984074408446,33.1243453161635,34.1412140964039,9957151.638444267,43.801998503794145,43.91300511860807,43.48957604972625,43.553343689391795,26125599.27201628,82.24069908995908,82.411663437582,81.94048718220142,82.2805005417538,16989812.202200357,89.80358678919069,89.79434065299583,89.61989788300095,89.72354476501343,6906055.813010711,41.91002280784825,42.25721545886789,41.556533200346955,42.14960736401901,4184499.176311802,119.84079937875117,123.29951154233608,118.62957713799871,122.01659299340034,3878840.111132434,69.27571017720766,69.55660071829745,69.07380115190097,69.369495570865,4248764.562334605,49.66091988211305,49.810238815139826,49.3551804961289,49.69038190753641,2909002.7565297224,55.29607005609969,55.598000836316984,55.17718009807284,55.30928527388188,3704407.505434655,24.781543792429456,24.883841190136337,24.352363576000172,24.361557254922477,22572162.780997034,37.42855252939963,38.776137438961484,36.60761757214826,36.452215428499876,15341927.028615508,149.62637257351673,152.8132684938675,147.30363113596744,146.91093107046768,1039781.8301513966,36.566085353817975,36.739676728053134,36.038571734172905,36.081804539479606,54919382.22119515,53.99837456621267,54.56524145267281,52.65837659568343,52.86691713293553,5073283.90112154,43.039338464555115,43.644015031277426,42.133814947131185,42.10544929513348,20895999.981204852,275.15371076357053,275.49965870281386,271.6327558417532,271.69053788093936,9399204.88688226,,,,,,24.31682147936336,25.24925564103834,24.176028208054127,24.746931714719327,11134745.206862792,142.92051182639523,143.94255717979797,139.60068621743048,141.0779996623457,2041299.4294742118,5.755364859065552,5.826960961989106,5.503827439138458,5.48292394647794,23868520.576507837,56.27680064311755,56.360438827196155,55.57155864069237,55.59590218084496,9293028.615649909,94.19029930547562,94.2710074659958,93.6214488892343,93.69704297563973,7465752.733749424,54.08003678896631,54.233070942430096,53.73450515953374,53.872987514508246,11501023.135174043,51.72267316761316,51.68174691674172,51.57749427072069,51.63284047168176,3029629.842371113,93.74556192182911,94.26000090252492,93.67374066888716,94.30716570899529,3648890.3992089666,11.336083624666994,11.578119748079734,11.121350519552374,11.20423040232992,22580762.382863417,26.26387742551315,26.467784958348712,26.059071999261032,26.311288326104975,14104806.351416057,107.20089052605029,107.17831257480194,106.18187788316612,106.24474871381838,32873610.650826473,70.85837767601501,72.24703334719659,70.10976921142979,70.34871969713471,2728482.9936999804,92.61992191802358,92.71346874305524,92.27504622117954,92.34898136594238,4196470.751147364,136.35634962784465,139.38062700034064,135.17365458127892,136.32658250254923,2722800.8376371274,110.68807292590829,113.79219003625592,110.19555351911964,113.09083874321594,7638513.802052543,45.482678393837745,46.286321985609,43.809120689516554,43.80171142418164,10638457.705373624,129.12933754192056,133.31648671522396,128.5539630530647,130.14551361367012,2712811.1223290986,54.61060151562544,56.478836012742455,52.627155460147065,52.35470558300664,1604999.6970243424,246.1832831893577,253.6279600704338,244.5757475244716,248.63314338233377,557601.6381341479,92.3876571515964,93.51955134520777,91.41551155265412,91.82897193908381,4399727.593389838,45.450726323654926,46.642203756190895,44.910588089994135,45.80526391471006,12167078.61704917,25.28000193837126,25.82411497495746,24.725297776604545,24.92431324817598,3592045.6124571697,61.19812928598625,61.621868251041754,60.483461317602064,60.60491690083915,3170573.5102950656,168.54508188152332,170.714423194546,167.814018578857,170.23356815436668,9478712.649216898,107.84254671528541,110.13406328030115,107.63503446949578,109.94643825642966,1277040.9656240197,91.68500838466453,93.96723446663682,90.75617811895933,90.62798293356552,1363622.5055891701,67.02433077322807,67.47497907842416,66.89206459868241,66.82647554223838,5758742.049267141,81.94346793009271,81.98607327245092,81.85485325768532,81.8851840754066,3794312.1026826636,39.924988336852635,40.63,39.61135758389774,40.07709257382399,14636322.274876362,30.72024651664194,30.923476191750115,30.1309427034469,30.231617644828027,23014303.69242136,32.80610704377404,32.794700044171464,32.67680053309451,32.63341035128131,7458477.027405583,26.939371028484594,26.99811835194456,26.621052512841295,26.707685982890712,4559985.518778904,49.57910853411611,50.19505518050412,49.45068328373384,50.031597139984,2801607.062907075,122.74918209125336,126.39540156474341,121.80271212224498,122.9143772201091,1722817.8762990476,56.92534952118004,57.838029053061256,56.88129294636281,57.4175043660728,2366574.8936052015,40.456784213854775,41.53095441546741,39.80768005784037,40.21266194208404,3708541.825064532,108.46344679024119,108.55507388723758,108.07535184903941,108.1952937672987,2235762.3416851694,181.72682239064258,187.4162570212543,180.4437161745538,187.03187257201733,1931695.3949823594,23.509379868897973,23.834060337265054,23.24285303132676,23.76598449943086,3197939.548144457,9.433923338424982,9.54836498919688,9.278698382056197,9.27874566993533,31996045.051218312,80.23510019521808,80.20745299306724,79.69965989170997,79.8574538095403,7863583.513790388,77.68096105842987,77.67421009677162,77.46445302163093,77.46307683338591,4839626.091678252,51.00871108214552,51.190565220535895,50.850050718429934,51.11670823020077,13985461.199414128,58.51396671325197,58.552544345987606,58.253909944006146,58.297389044074116,4076100.034136073,70.70924173530591,70.87659898801475,70.45900172582287,70.81567109428758,4988149.224510517,56.71147658578364,56.803598831848646,56.005076527946194,56.15779306784649,2477838.1565130777,57.924675185166535,57.95681339565957,57.869135953701615,57.88161663388842,3594914.6924144696,167.53564047524472,169.32106992705806,166.97941573151292,168.55453932659697,3123360.5778624057,114.7573380314279,115.86981570960525,114.32115560291051,115.72797841005294,2115103.671470714,45.24061280521131,45.33254140434849,44.895606557321464,45.00256480498453,8662905.8610472,62.27836741492388,62.41676795731015,62.07186396183212,62.23748656088222,4685689.666168141,125.51160084040964,126.87049940654983,125.10880636167734,126.35008718476006,1259319.4874482476,55.78321067990204,55.90644808955838,54.889351146957715,55.74295062850025,8215830.810707006,72.3717707698799,73.64882228472447,71.05007326250521,71.1894525661869,1701357.889899223,84.45107976009834,85.47154122168774,83.91967935552275,84.6050041032241,5263522.747934679,86.49042329712796,88.064332183183,85.92625987826345,86.79278120038236,17152423.80938172,107.6728627644347,109.92939176377052,106.62599019322951,107.54460770480046,17878470.00627219,37.82689501961756,38.072517935533654,37.36301276437752,37.79247261001752,6179138.532984853,45.05761925807836,45.4880221283024,42.86845480046772,42.768286176772314,4884798.052608258
1872,115.21048415328127,116.29509024089634,114.78006769998174,116.10843747164338,3186493.2475983785,102.3117668333841,104.33130392838233,100.82363093843584,101.32008547132955,2708039.987277538,97.84621605471096,97.89431818018625,97.37379637961398,97.43873586508802,8709639.356597075,6.642859994940616,6.73576601303276,6.15624833388263,6.170022032795221,22506336.740564305,71.9796021450767,73.84914157526649,70.65544954095277,72.25584999004778,2621951.063180758,471.0388184546266,482.4970925330498,468.9204596215585,480.8658404296772,549079.1531244824,15.061402118924093,15.408845009692879,15.034297240781328,15.350526095053901,23193418.44635483,41.43557938309457,42.59352104575952,41.210171274936,42.061768333616016,7247231.382854791,48.1673815512898,48.17082638049517,48.03509773554867,48.01590368031922,4110738.4773570714,72.41034974319251,72.4446916155175,72.05456302622538,72.20374859491343,6789631.483125648,31.856625111555427,32.06444788530969,31.66646443681927,31.789102935109636,10656582.73429974,77.23789816984609,77.26872023822283,77.09489700614856,77.12268807514778,2210587.027537425,331.73276163256213,338.6852205759807,329.6836845393446,334.3959402089052,2504767.704387976,41.804426469851066,42.95364875486358,41.311397810378885,42.21790700686354,4626258.8202198995,9.726909714850631,10.310574765439643,9.525729375730457,9.819911180168658,19686189.598435454,95.39412488273096,98.73332772242692,95.45678393902371,96.14674787855907,9752102.034849301,12.929172130491075,13.23028371510164,12.743662996118664,13.0874286773443,13651189.945452983,151.74845225479046,152.5274598199409,150.0726180557255,150.42432470994484,8991040.334693085,465.34858192902203,480.00808385361154,465.0691874851277,471.8240722002254,1439298.3805483659,33.51519622992753,34.259840029790524,33.124340693095824,34.14121409631103,9965183.664569886,43.801937150703104,43.91300511855407,43.48956989322005,43.553343429000364,26379305.610969923,82.24036985796579,82.40790254602722,81.94047252802513,82.28050054165983,16983036.432493243,89.80267399587676,89.79056644177088,89.61871850050751,89.71979374366168,6863082.333607166,41.91002280802449,42.25828380499309,41.518367185395924,42.149607364024234,4204521.832012865,119.84051268780799,123.29951060797927,118.62957272559107,122.01659299340034,3880226.7938651354,69.27571015881584,69.55660071826185,69.07380115205372,69.369495570865,4269095.326044628,49.689307608254964,49.81023880684987,49.35518049575404,49.690477619539564,2924392.4086850756,55.29593947011987,55.59796236007818,55.177127942415,55.30919975810433,3697664.3789491267,24.784392588054278,24.883841201103543,24.352639926577595,24.3615572476744,22587955.96001858,37.428552529436054,38.66728841271871,36.60761759186683,36.452260718519,15215807.164024899,149.6241739414706,152.81312506534,147.3036311614498,146.910933144492,1030435.9869628719,36.56608579477368,36.739676754417715,36.03857173417449,36.081804481334466,55446454.12571986,53.95589837912176,54.52823725910543,52.614668539113964,52.85496647611897,5070772.151080612,43.02522266710635,43.64401517025299,42.12112002031988,42.10207813465424,20864234.492633928,275.1537107635706,275.499658712109,271.6327558425871,271.6415293920627,9371781.076902336,,,,,,24.316821463833087,25.24925634308571,24.176027984462912,24.692349212531166,11136299.99972785,142.92051182639523,143.942557179869,139.60068621746044,141.0779996623457,2041228.296351936,5.756092715752944,5.819368426614603,5.503827449331878,5.476449520774827,23718810.674230132,56.27680064311766,56.36043882871868,55.571558640839676,55.585685828478525,9270458.76310114,94.1901907969693,94.27100379033548,93.62118103976246,93.68422437237415,7467243.876448052,54.07994326405593,54.23307094241228,53.73449400423685,53.872987389800336,11526417.559958018,51.72267714763035,51.67603477609659,51.57726569474798,51.634303099191,3029564.725323739,93.74500413042352,94.2597902959684,93.67319038206804,94.3071413428961,3600996.477038671,11.3342032891913,11.576714865326462,11.121350519557764,11.205609609553607,22612024.843921773,26.263883383653095,26.467780913058412,26.059072062460558,26.3112883255947,14156968.061873129,107.2008914652875,107.17831115546558,106.18098738940701,106.24356391732994,32738149.38061954,70.85256518252154,72.24708308270418,70.10978608572307,70.35115940492128,2732451.282311253,92.6198188649359,92.7134651014527,92.27504622122379,92.3489813684841,4190566.541065129,136.33751808751876,139.38068272514636,135.173657162831,136.3265825901437,2727381.193436213,110.68807291166725,113.82627330516017,110.1955522740333,113.09083874321594,7642103.011857702,45.482678394070184,46.28632334631752,43.80912088492148,43.801711829676684,10635195.190976037,129.04026512411522,133.31557083566284,128.55396319002324,130.0546314778272,2723628.35125543,54.54959179895221,56.47886197342947,52.62716471026782,52.35470560021843,1594609.7235803588,246.18328300154465,253.62796358671017,244.57574231971847,248.58932393986603,559062.3563723112,92.38765740960878,93.5195431580926,91.41550920847457,91.8289718751334,4402531.998855131,45.450726323654926,46.642203769278616,44.910572254209185,45.805263914709066,12171381.131811108,25.26018664122079,25.801955307043677,24.701526582393715,24.91334089814242,3528549.764450059,61.19812928598625,61.60067182923236,60.49552037027289,60.604916891361505,3182576.5549206794,168.5449291724883,170.7144211696904,167.8140050745015,170.23356815430395,9473679.458908655,107.84254671528501,110.13406325609644,107.63503404071685,109.94643825642925,1267440.6265071067,91.64141332313662,93.96689398720171,90.67821568786081,90.6277565803558,1349917.9085071215,67.02433077322877,67.47495816509766,66.83841985130752,66.826475542243,5694611.0512241265,81.94346793009798,81.98607327257126,81.85485325762117,81.8851840754067,3794409.016078376,39.924988336354474,40.63,39.611357548432025,40.07709257380974,14648532.030306531,30.723136523121383,30.923476194027526,30.130942703446905,30.20867287365609,22513581.329687364,32.8061080757155,32.79469206092059,32.67640628277256,32.631848926753236,7443115.6466118,26.939701385353317,26.998081350430255,26.621097649057212,26.708897213336698,4560024.403567976,49.57897347503504,50.1950548443662,49.45068154355546,50.031597139984,2802193.214626191,122.74918209125191,126.39176455152838,121.80270118576675,122.91437722103831,1721306.855091566,56.94449609901998,57.83802899513956,56.88129296504343,57.41750436657867,2339436.2734990055,40.41818681833798,41.5160309801439,39.79435917946967,40.20475945221586,3682923.9353283187,108.46332668977692,108.55506114719745,108.07164031964768,108.19529375103106,2235808.432384072,181.72562209938826,187.44034342480322,180.4456474904628,187.03216673897762,1933202.1147748195,23.509481089348107,23.8334419865194,23.247477534032534,23.766126259793673,3208300.6181628117,9.422810122990489,9.548360030477951,9.278698394946552,9.278745669981376,32186733.97929216,80.23510062427981,80.20745175085693,79.69928794193085,79.85050266472905,7813791.112643643,77.68097020964454,77.67546636369718,77.4613749676942,77.46047241852597,4829282.467899859,51.008495241408745,51.18834836635649,50.85003712336472,51.11670823019993,13996741.270199826,58.513940085027194,58.54691546541715,58.253913931747256,58.30070644518243,3956831.5041790283,70.70886878466683,70.87289387083788,70.4589698486698,70.81563812718771,4997233.654420732,56.71204342640779,56.80353019019066,56.00514320649877,56.15790512876309,2478322.2890879116,57.924675185170955,57.95681339575929,57.86913595370154,57.88161768212993,3596053.671133072,167.5353852552422,169.32106856793376,166.97941274721512,168.55453932659677,3123385.603358561,114.75683408122642,115.86981555457186,114.32115435022966,115.72797840996539,2115125.9418968344,45.24056220669593,45.33254140423663,44.895592510081165,45.002564619513464,8700376.53702873,62.27811731345289,62.41377975649586,62.07185466007445,62.23748655961911,4685715.372431619,125.5114161705858,126.87049758548865,125.10880265438087,126.35179381047786,1260577.8939396255,55.6809866278323,55.921377248165015,54.88866200286373,55.74295062897666,8218436.5028942255,72.39708424272041,73.64882258296264,71.05007326305417,71.18945324817997,1694058.1107795625,84.45107747675817,85.47154134708876,83.91967923972909,84.6050041025207,5256760.507406006,86.49042329701707,88.06433284966155,85.92625928105087,86.79278120038236,17205375.714463886,107.67286276443348,109.92941792833912,106.6341825393656,107.53974394307049,17881429.17949146,37.82689501961756,38.072517935533654,37.36301276437752,37.79247261001752,6179138.534798685,45.060088995043124,45.48948988640365,42.86851596712514,42.75917530859351,4889354.344965009
1873,115.21057167813903,116.29509023443799,114.78006767435107,116.10843747725215,3186491.9654769036,102.311766833384,104.33130398954708,100.82363095717636,101.32008544988345,2696303.5950543047,97.84612510625068,97.89431306316793,97.37379748638708,97.43873586484442,8710401.851943672,6.628111001438631,6.734431682063468,6.156248333882639,6.1709121642497795,22226555.449239295,71.97960214504222,73.84916105371217,70.65497708227024,72.88441590924153,2626826.8829784608,471.0388184558225,482.49709241842726,468.92045958693575,480.8658404296772,549742.6780919909,15.061402121007315,15.408845009692879,15.050561917073846,15.351275049989631,23307653.405103274,41.43557938189945,42.593519319204255,41.210171224408825,42.061768333616094,7260451.924425424,48.1673815512898,48.16888903970484,48.03453347015576,48.01516383967018,4086368.948479221,72.41032669670112,72.44469161831266,72.05594942512175,72.20374859494137,6796387.074186604,31.856625111555463,32.06514413129581,31.675756196003658,31.789595724715944,10685411.385257704,77.23789729002796,77.26871987767949,77.09490903134368,77.12268807503315,2211051.7895755963,331.75438995490856,338.7166914980734,329.68196171295324,333.94616368049043,2506111.057421362,41.804426469851066,42.9540546433148,41.30024392720389,42.21818285407946,4633439.308723935,9.726909714810043,10.320675976579034,9.526762220499911,9.81991118035869,19657706.689844843,95.39412488273098,98.73332811875296,95.45678407297706,96.14674787855708,9745373.470734041,12.929173976968722,13.230282755425428,12.743664134294882,13.087428005966066,13612355.657056317,151.74845225479035,152.527459748865,150.07261805472857,150.42432470994484,8990810.37944564,465.34858192898486,480.07403051086874,465.1293451894962,471.82407219972947,1439858.35780518,33.51519622986337,34.2598399579861,33.12441107593095,34.14121409630832,9969202.726952123,43.80195376311836,43.91300511855558,43.48957052711855,43.55334345334409,26532426.412845034,82.24045493687659,82.40546939848441,81.94047089076852,82.28050054166214,16980540.742876712,89.80211288625198,89.78810929936489,89.6181094214641,89.71752771039131,6839139.055160389,41.91002280801547,42.257621881646756,41.55180803602747,42.149607364024156,4214412.528281459,119.84051433579162,123.29951052075836,118.62957225587981,122.01659299340034,3880751.393838065,69.27571015999861,69.55660071826094,69.07380115205882,69.369495570865,4280682.48466767,49.66308013307726,49.81023880647306,49.35518049574376,49.69048572574631,2932479.9679054655,55.2959700235775,55.597967705812145,55.17713759505695,55.30921610131949,3694384.5034911544,24.786824164520414,24.88384120173192,24.352873206570123,24.361557248286406,22593128.751006033,37.42855252943674,38.7715661097165,36.60761759295532,36.45229230941,15135837.578334976,149.62380716909982,152.81306663804574,147.30363116258258,146.91093294654232,1025810.4117561124,36.56608574597303,36.73967675268748,36.03857173417446,36.08180448573365,55763148.04554954,53.922480369804376,54.49917621629709,52.579356985185754,52.86400005140657,5069950.924482784,43.01445053080339,43.644015179676344,42.12962813981946,42.1045438499532,20849304.563333567,275.1537107635706,275.4996587124457,271.63275584260816,271.67992825060117,9359496.338515047,,,,,,24.316821462917552,25.249256428932544,24.17602796279569,24.746180716129608,11136744.538108263,142.92051182639523,143.94255717987684,139.60068621746365,141.0779996623457,2041192.99654096,5.755696530229193,5.811820366881694,5.503827450017693,5.470014782063634,23645777.36397124,56.27680064311766,56.36043882877179,55.57155864084331,55.59363433962945,9260247.550538154,94.19018996079451,94.27099441504548,93.62112364483825,93.69672645659512,7467780.694891775,54.07996883954151,54.23307094241268,53.734494956239814,53.872987399907615,11539606.860283254,51.722677929021174,51.68098730165383,51.577078549839065,51.63313858411451,3029555.413917175,93.74498654274387,94.25972628060862,93.67309856669935,94.30713994762378,3573175.9341866877,11.332980178746794,11.576041657940566,11.121350519557854,11.204647663766565,22627959.829486497,26.26388552545954,26.46778017401521,26.059072070501404,26.3112883255716,14183804.276080102,107.20089157669176,107.17831088508626,106.18067249522699,106.24329294730678,32671642.792624783,70.8576316261834,72.24707961166003,70.10978808472103,70.34973863650141,2734815.7816490205,92.61983020705641,92.7134589119362,92.27504622122274,92.34898136830373,4188994.587211095,136.34999024064393,139.38068206150592,135.17365743336742,136.32658258540852,2729288.107492898,110.68807291105706,113.79919687848127,110.195552150567,113.09083874321594,7644315.885420221,45.482678394075315,46.28632347099744,43.80912089975726,43.801711793169275,10633512.87062422,129.1163547256209,133.3159077397265,128.55396316554285,130.144287743066,2729075.2643357487,54.50472439294822,56.478865593518556,52.6271658922904,52.35470559940771,1588295.1013276053,246.18328298976803,253.62796405387277,244.57574174428822,248.55420736459715,559830.9871421015,92.38765743254076,93.5195413837062,91.41550884817198,91.8289718708913,4403742.384848626,45.450726323654926,46.64220377033252,44.9105803589056,45.80526391470908,12173107.471470516,25.244249726429526,25.78518094013078,24.681799120175985,24.906191859077992,3487788.230728928,61.19812928598625,61.61817284256991,60.48456672267033,60.60491689181791,3189554.2014059573,168.5449390734067,170.71442095392905,167.8140030683182,170.2335681543028,9471279.95166191,107.84254671528501,110.13406325460704,107.63503400630725,109.94643825642925,1262115.0438896283,91.68337085526724,93.96681762788907,90.75191211057471,90.62780750418175,1342109.4793622824,67.02433077322878,67.47494468142698,66.88610627787408,66.82647554224295,5658099.350256179,81.94346793009787,81.98607327257584,81.8548532576184,81.8851840754067,3794425.3878836,39.9249883363345,40.63,39.611357545489824,40.07709257380943,14654242.713428145,30.72131797607522,30.92347619411838,30.130942703446905,30.22948673720243,22153286.083085492,32.80610824174225,32.79468775770683,32.67660268502098,32.631003183058986,7434924.998702075,26.93972286837673,26.99802859889765,26.621099734870903,26.709478523478783,4560030.266089556,49.5789922330736,50.1950548085372,49.450681302140175,50.031597139984,2802398.9139069184,122.7491820912519,126.39401359493205,121.80269526770782,122.91437722100032,1720704.7706961813,56.92889899504711,57.83802898874531,56.88129296635918,57.417504366561175,2321733.0664512245,40.4531087147646,41.507202230871336,39.78774726435774,40.201074206059424,3667476.911959072,108.46321052454603,108.55506596291244,108.06833953446532,108.19529374987847,2235819.275151374,181.72550038707732,187.42320445833053,180.44496277714632,187.03220929843593,1933846.8576545583,23.509500802532354,23.833817585590612,23.244824705120852,23.766155946158285,3213335.948788493,9.433169563278293,9.548356112301182,9.278698395847737,9.278745669979886,32296166.313381605,80.23510067270857,80.20745152379016,79.69916795974541,79.845506718471,7788260.591312401,77.68097227521898,77.67450135234976,77.45930411209291,77.45900493216546,4825168.783506424,51.00854890073575,51.186900083787535,50.85003543186355,51.11670823019994,14002366.40070598,58.51394060170194,58.55179918682768,58.253915133482245,58.29741937794597,3896516.534607133,70.70895029352643,70.87064878750674,70.45896408076429,70.81563946229255,5002525.359550761,56.71218951153531,56.80344315160378,56.00515707854647,56.157898332140114,2478469.486847034,57.92467518517086,57.95681339576297,57.86913595370154,57.881616692398836,3597517.3227648973,167.53542530897107,169.3210684124533,166.9794123407251,168.55453932659677,3123391.1555892294,114.75695332428022,115.86981554260394,114.32115421162912,115.72797840996732,2115129.1432077303,45.24057608911099,45.3325414042403,44.89559382683262,45.00256463628114,8726810.087213317,62.278187173809684,62.41165093782219,62.07185451325927,62.23748655966814,4685718.91827266,125.51144948682641,126.8704973716894,125.10880214273212,126.35015780660812,1261147.5886651594,55.782884942270854,55.91051635091528,54.88853603421781,55.74295062896193,8219607.853610934,72.3765375689001,73.64882260422094,71.05007326306995,71.18945318172639,1690628.121539741,84.45107687257892,85.47154135890452,83.91967922919265,84.60500410254375,5251878.360754858,86.49042329701443,88.06433293570949,85.92625921847973,86.79278120038236,17237283.41772648,107.67286276443346,109.92940155213513,106.62748115377886,107.5419481352825,17882605.549660735,37.82689501961756,38.072517935533654,37.36301276437752,37.79247261001752,6179138.535721254,45.06139419825137,45.49014259647469,42.86853321231776,42.75417452626634,4887789.580013381
1874,115.21054377754976,116.29509023398036,114.78006767209187,116.1084374768649,3186491.7855076375,102.311766833384,104.33130399449983,100.82363095857819,101.32008545156523,2689580.063509086,97.84615829969435,97.89431061607361,97.3737975429434,97.43873586483151,8710673.412223956,6.639459128048282,6.735111967681753,6.156248333882639,6.170399559975593,22035763.350236885,71.97960214504097,73.84915682898601,70.65518356689489,72.26589441768508,2629060.899039486,471.0388184557754,482.4970924085328,468.92045958448307,480.8658404296772,550056.5678250195,15.061402120876112,15.408845009692879,15.035378306309463,15.350623793570238,23369164.431430146,41.4355793818331,42.59351961972862,41.21017121905718,42.061768333616094,7267436.541828201,48.1673815512898,48.167322254186146,48.03412904364321,48.01469986573679,4074619.0365620814,72.41035437096636,72.44469161854789,72.05508636223159,72.20374859494324,6799038.946013605,31.856625111555463,32.064671923397846,31.66794588070004,31.789412645788065,10700153.5413872,77.23789732975393,77.26871986644277,77.09490300369833,77.12268807502552,2211217.966083239,331.7360668392423,338.69194724036805,329.68262060200254,334.38850284826424,2506860.8751755184,41.804426469851066,42.95412493625546,41.30721217301499,42.218104949571554,4636964.64969325,9.726909714808055,10.311508074069945,9.5262023445627,9.819911180366928,19643157.821422767,95.39412488273098,98.73332816400494,95.45678408671846,96.14674787855712,9742246.186682934,12.929174119948206,13.230282685714435,12.743665332618395,13.087428391146886,13591940.492357578,151.74845225479035,152.5274597410186,150.072618054667,150.42432470994484,8990718.581436953,465.3485819289839,480.1258678374791,465.1789958314737,471.8240721997074,1440148.5726981044,33.51519622986111,34.25983995076796,33.12441922469796,34.14121409630824,9971285.714266725,43.801949135854976,43.91300511855554,43.48957030760105,43.55334345106822,26624648.120083164,82.2404256619107,82.40389524861097,81.94047022932637,82.28050054166208,16979621.51643731,89.80176795801754,89.7865096144391,89.61779476545101,89.71613865375964,6826032.382270095,41.91002280801593,42.25803199453629,41.52250734816692,42.149607364024156,4219269.048520829,119.84050143881117,123.29951051261641,118.62957220587793,122.01659299340034,3880949.411308971,69.27571015992255,69.55660071826091,69.07380115205899,69.369495570865,4287029.352153445,49.687311679810826,49.810238806455935,49.355180495743475,49.690481347497084,2936702.5997230997,55.29596219702757,55.597966050197705,55.17713500961852,55.30921178261282,3692759.3196024424,24.788903892785925,24.883841201767922,24.35307012873841,24.361557248234732,22594823.01196283,37.42855252943676,38.67166779136616,36.607617593015405,36.45228891899479,15087284.54606804,149.62378091787406,152.8130685966575,147.30363116263294,146.91093296543508,1023540.9056010226,36.566085751373805,36.73967675280103,36.03857173417446,36.08180448540081,55952425.964498155,53.89618885394051,54.4763547942969,52.5508355551219,52.857172712155055,5069708.483809758,43.00623003026484,43.6440151803153,42.12392601183596,42.10274173040083,20843850.92042729,275.1537107635706,275.4996587124579,271.6327558426087,271.64984219059704,9354082.776498215,,,,,,24.31682146286358,25.249256439429953,24.17602796069602,24.693089878159604,11136871.63823594,142.92051182639523,143.9425571798777,139.600686217464,141.0779996623457,2041175.4789033968,5.755912181156015,5.804316522260452,5.5038274500638344,5.463619487070687,23610707.5976936,56.27680064311766,56.360438828773646,55.5715586408434,55.58745025090087,9255753.068249846,94.1901970996129,94.270994088319,93.6211293615191,93.68453307587886,7467972.142933364,54.07996161347859,54.233070942412674,53.73449451476548,53.872987399088444,11546350.112958232,51.72267808243046,51.67668726475188,51.57703647517518,51.63406574797189,3029554.082433398,93.74492978008959,94.25970441027125,93.67304090203423,94.30713880345158,3557210.332821769,11.3321845764839,11.575719861728215,11.121350519557856,11.205319933967667,22637018.083419163,26.263885924665384,26.46778003899774,26.059072071524437,26.311288325570555,14197439.201999022,107.20089158990558,107.17831083357981,106.18054985742222,106.24315071800615,32639013.83738949,70.85321547476616,72.2470771458205,70.10978755760216,70.35056597223765,2736182.142156736,92.61983817982137,92.71345887944425,92.27504622122277,92.34898136831653,4188576.0657010544,136.34172992105186,139.3806800903365,135.17365746171856,136.32658258566448,2730075.032591952,110.68807291103091,113.82070686481468,110.19555213832372,113.09083874321594,7645645.981777147,45.48267839407543,46.28632348242169,43.80912090088364,43.8017117964561,10632811.68208314,129.05135562039905,133.31578381038804,128.55396316991855,130.05584081318239,2731817.031690012,54.47173022482536,56.47886609832203,52.62716604333463,52.35470559944589,1585047.407579533,246.18328298902958,253.62796411593868,244.57574168066947,248.52606520237035,560245.0180539577,92.38765743457894,93.51954099914497,91.41550879279313,91.82897187060989,4404266.385127128,45.450726323654926,46.64220377041739,44.91058186363791,45.80526391470908,12173800.147448298,25.231432091087733,25.772483336560793,24.665427648006844,24.901533899808705,3462106.7808065396,61.19812928598625,61.60372297595585,60.49451629326069,60.60491689179593,3193587.1876182472,168.5449319957791,170.7144209309383,167.8140027702831,170.23356815430276,9470006.936486118,107.84254671528501,110.1340632545154,107.63503400354587,109.94643825642925,1259531.4233928113,91.64298934383169,93.96683095964059,90.68224826551116,90.62781868114656,1337674.3389759548,67.02433077322878,67.4749445827149,66.84371638156613,66.82647554224295,5637351.789705886,81.94346793009787,81.98607327257601,81.85485325761829,81.8851840754067,3794428.1536107142,39.9249883363337,40.63,39.611357545245745,40.07709257380942,14656919.761138175,30.72246230339166,30.923476194122003,30.130942703446905,30.210605881408345,21910587.20296587,32.806108268453926,32.79468693969147,32.6765034222132,32.63054330813655,7431674.510137066,26.939691805385877,26.998029405824116,26.621096353343077,26.7097572086305,4560031.149961119,49.57898241692046,50.19505480471818,49.45068126864859,50.031597139984,2802464.9904839993,122.7491820912519,126.39262283940477,121.80269501502875,122.91437722100187,1720469.4724450307,56.941604620416065,57.83802898803942,56.88129296645186,57.41750436656178,2312191.644068948,40.42151231211352,41.50198310729435,39.78450190511278,40.1993653503848,3658587.554586704,108.46321456797978,108.55506568080753,108.06540398977076,108.19529374979682,2235821.8258960047,181.72541534020345,187.43539341262044,180.44520552993657,187.0322240007796,1934085.2439683983,23.50949426495868,23.833969187534723,23.246346490636487,23.76614622980955,3215782.4196574274,9.423512771892474,9.548356049522848,9.278698395910741,9.278745669979934,32358935.216258056,80.23510067817479,80.20745148228404,79.69912027234051,79.84191601799057,7775300.818939338,77.68097274145192,77.67524262765426,77.45787989461981,77.45817469410261,4823543.825529025,51.00853018243009,51.18595391311964,50.85003475410162,51.11670823019994,14005169.320446366,58.51394203068183,58.547561979355045,58.25391504112858,58.300676388679435,3866314.1620154064,70.70891649324695,70.86928839890817,70.45896244434556,70.81563815463561,5005591.776429785,56.71218491215924,56.80344529522933,56.005153246841914,56.15788984979047,2478514.238235899,57.92467518517086,57.956813395763106,57.86913595370154,57.88161661360617,3597945.199081271,167.53540685822327,169.3210683946667,166.97941228535726,168.55453932659677,3123392.3874235637,114.7569142923042,115.86981554168007,114.32115419629392,115.72797840996728,2115129.603387136,45.24057216982347,45.33254140424018,44.89559319586372,45.00256463476524,8744458.668346632,62.27816398695391,62.41013435000663,62.07185410046066,62.23748655966624,4685719.407374809,125.5114372176766,126.87049734658858,125.10880207211882,126.35172611103121,1261398.8315503586,55.68131132749832,55.91841760591413,54.888528110195004,55.74295062896238,8220130.584804633,72.39321508319212,73.64882260573623,71.0500732630704,71.18945318820165,1689017.39604347,84.45107679635625,85.47154136001784,83.9196792282339,84.60500410254299,5248206.207340317,86.49042329701437,88.064332946819,85.92625921192402,86.79278120038236,17256500.88643454,107.67286276443346,109.92939896380794,106.63296292518305,107.54094857342955,17883078.475337744,37.82689501961756,38.072517935533654,37.36301276437752,37.79247261001752,6179138.536190499,45.062085510763076,45.490451231931964,42.86854450994048,42.75137995934537,4887130.554809414
1875,115.210550583583,116.29509023394793,114.78006767189274,116.10843747689164,3186491.76024565,102.311766833384,104.33130399490088,100.82363095868305,101.32008545143336,2685724.1711487714,97.84616939829444,97.8943106789837,97.37379750996405,97.43873586483083,8710770.411847932,6.630727686304048,6.73476552187262,6.156248333882639,6.170694755859941,21904014.863578275,71.97960214504093,73.84915774529686,70.65509332429423,72.87453199066698,2630084.4864500114,471.0388184557773,482.4970924076787,468.9204595843093,480.8658404296772,550205.6310163607,15.061402120884376,15.408845009692879,15.049552706813845,15.351190095898412,23402905.165350236,41.43557938182942,42.59351956741932,41.21017121849035,42.061768333616094,7271383.227549058,48.1673815512898,48.166055147813424,48.033839178614976,48.014408895151746,4068953.127969474,72.41035692950928,72.44469161856769,72.05562357854252,72.20374859494336,6800339.701548471,31.856625111555463,32.06499218420127,31.67451094808194,31.78948057037293,10707692.646109367,77.23789736281152,77.26871987798921,77.09490602506372,77.12268807502501,2211285.608228516,331.75158984478753,338.7114024854907,329.6823686121436,333.95347805931755,2507278.343181069,41.804426469851066,42.95408799323013,41.30285885059605,42.21807780219033,4638695.685052226,9.726909714807958,10.319828969289693,9.526505837473096,9.819911180367285,19635727.533407122,95.39412488273098,98.73332816917176,95.4567840881281,96.14674787855712,9740787.712515133,12.929174059143095,13.230282715493422,12.743665409577897,13.087428425238627,13581200.813678056,151.74845225479035,152.52745974015238,150.0726180546632,150.42432470994484,8990682.051087558,465.3485819289839,480.16662253994514,465.2199794856777,471.82407219970645,1440303.155722688,33.51519622986103,34.259839950042355,33.12441536916361,34.14121409630824,9972349.975526916,43.80195040375902,43.91300511855554,43.489570332511335,43.553343451280995,26680229.234464705,82.24043372333718,82.40287683613063,81.94047012979112,82.28050054166208,16979282.94178392,89.80155592232867,89.78546816407156,89.61763222279937,89.71529200929827,6818806.752732221,41.91002280801591,42.25777789776951,41.548180448368846,42.149607364024156,4221658.790229815,119.84050154149347,123.29951051185637,118.62957220055512,122.01659299340034,3881024.2135447883,69.27571015992744,69.55660071826091,69.07380115205899,69.369495570865,4290564.275426641,49.664924174569734,49.81023880645515,49.35518049574347,49.69048091643913,2938912.099302478,55.2959640806862,55.5979662951995,55.177135502737656,55.30921265926458,3691960.8328854744,24.790682026193803,24.883841201769986,24.35323635962663,24.361557248239095,22595377.938731898,37.42855252943676,38.76737065463809,36.60761759301872,36.452286959287825,15057264.219597727,149.62379298326024,152.81307111637756,147.30363116263518,146.91093296363192,1022423.2382213072,36.566085750776104,36.73967675279358,36.03857173417446,36.08180448542599,56065793.09679985,53.87550408484326,54.4584334636525,52.527799518096586,52.86233250572622,5069633.030308125,42.99995675009053,43.64401518035862,42.12774756882535,42.10405867198663,20841549.42246772,275.1537107635706,275.49965871245837,271.6327558426087,271.6734150529431,9351682.216110602,,,,,,24.316821462860396,25.249256440713584,24.176027960492547,24.74545024129163,11136907.97805083,142.92051182639523,143.94255717987778,139.60068621746402,141.0779996623457,2041166.7857384388,5.755794798466717,5.796856633747083,5.503827450066939,5.457263394013532,23593762.19358007,56.27680064311766,56.36043882877371,55.5715586408434,55.592261586341785,9253747.49988378,94.19019708258648,94.27099457775913,93.6211375755941,93.69642537564776,7468040.6569757555,54.079963616561294,54.233070942412674,53.73449455568168,53.87298739915484,11549819.180498466,51.722678112549076,51.68041971466779,51.576993814877746,51.633327558457836,3029553.89203799,93.74492730899468,94.2596975030283,93.673029193362,94.30713872914693,3548002.0824435023,11.331667057429456,11.57556616605672,11.121350519557856,11.204849849633167,22641889.066275284,26.26388606734364,26.467780014331098,26.059072071654597,26.31128832557051,14204402.682867626,107.2008915914729,107.17831082376799,106.18050507454318,106.24311470618304,32623002.7901168,70.85706480077107,72.24707712160101,70.10978743123705,70.35008420519283,2736981.2590320143,92.61983687514987,92.71345922209369,92.27504622122277,92.34898136831562,4188464.637331884,136.3472007392483,139.38067983854734,135.17365746468965,136.32658258565064,2730400.8555642865,110.68807291102979,113.80361895146508,110.19555213710964,113.09083874321594,7646452.569727817,45.48267839407543,46.28632348346848,43.80912090096916,43.80171179616018,10632489.960766962,129.10688073284592,133.31582939749305,128.5539631691364,130.14309471992274,2733197.248954785,54.44746749305452,56.47886616871437,52.62716606263575,52.354705599444095,1583232.2576107115,246.18328298898328,253.6279641241846,244.57574167363586,248.50351228288045,560466.0086588393,92.38765743476009,93.51954091579934,91.41550878428136,91.82897187059122,4404493.004555825,45.450726323654926,46.642203770424224,44.91058171261355,45.80526391470908,12174078.07653808,25.221123208979304,25.76287171834479,24.651841263955223,24.898499004578895,3445806.5936582675,61.19812928598625,61.61565363626317,60.48547875996363,60.60491689179699,3195922.412986152,168.54493259651696,170.7144209284885,167.81400272600754,170.23356815430276,9469357.523257924,107.84254671528501,110.13406325450975,107.63503400332426,109.94643825642925,1258189.360860597,91.68185403349128,93.96683541698303,90.74810019061584,90.62781532993473,1335152.8731318589,67.02433077322878,67.47494521741476,66.88139803310467,66.82647554224295,5625556.000822715,81.94346793009787,81.98607327257601,81.85485325761829,81.8851840754067,3794428.620831425,39.92498833633366,40.63,39.611357545225495,40.07709257380942,14658173.853306528,30.721742231282494,30.92347619412215,30.130942703446905,30.22773325013176,21742398.79421506,32.80610827275151,32.794686579674085,32.6765532769962,32.63029362193388,7430124.893767001,26.939678991146817,26.998034886472787,26.621096088233088,26.709890766375874,4560031.283219296,49.578984119570165,50.19505480431111,49.45068126400229,50.031597139984,2802487.1402509,122.7491820912519,126.39348284990234,121.80269520405619,122.91437722100181,1720376.6686182048,56.93125443643224,57.83802898796149,56.88129296645839,57.41750436656176,2306535.325297587,40.45009989648446,41.49889842822867,39.78291837100065,40.198574906825016,3653351.667216841,108.46322949224913,108.55506547243591,108.06279326646889,108.19529374979103,2235822.4259548266,181.72540313322915,187.42672378203346,180.44511946630124,187.03222614236333,1934181.5560265623,23.50949263936708,23.83394555381762,23.245473523991183,23.766144162382503,3216971.1275131074,9.432514572885433,9.54835621035951,9.278698395915146,9.278745669979932,32394942.981684037,80.23510067879177,80.20745147469704,79.69910409293199,79.83933529968934,7768686.676541926,77.6809728466881,77.67467321516675,77.45691044332865,77.45770572418681,4822899.8810275635,51.00853518197145,51.18533577481433,50.85003464200299,51.11670823019994,14006566.376871303,58.5139419823373,58.55123825931799,58.2539149801428,58.29744915961632,3851133.2970667123,70.70892479008727,70.86846408334115,70.4589621096725,70.81563822131108,5007371.150911988,56.71216761535852,56.80345387605786,56.00515202890313,56.157890166709734,2478527.8439322375,57.92467518517086,57.95681339576311,57.86913595370154,57.88161666830794,3598207.939763838,167.5354104381049,169.32106839263196,166.9794122778156,168.55453932659677,3123392.6607219763,114.75692429623491,115.86981554160874,114.32115419459718,115.72797840996728,2115129.669536627,45.24057325833281,45.33254140424019,44.89559326320645,45.00256463490229,8756506.476794714,62.278170768816416,62.409053920456316,62.071854076666746,62.23748655966631,4685719.474840019,125.51143982126816,126.87049734364165,125.10880206237339,126.3502227045852,1261510.9169472991,55.78256127726251,55.91266947764062,54.88853488135834,55.74295062896237,8220364.5450493945,72.37967812410118,73.64882260584423,71.05007326307042,71.1894531875707,1688260.8943272624,84.45107677501755,85.47154136012274,83.91967922814666,84.60500410254302,5245478.888083139,86.49042329701437,88.06433294825332,85.92625921123717,86.79278120038236,17268076.60584778,107.67286276443346,109.92939950088713,106.6284788050949,107.54140198755248,17883267.880998135,37.82689501961756,38.072517935533654,37.36301276437752,37.79247261001752,6179138.5364291705,45.062451475031814,45.49059356349171,42.86854965341275,42.74982888961787,4887302.268530589
1876,115.21054855115018,116.29509023394563,114.78006767187519,116.10843747688979,3186491.756699667,102.311766833384,104.33130399493335,100.8236309586909,101.3200854514437,2683513.5977463233,97.84616613326301,97.89431084031229,97.37379750508961,97.43873586483079,8710805.021279598,6.637445806180161,6.734942016425541,6.156248333882639,6.170524759988809,21813528.139490515,71.97960214504093,73.84915754655604,70.6551327641653,72.27562039211747,2630553.476447561,471.03881845577723,482.49709240760495,468.92045958429696,480.8658404296772,550276.3199961958,15.061402120883855,15.408845009692879,15.03632043731113,15.350697665701418,23421249.491895366,41.435579381829214,42.59351957652428,41.21017121843032,42.061768333616094,7273535.652429786,48.1673815512898,48.165030400941156,48.03363142335663,48.014226419644324,4066221.051981683,72.41035399236702,72.44469161856935,72.0552891781447,72.20374859494338,6800892.220669297,31.856625111555463,32.06477497694435,31.668992590876954,31.789455383462172,10711548.084255658,77.23789736305423,77.26871987890709,77.09490451060023,77.12268807502498,2211311.494959917,331.7384390408769,338.6961057315031,329.6824649848016,334.38130941766315,2507510.947000348,41.804426469851066,42.954075878539065,41.30557853308099,42.21808481817385,4639545.642754756,9.726909714807952,10.312276835201402,9.526341322550167,9.819911180367301,19631932.647389684,95.39412488273098,98.73332816976169,95.45678408827271,96.14674787855712,9740108.38784287,12.929174049289296,13.230282721928601,12.743665354601838,13.087428412644847,13575552.12488995,151.74845225479035,152.52745974005677,150.07261805466297,150.42432470994484,8990667.498749595,465.3485819289839,480.19866552109636,465.2538099350034,471.8240721997064,1440384.5952163793,33.51519622986103,34.25983994996941,33.124414388493946,34.14121409630824,9972896.882069614,43.80195005302967,43.91300511855554,43.48957032464965,43.55334345126111,26713719.98933623,82.24043108644629,82.40221796368297,81.94047009856247,82.28050054166208,16979158.236062884,89.80142557885264,89.78479014376234,89.61754825642944,89.71477482620713,6814834.623399151,41.91002280801591,42.25793533043875,41.525685820354816,42.149607364024156,4222833.813234345,119.8405009612511,123.29951051178541,118.62957219998849,122.01659299340034,3881052.462997023,69.27571015992713,69.55660071826091,69.07380115205899,69.369495570865,4292519.2518798765,49.68560797115625,49.81023880645512,49.35518049574347,49.69048111600106,2940067.3808898474,55.29596360754864,55.59796622371346,55.17713537430578,55.309212438961076,3691567.0011290726,24.79220240251465,24.883841201770103,24.35337668262043,24.361557248238725,22595559.69569076,37.42855252943676,38.67568704893438,36.60761759301891,36.45228720663746,15038844.92588141,149.62380041100835,152.81307120472573,147.3036311626353,146.91093296380402,1021873.6940740381,36.566085750842255,36.73967675279407,36.03857173417446,36.08180448542409,56133635.61604709,53.859230406489296,54.4443601211053,52.50919403175128,52.85843298181102,5069610.187276129,42.99516944499144,43.644015180361556,42.12518636748693,42.103096308610354,20840656.933456924,275.1537107635706,275.49965871245837,271.6327558426087,271.6549453749889,9350620.261871293,,,,,,24.316821462860208,25.249256440870546,24.17602796047283,24.69381030242183,11136918.368143825,142.92051182639523,143.94255717987778,139.60068621746402,141.0779996623457,2041162.4717345703,5.755858691981806,5.789440443854991,5.503827450067147,5.450946262591798,23585594.50182747,56.27680064311766,56.36043882877371,55.5715586408434,55.5885182783556,9252858.67523055,94.19019661364703,94.27099462290413,93.62114016503199,93.68482672248632,7468065.1449344,54.079963055102844,54.233070942412674,53.734494538181046,53.87298739914946,11551599.46735386,51.72267811846222,51.67717974802252,51.57698667679078,51.633915290339665,3029553.864812415,93.74492152438528,94.25969520397832,93.67302304778013,94.30713867534688,3542702.1417029775,11.331330424435555,11.575492777651931,11.121350519557856,11.20517860503018,22644582.529868376,26.26388609408929,26.467780009824693,26.059072071671157,26.311288325570505,14207951.417904481,107.2008915916588,107.17831082189886,106.18048800733742,106.24309748105044,32615146.514510386,70.85370954654809,72.24707722962434,70.10978744235474,70.35036474340079,2737446.413654343,92.6198362781219,92.71345923689817,92.27504622122277,92.34898136831569,4188434.970322762,136.34357741071918,139.38067986998826,135.173657465001,136.32658258565138,2730535.5913837864,110.68807291102975,113.81719389156866,110.19555213698925,113.09083874321594,7646940.182357194,45.48267839407543,46.286323483564395,43.80912090097566,43.80171179618682,10632348.807250457,129.05944872433264,133.31581262838762,128.55396316927622,130.05701774414217,2733892.042186401,54.429625569392805,56.47886617853023,52.62716606510214,52.35470559944418,1582259.7610261033,246.18328298898038,253.6279641252801,244.57574167285824,248.48543854094768,560584.3841822455,92.38765743477619,93.51954089773591,91.41550878297309,91.82897187058998,4404591.046104383,45.450726323654926,46.64220377042477,44.910581637436415,45.80526391470908,12174189.592717975,25.212832050158536,25.755596079153136,24.640566174291532,24.89652161737488,3435490.873568809,61.19812928598625,61.605802980947765,60.493687858773846,60.60491689179694,3197273.814692307,168.54493226536223,170.71442092822744,167.81400271943005,170.23356815430276,9469021.540779881,107.84254671528501,110.13406325450941,107.63503400330649,109.94643825642925,1257516.4774991022,91.6444491903187,93.96683496566914,90.68585160189616,90.62781480896236,1333719.7637984555,67.02433077322878,67.47494527369082,66.84790168170159,66.82647554224295,5618850.582712426,81.94346793009787,81.98607327257601,81.85485325761829,81.8851840754067,3794428.6997601055,39.92498833633366,40.63,39.61135754522382,40.07709257380942,14658761.46543339,30.722195339265628,30.923476194122156,30.130942703446905,30.212196520092238,21627273.43619977,32.80610827344294,32.79468650021557,32.67652816940762,32.630157978985864,7429467.249954349,26.939678322458096,26.998035115558647,26.621096338164968,26.709954765864218,4560031.303310158,49.57898339016182,50.19505480426772,49.45068126335771,50.031597139984,2802494.412477481,122.7491820912519,126.39295103964423,121.80269523419382,122.91437722100181,1720340.2249238451,56.939685844125925,57.83802898795289,56.88129296645885,57.41750436656176,2303341.388277071,40.42423461083184,41.497075371827144,39.78214815261686,40.1982096772573,3650303.3851096863,108.46323039813582,108.55506553069807,108.06047142231614,108.19529374979062,2235822.567117758,181.72539693063857,187.43289005682928,180.4451499786151,187.03222687720495,1934218.4073234515,23.50949304964712,23.83392072440204,23.245974298085812,23.766144828280325,3217548.6986118746,9.424123336305982,9.548356224165005,9.278698395915454,9.278745669979932,32415598.458510622,80.2351006788614,80.20745147331019,79.69909790833492,79.83748047860732,7765320.833899568,77.68097287044158,77.67511061076443,77.45624736147238,77.45744065821589,4822645.084403736,51.008533536401785,51.18493194178773,50.85003460656375,51.11670823019994,14007262.63690784,58.513941905947775,58.548048650488774,58.25391497986318,58.300646879328696,3843513.8537430977,70.70892167501829,70.86796459653661,70.45896202315613,70.81563816929207,5008403.303375246,56.712161508528155,56.80345411460783,56.00515222273701,56.15789080438611,2478531.980427206,57.92467518517086,57.95681339576311,57.86913595370154,57.88161667384779,3598311.9483795585,167.53540906574693,169.32106839239918,166.97941227678837,168.55453932659677,3123392.7213567714,114.75692121855695,115.86981554160324,114.32115419440946,115.72797840996728,2115129.6790454295,45.24057295317353,45.33254140424019,44.89559323473242,45.0025646348899,8764656.86498528,62.27816859381992,62.40828421361757,62.07185405762003,62.23748655966631,4685719.484145958,125.5114389818094,126.87049734329567,125.1088020610284,126.35166389859617,1261560.666958434,55.68163396114594,55.91685121568774,54.88853926400415,55.74295062896237,8220469.136185281,72.39066592829197,73.64882260585193,71.05007326307042,71.18945318763218,1687905.6032301702,84.45107677248944,85.47154136013263,83.91967922813872,84.60500410254302,5243445.44615102,86.49042329701437,88.0643329484385,85.9262592111652,86.79278120038236,17275049.089799788,107.67286276443346,109.92939966558784,106.63214684075022,107.54119628687502,17883343.834758855,37.82689501961756,38.072517935533654,37.36301276437752,37.79247261001752,6179138.536550566,45.06264523251246,45.49065986769146,42.86855233597557,42.74896577677713,4887395.097266322
1877,115.21054907138628,116.29509023394547,114.78006767187364,116.10843747688992,3186491.756201923,102.311766833384,104.33130399493598,100.82363095869148,101.32008545144289,2682246.145108149,97.84616480546983,97.8943108535067,97.37379750578877,97.43873586483079,8710817.375036761,6.632276770413572,6.734852112316616,6.156248333882639,6.170622656327255,21751236.01877902,71.97960214504093,73.84915758966142,70.65511552725702,72.86496143644335,2630768.3595298845,471.03881845577723,482.4970924075986,468.9204595842961,480.8658404296772,550309.8595018557,15.061402120883887,15.408845009692879,15.04867319650813,15.351125860124869,23431265.400405187,41.4355793818292,42.59351957493947,41.21017121842396,42.061768333616094,7274731.5102090435,48.1673815512898,48.164201657455344,48.0334825187177,48.01411198432808,4064903.64825082,72.41035370883674,72.4446916185695,72.05549733077471,72.20374859494338,6801149.437464162,31.856625111555463,32.06492229123306,31.67363112152262,31.789464720823474,10713519.729383063,77.23789736189856,77.26871987856349,77.09490526972711,77.12268807502498,2211321.691525322,331.74958015932793,338.7081328564883,329.6824281274088,333.9605525416538,2507640.519710589,41.804426469851066,42.95407857561699,41.30387944624407,42.21808748124977,4639962.984491322,9.726909714807952,10.319131234228289,9.526430501436854,9.819911180367301,19629994.495670732,95.39412488273098,98.73332816982905,95.45678408828755,96.14674787855712,9739791.823898768,12.929174050923281,13.23028272152834,12.743665344192468,13.087428411103907,13572580.962595958,151.74845225479035,152.52745974004623,150.07261805466294,150.42432470994484,8990661.703686433,465.3485819289839,480.2238592711023,465.28173584214676,471.8240721997064,1440427.6886572838,33.51519622986103,34.25983994996208,33.12441454021461,34.14121409630824,9973177.273530457,43.80195014951678,43.91300511855554,43.48957032561711,43.55334345126297,26733901.5203513,82.24043184095876,82.40179169936408,81.94047009299257,82.28050054166208,16979112.303750165,89.80134545356233,89.78434872902568,89.61750488118285,89.71445917112923,6812648.538705107,41.91002280801591,42.25783778868071,41.5453954886656,42.149607364024156,4223411.722154215,119.8405009671543,123.29951051177879,118.62957219992816,122.01659299340034,3881063.13252684,69.27571015992714,69.55660071826091,69.07380115205899,69.369495570865,4293603.658872574,49.666498229531314,49.81023880645512,49.35518049574347,49.69048113852752,2940671.590908669,55.295963722952656,55.597966234870135,55.177135399430696,55.30921248549765,3691373.096664359,24.793502370397,24.88384120177011,24.35349513559147,24.361557248238757,22595619.22713515,37.42855252943676,38.76352019485982,36.607617593018915,36.45228732761567,15027506.87859557,149.62380310415364,152.81307110761244,147.3036311626353,146.9109329637876,1021603.305625213,36.56608575083494,36.73967675279403,36.03857173417446,36.08180448542423,56174248.73312633,53.8464271401863,54.43330854574071,52.49416698239689,52.861380052961024,5069603.1715995325,42.99151612655594,43.644015180361755,42.12690288049828,42.10379955872528,20840293.47960571,275.1537107635706,275.49965871245837,271.6327558426087,271.6694166343007,9350150.049036708,,,,,,24.316821462860197,25.24925644088974,24.17602796047092,24.744739729319665,11136921.338825783,142.92051182639523,143.94255717987778,139.60068621746402,141.0779996623457,2041160.3309001736,5.755823913589055,5.782067696605884,5.503827450067162,5.444667853978107,23581653.82804727,56.27680064311766,56.36043882877371,55.5715586408434,55.591430641222736,9252463.415584285,94.19019661949375,94.27099459892803,93.62114031145836,93.69613897981027,7468073.901434857,54.07996321146233,54.233070942412674,53.73449453992633,53.87298739914989,11552513.977150597,51.72267811962314,51.6799921807147,51.57697677100367,51.63344734984696,3029553.8609192963,93.74492120374607,94.25969446522612,93.67302161419067,94.3071386714487,3539649.078549637,11.331111453227422,11.575457738332835,11.121350519557856,11.204948679177503,22646051.021160897,26.263886103594263,26.46778000900141,26.059072071673263,26.311288325570505,14209761.52059528,107.20089159168086,107.1783108215428,106.18048168541272,106.24309276787706,32611291.56581795,70.85663414448719,72.24707723853327,70.10978744848495,70.3502013829573,2737717.678868536,92.61983641336904,92.71345921842263,92.27504622122277,92.34898136831569,4188427.0716930255,136.34597714493856,139.38067988285084,135.17365746503364,136.32658258565135,2730591.3344908687,110.68807291102975,113.80640971942314,110.19555213697731,113.09083874321594,7647235.281812996,45.48267839407543,46.286323483573184,43.80912090097615,43.80171179618442,10632285.590565894,129.09996724527676,133.31581879686217,128.55396316925123,130.1419336640857,2734241.7986746635,54.416505275002905,56.47886617989901,52.627166065417306,52.35470559944417,1581727.5217278583,246.1832829889802,253.62796412542565,244.57574167277227,248.4709543785935,560647.7050295864,92.38765743477762,93.51954089382103,91.41550878277201,91.8289718705899,4404633.456665511,45.450726323654926,46.642203770424814,44.91058163508803,45.80526391470908,12174234.337434651,25.206163692341644,25.75008868977332,24.631209185306325,24.895233249949143,3428954.962451605,61.19812928598625,61.61393626172547,60.486231255178495,60.60491689179694,3198056.0141388536,168.54493229964564,170.71442092819962,167.8140027184529,170.23356815430276,9468848.59776868,107.84254671528501,110.13406325450939,107.63503400330507,109.94643825642925,1257172.9119134792,91.68044902217171,93.96683472122994,90.74469402436799,90.62781502156838,1332905.1700692337,67.02433077322878,67.4749452480094,66.87767759415522,66.82647554224295,5615038.684328345,81.94346793009787,81.98607327257601,81.85485325761829,81.8851840754067,3794428.713093711,39.92498833633366,40.63,39.611357545223676,40.07709257380942,14659036.777846275,30.72191021942587,30.923476194122156,30.130942703446905,30.22629033591527,21548048.530883953,32.80610827355418,32.7946864695017,32.67654079909325,32.63008430659049,7429167.059549478,26.939679582104823,26.998034563970098,26.621096366231797,26.70998543268397,4560031.306339186,49.578983537105934,50.195054804263094,49.45068126326829,50.031597139984,2802496.824273397,122.7491820912519,126.39327989859588,121.80269523059312,122.91437722100181,1720325.884083429,56.93281749900685,57.83802898795194,56.881292966458886,57.41750436656176,2301493.0174266733,40.4476368330417,41.49599795328195,39.78177416576294,40.19804100086398,3648518.360660548,108.46322861560768,108.55506553028258,108.05840649251093,108.1952937497906,2235822.6003261246,181.7253958210384,187.42850426669693,180.44513916102304,187.0322269849606,1934232.9829487952,23.509493179322465,23.83391945532872,23.2456870308744,23.766144972238614,3217829.330332613,9.431945421174044,9.54835621834187,9.278698395915475,9.278745669979932,32427447.337885194,80.23510067886926,80.20745147305668,79.69909574837693,79.83614737640679,7763605.343947755,77.68097287580312,77.67477462426143,77.45579484980841,77.45729087631918,4822544.193501819,51.00853399588391,51.184668115534016,50.850034599698006,51.11670823019994,14007609.649882482,58.513941909650065,58.550816014396304,58.253914982595816,58.2974783991375,3839687.4490047595,70.7089225010367,70.86766193687824,70.45896200428618,70.81563817247648,5009002.077161451,56.71216101997476,56.803453292096656,56.005152320738716,56.15789079498664,2478533.238034196,57.92467518517086,57.95681339576311,57.86913595370154,57.881616670847485,3598364.487705798,167.53540937014108,169.32106839237255,166.97941227664845,168.55453932659677,3123392.7348093865,114.75692204385278,115.86981554160282,114.32115419438868,115.72797840996728,2115129.680412293,45.24057303826592,45.33254140424019,44.895593238115225,45.00256463489102,8770190.90366608,62.27816924587829,62.40773586817715,62.07185405577816,62.23748655966631,4685719.48542959,125.51143917783503,126.87049734325505,125.10880206084278,126.35028234260861,1261582.7985507448,55.78223967168919,55.91380901964362,54.88854105359109,55.74295062896237,8220515.915376467,72.38174724573379,73.64882260585249,71.05007326307042,71.18945318762619,1687738.739476251,84.4510767717335,85.47154136013357,83.919679228138,84.60500410254302,5241931.145985106,86.49042329701437,88.06433294846241,85.92625921115766,86.79278120038236,17279248.90325592,107.67286276443346,109.92939965470613,106.62914636678784,107.54128961248439,17883374.279885486,37.82689501961756,38.072517935533654,37.36301276437752,37.79247261001752,6179138.536612311,45.06274781305279,45.49069062898065,42.868553660995495,42.74848595508879,4887377.190002123
1878,115.21054892172683,116.29509023394546,114.7800676718735,116.1084374768899,3186491.7561320555,102.311766833384,104.33130399493619,100.82363095869152,101.32008545144295,2681519.4642753038,97.84616511864026,97.8943108447165,97.37379750601833,97.43873586483079,8710821.783994334,6.6362539145028405,6.7348979099233555,6.156248333882639,6.170566280292841,21708396.260874227,71.97960214504093,73.8491575803122,70.65512306052219,72.28503800973348,2630866.815231094,471.03881845577723,482.497092407598,468.92045958429605,480.8658404296772,550325.7698561737,15.061402120883885,15.408845009692879,15.037141489135651,15.350753522146016,23436722.956354782,41.4355793818292,42.593519575215325,41.210171218423284,42.061768333616094,7275389.468350238,48.1673815512898,48.163531427778274,48.03337579414344,48.01404021885236,4064268.39881878,72.41035402051807,72.44469161856951,72.05536776282523,72.20374859494338,6801262.329145994,31.856625111555463,32.06482237974775,31.669732141128357,31.789461259573432,10714528.014907073,77.23789736183244,77.26871987851663,77.09490488921374,77.12268807502498,2211325.653674449,331.7401416093212,338.6986764883756,329.68244222339234,334.37435191670136,2507712.703396106,41.804426469851066,42.95408023638501,41.304940929007365,42.21808685228914,4640167.905079873,9.726909714807952,10.312910107220926,9.526382160084658,9.819911180367301,19629004.626515515,95.39412488273098,98.73332816983674,95.45678408828907,96.14674787855712,9739644.331664266,12.929174051419364,13.230282721222265,12.74366534592496,13.08742841150403,13571018.178425306,151.74845225479035,152.52745974004506,150.07261805466294,150.42432470994484,8990659.395690726,465.3485819289839,480.24366787303944,465.3047877746617,471.8240721997064,1440450.4515006584,33.51519622986103,34.25983994996134,33.12441462346739,34.14121409630824,9973321.162044743,43.801950122888144,43.91300511855554,43.48957032533443,43.5533434512628,26746062.62424227,82.24043160151223,82.40151592327084,81.94047009147154,82.28050054166208,16979095.385702346,89.80129619860632,89.78406135272282,89.61748247443373,89.7142664509574,6811445.965734067,41.91002280801591,42.25789822337071,41.528125986601424,42.149607364024156,4223695.926385873,119.84050094104603,123.29951051177817,118.62957219992174,122.01659299340034,3881067.1621722463,69.27571015992714,69.55660071826091,69.07380115205899,69.369495570865,4294204.416220361,49.68415370314889,49.81023880645512,49.35518049574347,49.69048112946567,2940987.5656903903,55.2959636942316,55.59796623177403,55.177135393039315,55.30921247418167,3691277.550258129,24.794613884790454,24.88384120177011,24.35359512708943,24.361557248238753,22595638.72566161,37.42855252943676,38.67937579997126,36.607617593018915,36.45228730992063,15020537.248451732,149.62380387732924,152.81307109750898,147.3036311626353,146.91093296378915,1021470.306958787,36.56608575083575,36.73967675279403,36.03857173417446,36.081804485424215,56198557.930129565,53.836354209871466,54.42462991699802,52.482030123680815,52.85915279961069,5069601.0330042355,42.98872818316924,43.64401518036177,42.12575247624308,42.10328565684676,20840149.631224073,275.1537107635706,275.49965871245837,271.6327558426087,271.6580781937178,9349941.92025298,,,,,,24.316821462860197,25.24925644089209,24.176027960470734,24.69451103848636,11136922.188187892,142.92051182639523,143.94255717987778,139.60068621746402,141.0779996623457,2041159.2685061062,5.755842844095549,5.774738137520947,5.5038274500671625,5.4384279308090475,23579753.30121209,56.27680064311766,56.36043882877371,55.5715586408434,55.589164769031306,9252287.94462385,94.19019665025009,94.27099459513832,93.62114009773656,93.68510604659103,7468077.032073327,54.079963167753476,54.233070942412674,53.73449453923147,53.87298739914986,11552983.568724256,51.72267811985106,51.67755086061359,51.576975757151295,51.6338199148064,3029553.8603626,93.74492061340983,94.25969422218449,93.67302095007261,94.30713866891563,3537890.9633767,11.330969018020951,11.575441009271993,11.121350519557856,11.205109487151642,22646857.37406391,26.263886105386025,26.467780008851,26.05907207167353,26.311288325570505,14210684.463654337,107.20089159168347,107.17831082147497,106.18047929896909,106.2430906665024,32609400.00957768,70.85408492689086,72.24707723436988,70.10978744854039,70.35029650951553,2737875.7570742215,92.61983645633704,92.7134592168992,92.27504622122277,92.34898136831569,4188424.968739153,136.3443877984917,139.38067988357977,135.17365746503705,136.32658258565135,2730614.392463144,110.68807291102975,113.81497685621767,110.19555213697613,113.09083874321594,7647413.80613943,45.48267839407543,46.28632348357399,43.80912090097618,43.801711796184634,10632257.546365296,129.06535453139517,133.31581652780386,128.5539631692557,130.0581631389892,2734417.864670012,54.40685709335243,56.478866180089874,52.62716606545758,52.35470559944417,1581439.3518991799,246.1832829889802,253.62796412544498,244.57574167276277,248.45934687861464,560681.594644256,92.38765743477775,93.51954089297256,91.4155087827411,91.8289718705899,4404651.803209775,45.450726323654926,46.64220377042482,44.910581637760345,45.80526391470908,12174252.29079059,25.20080051007299,25.745919800020292,24.623443992708008,24.894393813636253,3424815.771567159,61.19812928598625,61.60722094644025,60.493004341781976,60.60491689179694,3198508.7305549895,168.54493228401515,170.71442092819666,167.81400271830776,170.23356815430276,9468759.41394224,107.84254671528501,110.13406325450939,107.63503400330495,109.94643825642925,1256999.1314441585,91.6458014262049,93.96683473200093,90.68907138691439,90.6278150437666,1332442.1580653428,67.02433077322878,67.47494524324024,66.8512088915859,66.82647554224295,5612871.717486717,81.94346793009787,81.98607327257601,81.85485325761829,81.8851840754067,3794428.715346188,39.92498833633366,40.63,39.61135754522366,40.07709257380942,14659165.77159694,30.72208963211788,30.923476194122156,30.130942703446905,30.213505429184686,21493654.820411216,32.80610827357208,32.79468646201283,32.6765344428377,32.630044289192206,7429036.1948769465,26.939680078322525,26.99803450894612,26.621096348024246,26.71000012722946,4560031.306795862,49.57898348194471,50.195054804262604,49.45068126325588,50.031597139984,2802497.6202251087,122.7491820912519,126.39307653995729,121.80269522909074,122.91437722100181,1720320.2463800358,56.93841255102972,57.83802898795183,56.881292966458886,57.41750436656176,2300436.6110700183,40.42646312509527,41.49536120572031,39.781592741387335,40.1979631162325,3647476.11293477,108.46322833355512,108.55506552714778,108.05657004922399,108.1952937497906,2235822.608138343,181.72539535786572,187.4316236748849,180.4451429962057,187.03222702169012,1934238.6321373647,23.509493154513603,23.833922595410115,23.245851820650145,23.7661449266068,3217965.684325898,9.424653884211185,9.54835621735582,9.278698395915477,9.278745669979932,32434244.358959682,80.23510067887014,80.20745147301034,79.69909494082845,79.83518924546128,7762731.727880779,77.6809728770133,77.67503271311898,77.45548571357543,77.4572062306085,4822504.2577364445,51.00853384993371,51.18449575644606,50.85003459778525,51.11670823019994,14007782.597206488,58.51394191371763,58.54841499803137,58.25391498280777,58.30061790716978,3837766.2771601896,70.70892221045612,70.86747854290671,70.45896199963558,70.81563817040133,5009349.429660638,56.712161483403456,56.803453226025425,56.00515231321263,56.15789074736852,2478533.6203807523,57.92467518517086,57.95681339576311,57.86913595370154,57.88161667047442,3598387.53188706,167.5354092659213,169.3210683923695,166.97941227662938,168.55453932659677,3123392.7377940235,114.75692179858596,115.86981554160279,114.32115419438638,115.72797840996728,2115129.680608776,45.24057301446531,45.33254140424019,44.89559323682471,45.00256463489092,8773942.866118647,62.27816904053628,62.40734522240542,62.07185405486802,62.23748655966631,4685719.48560665,125.51143911928406,126.87049734325028,125.10880206081715,126.35160672845274,1261592.6341670018,55.68195454192094,55.91602220389059,54.888541641995616,55.74295062896237,8220536.833765717,72.38898644450293,73.64882260585253,71.05007326307042,71.18945318762677,1687660.3714469464,84.45107677165032,85.47154136013366,83.91967922813792,84.60500410254302,5240803.03923234,86.49042329701437,88.06433294846549,85.92625921115686,86.79278120038236,17281778.61927827,107.67286276443346,109.92939964619079,106.63160077150059,107.54124726996068,17883386.485220075,37.82689501961756,38.072517935533654,37.36301276437752,37.79247261001752,6179138.5366437165,45.06280212241053,45.490704924054896,42.86855432951948,42.74821911403075,4887364.401037413
1879,115.2105489611183,116.29509023394546,114.78006767187348,116.1084374768899,3186491.7561222482,102.311766833384,104.3313039949362,100.82363095869152,101.32008545144295,2681102.8248376218,97.84616527487121,97.89431084294722,97.37379750601474,97.43873586483079,8710823.35760844,6.633193832154593,6.734874580644739,6.156248333882639,6.170598745830436,21678921.668318298,71.97960214504093,73.84915758233997,70.65511976816353,72.85569431152155,2630911.9259256907,471.03881845577723,482.49709240759796,468.92045958429605,480.8658404296772,550333.3178741228,15.061402120883885,15.408845009692879,15.047906717600299,15.351077289955457,23439699.601497747,41.4355793818292,42.59351957516731,41.21017121842321,42.061768333616094,7275753.330042962,48.1673815512898,48.16298939296568,48.0332993013301,48.01399521278539,4063962.0826937123,72.41035405188595,72.44469161856951,72.05544841445348,72.20374859494338,6801313.77864004,31.856625111555463,32.064890141707465,31.673009482440968,31.789462542569115,10715043.645128613,77.23789736186997,77.26871987852594,77.09490507994659,77.12268807502498,2211327.203123763,331.748137774753,338.70611159010673,329.68243683243173,333.9673949956077,2507752.9154263493,41.804426469851066,42.95408012983845,41.304277781231576,42.21808659183467,4640268.523974073,9.726909714807952,10.318556469674848,9.526408364564428,9.819911180367301,19628499.0724903,95.39412488273098,98.73332816983762,95.45678408828923,96.14674787855712,9739575.608168855,12.929174051392012,13.230282721200723,12.743665346678151,13.087428411569062,13570196.17562904,151.74845225479035,152.52745974004492,150.07261805466294,150.42432470994484,8990658.476523358,465.3485819289839,480.2592424082258,465.3238164038501,471.8240721997064,1440462.483720794,33.51519622986103,34.25983994996127,33.124414622469324,34.14121409630824,9973394.973157601,43.80195013022362,43.91300511855554,43.48957032537166,43.55334345126281,26753390.789364964,82.24043167163039,82.40133750708577,81.94047009117199,82.28050054166208,16979089.154351797,89.80126592039228,89.78387426078277,89.61747089957557,89.71414880290637,6810784.304256532,41.91002280801591,42.257860779389496,41.54325742853347,42.149607364024156,4223835.697233029,119.84050094136934,123.29951051177811,118.62957219992106,122.01659299340034,3881068.684096709,69.27571015992714,69.55660071826091,69.07380115205899,69.369495570865,4294537.409370282,49.66784182647483,49.81023880645512,49.35518049574347,49.690481128304725,2941152.8108863453,55.29596370128134,55.59796623227946,55.177135394316664,55.309212476635786,3691230.487062179,24.795564265011418,24.88384120177011,24.353679534424906,24.361557248238753,22595645.112077024,37.42855252943676,38.7599863612413,36.607617593018915,36.45228730249096,15016250.4648881,149.62380406196317,152.8130711008041,147.3036311626353,146.910932963789,1021404.8794342068,36.566085750835654,36.73967675279403,36.03857173417446,36.081804485424215,56213109.13740938,53.82842936298269,54.41781472603003,52.47222757829556,52.860836049583234,5069600.37854255,42.98660063024313,43.64401518036177,42.12652347532181,42.10366119195024,20840091.747900248,275.1537107635706,275.49965871245837,271.6327558426087,271.6669620256002,9349849.784654735,,,,,,24.316821462860197,25.249256440892378,24.176027960470716,24.74404863465623,11136922.431033138,142.92051182639523,143.94255717987778,139.60068621746402,141.0779996623457,2041158.7412905768,5.755832539879403,5.767451513612052,5.5038274500671625,5.432226257176201,23578836.566185344,56.27680064311766,56.36043882877371,55.5715586408434,55.5909276595165,9252209.979649842,94.1901966495558,94.27099459622433,93.62113999952466,93.69586655282197,7468078.151416291,54.07996317994503,54.233070942412674,53.73449453930545,53.87298739914986,11553224.735789215,51.72267811989581,51.67967003705851,51.576973409459654,51.63352328595901,3029553.8602829953,93.74492057374745,94.25969414347914,93.67302077890076,94.3071386687135,3536878.4001233415,11.330876367538657,11.575433022276593,11.121350519557856,11.204997019226626,22647298.554412752,26.26388610601925,26.467780008823524,26.059072071673565,26.311288325570505,14211155.128564052,107.20089159168379,107.17831082146205,106.18047840938739,106.24309005629058,32608471.855184253,70.85630694526355,72.24707723367145,70.10978744829276,70.3502411162889,2737967.902847658,92.6198364431934,92.71345921786788,92.27504622122277,92.34898136831569,4188424.4088426726,136.34544042428155,139.38067988324747,135.17365746503742,136.32658258565135,2730623.9309745342,110.68807291102975,113.80817097145741,110.19555213697602,113.09083874321594,7647521.821098958,45.48267839407543,46.28632348357406,43.80912090097618,43.80171179618461,10632245.050740657,129.09492224350146,133.31581736247142,128.5539631692549,130.14080371898424,2734506.4956008173,54.39976217565837,56.47886618011649,52.627166065462724,52.35470559944417,1581282.4779859616,246.1832829889802,253.62796412544753,244.57574167276172,248.45004471446705,560699.7286979636,92.38765743477776,93.51954089278867,91.41550878273635,91.8289718705899,4404659.73971046,45.450726323654926,46.64220377042482,44.910581638144535,45.80526391470908,12174259.494389435,25.196487045673415,25.742764104904726,24.61699980257593,24.893846878569963,3422193.9529368146,61.19812928598625,61.61276550596211,60.486852116904835,60.60491689179694,3198770.755485314,168.54493228589962,170.71442092819635,167.8140027182862,170.23356815430276,9468713.453778647,107.84254671528501,110.13406325450939,107.63503400330494,109.94643825642925,1256910.8046058654,91.67914757935309,93.96683474473238,90.74165042202762,90.62781503067974,1332178.9818885708,67.02433077322878,67.47494524407688,66.87473771599369,66.82647554224295,5611639.84873526,81.94346793009787,81.98607327257601,81.85485325761829,81.8851840754067,3794428.715726704,39.92498833633366,40.63,39.61135754522366,40.07709257380942,14659226.20947526,30.721976736031515,30.923476194122156,30.130942703446905,30.2251029867349,21456272.147177678,32.80610827357496,32.794686459354295,32.67653764110132,32.630022553228066,7428977.472531023,26.939680097651635,26.998034562638466,26.621096345311116,26.71000716835429,4560031.306864713,49.578983494259944,50.195054804262554,49.45068126325416,50.031597139984,2802497.88353405,122.7491820912519,126.39320229215495,121.80269522905682,122.91437722100181,1720318.0290463585,56.93385474174731,57.838028987951816,56.881292966458886,57.41750436656176,2299829.0097677205,40.44562053263462,41.494984892265705,39.781504775146715,40.1979271570986,3646866.676419524,108.46322853000794,108.5550655278127,108.05493681019662,108.1952937497906,2235822.609976155,181.72539526196383,187.42940498446754,180.44514163651067,187.03222702711153,1934240.848941981,23.509493144438178,23.833923333619772,23.245757289603404,23.76614491658426,3218031.9363277773,9.431450858697849,9.548356217532914,9.278698395915477,9.278745669979932,32438143.420816973,80.23510067887024,80.20745147300187,79.69909465407781,79.8345006149059,7762286.638386355,77.68097287728646,77.6748344615291,77.45527462920658,77.4571583968034,4822488.447357466,51.00853389182225,51.18438315334162,50.850034597380066,51.11670823019994,14007868.792631073,58.51394191345964,58.550498164458816,58.253914982699875,58.29750710637887,3836801.6112789675,70.70892229158048,70.86736741693448,70.45896199858643,70.81563817054894,5009550.932455313,56.712161712113236,56.803453302615495,56.00515230583244,56.157890747009766,2478533.7366244667,57.92467518517086,57.95681339576311,57.86913595370154,57.88161667063764,3598398.48177701,167.53540929110218,169.32106839236917,166.9794122766268,168.55453932659677,3123392.738456204,114.75692186605735,115.86981554160279,114.32115419438612,115.72797840996728,2115129.6806370197,45.24057302111073,45.33254140424019,44.895593236992376,45.00256463489093,8776488.159033887,62.27816910291611,62.40706692316606,62.071854054749195,62.23748655966631,4685719.485631073,125.51143913375293,126.87049734324972,125.10880206081362,126.35033714699536,1261597.0071772882,55.781920112447,55.914412122081266,54.888541804785554,55.74295062896237,8220546.1886152085,72.38311046467325,73.64882260585253,71.05007326307042,71.18945318762671,1687623.5656672572,84.45107677162345,85.47154136013367,83.91967922813792,84.60500410254302,5239962.72837317,86.49042329701437,88.06433294846589,85.92625921115678,86.79278120038236,17283302.369253945,107.67286276443346,109.92939964597444,106.62959305453003,107.54126648128977,17883391.378050793,37.82689501961756,38.072517935533654,37.36301276437752,37.79247261001752,6179138.536659691,45.06283087543872,45.49071156267101,42.86855466400299,42.74807073768398,4887366.126617637
1880,115.21054895002686,116.29509023394546,114.78006767187348,116.1084374768899,3186491.7561208718,102.311766833384,104.3313039949362,100.82363095869152,101.32008545144295,2680863.9471673383,97.84616524581018,97.89431084331437,97.37379750600654,97.43873586483079,8710823.919239333,6.635548311592068,6.734886464608484,6.156248333882639,6.170580049745436,21658646.327220373,71.97960214504093,73.84915758190016,70.6551212070649,72.294157046821,2630932.594863517,471.03881845577723,482.49709240759796,468.92045958429605,480.8658404296772,550336.8986329911,15.061402120883885,15.408845009692879,15.037857022429172,15.350795756509008,23441322.362690542,41.4355793818292,42.59351957517567,41.210171218423206,42.061768333616094,7275954.012532673,48.1673815512898,48.1625510331793,48.03324447655772,48.013966988265956,4063814.377628189,72.41035401881602,72.44469161856951,72.05539821156296,72.20374859494338,6801336.66649893,31.856625111555463,32.06484418419648,31.670254668363125,31.78946206700332,10715307.334839948,77.23789736187418,77.26871987852795,77.09490498434148,77.12268807502498,2211327.807241012,331.74136357092215,338.700265715972,329.68243889418613,334.3676226073748,2507775.316843475,41.804426469851066,42.95407993280163,41.3046920743202,42.218086647931344,4640317.929263308,9.726909714807952,10.313431769774564,9.526394159857096,9.819911180367301,19628240.87179233,95.39412488273098,98.73332816983772,95.45678408828924,96.14674787855712,9739543.587472081,12.929174051370968,13.230282721210305,12.743665346672362,13.08742841155679,13569763.814011544,151.74845225479035,152.52745974004492,150.07261805466294,150.42432470994484,8990658.110456876,465.3485819289839,480.2714879054708,465.33952392637696,471.8240721997064,1440468.8420582768,33.51519622986103,34.25983994996126,33.12441461672454,34.14121409630824,9973432.842206918,43.80195012820074,43.91300511855554,43.489570325361456,43.55334345126281,26757806.660562657,82.24043164977793,82.40122207889648,81.94047009109639,82.28050054166208,16979086.859185707,89.80124730764099,89.783752457441,89.61746492024561,89.71407697975928,6810420.281815741,41.91002280801591,42.257883978842145,41.52999934303152,42.149607364024156,4223904.435304558,119.84050094019446,123.29951051177811,118.62957219992099,122.01659299340034,3881069.258898007,69.27571015992714,69.55660071826091,69.07380115205899,69.369495570865,4294721.942662018,49.68291235510481,49.81023880645512,49.35518049574347,49.69048112871457,2941239.2283007107,55.29596369953444,55.597966232145005,55.17713539399811,55.3092124760518,3691207.3013066566,24.796376870438262,24.88384120177011,24.3537507864656,24.361557248238753,22595647.20384031,37.42855252943676,38.68276122227778,36.607617593018915,36.452287303737315,15013614.450316096,149.6238040973935,152.81307110143746,147.3036311626353,146.91093296378904,1021372.6946518146,36.56608575083566,36.73967675279403,36.03857173417446,36.081804485424215,56221819.1293335,53.82219451411075,54.41246286350815,52.46431038179875,52.85956393096001,5069600.178669022,42.9849770386469,43.64401518036177,42.1260067529812,42.10338676872589,20840068.679575045,275.1537107635706,275.49965871245837,271.6327558426087,271.66000141507027,9349808.9996266,,,,,,24.316821462860197,25.249256440892413,24.176027960470716,24.69519262440438,11136922.500466201,142.92051182639523,143.94255717987778,139.60068621746402,141.0779996623457,2041158.4796586419,5.755838148650115,5.760207573373027,5.5038274500671625,5.426062598617222,23578394.39807143,56.27680064311766,56.36043882877371,55.5715586408434,55.58955609810428,9252175.353183271,94.19019664754173,94.27099459649048,93.62113998375132,93.68537174676767,7468078.551621862,54.07996317654012,54.233070942412674,53.73449453927782,53.87298739914986,11553348.583992438,51.72267811990459,51.67783049573285,51.57697333496168,51.63375945597682,3029553.860271612,93.7449205134178,94.25969411772073,93.6730207063322,94.30713866859409,3536295.2627875605,11.330816100754326,11.575429209037921,11.121350519557856,11.205075678539243,22647540.376493838,26.263886106139278,26.467780008818504,26.05907207167357,26.311288325570505,14211395.134399885,107.20089159168383,107.17831082145959,106.18047807499593,106.24308979840508,32608016.42573138,70.85437012917704,72.24707723380617,70.10978744826976,70.35027337236558,2738021.6096651354,92.61983644025898,92.71345921798927,92.27504622122277,92.34898136831569,4188424.2597742253,136.34474326913602,139.38067988317667,135.17365746503745,136.32658258565135,2730627.8767186822,110.68807291102975,113.81357768649896,110.195552136976,113.09083874321594,7647587.171807472,45.48267839407543,46.286323483574066,43.80912090097618,43.80171179618461,10632239.494334118,129.06966419519608,133.315817055441,128.55396316925504,130.0592778427402,2734551.1120605366,54.39454483431029,56.4788661801202,52.627166065463385,52.35470559944417,1581197.3132226402,246.1832829889802,253.62796412544787,244.5757416727616,248.44259002930775,560709.4328788916,92.38765743477776,93.51954089274882,91.41550878273563,91.8289718705899,4404663.172962347,45.450726323654926,46.64220377042482,44.910581638082476,45.80526391470908,12174262.384759152,25.193017841347626,25.740375360598243,24.611651888028767,24.893490522808193,3420533.375653432,61.19812928598625,61.60818759130201,60.49244039196387,60.60491689179694,3198922.410434631,168.544932285156,170.71442092819632,167.81400271828298,170.23356815430276,9468689.762918597,107.84254671528501,110.13406325450939,107.63503400330494,109.94643825642925,1256866.0228081995,91.64705398385956,93.96683474480766,90.69194844707641,90.62781502988278,1332029.3927831722,67.02433077322878,67.47494524437218,66.85382223755032,66.82647554224295,5610939.561387632,81.94346793009787,81.98607327257601,81.85485325761829,81.8851840754067,3794428.715790985,39.92498833633366,40.63,39.61135754522366,40.07709257380942,14659254.526684333,30.722047776302823,30.923476194122156,30.130942703446905,30.214582507863607,21430591.63447563,32.80610827357542,32.79468645866121,32.67653603168379,32.6300107469138,7428951.59816402,26.939680046689997,26.99803457136598,26.621096346616618,26.710010542217297,4560031.306875094,49.57898349003181,50.19505480426255,49.45068126325392,50.031597139984,2802497.9705387573,122.7491820912519,126.3931245299545,121.80269522910815,122.91437722100181,1720317.1571506944,56.93756759828017,57.838028987951816,56.881292966458886,57.41750436656176,2299480.661653809,40.428287420051916,41.49476249363895,39.78146213512332,40.19791055553225,3646510.5774632953,108.46322858390285,108.55506552784978,108.05348429067719,108.1952937497906,2235822.610408498,181.72539522673404,187.43098303598128,180.44514211856608,187.03222702894743,1934241.712273012,23.509493145862457,23.83392304064296,23.245811516989527,23.766144919710936,3218064.1270070462,9.425114902039097,9.548356217586774,9.278698395915477,9.278745669979932,32440380.089171782,80.23510067887025,80.20745147300032,79.6990945482147,79.83400568042536,7762059.928864171,77.68097287734813,77.67498674897483,77.45513046339057,77.45713136525093,4822482.188583528,51.00853387880444,51.1843095891375,50.85003459727477,51.11670823019994,14007911.751591561,58.513941913243926,58.548690770545214,58.25391498268244,58.30058946242358,3836317.2448264733,70.70892226424277,70.86730008112404,70.45896199833417,70.81563817046593,5009667.826106261,56.71216175002558,56.803453313035405,56.00515230590073,56.157890750542066,2478533.771965705,57.92467518517086,57.95681339576311,57.86913595370154,57.88161667066201,3598403.4509666716,167.53540928307137,169.32106839236914,166.97941227662645,168.55453932659677,3123392.7386031174,114.75692184639064,115.86981554160279,114.3211541943861,115.72797840996728,2115129.68064108,45.24057301925338,45.33254140424019,44.89559323693366,45.00256463489093,8778214.43500156,62.27816908346169,62.40686866051424,62.07185405470441,62.23748655966631,4685719.4856344415,125.51143912961945,126.87049734324965,125.10880206081313,126.35155419192533,1261598.9510846217,55.68227308288545,55.91558344951876,54.88854184161479,55.74295062896237,8220550.372041387,72.38787993434246,73.64882260585253,71.05007326307042,71.18945318762671,1687606.2797242675,84.45107677162073,85.47154136013367,83.91967922813792,84.60500410254302,5239336.771220246,86.49042329701437,88.06433294846595,85.92625921115676,86.79278120038236,17284220.185226344,107.67286276443346,109.929399646349,106.63123537839492,107.54125776482881,17883393.33950384,37.82689501961756,38.072517935533654,37.36301276437752,37.79247261001752,6179138.536667815,45.06284609817401,45.4907146464719,42.86855483190701,42.74798822899317,4887367.854697967
1881,115.21054895299372,116.29509023394546,114.78006767187348,116.1084374768899,3186491.7561206785,102.311766833384,104.3313039949362,100.82363095869152,101.32008545144295,2680726.98796853,97.84616522769127,97.89431084346525,97.37379750600593,97.43873586483079,8710824.11968992,6.6337367350426115,6.734880410908961,6.156248333882639,6.170590816349663,21644697.967235655,71.97960214504093,73.84915758199556,70.65512057820354,72.84672099583787,2630942.06501233,471.03881845577723,482.49709240759796,468.92045958429605,480.8658404296772,550338.5973507217,15.061402120883885,15.408845009692879,15.047238743714907,15.3510405649154,23442207.23053546,41.4355793818292,42.59351957517421,41.210171218423206,42.061768333616094,7276064.851823742,48.1673815512898,48.162196518491584,48.0332051819425,48.01394928790797,4063743.154518657,72.41035401535103,72.44469161856951,72.05542946115123,72.20374859494338,6801347.007131089,31.856625111555463,32.06487535349597,31.67257026502505,31.789462243279342,10715442.183926238,77.23789736187305,77.26871987852773,77.09490503226367,77.12268807502498,2211328.0431134887,331.74710255142884,338.70486205448015,329.6824381056752,333.97401303123013,2507787.7962585306,41.804426469851066,42.95407992171336,41.30443325001354,42.2180866733326,4640342.187954239,9.726909714807952,10.318083003074404,9.526401859827185,9.819911180367301,19628109.00141859,95.39412488273098,98.73332816983773,95.45678408828924,96.14674787855712,9739528.66776709,12.929174051370513,13.23028272121234,12.74366534663159,13.087428411554171,13569536.39797071,151.74845225479035,152.52745974004492,150.07261805466294,150.42432470994484,8990657.964668332,465.3485819289839,480.2811159429017,465.3524899821292,471.8240721997064,1440472.2024500293,33.51519622986103,34.25983994996126,33.1244146161525,34.14121409630824,9973452.269842228,43.801950128758236,43.91300511855554,43.48957032536288,43.55334345126281,26760467.61786881,82.24043165626692,82.40114740144007,81.94047009108061,82.28050054166208,16979086.01381722,89.80123586593211,89.78367315924108,89.61746183144868,89.71403313320133,6810220.003765447,41.91002280801591,42.257869604980556,41.54161600401905,42.149607364024156,4223938.240229903,119.8405009402116,123.29951051177811,118.62957219992097,122.01659299340034,3881069.4759895685,69.27571015992714,69.55660071826091,69.07380115205899,69.369495570865,4294824.214245171,49.668988706849895,49.81023880645512,49.35518049574347,49.690481128773726,2941284.4217024297,55.2959636999645,55.597966232167806,55.17713539406293,55.30921247618067,3691195.8796821767,24.797071674009267,24.88384120177011,24.353810933528347,24.361557248238753,22595647.888962306,37.42855252943676,38.75674311737906,36.607617593018915,36.45228730419105,15011993.35491753,149.62380410177752,152.81307110134506,147.3036311626353,146.91093296378904,1021356.8621134146,36.56608575083566,36.73967675279403,36.03857173417446,36.081804485424215,56227032.76127566,53.81728926597138,54.40826012985244,52.45791592017458,52.86052533646578,5069600.117562534,42.983738033196566,43.64401518036177,42.12635305946153,42.10358730418857,20840059.434485126,275.1537107635706,275.49965871245837,271.6327558426087,271.6654551539063,9349790.945250966,,,,,,24.316821462860197,25.249256440892417,24.176027960470716,24.743376426653164,11136922.520318147,142.92051182639523,143.94255717987778,139.60068621746402,141.0779996623457,2041158.3498231845,5.755835095695048,5.753006066770977,5.5038274500671625,5.419936722106976,23578181.122365072,56.27680064311766,56.36043882877371,55.5715586408434,55.59062319825786,9252159.971297761,94.19019664760765,94.27099459644658,93.62113998789256,93.69560741335746,7468078.694711071,54.07996317749035,54.233070942412674,53.73449453928094,53.87298739914986,11553412.18612724,51.72267811990632,51.67942730105551,51.576972766305204,51.633571422082596,3029553.860269984,93.7449205086655,94.25969410935011,93.67302068622575,94.3071386685837,3535959.424397349,11.330776898742597,11.57542738848163,11.121350519557856,11.205020664730911,22647672.803768843,26.263886106181467,26.467780008817588,26.05907207167357,26.311288325570505,14211517.523545757,107.20089159168383,107.17831082145912,106.18047794999697,106.24308972001664,32607792.95429457,70.85605834949018,72.24707723384702,70.10978744827803,70.35025458930228,2738052.913884227,92.6198364414788,92.71345921794006,92.27504622122277,92.34898136831569,4188424.2200858137,136.34520499570746,139.38067988317803,135.17365746503745,136.32658258565135,2730629.508949085,110.68807291102975,113.8092824965905,110.195552136976,113.09083874321594,7647626.710629483,45.48267839407543,46.286323483574066,43.80912090097618,43.80171179618461,10632237.021268921,129.0912407379432,133.3158171683814,128.553963169255,130.13970405099963,2734573.571810088,54.39070819350428,56.47886618012072,52.62716606546347,52.35470559944417,1581151.014216333,246.1832829889802,253.62796412544793,244.5757416727616,248.43661590006832,560714.6257668124,92.38765743477776,93.51954089274018,91.41550878273551,91.8289718705899,4404664.658151156,45.450726323654926,46.64220377042482,44.910581638060705,45.80526391470908,12174263.54449018,25.190227652872846,25.73856716964419,24.607213752372065,24.89325833906871,3419481.58894997,61.19812928598625,61.61196738707344,60.48736437170143,60.60491689179694,3199010.185531049,168.54493228525703,170.71442092819632,167.8140027182825,170.23356815430276,9468677.552160578,107.84254671528501,110.13406325450939,107.63503400330494,109.94643825642925,1256843.2892020368,91.67794207062403,93.9668347441752,90.73893079106067,90.62781503066729,1331944.3664141758,67.02433077322878,67.47494524435629,66.87241463430306,66.82647554224295,5610541.465023605,81.94346793009787,81.98607327257601,81.85485325761829,81.8851840754067,3794428.7158018444,39.92498833633366,40.63,39.61135754522366,40.07709257380942,14659267.794257041,30.72200307395476,30.923476194122156,30.130942703446905,30.224125937607504,21412946.75868281,32.80610827357549,32.79468645842868,32.676536841534904,32.63000433411359,7428940.06587695,26.93968002750779,26.998034566331558,26.62109634686466,26.71001215885495,4560031.306876658,49.578983491045356,50.19505480426255,49.450681263253884,50.031597139984,2802497.9993037046,122.7491820912519,126.39317261626974,121.80269522911506,122.91437722100181,1720316.814269885,56.93454305232411,57.838028987951816,56.881292966458886,57.41750436656176,2299280.622822489,40.44396995910046,41.494631057609745,39.78144146923322,40.19790289107944,3646302.4302955624,108.46322856440987,108.55506552780544,108.05219249387406,108.1952937497906,2235822.610510206,181.72539521868194,187.4298606411662,180.445141947662,187.03222702922017,1934242.0500562696,23.5094931466282,23.83392288767189,23.245780409649587,23.766144920408614,3218079.7678904417,9.431021110288127,9.548356217583043,9.278698395915477,9.278745669979932,32441663.137665015,80.23510067887025,80.20745147300003,79.69909451026567,79.83364995972997,7761944.437854052,77.68097287736204,77.67486976899933,77.45503201202989,77.45711608942564,4822479.710864725,51.00853388260469,51.184261529253575,50.85003459725131,51.11670823019994,14007933.161933959,58.513941913260936,58.550258899099845,58.253914982686034,58.297535291030115,3836074.037645484,70.70892227214178,70.86725927957893,70.45896199827625,70.81563817047262,5009735.637236693,56.712161740149845,56.80345330612591,56.00515230642529,56.15789075064719,2478533.7827103985,57.92467518517086,57.95681339576311,57.86913595370154,57.881616670653216,3598405.765963531,167.53540928512123,169.32106839236914,166.9794122766264,168.55453932659677,3123392.738635712,114.75692185187937,115.86981554160279,114.3211541943861,115.72797840996728,2115129.6806416633,45.2405730197722,45.33254140424019,44.895593236941885,45.00256463489093,8779385.351891655,62.27816908941355,62.40672741658128,62.07185405469733,62.23748655966631,4685719.485634906,125.51143913067568,126.87049734324964,125.10880206081306,126.35038750950967,1261599.8152714241,55.78160258651541,55.914731313957766,54.88854184733622,55.74295062896237,8220552.242864544,72.38400860707708,73.64882260585253,71.05007326307042,71.18945318762671,1687598.1613299726,84.45107677161978,85.47154136013367,83.91967922813792,84.60500410254302,5238870.493479533,86.49042329701437,88.06433294846595,85.92625921115676,86.79278120038236,17284773.022759773,107.67286276443346,109.92939964639058,106.6298919481621,107.54126171962308,17883394.12581276,37.82689501961756,38.072517935533654,37.36301276437752,37.79247261001752,6179138.536671948,45.062854157556316,45.49071607881646,42.86855491608245,42.74794234871843,4887367.711046198
1882,115.2105489521686,116.29509023394546,114.78006767187348,116.1084374768899,3186491.7561206515,102.311766833384,104.3313039949362,100.82363095869152,101.32008545144295,2680648.4631921113,97.84616523026547,97.8943108434581,97.37379750600616,97.43873586483079,8710824.191232128,6.635130592870506,6.734883494668812,6.156248333882639,6.170584616133597,21635102.564082906,71.97960214504093,73.84915758197486,70.6551208530428,72.30298696971596,2630946.404070258,471.03881845577723,482.49709240759796,468.92045958429605,480.8658404296772,550339.4032224211,15.061402120883885,15.408845009692879,15.038480598041387,15.350827690897782,23442689.684848305,41.4355793818292,42.59351957517447,41.210171218423206,42.061768333616094,7276126.0244764425,48.1673815512898,48.16190981184625,48.03317701827272,48.01393818753569,4063708.810867124,72.4103540188593,72.44469161856951,72.05541000934754,72.20374859494338,6801351.632881648,31.856625111555463,32.06485421385612,31.670623858571037,31.789462177940006,10715511.144811971,77.23789736187285,77.26871987852766,77.0949050082426,77.12268807502498,2211328.1351468964,331.74224059302327,338.7012481676269,329.6824384072385,334.36111400547014,2507794.748313386,41.804426469851066,42.954079942328306,41.30459494718774,42.218086668358126,4640354.099312149,9.726909714807952,10.313861493204476,9.526397685891181,9.819911180367301,19628041.65150147,95.39412488273098,98.73332816983773,95.45678408828924,96.14674787855712,9739521.716111675,12.92917405137129,13.230282721212207,12.743665346627218,13.08742841155453,13569416.780387828,151.74845225479035,152.52745974004492,150.07261805466294,150.42432470994484,8990657.906606933,465.3485819289839,480.28868599935896,465.36319304506776,471.8240721997064,1440473.9783432672,33.51519622986103,34.25983994996126,33.12441461647756,34.14121409630824,9973462.236887868,43.80195012860454,43.91300511855554,43.48957032536251,43.55334345126281,26762071.082181968,82.2404316542665,82.40109908809019,81.9404700910768,82.28050054166208,16979085.702446345,89.80122883243664,89.78362153336268,89.61746023584071,89.71400636557027,6810109.815999817,41.91002280801591,42.25787851070346,41.53143755008773,42.149607364024156,4223954.865241051,119.84050094015872,123.29951051177811,118.62957219992097,122.01659299340034,3881069.5579809025,69.27571015992714,69.55660071826091,69.07380115205899,69.369495570865,4294880.89270108,49.68185275332674,49.81023880645512,49.35518049574347,49.690481128755266,2941308.0563073806,55.295963699858156,55.59796623216195,55.17713539404703,55.309212476150435,3691190.2530353297,24.797665753235712,24.88384120177011,24.353861706378105,24.361557248238753,22595648.11336253,37.42855252943676,38.68586825880015,36.607617593018915,36.452287304104374,15010996.457277449,149.62380410148202,152.813071101313,147.3036311626353,146.91093296378904,1021349.0737484295,36.56608575083566,36.73967675279403,36.03857173417446,36.081804485424215,56230153.52883173,53.81343007711164,54.40495978906294,52.452751321889096,52.85979875285194,5069600.09889104,42.982792515549434,43.64401518036177,42.126120965416256,42.10344076239402,20840055.741381645,275.1537107635706,275.49965871245837,271.6327558426087,271.6611820707962,9349782.953149768,,,,,,24.316821462860197,25.249256440892417,24.176027960470716,24.69585558352288,11136922.525994113,142.92051182639523,143.94255717987778,139.60068621746402,141.0779996623457,2041158.2853920364,5.755836757473559,5.745846745237652,5.5038274500671625,5.413848396048724,23578078.251769457,56.27680064311766,56.36043882877371,55.5715586408434,55.58979297459626,9252153.139034033,94.19019664773934,94.2709945964297,93.62113999114707,93.6856244875182,7468078.745870919,54.079963177225046,54.233070942412674,53.73449453927984,53.87298739914986,11553444.84864186,51.72267811990666,51.67804120159025,51.57697279009954,51.63372113094786,3029553.8602697514,93.74492050249161,94.259694106617,93.67302067822702,94.30713866857806,3535766.0115285674,11.330751398830156,11.575426519292888,11.121350519557856,11.205059141030725,22647745.357543964,26.263886106189506,26.46778000881742,26.05907207167357,26.311288325570505,14211579.934297498,107.20089159168383,107.17831082145904,106.18047790309775,106.24308968821636,32607683.30068699,70.8545868169861,72.24707723384398,70.10978744827966,70.35026552688377,2738071.15992622,92.61983644166428,92.71345921793144,92.27504622122277,92.34898136831569,4188424.209519057,136.3448991937233,139.38067988318062,135.17365746503745,136.32658258565135,2730630.1841490455,110.68807291102975,113.81269467130434,110.195552136976,113.09083874321594,7647650.6324756155,45.48267839407543,46.286323483574066,43.80912090097618,43.80171179618461,10632235.92102251,129.07280910018204,133.31581712683655,128.553963169255,130.06036267776955,2734584.877959237,54.38788686906103,56.47886618012079,52.627166065463484,52.35470559944417,1581125.861841115,246.1832829889802,253.62796412544793,244.5757416727616,248.43182827733082,560717.4046125624,92.38765743477776,93.5195408927383,91.4155087827355,91.8289718705899,4404665.300628581,45.450726323654926,46.64220377042482,44.91058163806074,45.80526391470908,12174264.009820292,25.1879835787297,25.73719843607256,24.60353062543846,24.89310705966014,3418815.4091362115,61.19812928598625,61.608846565228895,60.49197509351316,60.60491689179694,3199060.98811541,168.5449322852214,170.71442092819632,167.81400271828244,170.23356815430276,9468671.258288035,107.84254671528501,110.13406325450939,107.63503400330494,109.94643825642925,1256831.7560622978,91.64821421092812,93.96683474414097,90.6945192631803,90.62781503068427,1331896.0374798186,67.02433077322878,67.47494524434093,66.85588729461311,66.82647554224295,5610315.156913557,81.94346793009787,81.98607327257601,81.85485325761829,81.8851840754067,3794428.715803679,39.92498833633366,40.63,39.61135754522366,40.07709257380942,14659274.010565659,30.72203120306921,30.923476194122156,30.130942703446905,30.215468817300437,21400824.09153649,32.806108273575504,32.79468645836526,32.676536434014416,32.630000850885864,7428934.962889138,26.939680027022852,26.998034565145616,26.62109634677273,26.710012933491328,4560031.306876894,49.578983490717995,50.19505480426255,49.45068126325388,50.031597139984,2802498.008811198,122.7491820912519,126.39314288082373,121.80269522911394,122.91437722100181,1720316.6794355742,56.93700689065434,57.838028987951816,56.881292966458886,57.41750436656176,2299165.845232696,40.42978081506556,41.49455337983917,39.78143145412647,40.19789935265577,3646180.786055642,108.46322855581893,108.55506552781247,108.05104363566026,108.1952937497906,2235822.6105341325,181.72539521596497,187.4306589485125,180.44514200825296,187.03222702931194,1934242.1818423972,23.509493146552792,23.83392289984867,23.24579825426035,23.766144920194396,3218087.36751986,9.425515501938875,9.548356217580514,9.278698395915477,9.278745669979932,32442399.14907399,80.23510067887025,80.20745147299998,79.6990944963561,79.83339429515595,7761885.608167608,77.68097287736518,77.67495962745485,77.45496477584962,77.4571074568718,4822478.730004102,51.00853388143946,51.18423013147704,50.85003459724545,51.11670823019994,14007943.832644826,58.513941913272326,58.54889836161804,58.253914982687085,58.30056153548902,3835951.920473431,70.70892226955468,70.86723455623971,70.45896199826251,70.8156381704693,5009774.9751201235,56.71216173235,56.803453304751976,56.00515230645333,56.15789075038691,2478533.7859770767,57.92467518517086,57.95681339576311,57.86913595370154,57.88161667065166,3598406.8283763225,167.53540928449624,169.32106839236914,166.9794122766264,168.55453932659677,3123392.7386429436,114.75692185029682,115.86981554160279,114.3211541943861,115.72797840996728,2115129.680641747,45.24057301962723,45.33254140424019,44.895593236939206,45.00256463489093,8780179.541668573,62.27816908756693,62.40662679324948,62.07185405469508,62.23748655966631,4685719.4856349705,125.5114391303817,126.87049734324964,125.10880206081305,126.35150591346131,1261600.1994413517,55.68258959701851,55.915351238831946,54.88854184720966,55.74295062896237,8220553.079490295,72.38715092180706,73.64882260585253,71.05007326307042,71.18945318762671,1687594.3485020802,84.4510767716197,85.47154136013367,83.91967922813792,84.60500410254302,5238523.1603923505,86.49042329701437,88.06433294846595,85.92625921115676,86.79278120038236,17285106.019074842,107.67286276443346,109.92939964637681,106.63099088170927,107.54125992526954,17883394.44102953,37.82689501961756,38.072517935533654,37.36301276437752,37.79247261001752,6179138.53667405,45.06285842444025,45.49071674413241,42.86855495830366,42.74791683606553,4887367.481629392
1883,115.21054895239138,116.29509023394546,114.78006767187348,116.1084374768899,3186491.756120648,102.311766833384,104.3313039949362,100.82363095869152,101.32008545144295,2680603.441453946,97.84616523233987,97.89431084344781,97.3737975060062,97.43873586483079,8710824.216766069,6.6340581349360255,6.734881923799003,6.156248333882639,6.1705881866817895,21628501.56431491,71.97960214504093,73.84915758197936,70.6551207329263,72.8380321743276,2630948.3921513404,471.03881845577723,482.49709240759796,468.92045958429605,480.8658404296772,550339.7855284284,15.061402120883885,15.408845009692879,15.046656615352328,15.351012796254436,23442952.745551094,41.4355793818292,42.593519575174426,41.210171218423206,42.061768333616094,7276159.798993045,48.1673815512898,48.16167794359557,48.03315683249685,48.01393122619261,4063692.2504219227,72.4103540192415,72.44469161856951,72.0554221174324,72.20374859494338,6801353.715336803,31.856625111555463,32.064868551181,31.672259937144876,31.78946220215898,10715546.410929771,77.23789736187288,77.26871987852766,77.09490502028319,77.12268807502498,2211328.1710679457,331.74635955448514,338.7040895985104,329.6824382919067,333.980414008978,2507798.621175941,41.804426469851066,42.954079945960466,41.304493928946904,42.2180866658874,4640359.947956161,9.726909714807952,10.317692981421274,9.526399948463837,9.819911180367301,19628007.25400036,95.39412488273098,98.73332816983773,95.45678408828924,96.14674787855712,9739518.477068188,12.929174051371362,13.23028272121211,12.743665346628887,13.087428411554631,13569353.863249773,151.74845225479035,152.52745974004492,150.07261805466294,150.42432470994484,8990657.883483551,465.3485819289839,480.29463796571576,465.37202808006384,471.8240721997064,1440474.9168805848,33.51519622986103,34.25983994996126,33.12441461655246,34.14121409630824,9973467.350273145,43.8019501286469,43.91300511855554,43.489570325362564,43.55334345126281,26763037.312652458,82.24043165486553,82.40106783127068,81.94047009107598,82.28050054166208,16979085.58776047,89.80122450877667,89.78358792312534,89.61745941158297,89.7139900244035,6810049.1932716835,41.91002280801591,42.25787299291689,41.540355854972695,42.149607364024156,4223963.041302541,119.8405009401596,123.29951051177811,118.62957219992097,122.01659299340034,3881069.588947467,69.27571015992714,69.55660071826091,69.07380115205899,69.369495570865,4294912.304174222,49.66996767200835,49.81023880645512,49.35518049574347,49.69048112875228,2941320.4164025113,55.295963699884375,55.597966232162975,55.17713539405031,55.309212476157185,3691187.481218532,24.79817370993294,24.88384120177011,24.353904566031677,24.361557248238753,22595648.186861057,37.42855252943676,38.75376656786217,36.607617593018915,36.45228730407683,15010383.400810428,149.62380410105098,152.81307110131462,147.3036311626353,146.91093296378904,1021345.2424688136,36.56608575083566,36.73967675279403,36.03857173417446,36.081804485424215,56232021.55563594,53.81039387216706,54.40236808323072,52.44858004414643,52.860347869478296,5069600.093184195,42.982070966164166,43.64401518036177,42.126276514471535,42.103547848179545,20840054.263314277,275.1537107635706,275.49965871245837,271.6327558426087,271.66453009310067,9349779.41528931,,,,,,24.316821462860197,25.249256440892417,24.176027960470716,24.74272258916418,11136922.527616955,142.92051182639523,143.94255717987778,139.60068621746402,141.0779996623457,2041158.2534179292,5.75583585293754,5.738729361660869,5.5038274500671625,5.407797390265376,23578028.633370988,56.27680064311766,56.36043882877371,55.5715586408434,55.59043890396472,9252150.104144908,94.19019664773369,94.27099459643114,93.62113999197702,93.6953609133228,7468078.764162537,54.0799631772991,54.233070942412674,53.734494539279964,53.87298739914986,11553461.622352432,51.722678119906725,51.67924439881092,51.57697264926872,51.63360193571218,3029553.8602697183,93.74492050193498,94.25969410572745,93.67302067589115,94.30713866857754,3535654.6225457694,11.330734811785108,11.575426104315886,11.121350519557856,11.205032230956375,22647785.098751463,26.263886106192317,26.46778000881739,26.05907207167357,26.311288325570505,14211611.759986885,107.20089159168383,107.17831082145902,106.18047788554459,106.24308967820413,32607629.495539177,70.85586947416876,72.24707723384195,70.10978744827946,70.35025915781145,2738081.794925914,92.6198364415551,92.71345921793385,92.27504622122277,92.34898136831569,4188424.206705733,136.3451017266926,139.38067988318093,135.17365746503745,136.32658258565135,2730630.46345742,110.68807291102975,113.80998397945463,110.195552136976,113.09083874321594,7647665.105740787,45.48267839407543,46.286323483574066,43.80912090097618,43.80171179618461,10632235.431434557,129.08855422091526,133.31581714211873,128.553963169255,130.13863384885008,2734590.569430034,54.385812170902774,56.4788661801208,52.627166065463484,52.35470559944417,1581112.1927357416,246.1832829889802,253.62796412544793,244.5757416727616,248.42799151207888,560718.8916360084,92.38765743477776,93.5195408927379,91.4155087827355,91.8289718705899,4404665.578557673,45.450726323654926,46.64220377042482,44.91058163806159,45.80526391470908,12174264.196529198,25.186178729772198,25.736162355460664,24.600474066320313,24.89300849350082,3418393.46286554,61.19812928598625,61.61142329941623,60.48778701810643,60.60491689179694,3199090.391706228,168.5449322852267,170.71442092819632,167.81400271828244,170.23356815430276,9468668.014231736,107.84254671528501,110.13406325450939,107.63503400330494,109.94643825642925,1256825.9031100562,91.67682542433343,93.96683474417091,90.7365006468535,90.62781503063839,1331868.5673425526,67.02433077322878,67.47494524434043,66.87057894307884,66.82647554224295,5610186.5062498385,81.94346793009787,81.98607327257601,81.85485325761829,81.8851840754067,3794428.715803989,39.92498833633366,40.63,39.61135754522366,40.07709257380942,14659276.92311734,30.722013502722046,30.923476194122156,30.130942703446905,30.223321940760474,21392495.087645184,32.806108273575504,32.79468645834477,32.67653663907884,32.62999895890941,7428932.694550452,26.939680029080083,26.998034565596722,26.621096346750914,26.710013304670046,4560031.3068769295,49.57898349080044,50.19505480426255,49.45068126325388,50.031597139984,2802498.011954065,122.7491820912519,126.39316126852395,121.80269522911355,122.91437722100181,1720316.6264121449,56.934999812763735,57.838028987951816,56.881292966458886,57.41750436656176,2299099.9610100323,40.442618775029814,41.49450747282225,39.78142660081809,40.197897719088566,3646109.6889438904,108.46322855744626,108.55506552781348,108.05002189974003,108.1952937497906,2235822.6105397614,181.72539521530078,187.4300911495427,180.44514198677152,187.03222702932567,1934242.2333477535,23.50949314649571,23.833922922798653,23.245788017765236,23.766144920145837,3218091.060045778,9.430647681844707,9.548356217580496,9.278698395915477,9.278745669979932,32442821.356650464,80.23510067887025,80.20745147299996,79.69909449134278,79.83321054319761,7761855.639942127,77.68097287736589,77.67489060246152,77.4549188587857,77.4571025785151,4822478.3417052375,51.008533881783215,51.18420961914344,50.850034597244104,51.11670823019994,14007949.150826046,58.513941913271246,58.55007878922644,58.253914982687,58.29756296260452,3835890.60390423,70.70892227031955,70.86721957534866,70.45896199825933,70.8156381704696,5009797.795402224,56.71216173042624,56.8034533053527,56.00515230641811,56.15789075037331,2478533.7869702354,57.92467518517086,57.95681339576311,57.86913595370154,57.88161667065213,3598407.320146336,167.53540928466148,169.32106839236914,166.9794122766264,168.55453932659677,3123392.7386445478,114.75692185074209,115.86981554160279,114.3211541943861,115.72797840996728,2115129.680641759,45.24057301966773,45.33254140424019,44.895593236939604,45.00256463489093,8780718.22020648,62.27816908813402,62.40655510836581,62.071854054694676,62.23748655966631,4685719.485634979,125.51143913045833,126.87049734324964,125.10880206081305,126.35043379016345,1261600.3702250095,55.781287080956766,55.9149002462115,54.88854184663734,55.74295062896237,8220553.453627223,72.38460033871621,73.64882260585253,71.05007326307042,71.18945318762671,1687592.5577961812,84.45107677161967,85.47154136013367,83.91967922813792,84.60500410254302,5238264.430146341,86.49042329701437,88.06433294846595,85.92625921115676,86.79278120038236,17285306.596168995,107.67286276443346,109.92939964637372,106.63009194783716,107.54126073939683,17883394.567394048,37.82689501961756,38.072517935533654,37.36301276437752,37.79247261001752,6179138.536675119,45.062860683459334,45.49071705316237,42.86855497947699,42.74790264928066,4887367.489682587
1884,115.21054895232986,116.29509023394546,114.78006767187348,116.1084374768899,3186491.7561206473,102.311766833384,104.3313039949362,100.82363095869152,101.32008545144295,2680577.6284949114,97.84616523212775,97.89431084344717,97.3737975060062,97.43873586483079,8710824.225879315,6.6348833023226925,6.734882724001404,6.156248333882639,6.17058613049306,21623960.543954983,71.97960214504093,73.84915758197839,70.65512078542235,72.31153694462917,2630949.3030556096,471.03881845577723,482.49709240759796,468.92045958429605,480.8658404296772,550339.9668945414,15.061402120883885,15.408845009692879,15.039024034031955,15.350851837235362,23443096.177281704,41.4355793818292,42.59351957517443,41.210171218423206,42.061768333616094,7276178.442717897,48.1673815512898,48.16149042479701,48.03314236472505,48.01392686054646,4063684.2650059024,72.41035401886937,72.44469161856951,72.05541458056224,72.20374859494338,6801354.649023948,31.856625111555463,32.06485882732165,31.670884708916333,31.78946219318187,10715564.445777372,77.2378973618729,77.26871987852766,77.09490501424783,77.12268807502498,2211328.1850860384,331.7428700463263,338.7018555137718,329.68243833601497,334.3548188722405,2507800.7786769057,41.804426469851066,42.954079944091355,41.30455703880044,42.218086666325625,4640362.819722505,9.726909714807952,10.314215481093719,9.526398721987194,9.819911180367301,19627989.686226945,95.39412488273098,98.73332816983773,95.45678408828924,96.14674787855712,9739516.967874013,12.929174051371337,13.230282721212102,12.743665346629312,13.08742841155462,13569320.769735066,151.74845225479035,152.52745974004492,150.07261805466294,150.42432470994484,8990657.874274492,465.3485819289839,480.29931770670953,465.37932111793907,471.8240721997064,1440475.4128822575,33.51519622986103,34.25983994996126,33.1244146165388,34.14121409630824,9973469.97359985,43.80195012863522,43.91300511855554,43.48957032536255,43.55334345126281,26763619.552798122,82.24043165468207,82.40104760934923,81.94047009107578,82.28050054166208,16979085.545518726,89.8012218509182,89.78356604169515,89.61745898578864,89.71398004839764,6810015.840130487,41.91002280801591,42.25787641161394,41.532541685693374,42.149607364024156,4223967.062230272,119.84050094015723,123.29951051177811,118.62957219992097,122.01659299340034,3881069.600642948,69.27571015992714,69.55660071826091,69.07380115205899,69.369495570865,4294929.712441069,49.68094828827081,49.81023880645512,49.35518049574347,49.690481128753106,2941326.880311438,55.295963699877895,55.59796623216272,55.177135394049515,55.309212476155615,3691186.1157473377,24.798608029119325,24.88384120177011,24.353940745799267,24.361557248238753,22595648.210934266,37.42855252943676,38.688719801407615,36.607617593018915,36.452287304082795,15010006.395862026,149.62380410086774,152.81307110131604,147.3036311626353,146.91093296378904,1021343.3577757627,36.56608575083566,36.73967675279403,36.03857173417446,36.081804485424215,56233139.71713081,53.808005147281975,54.40033285731037,52.445211039038085,52.85993287378667,5069600.091440191,42.98152033285027,43.64401518036177,42.12617226574525,42.10346959497201,20840053.67240779,275.1537107635706,275.49965871245837,271.6327558426087,271.6619068692919,9349777.849187627,,,,,,24.316821462860197,25.249256440892417,24.176027960470716,24.696500424886505,11136922.52808095,142.92051182639523,143.94255717987778,139.60068621746402,141.0779996623457,2041158.2375507038,5.755836345292811,5.73165367037598,5.5038274500671625,5.401783475990779,23578004.700566735,56.27680064311766,56.36043882877371,55.5715586408434,55.5899363589659,9252148.756084157,94.19019664772509,94.27099459643213,93.62113999195898,93.68586490093375,7468078.770702492,54.07996317727843,54.233070942412674,53.73449453927992,53.87298739914986,11553470.236415345,51.72267811990674,51.678199969036335,51.57697266549291,51.63369683659988,3029553.8602697137,93.74492050130232,94.2596941054373,93.67302067500361,94.30713866857727,3535590.4722966217,11.330724022333808,11.575425906193319,11.121350519557856,11.205051051687796,22647806.869500007,26.263886106192857,26.467780008817382,26.05907207167357,26.311288325570505,14211627.9891245,107.20089159168383,107.17831082145902,106.18047787896413,106.24308967426776,32607603.094274387,70.85475144963063,72.24707723384194,70.10978744827938,70.35026286659135,2738087.993689969,92.61983644154486,92.71345921793441,92.27504622122277,92.34898136831569,4188424.205956706,136.3449675888983,139.38067988318087,135.17365746503745,136.32658258565135,2730630.5789981955,110.68807291102975,113.81213740092929,110.195552136976,113.09083874321594,7647673.862391864,45.48267839407543,46.286323483574066,43.80912090097618,43.80171179618461,10632235.213597568,129.07510404192868,133.31581713649723,128.553963169255,130.06141844441595,2734593.434493939,54.384286514235335,56.4788661801208,52.627166065463484,52.35470559944417,1581104.7655632861,246.1832829889802,253.62796412544793,244.5757416727616,248.42491675694345,560719.6873775234,92.38765743477776,93.51954089273781,91.4155087827355,91.8289718705899,4404665.698786931,45.450726323654926,46.64220377042482,44.910581638061686,45.80526391470908,12174264.27144422,25.184727137912212,25.73537808081686,24.597937484277082,24.89294427268019,3418126.210172568,61.19812928598625,61.609295796020355,60.491591189411636,60.60491689179694,3199107.409956725,168.544932285225,170.71442092819632,167.81400271828244,170.23356815430276,9468666.342138143,107.84254671528501,110.13406325450939,107.63503400330494,109.94643825642925,1256822.9333181072,91.64928891343429,93.96683474417407,90.69681643288402,90.6278150306391,1331852.9533332882,67.02433077322878,67.47494524434113,66.85751909565693,66.82647554224295,5610113.37147264,81.94346793009787,81.98607327257601,81.85485325761829,81.8851840754067,3794428.7158040414,39.92498833633366,40.63,39.61135754522366,40.07709257380942,14659278.287746724,30.722024640729618,30.923476194122156,30.130942703446905,30.21619814602376,21386772.646726906,32.806108273575504,32.79468645833901,32.676536535890016,32.62999793124882,7428931.689129383,26.939680029820277,26.9980345657446,26.621096346757252,26.710013482525934,4560031.306876935,49.57898349077491,50.19505480426255,49.45068126325388,50.031597139984,2802498.0129929273,122.7491820912519,126.39314989800275,121.80269522911355,122.91437722100181,1720316.6055609765,56.936634807077084,57.838028987951816,56.881292966458886,57.41750436656176,2299062.150398203,40.43100333045906,41.49448034209766,39.781424248967305,40.197896964928525,3646068.1368712396,108.46322855867565,108.55506552781289,108.0491132199063,108.1952937497906,2235822.6105410857,181.72539521508912,187.430494998601,180.44514199438737,187.03222702933024,1934242.2534560838,23.509493146499143,23.833922925283414,23.245793889892884,23.766144920160514,3218092.8541790047,9.42586360188206,9.5483562175806,9.278698395915477,9.278745669979932,32443063.55294716,80.23510067887025,80.20745147299996,79.69909448951276,79.8330784764757,7761840.374237442,77.68097287736605,77.67494362417969,77.45488750066896,77.45709982169805,4822478.187987754,51.00853388167869,51.18419621832733,50.85003459724378,51.11670823019994,14007951.801357102,58.51394191327065,58.54905462829203,58.25391498268694,58.30053411693978,3835859.8161037895,70.70892227007373,70.86721049780881,70.45896199825857,70.81563817046947,5009811.033665827,56.712161730522475,56.803453305517685,56.005152306413926,56.15789075039236,2478533.7872721828,57.92467518517086,57.95681339576311,57.86913595370154,57.88161667065223,3598407.5466625737,167.5354092846125,169.32106839236914,166.9794122766264,168.55453932659677,3123392.7386449035,114.75692185061449,115.86981554160279,114.3211541943861,115.72797840996728,2115129.680641761,45.24057301965641,45.33254140424019,44.89559323693948,45.00256463489093,8781083.589584056,62.27816908795856,62.40650403946902,62.07185405469456,62.23748655966631,4685719.48563498,125.51143913043732,126.87049734324964,125.10880206081305,126.35146154794644,1261600.446146736,55.682904097216564,55.91522834136007,54.88854184633697,55.74295062896237,8220553.620940182,72.38667061959586,73.64882260585253,71.05007326307042,71.18945318762671,1687591.7167858584,84.45107677161967,85.47154136013367,83.91967922813792,84.60500410254302,5238071.7005651565,86.49042329701437,88.06433294846595,85.92625921115676,86.79278120038236,17285427.411832307,107.67286276443346,109.9293996463741,106.63082728084115,107.54126037001402,17883394.618051235,37.82689501961756,38.072517935533654,37.36301276437752,37.79247261001752,6179138.536675663,45.06286187945325,45.49071719670351,42.868554990095944,42.74789476044665,4887367.519636597
1885,115.21054895234656,116.29509023394546,114.78006767187348,116.1084374768899,3186491.7561206473,102.311766833384,104.3313039949362,100.82363095869152,101.32008545144295,2680562.828780626,97.84616523189305,97.89431084344776,97.3737975060062,97.43873586483079,8710824.2291319,6.634248404492085,6.734882316377632,6.156248333882639,6.170587314600335,21620836.634998545,71.97960214504093,73.8491575819786,70.65512076247934,72.82961882725515,2630949.7204161463,471.03881845577723,482.49709240759796,468.92045958429605,480.8658404296772,550340.0529347074,15.061402120883885,15.408845009692879,15.046149299964814,15.350991799720994,23443174.383184012,41.4355793818292,42.59351957517443,41.210171218423206,42.061768333616094,7276188.735257586,48.1673815512898,48.1613387727286,48.03313199522417,48.01392412273192,4063680.414453079,72.41035401882726,72.44469161856951,72.05541927200706,72.20374859494338,6801355.068743806,31.856625111555463,32.06486542223677,31.672040675818423,31.789462196509362,10715573.66867312,77.2378973618729,77.26871987852766,77.09490501727306,77.12268807502498,2211328.190556938,331.74582629325977,338.70361207052923,329.6824383191459,333.9866050479004,2507801.980581255,41.804426469851066,42.95407994347,41.30451761172687,42.21808666656534,4640364.22980011,9.726909714807952,10.31737169816758,9.526399386825494,9.819911180367301,19627980.713869866,95.39412488273098,98.73332816983773,95.45678408828924,96.14674787855712,9739516.264682638,12.929174051371332,13.230282721212106,12.743665346629271,13.087428411554617,13569303.363019643,151.74845225479035,152.52745974004492,150.07261805466294,150.42432470994484,8990657.870606916,465.3485819289839,480.30299715892045,465.38534128667345,471.8240721997064,1440475.6750118027,33.51519622986103,34.25983994996126,33.12441461653221,34.14121409630824,9973471.319446314,43.80195012863844,43.91300511855554,43.48957032536255,43.55334345126281,26763970.40448492,82.24043165473729,82.4010345265688,81.94047009107574,82.28050054166208,16979085.52996001,89.80122021706823,89.7835517961252,89.61745876583218,89.71397395821761,6809997.490034408,41.91002280801591,42.25787429346577,41.53938841747857,42.149607364024156,4223969.039693501,119.84050094015727,123.29951051177811,118.62957219992097,122.01659299340034,3881069.605060108,69.27571015992714,69.55660071826091,69.07380115205899,69.369495570865,4294939.360147018,49.67080330648454,49.81023880645512,49.35518049574347,49.690481128753255,2941330.26071586,55.29596369987949,55.59796623216276,55.17713539404968,55.30921247615597,3691185.4430818856,24.798979385883964,24.88384120177011,24.353971286773675,24.361557248238753,22595648.218819045,37.42855252943676,38.751034782217054,36.607617593018915,36.45228730408446,15009774.552305412,149.6238041008102,152.81307110131607,147.3036311626353,146.91093296378904,1021342.4306519408,36.56608575083566,36.73967675279403,36.03857173417446,36.081804485424215,56233809.025203526,53.806125825338704,54.398734626332384,52.44249000339379,52.86024650738616,5069600.090907183,42.981100130085835,43.64401518036177,42.126242133073674,42.10352677870055,20840053.436022025,275.1537107635706,275.49965871245837,271.6327558426087,271.66396220301584,9349777.15592244,,,,,,24.316821462860197,25.249256440892417,24.176027960470716,24.74208662014857,11136922.528213613,142.92051182639523,143.94255717987778,139.60068621746402,141.0779996623457,2041158.2296765563,5.755836077294957,5.7246194271573945,5.5038274500671625,5.3958064258610765,23577993.15687585,56.27680064311766,56.36043882877371,55.5715586408434,55.590327348272425,9252148.157284033,94.19019664772554,94.2709945964321,93.62113999186528,93.69512643623455,7468078.773040778,54.0799631772842,54.233070942412674,53.73449453927993,53.87298739914986,11553474.660130797,51.72267811990674,51.67910658146467,51.576972629852094,51.633621278391246,3029553.860269713,93.74492050123821,94.2596941053428,93.6730206747343,94.30713866857724,3535553.527373119,11.330717004069916,11.575425811603616,11.121350519557856,11.205037888590322,22647818.795087542,26.263886106193045,26.467780008817382,26.05907207167357,26.311288325570505,14211636.264989339,107.20089159168383,107.17831082145902,106.18047787649988,106.24308967299439,32607590.139625788,70.8557259725856,72.24707723384202,70.10978744827938,70.3502607069286,2738091.6067335308,92.61983644155434,92.7134592179343,92.27504622122277,92.34898136831569,4188424.2057572827,136.3450564284977,139.38067988318085,135.17365746503745,136.32658258565135,2730630.6267936598,110.68807291102975,113.81042668488163,110.195552136976,113.09083874321594,7647679.160364072,45.48267839407543,46.286323483574066,43.80912090097618,43.80171179618461,10632235.116669195,129.08659378010447,133.31581713856508,128.553963169255,130.13759232299242,2734594.876755785,54.383164602473066,56.4788661801208,52.627166065463484,52.35470559944417,1581100.729609729,246.1832829889802,253.62796412544793,244.5757416727616,248.42245267104764,560720.1131973662,92.38765743477776,93.5195408927378,91.4155087827355,91.8289718705899,4404665.750796867,45.450726323654926,46.64220377042482,44.910581638061664,45.80526391470908,12174264.3015031,25.18355966131024,25.73478441396329,24.595832421618933,24.892902429578754,3417956.9373164168,61.19812928598625,61.61105238803582,60.48813573125631,60.60491689179694,3199117.259803183,168.5449322852253,170.71442092819632,167.81400271828244,170.23356815430276,9468665.480287228,107.84254671528501,110.13406325450939,107.63503400330494,109.94643825642925,1256821.4263070656,91.67579109010735,93.96683474417271,90.73432917545188,90.62781503064171,1331844.0783399031,67.02433077322878,67.47494524434121,66.86912838613793,66.82647554224295,5610071.796128313,81.94346793009787,81.98607327257601,81.85485325761829,81.8851840754067,3794428.71580405,39.92498833633366,40.63,39.61135754522366,40.07709257380942,14659278.927121935,30.722017632098005,30.923476194122156,30.130942703446905,30.222660345645235,21382841.018515356,32.806108273575504,32.794686458337196,32.67653658781476,32.629997373056796,7428931.2426815005,26.939680029828494,26.99803456570655,26.621096346759117,26.710013567748266,4560031.306876936,49.57898349078157,50.19505480426255,49.45068126325388,50.031597139984,2802498.01333633,122.7491820912519,126.39315692926554,121.80269522911357,122.91437722100181,1720316.5973613276,56.93530291735959,57.838028987951816,56.881292966458886,57.41750436656176,2299040.448753263,40.44151267563166,41.49446430802997,39.78142310930558,40.19789661675981,3646043.8515831786,108.46322855858826,108.55506552781296,108.04830508639168,108.1952937497906,2235822.6105413972,181.72539521503495,187.4302077595066,180.4451419916873,187.03222702933093,1934242.2613116987,23.509493146503324,23.833922922617468,23.24579052136853,23.766144920163892,3218093.7259167004,9.430323192447657,9.54835621758061,9.278698395915477,9.278745669979932,32443202.487086207,80.23510067887025,80.20745147299996,79.69909448885113,79.83298355711162,7761832.597859897,77.68097287736609,77.67490289541664,77.45486608539683,77.45709826378832,4822478.127134865,51.008533881709724,51.184187463503235,50.8500345972437,51.11670823019994,14007953.122356646,58.51394191327071,58.54994320935546,58.25391498268694,58.29759013044222,3835844.3571680845,70.70892227014753,70.86720499735299,70.4589619982584,70.81563817046948,5009818.713308999,56.71216173076385,56.80345330546783,56.00515230641615,56.1578907503938,2478533.7873639828,57.92467518517086,57.95681339576311,57.86913595370154,57.88161667065221,3598407.651292283,167.53540928462576,169.32106839236914,166.9794122766264,168.55453932659677,3123392.7386449827,114.75692185065056,115.86981554160279,114.3211541943861,115.72797840996728,2115129.6806417615,45.24057301965957,45.33254140424019,44.895593236939504,45.00256463489093,8781331.409268152,62.278169088012554,62.40646765756971,62.07185405469454,62.23748655966631,4685719.48563498,125.51143913044287,126.87049734324964,125.10880206081305,126.35047631978975,1261600.4798977824,55.78097358291571,55.91498965358197,54.888541846223845,55.74295062896237,8220553.695762081,72.38499019485846,73.64882260585253,71.05007326307042,71.18945318762671,1687591.3218028725,84.45107677161967,85.47154136013367,83.91967922813792,84.60500410254302,5237928.135254969,86.49042329701437,88.06433294846595,85.92625921115676,86.79278120038236,17285500.183972936,107.67286276443346,109.92939964637426,106.63022577427483,107.54126053760903,17883394.638358757,37.82689501961756,38.072517935533654,37.36301276437752,37.79247261001752,6179138.536675939,45.06286251264907,45.490717263376645,42.86855499542145,42.747890373710895,4887367.519965398
1886,115.21054895234197,116.29509023394546,114.78006767187348,116.1084374768899,3186491.7561206473,102.311766833384,104.3313039949362,100.82363095869152,101.32008545144295,2680554.343448051,97.84616523190837,97.89431084344785,97.3737975060062,97.43873586483079,8710824.230292771,6.634736905688112,6.734882524021523,6.156248333882639,6.170586632702794,21618687.603523176,71.97960214504093,73.84915758197856,70.65512077250642,72.31981584716162,2630949.911643505,471.03881845577723,482.49709240759796,468.92045958429605,480.8658404296772,550340.0937521986,15.061402120883885,15.408845009692879,15.039497629647403,15.35087009484545,23443217.024580445,41.4355793818292,42.59351957517443,41.210171218423206,42.061768333616094,7276194.4170859475,48.1673815512898,48.16121612715904,48.03312456308119,48.01392240577452,4063678.5577236353,72.41035401886673,72.44469161856951,72.05541635174255,72.20374859494338,6801355.257105259,31.856625111555463,32.06486094943396,31.67106901202401,31.78946219527598,10715578.385197923,77.2378973618729,77.26871987852766,77.09490501575667,77.12268807502498,2211328.1926920195,331.7433218153982,338.70223097177825,329.6824383255974,334.3487302063551,2507802.6501402007,41.804426469851066,42.95407994360548,41.304542243286654,42.21808666652703,4640364.9221680155,9.726909714807952,10.314507081264919,9.526399026435456,9.819911180367301,19627976.131434195,95.39412488273098,98.73332816983773,95.45678408828924,96.14674787855712,9739515.937038861,12.929174051371332,13.230282721212106,12.743665346629244,13.087428411554617,13569294.20733629,151.74845225479035,152.52745974004492,150.07261805466294,150.42432470994484,8990657.869146276,465.3485819289839,480.30589013282446,465.3903107427781,471.8240721997064,1440475.8135432312,33.51519622986103,34.25983994996126,33.124414616532405,34.14121409630824,9973472.00990699,43.80195012863755,43.91300511855554,43.48957032536255,43.55334345126281,26764181.82395963,82.24043165472045,82.40102606252918,81.94047009107572,82.28050054166208,16979085.524229337,89.80121921270111,89.78354252176509,89.61745865220728,89.71397024026676,6809987.394256027,41.91002280801591,42.25787560582297,41.53338934906033,42.149607364024156,4223970.012195615,119.84050094015716,123.29951051177811,118.62957219992097,122.01659299340034,3881069.606728385,69.27571015992714,69.55660071826091,69.07380115205899,69.369495570865,4294944.706923586,49.680176246307205,49.81023880645512,49.35518049574347,49.69048112875322,2941332.028552325,55.295963699879096,55.59796623216275,55.177135394049635,55.30921247615589,3691185.111709465,24.799296907768714,24.88384120177011,24.353997067788313,24.361557248238753,22595648.221401572,37.42855252943676,38.69133685955408,36.607617593018915,36.45228730408405,15009631.977621652,149.6238041007953,152.813071101316,147.3036311626353,146.91093296378904,1021341.9745785759,36.56608575083566,36.73967675279403,36.03857173417446,36.081804485424215,56234209.65897272,53.804647274590344,54.397479560625214,52.440292311571014,52.8600094783357,5069600.09074429,42.980779462304234,43.64401518036177,42.1261953081027,42.10348499154687,20840053.341493644,275.1537107635706,275.49965871245837,271.6327558426087,271.6623518193716,9349776.849035252,,,,,,24.316821462860197,25.249256440892417,24.176027960470716,24.69712764362841,11136922.528251544,142.92051182639523,143.94255717987778,139.60068621746402,141.0779996623457,2041158.2257689922,5.7558362231710225,5.717626389210151,5.5038274500671625,5.389866013906105,23577987.588921208,56.27680064311766,56.36043882877371,55.5715586408434,55.590023151358366,9252147.891302546,94.1901966477261,94.27099459643205,93.6211399918308,93.68609358827545,7468078.773876805,54.079963177282586,54.233070942412674,53.73449453927993,53.87298739914986,11553476.931910576,51.72267811990674,51.67831960074541,51.576972636453185,51.63368143634161,3029553.860269713,93.7449205011733,94.259694105312,93.67302067463532,94.30713866857722,3535532.2503401837,11.3307124388676,11.575425766443631,11.121350519557856,11.205047094775315,22647825.32788621,26.26388610619308,26.467780008817382,26.05907207167357,26.311288325570505,14211640.485171545,107.20089159168383,107.17831082145902,106.1804778755764,106.24308967250565,32607583.783001527,70.85487653238337,72.24707723384202,70.10978744827938,70.35026196452364,2738093.712649828,92.61983644155475,92.71345921793426,92.27504622122277,92.34898136831569,4188424.2057041875,136.34499758993945,139.38067988318085,135.17365746503745,136.32658258565135,2730630.6465650885,110.68807291102975,113.81178570792014,110.195552136976,113.09083874321594,7647682.365756966,45.48267839407543,46.286323483574066,43.80912090097618,43.80171179618461,10632235.073540956,129.07677873723551,133.31581713780443,128.553963169255,130.06244592157285,2734595.6027846984,54.382339589854446,56.4788661801208,52.627166065463484,52.35470559944417,1581098.5365574122,246.1832829889802,253.62796412544793,244.5757416727616,248.42047797093838,560720.3410635608,92.38765743477776,93.5195408927378,91.4155087827355,91.8289718705899,4404665.773295828,45.450726323654926,46.64220377042482,44.91058163806166,45.80526391470908,12174264.313563915,25.182620691029598,25.734335030146262,24.594085468940403,24.892875166689233,3417849.723084697,61.19812928598625,61.60960204228559,60.49127444139981,60.60491689179694,3199122.9607108496,168.5449322852252,170.71442092819632,167.81400271828244,170.23356815430276,9468665.03606126,107.84254671528501,110.13406325450939,107.63503400330494,109.94643825642925,1256820.6616150488,91.65028439570506,93.96683474417249,90.69886908404008,90.62781503064157,1331839.0337990595,67.02433077322878,67.47494524434119,66.85880853927308,66.82647554224295,5610048.1615549745,81.94346793009787,81.98607327257601,81.85485325761829,81.8851840754067,3794428.7158040516,39.92498833633366,40.63,39.61135754522366,40.07709257380942,14659279.226690937,30.722022042304836,30.923476194122156,30.130942703446905,30.21679829803,21380139.783793755,32.806108273575504,32.79468645833668,32.67653656168615,32.629997069864906,7428931.044665306,26.93968002974562,26.99803456568915,26.62109634675869,26.710013608583832,4560031.306876936,49.578983490779564,50.19505480426255,49.45068126325388,50.031597139984,2802498.0134498426,122.7491820912519,126.39315258129805,121.80269522911357,122.91437722100181,1720316.5941368525,56.936387893744566,57.838028987951816,56.881292966458886,57.41750436656176,2299027.9936326095,40.43200409976236,41.49445483200858,39.78142255705132,40.197896456022825,3646029.6581024807,108.4632285584261,108.55506552781297,108.04758637364687,108.1952937497906,2235822.6105414703,181.72539521501835,187.43041205934503,180.44514199264458,187.03222702933115,1934242.2643793987,23.50949314650322,23.833922921799783,23.245792453710095,23.766144920162887,3218094.149478674,9.426166082163538,9.548356217580606,9.278698395915477,9.278745669979932,32443282.185641702,80.23510067887025,80.20745147299996,79.69909448861019,79.83291533640055,7761828.636581905,77.6809728773661,77.67493418131602,77.45485146031622,77.4570973833952,4822478.103044756,51.00853388170033,51.18418174393032,50.85003459724368,51.11670823019994,14007953.780730288,58.51394191327074,58.54917225990821,58.25391498268694,58.300507197521156,3835836.5950458786,70.7089222701241,70.8672016643999,70.45896199825836,70.81563817046948,5009823.16834336,56.712161730845665,56.80345330544918,56.00515230641658,56.15789075039241,2478533.7873918926,57.92467518517086,57.95681339576311,57.86913595370154,57.8816166706522,3598407.699544129,167.5354092846219,169.32106839236914,166.9794122766264,168.55453932659677,3123392.7386450004,114.75692185064025,115.86981554160279,114.3211541943861,115.72797840996728,2115129.6806417615,45.24057301965869,45.33254140424019,44.8955932369395,45.00256463489093,8781499.49814412,62.27816908799587,62.40644173880741,62.07185405469453,62.23748655966631,4685719.48563498,125.51143913044136,126.87049734324964,125.10880206081305,126.35142077823785,1261600.4949018077,55.68321659629399,55.91516329789114,54.8885418461887,55.74295062896237,8220553.729222225,72.38635417755559,73.64882260585253,71.05007326307042,71.18945318762671,1687591.1362979447,84.45107677161967,85.47154136013367,83.91967922813792,84.60500410254302,5237821.192673826,86.49042329701437,88.06433294846595,85.92625921115676,86.79278120038236,17285544.017564595,107.67286276443346,109.92939964637426,106.6307178100564,107.54126046156843,17883394.646499664,37.82689501961756,38.072517935533654,37.36301276437752,37.79247261001752,6179138.53667608,45.062862847882336,45.49071729434556,42.86855499809227,42.74788793438291,4887367.516117434
1887,115.21054895234322,116.29509023394546,114.78006767187348,116.1084374768899,3186491.7561206473,102.311766833384,104.3313039949362,100.82363095869152,101.32008545144295,2680549.4784305505,97.84616523193463,97.89431084344783,97.3737975060062,97.43873586483079,8710824.230707094,6.634361044554216,6.734882418247551,6.156248333882639,6.170587025390406,21617209.219010208,71.97960214504093,73.84915758197857,70.65512076812416,72.82147222085085,2630949.999260564,471.03881845577723,482.49709240759796,468.92045958429605,480.8658404296772,550340.1131160342,15.061402120883885,15.408845009692879,15.045707182866671,15.35097592375142,23443240.274660688,41.4355793818292,42.59351957517443,41.210171218423206,42.061768333616094,7276197.553738563,48.1673815512898,48.16111694001381,48.033119236233745,48.01392132902419,4063677.6624121345,72.41035401887136,72.44469161856951,72.05541816950767,72.20374859494338,6801355.341728456,31.856625111555463,32.06486398297793,31.6718857573198,31.78946219573315,10715580.797195934,77.2378973618729,77.26871987852766,77.09490501651676,77.12268807502498,2211328.1935252724,331.74544356283684,338.70331686538907,329.68243832313004,333.9925930335565,2507803.023139251,41.804426469851066,42.954079943690324,41.304526855034815,42.21808666650383,4640365.262130381,9.726909714807952,10.317107038684508,9.526399221792703,9.819911180367301,19627973.791055128,95.39412488273098,98.73332816983773,95.45678408828924,96.14674787855712,9739515.784377081,12.929174051371332,13.230282721212106,12.743665346629243,13.087428411554617,13569289.391577795,151.74845225479035,152.52745974004492,150.07261805466294,150.42432470994484,8990657.868564565,465.3485819289839,480.3081647371758,465.39441286932407,471.8240721997064,1440475.8867549915,33.51519622986103,34.25983994996126,33.124414616532874,34.14121409630824,9973472.364134481,43.80195012863779,43.91300511855554,43.48957032536255,43.55334345126281,26764309.22307445,82.24043165472554,82.40102058663155,81.94047009107572,82.28050054166208,16979085.522118583,89.80121859529233,89.783536483835,89.61745859351102,89.71396797052145,6809981.839802614,41.91002280801591,42.25787479271582,41.53864569953759,42.149607364024156,4223970.490465126,119.84050094015716,123.29951051177811,118.62957219992097,122.01659299340034,3881069.6073584617,69.27571015992714,69.55660071826091,69.07380115205899,69.369495570865,4294947.670118666,49.67151659538125,49.81023880645512,49.35518049574347,49.69048112875321,2941332.953070634,55.295963699879195,55.59796623216275,55.17713539404964,55.30921247615591,3691184.9484669417,24.79956839911314,24.88384120177011,24.35401883070612,24.361557248238753,22595648.222247437,37.42855252943676,38.74852763332922,36.607617593018915,36.45228730408395,15009544.299738953,149.6238041007921,152.813071101316,147.3036311626353,146.91093296378904,1021341.7502256491,36.56608575083566,36.73967675279403,36.03857173417446,36.081804485424215,56234449.46995005,53.803484029344744,54.396493977220175,52.438517307499296,52.86018861338645,5069600.090694507,42.98053475228598,43.64401518036177,42.12622669012282,42.10351552761469,20840053.303684477,275.1537107635706,275.49965871245837,271.6327558426087,271.66361357820495,9349776.713185718,,,,,,24.316821462860197,25.249256440892417,24.176027960470716,24.741468031285688,11136922.528262388,142.92051182639523,143.94255717987778,139.60068621746402,141.0779996623457,2041158.2238298545,5.7558361437680485,5.710674315161534,5.5038274500671625,5.383962015540859,23577984.903287817,56.27680064311766,56.36043882877371,55.5715586408434,55.59025982218537,9252147.773155633,94.19019664772605,94.27099459643205,93.62113999182722,93.69490339567803,7468078.774175717,54.079963177283034,54.233070942412674,53.73449453927993,53.87298739914986,11553478.09857328,51.72267811990674,51.67900273571371,51.57697262724902,51.63363353977209,3029553.860269713,93.744920501166,94.25969410530196,93.67302067460444,94.30713866857722,3535519.996635382,11.330709469319503,11.57542574488289,11.121350519557856,11.205040656029245,22647828.90647804,26.263886106193095,26.467780008817382,26.05907207167357,26.311288325570505,14211642.637205256,107.20089159168383,107.17831082145902,106.1804778752305,106.24308967234421,32607580.663914837,70.85561694455477,72.24707723384202,70.10978744827938,70.3502612322124,2738094.940114738,92.61983644155396,92.71345921793426,92.27504622122277,92.34898136831569,4188424.2056900514,136.34503655877722,139.38067988318085,135.17365746503745,136.32658258565135,2730630.6547438856,110.68807291102975,113.81070607601879,110.195552136976,113.09083874321594,7647684.305092151,45.48267839407543,46.286323483574066,43.80912090097618,43.80171179618461,10632235.05435089,129.08516318125376,133.31581713808424,128.553963169255,130.13657870503934,2734595.9682647837,54.381732905938854,56.4788661801208,52.627166065463484,52.35470559944417,1581097.344871415,246.1832829889802,253.62796412544793,244.5757416727616,248.41889546095845,560720.4630000973,92.38765743477776,93.5195408927378,91.4155087827355,91.8289718705899,4404665.783028646,45.450726323654926,46.64220377042482,44.91058163806166,45.80526391470908,12174264.318403192,25.18186550228625,25.733994863243243,24.59263570512971,24.892857403542635,3417781.8156070276,61.19812928598625,61.61079953309546,60.4884234442463,60.60491689179694,3199126.2602900276,168.54493228522523,170.71442092819632,167.81400271828244,170.23356815430276,9468664.807092806,107.84254671528501,110.13406325450939,107.63503400330494,109.94643825642925,1256820.273583414,91.67483300042377,93.96683474417254,90.73238884284358,90.62781503064143,1331836.1664851098,67.02433077322878,67.47494524434119,66.86798216099339,66.82647554224295,5610034.72587414,81.94346793009787,81.98607327257601,81.85485325761829,81.8851840754067,3794428.715804052,39.92498833633366,40.63,39.61135754522366,40.07709257380942,14659279.367049187,30.72201926716621,30.923476194122156,30.130942703446905,30.22211593045489,21378283.89160717,32.806108273575504,32.794686458336514,32.6765365748341,32.62999690518087,7428930.956775007,26.93968002971711,26.998034565692077,26.621096346758534,26.71001362815081,4560031.306876936,49.5789834907801,50.19505480426255,49.45068126325388,50.031597139984,2802498.0134873646,122.7491820912519,126.39315526997885,121.80269522911357,122.91437722100181,1720316.5928688406,56.9355040564865,57.838028987951816,56.881292966458886,57.41750436656176,2299020.8451276575,40.44060720619549,41.494449231746486,39.78142228944245,40.197896381816335,3646021.3627084363,108.46322855842169,108.55506552781296,108.04694718717556,108.1952937497906,2235822.6105414876,181.72539521501398,187.43026675035057,180.4451419923052,187.03222702933118,1934242.2655776567,23.50949314650292,23.833922922014104,23.245791345229488,23.766144920162652,3218094.3552799677,9.430041228471284,9.548356217580606,9.278698395915477,9.278745669979932,32443327.90413675,80.23510067887025,80.20745147299996,79.69909448852292,79.8328663046201,7761826.618705113,77.6809728773661,77.67491014897556,77.45484147245612,77.45709688587466,4822478.093508091,51.00853388170313,51.18417800730305,50.85003459724367,51.11670823019994,14007954.108857468,58.513941913270735,58.549841149978775,58.25391498268694,58.29761680371327,3835832.6975884745,70.70892227013121,70.86719964482614,70.45896199825835,70.81563817046948,5009825.752751347,56.71216173085118,56.80345330545306,56.005152306416456,56.157890750392276,2478533.787400378,57.92467518517086,57.95681339576311,57.86913595370154,57.8816166706522,3598407.7218167437,167.53540928462294,169.32106839236914,166.9794122766264,168.55453932659677,3123392.738645004,114.75692185064317,115.86981554160279,114.3211541943861,115.72797840996728,2115129.6806417615,45.24057301965894,45.33254140424019,44.8955932369395,45.00256463489093,8781613.507985603,62.27816908800101,62.40642327406939,62.07185405469453,62.23748655966631,4685719.48563498,125.51143913044176,126.87049734324964,125.10880206081305,126.35051540240778,1261600.5015718504,55.7806620796187,55.91503697241966,54.88854184617953,55.74295062896237,8220553.744185509,72.38524704746122,73.64882260585253,71.05007326307042,71.18945318762671,1687591.0491750066,84.45107677161967,85.47154136013367,83.91967922813792,84.60500410254302,5237741.530563619,86.49042329701437,88.06433294846595,85.92625921115676,86.79278120038236,17285570.42030253,107.67286276443346,109.92939964637425,106.63031532199743,107.5412604960693,17883394.649763204,37.82689501961756,38.072517935533654,37.36301276437752,37.79247261001752,6179138.536676152,45.0628630253651,45.490717308730254,42.86855499943172,42.747886577948194,4887367.515899375
1888,115.21054895234288,116.29509023394546,114.78006767187348,116.1084374768899,3186491.7561206473,102.311766833384,104.3313039949362,100.82363095869152,101.32008545144295,2680546.6891002497,97.84616523193384,97.89431084344781,97.3737975060062,97.43873586483079,8710824.23085497,6.634650238507317,6.734882472128901,6.156248333882639,6.170586799251506,21616192.193286363,71.97960214504093,73.84915758197857,70.6551207700394,72.32783227151815,2630950.0394051806,471.03881845577723,482.49709240759796,468.92045958429605,480.8658404296772,550340.122302246,15.061402120883885,15.408845009692879,15.039910360513344,15.350883899851071,23443252.951673925,41.4355793818292,42.59351957517443,41.210171218423206,42.061768333616094,7276199.285300557,48.1673815512898,48.16103672439891,48.033115418316925,48.013920653765,4063677.230694586,72.41035401886718,72.44469161856951,72.05541703801083,72.20374859494338,6801355.379720177,31.856625111555463,32.064861925567975,31.671199230887474,31.789462195563694,10715582.030674957,77.2378973618729,77.26871987852766,77.09490501613575,77.12268807502498,2211328.193850462,331.74364605755136,338.7024630778281,329.6824383240737,334.3428412361123,2507803.2309302045,41.804426469851066,42.95407994368514,41.30453646864827,42.21808666650715,4640365.429056676,9.726909714807952,10.314747289086789,9.526399115895066,9.819911180367301,19627972.595757566,95.39412488273098,98.73332816983773,95.45678408828924,96.14674787855712,9739515.713246115,12.929174051371332,13.230282721212106,12.743665346629244,13.087428411554617,13569286.858557705,151.74845225479035,152.52745974004492,150.07261805466294,150.42432470994484,8990657.868332895,465.3485819289839,480.30995314769274,465.3977990431517,471.8240721997064,1440475.92544629,33.51519622986103,34.25983994996126,33.12441461653292,34.14121409630824,9973472.54586406,43.80195012863773,43.91300511855554,43.48957032536255,43.55334345126281,26764385.99241878,82.24043165472399,82.40101704394314,81.94047009107572,82.28050054166208,16979085.521341138,89.8012182157562,89.7835325529331,89.61745856318976,89.7139665848808,6809978.783876661,41.91002280801591,42.2578752964988,41.534040114401115,42.149607364024156,4223970.725674614,119.84050094015716,123.29951051177811,118.62957219992097,122.01659299340034,3881069.6075964295,69.27571015992714,69.55660071826091,69.07380115205899,69.369495570865,4294949.31232739,49.679517239317754,49.81023880645512,49.35518049574347,49.69048112875321,2941333.4365622466,55.295963699879174,55.59796623216275,55.17713539404964,55.309212476155906,3691184.8680494777,24.799800532876638,24.88384120177011,24.354037201767078,24.361557248238753,22595648.222524486,37.42855252943676,38.69373871507046,36.607617593018915,36.45228730408398,15009490.38126588,149.6238041007916,152.813071101316,147.3036311626353,146.91093296378904,1021341.6398613158,36.56608575083566,36.73967675279403,36.03857173417446,36.081804485424215,56234593.0157727,53.80256884973193,54.39572001403822,52.437083694550495,52.860053231810454,5069600.090679293,42.98034800763476,43.64401518036177,42.12620565794349,42.10349321330621,20840053.288563587,275.1537107635706,275.49965871245837,271.6327558426087,271.66262497194384,9349776.653049303,,,,,,24.316821462860197,25.249256440892417,24.176027960470716,24.69773772135045,11136922.52826549,142.92051182639523,143.94255717987778,139.60068621746402,141.0779996623457,2041158.222867553,5.755836186988519,5.703762965052745,5.5038274500671625,5.378094207556993,23577983.607906133,56.27680064311766,56.36043882877371,55.5715586408434,55.59007568790338,9252147.720675778,94.19019664772601,94.27099459643205,93.62113999182944,93.68631112147816,7468078.774282589,54.079963177282906,54.233070942412674,53.73449453927993,53.87298739914986,11553478.697707856,51.72267811990674,51.67840974356855,51.576972629543434,51.633671674072836,3029553.860269713,93.74492050115934,94.25969410529869,93.67302067459336,94.30713866857722,3535512.9395765266,11.330707537703926,11.57542573458914,11.121350519557856,11.205045159246483,22647830.866804443,26.263886106193098,26.467780008817382,26.05907207167357,26.311288325570505,14211643.734610207,107.20089159168383,107.17831082145902,106.18047787510089,106.24308967228339,32607579.133432403,70.85497156636085,72.24707723384202,70.10978744827938,70.35026165864518,2738095.6555610304,92.61983644155396,92.71345921793426,92.27504622122277,92.34898136831569,4188424.205686288,136.3450107496758,139.38067988318085,135.17365746503745,136.32658258565135,2730630.658127188,110.68807291102975,113.81156375466689,110.195552136976,113.09083874321594,7647685.47843378,45.48267839407543,46.286323483574066,43.80912090097618,43.80171179618461,10632235.045812236,129.07800081809,133.31581713798133,128.553963169255,130.06344586726306,2734596.152246014,54.381286772916006,56.4788661801208,52.627166065463484,52.35470559944417,1581096.6973269095,246.1832829889802,253.62796412544793,244.5757416727616,248.4176272492311,560720.5282511961,92.38765743477776,93.5195408927378,91.4155087827355,91.8289718705899,4404665.787238963,45.450726323654926,46.64220377042482,44.91058163806166,45.80526391470908,12174264.320344903,25.181258124129734,25.733737369498417,24.59143257287969,24.892845829957345,3417738.804289809,61.19812928598625,61.609810814205844,60.49101310190747,60.60491689179694,3199128.170025,168.54493228522523,170.71442092819632,167.81400271828244,170.23356815430276,9468664.68907504,107.84254671528501,110.13406325450939,107.63503400330494,109.94643825642925,1256820.0766849527,91.65120649735243,93.96683474417256,90.70070324403343,90.62781503064144,1331834.5367056038,67.02433077322878,67.47494524434119,66.85982745321822,66.82647554224295,5610027.088015952,81.94346793009787,81.98607327257601,81.85485325761829,81.8851840754067,3794428.715804052,39.92498833633366,40.63,39.61135754522366,40.07709257380942,14659279.432811795,30.722021013432244,30.923476194122156,30.130942703446905,30.21729215274746,21377008.79547108,32.806108273575504,32.794686458336464,32.67653656821803,32.62999681572982,7428930.917782083,26.939680029717213,26.998034565694038,26.621096346758563,26.710013637526625,4560031.306876936,49.57898349077994,50.19505480426255,49.45068126325388,50.031597139984,2802498.0134997675,122.7491820912519,126.3931536073619,121.80269522911357,122.91437722100181,1720316.5923702002,56.93622404293926,57.838028987951816,56.881292966458886,57.41750436656176,2299016.742364733,40.43282334441461,41.49444592203092,39.78142215976603,40.19789634755787,3646016.5144707663,108.46322855844157,108.55506552781296,108.04637872731723,108.1952937497906,2235822.610541492,181.72539521501267,187.43037010189522,180.4451419924255,187.03222702933118,1934242.266045633,23.509493146502916,23.83392292216368,23.2457919811053,23.76614492016272,3218094.455275187,9.426428921392544,9.548356217580606,9.278698395915477,9.278745669979932,32443354.13021797,80.23510067887025,80.20745147299996,79.69909448849118,79.8328310643616,7761825.590799471,77.6809728773661,77.67492860947691,77.45483465147478,77.45709660471995,4822478.089732767,51.008533881702284,51.18417556614469,50.85003459724367,51.11670823019994,14007954.272392942,58.513941913270735,58.549260808520465,58.25391498268694,58.30048076814692,3835830.7406270155,70.70892227012898,70.8671984210831,70.45896199825835,70.81563817046948,5009827.251991106,56.71216173084458,56.80345330545508,56.00515230641642,56.157890750392376,2478533.7874029577,57.92467518517086,57.95681339576311,57.86913595370154,57.8816166706522,3598407.73209219,167.53540928462263,169.32106839236914,166.9794122766264,168.55453932659677,3123392.738645005,114.75692185064233,115.86981554160279,114.3211541943861,115.72797840996728,2115129.6806417615,45.24057301965887,45.33254140424019,44.8955932369395,45.00256463489093,8781690.837562064,62.27816908799942,62.40641011963917,62.07185405469453,62.23748655966631,4685719.48563498,125.51143913044164,126.87049734324964,125.10880206081305,126.35138331289694,1261600.5045370185,55.68352710698365,55.91512887364477,54.88854184617763,55.74295062896237,8220553.750877048,72.38614569305872,73.64882260585253,71.05007326307042,71.18945318762671,1687591.008257461,84.45107677161967,85.47154136013367,83.91967922813792,84.60500410254302,5237682.189824396,86.49042329701437,88.06433294846595,85.92625921115676,86.79278120038236,17285586.32373512,107.67286276443346,109.92939964637425,106.63064455951161,107.54126048041569,17883394.651071496,37.82689501961756,38.072517935533654,37.36301276437752,37.79247261001752,6179138.536676188,45.06286311932991,45.49071731541178,42.86855500010348,42.74788582367686,4887367.516385668
1889,115.21054895234298,116.29509023394546,114.78006767187348,116.1084374768899,3186491.7561206473,102.311766833384,104.3313039949362,100.82363095869152,101.32008545144295,2680545.089853478,97.84616523193093,97.89431084344781,97.3737975060062,97.43873586483079,8710824.230907748,6.6344277277580845,6.734882444681697,6.156248333882639,6.1705869294791995,21615492.550256476,71.97960214504093,73.84915758197857,70.65512076920237,72.8135838982445,2630950.057798748,471.03881845577723,482.49709240759796,468.92045958429605,480.8658404296772,550340.1266601889,15.061402120883885,15.408845009692879,15.045321885015905,15.350963919559842,23443259.86376886,41.4355793818292,42.59351957517443,41.210171218423206,42.061768333616094,7276200.241202132,48.1673815512898,48.16097185162876,48.03311268189749,48.01392023029173,4063677.0225211834,72.41035401886667,72.44469161856951,72.05541774232906,72.20374859494338,6801355.396784117,31.856625111555463,32.06486332094439,31.67177630007258,31.789462195626506,10715582.66146756,77.2378973618729,77.26871987852766,77.09490501632673,77.12268807502498,2211328.1939773723,331.7451688708666,338.70313437121445,329.6824383237128,333.9983846256732,2507803.3466867465,41.804426469851066,42.9540799436751,41.30453046266626,42.218086666509386,4640365.5110198315,9.726909714807952,10.316889023455968,9.52639917329918,9.819911180367301,19627971.98528541,95.39412488273098,98.73332816983773,95.45678408828924,96.14674787855712,9739515.680103473,12.929174051371332,13.230282721212106,12.743665346629244,13.087428411554617,13569285.526225366,151.74845225479035,152.52745974004492,150.07261805466294,150.42432470994484,8990657.86824063,465.3485819289839,480.3113592876991,465.400594220985,471.8240721997064,1440475.9458940527,33.51519622986103,34.25983994996126,33.12441461653289,34.14121409630824,9973472.639096912,43.80195012863775,43.91300511855554,43.48957032536255,43.55334345126281,26764432.252804793,82.24043165472446,82.40101475196438,81.94047009107572,82.28050054166208,16979085.521054786,89.80121798244615,89.78352999377962,89.61745854752643,89.71396573897088,6809977.102580065,41.91002280801591,42.25787498436614,41.538075502555145,42.149607364024156,4223970.8413489405,119.84050094015716,123.29951051177811,118.62957219992097,122.01659299340034,3881069.6076863054,69.27571015992714,69.55660071826091,69.07380115205899,69.369495570865,4294950.22244288,49.67212545136394,49.81023880645512,49.35518049574347,49.69048112875321,2941333.6894119056,55.29596369987918,55.59796623216275,55.17713539404964,55.309212476155906,3691184.828433773,24.799999014652435,24.88384120177011,24.354052709608613,24.361557248238753,22595648.22261523,37.42855252943676,38.7462266491517,36.607617593018915,36.45228730408399,15009457.223507656,149.62380410079157,152.813071101316,147.3036311626353,146.91093296378904,1021341.5855705761,36.56608575083566,36.73967675279403,36.03857173417446,36.081804485424215,56234678.93929277,53.80184883499136,54.39511223289665,52.43592581208717,52.860155546634054,5069600.0906746425,42.9802054978797,43.64401518036177,42.126219753676196,42.103509519543344,20840053.2825159,275.1537107635706,275.49965871245837,271.6327558426087,271.66339955922126,9349776.626428759,,,,,,24.316821462860197,25.249256440892417,24.176027960470716,24.740866347600022,11136922.528266376,142.92051182639523,143.94255717987778,139.60068621746402,141.0779996623457,2041158.2223900084,5.755836163462837,5.696892100330615,5.5038274500671625,5.372262368114388,23577982.983094968,56.27680064311766,56.36043882877371,55.5715586408434,55.59021894778138,9252147.697364653,94.19019664772601,94.27099459643205,93.62113999183067,93.69469123384069,7468078.7743208,54.07996317728294,54.233070942412674,53.73449453927993,53.87298739914986,11553479.005390827,51.72267811990674,51.678924487653596,51.57697262712291,51.633641312297286,3029553.860269713,93.74492050115852,94.25969410529763,93.67302067458984,94.30713866857722,3535508.875329709,11.33070628123708,11.575425729674594,11.121350519557856,11.205042009725556,22647831.940652736,26.263886106193098,26.467780008817382,26.05907207167357,26.311288325570505,14211644.29421931,107.20089159168383,107.17831082145902,106.18047787505233,106.24308967226297,32607578.38245088,70.85553410845466,72.24707723384202,70.10978744827938,70.35026141032876,2738096.0725696194,92.61983644155403,92.71345921793426,92.27504622122277,92.34898136831569,4188424.205685286,136.34502784307026,139.38067988318085,135.17365746503745,136.32658258565135,2730630.6595267504,110.68807291102975,113.81088239960272,110.195552136976,113.09083874321594,7647686.188331994,45.48267839407543,46.286323483574066,43.80912090097618,43.80171179618461,10632235.04201294,129.08411922570033,133.31581713801918,128.553963169255,130.13559224719265,2734596.2448614384,54.380958703110686,56.4788661801208,52.627166065463484,52.35470559944417,1581096.3454587543,246.1832829889802,253.62796412544793,244.5757416727616,248.4166109137856,560720.563168588,92.38765743477776,93.5195408927378,91.4155087827355,91.8289718705899,4404665.789060303,45.450726323654926,46.64220377042482,44.91058163806166,45.80526391470908,12174264.321123993,25.180769626084363,25.73354245627189,24.59043411561351,24.892838289183207,3417711.5617312146,61.19812928598625,61.610627158711054,60.48866082779391,60.60491689179694,3199129.2753440323,168.54493228522523,170.71442092819632,167.81400271828244,170.23356815430276,9468664.628244856,107.84254671528501,110.13406325450939,107.63503400330494,109.94643825642925,1256819.9767723465,91.6739455350198,93.96683474417256,90.73065504583018,90.62781503064146,1331833.6103399233,67.02433077322878,67.47494524434119,66.86707641779577,66.82647554224295,5610022.746079104,81.94346793009787,81.98607327257601,81.85485325761829,81.8851840754067,3794428.715804052,39.92498833633366,40.63,39.61135754522366,40.07709257380942,14659279.46362381,30.722019914588017,30.923476194122156,30.130942703446905,30.2216679406003,21376132.73675025,32.806108273575504,32.79468645833645,32.67653657154725,32.62999676714289,7428930.900477798,26.939680029720545,26.998034565693846,26.621096346758577,26.710013642019188,4560031.306876936,49.57898349077998,50.19505480426255,49.45068126325388,50.031597139984,2802498.013503867,122.7491820912519,126.3931546354851,121.80269522911357,122.91437722100181,1720316.5921741119,56.93563753169251,57.838028987951816,56.881292966458886,57.41750436656176,2299014.3876369568,40.4398659754334,41.49444396601227,39.781422096928225,40.19789633174197,3646013.6809174,108.463228558444,108.55506552781296,108.04587316810245,108.1952937497906,2235822.6105414927,181.72539521501233,187.43029659273756,180.44514199238284,187.03222702933118,1934242.2662284162,23.509493146502937,23.833922922161562,23.24579161633749,23.766144920162738,3218094.5038611004,9.429796216816987,9.548356217580606,9.278698395915477,9.278745669979932,32443369.17461817,80.23510067887025,80.20745147299996,79.69909448847967,79.83280573638436,7761825.067184277,77.6809728773661,77.67491442899745,77.45482999324224,77.45709644583611,4822478.088238212,51.00853388170254,51.184173971323006,50.85003459724367,51.11670823019994,14007954.353897471,58.513941913270735,58.54976432355687,58.25391498268694,58.297642991420844,3835829.758012512,70.70892227012966,70.86719767956671,70.45896199825835,70.81563817046948,5009828.121714411,56.71216173084147,56.80345330545481,56.00515230641643,56.15789075039239,2478533.787403742,57.92467518517086,57.95681339576311,57.86913595370154,57.8816166706522,3598407.7368341777,167.53540928462272,169.32106839236914,166.9794122766264,168.55453932659677,3123392.738645005,114.75692185064257,115.86981554160279,114.3211541943861,115.72797840996728,2115129.6806417615,45.24057301965889,45.33254140424019,44.8955932369395,45.00256463489093,8781743.287980031,62.27816908799991,62.406400748315605,62.07185405469453,62.23748655966631,4685719.48563498,125.51143913044167,126.87049734324964,125.10880206081305,126.35055131739608,1261600.5058551843,55.78035255837345,55.915062015907544,54.888541846177404,55.74295062896237,8220553.753869486,72.38541627208642,73.64882260585253,71.05007326307042,71.18945318762671,1687590.9890404146,84.45107677161967,85.47154136013367,83.91967922813792,84.60500410254302,5237637.986584994,86.49042329701437,88.06433294846595,85.92625921115676,86.79278120038236,17285595.903013185,107.67286276443346,109.92939964637425,106.63037524135835,107.54126048751799,17883394.651595965,37.82689501961756,38.072517935533654,37.36301276437752,37.79247261001752,6179138.536676207,45.062863169077765,45.49071731851527,42.868555000440374,42.747885404249935,4887367.516435988
1890,115.21054895234295,116.29509023394546,114.78006767187348,116.1084374768899,3186491.7561206473,102.311766833384,104.3313039949362,100.82363095869152,101.32008545144295,2680544.1729343757,97.84616523193091,97.89431084344781,97.3737975060062,97.43873586483079,8710824.230926584,6.634598931315395,6.734882458663326,6.156248333882639,6.170586854484352,21615011.2444861,71.97960214504093,73.84915758197857,70.65512076956819,72.3355945394289,2630950.0662263613,471.03881845577723,482.49709240759796,468.92045958429605,480.8658404296772,550340.1287275989,15.061402120883885,15.408845009692879,15.040270048741327,15.350894338138412,23443263.63256216,41.4355793818292,42.59351957517443,41.210171218423206,42.061768333616094,7276200.7689013705,48.1673815512898,48.16091938707665,48.03311072062079,48.013919964720216,4063676.922140354,72.41035401886711,72.44469161856951,72.05541730391496,72.20374859494338,6801355.404446211,31.856625111555463,32.06486237457231,31.67129123667412,31.789462195603225,10715582.984050514,77.2378973618729,77.26871987852766,77.09490501623101,77.12268807502498,2211328.194026901,331.74387877152066,338.70260656449625,329.6824383238508,334.3371454119081,2507803.4111726005,41.804426469851066,42.95407994367451,41.30453421482668,42.2180866665091,4640365.551264891,9.726909714807952,10.314945162076542,9.526399142182035,9.819911180367301,19627971.673500072,95.39412488273098,98.73332816983773,95.45678408828924,96.14674787855712,9739515.664661048,12.929174051371332,13.230282721212106,12.743665346629244,13.087428411554617,13569284.825437611,151.74845225479035,152.52745974004492,150.07261805466294,150.42432470994484,8990657.868203886,465.3485819289839,480.3124648670383,465.4029015505899,471.8240721997064,1440475.956700384,33.51519622986103,34.25983994996126,33.12441461653288,34.14121409630824,9973472.686928226,43.80195012863774,43.91300511855554,43.48957032536255,43.55334345126281,26764460.12881875,82.24043165472432,82.40101326914511,81.94047009107572,82.28050054166208,16979085.520949315,89.80121783902482,89.78352832768196,89.61745853943508,89.71396522255736,6809976.177571323,41.91002280801591,42.25787517775655,41.53453971783483,42.149607364024156,4223970.898236738,119.84050094015716,123.29951051177811,118.62957219992097,122.01659299340034,3881069.60772025,69.27571015992714,69.55660071826091,69.07380115205899,69.369495570865,4294950.726830759,49.67895471780646,49.81023880645512,49.35518049574347,49.69048112875321,2941333.8216436724,55.29596369987918,55.59796623216275,55.17713539404964,55.309212476155906,3691184.80891806,24.80016872290482,24.88384120177011,24.354065800477432,24.361557248238753,22595648.22264495,37.42855252943676,38.695943064228466,36.607617593018915,36.45228730408399,15009436.832780315,149.6238041007916,152.813071101316,147.3036311626353,146.91093296378904,1021341.5588637198,36.56608575083566,36.73967675279403,36.03857173417446,36.081804485424215,56234730.37131042,53.801282365612714,54.39463495190363,52.434990628152065,52.86007822205683,5069600.090673221,42.98009674493736,43.64401518036177,42.12621030673884,42.10349760371948,20840053.280097194,275.1537107635706,275.49965871245837,271.6327558426087,271.66279265890716,9349776.614644662,,,,,,24.316821462860197,25.249256440892417,24.176027960470716,24.698331126492967,11136922.52826663,142.92051182639523,143.94255717987778,139.60068621746402,141.0779996623457,2041158.222153026,5.75583617626829,5.690061483839379,5.5038274500671625,5.366466276732762,23577982.681725115,56.27680064311766,56.36043882877371,55.5715586408434,55.59010748894589,9252147.687010044,94.19019664772601,94.27099459643205,93.62113999183092,93.68651804458077,7468078.774334461,54.079963177282934,54.233070942412674,53.73449453927993,53.87298739914986,11553479.163400084,51.72267811990674,51.678477666434716,51.57697262786288,51.6336654857421,3029553.860269713,93.74492050115784,94.25969410529729,93.67302067458859,94.30713866857722,3535506.5346801006,11.330705463937324,11.57542572732824,11.121350519557856,11.205044212480063,22647832.52889784,26.263886106193098,26.467780008817382,26.05907207167357,26.311288325570505,14211644.579585567,107.20089159168383,107.17831082145902,106.18047787503414,106.24308967225538,32607578.0139571,70.85504377021533,72.24707723384202,70.10978744827938,70.3502615549261,2738096.31562932,92.61983644155403,92.71345921793426,92.27504622122277,92.34898136831569,4188424.205685019,136.34501652209747,139.38067988318085,135.17365746503745,136.32658258565135,2730630.660105704,110.68807291102975,113.81142368009803,110.195552136976,113.09083874321594,7647686.617836463,45.48267839407543,46.286323483574066,43.80912090097618,43.80171179618461,10632235.040322434,129.07889261112774,133.31581713800526,128.553963169255,130.064419019198,2734596.291483677,54.38071745265029,56.4788661801208,52.627166065463484,52.35470559944417,1581096.1542582582,246.1832829889802,253.62796412544793,244.5757416727616,248.415796430119,560720.5818537025,92.38765743477776,93.5195408927378,91.4155087827355,91.8289718705899,4404665.789848195,45.450726323654926,46.64220377042482,44.91058163806166,45.80526391470908,12174264.321436595,25.180376740140453,25.73339491417956,24.589605514341805,24.892833375988793,3417694.3068075823,61.19812928598625,61.60995313664251,60.490797478359084,60.60491689179694,3199129.9150821017,168.54493228522523,170.71442092819632,167.81400271828244,170.23356815430276,9468664.596891008,107.84254671528501,110.13406325450939,107.63503400330494,109.94643825642925,1256819.9260736466,91.65206062752941,93.96683474417256,90.70234216980575,90.62781503064146,1331833.0837942336,67.02433077322878,67.47494524434119,66.86063259554052,66.82647554224295,5610020.277793476,81.94346793009787,81.98607327257601,81.85485325761829,81.8851840754067,3794428.715804052,39.92498833633366,40.63,39.61135754522366,40.07709257380942,14659279.478060286,30.722020606039727,30.923476194122156,30.130942703446905,30.217698537262425,21375530.837973222,32.806108273575504,32.79468645833644,32.676536569871985,32.62999674075204,7428930.892799868,26.93968002972164,26.998034565693633,26.621096346758577,26.710013644171866,4560031.306876936,49.57898349077997,50.19505480426255,49.45068126325388,50.031597139984,2802498.0135052223,122.7491820912519,126.3931539997179,121.80269522911357,122.91437722100181,1720316.592097001,56.936115312130255,57.838028987951816,56.881292966458886,57.41750436656176,2299013.0361762377,40.43349399028476,41.49444281001898,39.78142206647868,40.19789632444034,3646012.024847802,108.46322855844174,108.55506552781296,108.045423549513,108.1952937497906,2235822.6105414927,181.7253952150122,187.43034887639018,180.44514199239796,187.03222702933118,1934242.2662998042,23.509493146502937,23.833922922140886,23.245791825585197,23.766144920162734,3218094.5274681393,9.426657314661572,9.548356217580606,9.278698395915477,9.278745669979932,32443377.804728612,80.23510067887025,80.20745147299996,79.6990944884755,79.83278753258965,7761824.8004547935,77.6809728773661,77.67492532176759,77.45482681200896,77.457096356049,4822478.087646556,51.00853388170246,51.18417292941756,50.85003459724367,51.11670823019994,14007954.394518556,58.513941913270735,58.54932746455213,58.25391498268694,58.30045481989624,3835829.264629642,70.70892227012945,70.86719723025135,70.45896199825835,70.81563817046948,5009828.626249208,56.71216173084099,56.803453305454596,56.00515230641643,56.15789075039238,2478533.7874039803,57.92467518517086,57.95681339576311,57.86913595370154,57.8816166706522,3598407.7390221697,167.5354092846227,169.32106839236914,166.9794122766264,168.55453932659677,3123392.738645005,114.7569218506425,115.86981554160279,114.3211541943861,115.72797840996728,2115129.6806417615,45.24057301965888,45.33254140424019,44.8955932369395,45.00256463489093,8781778.863582384,62.278169087999764,62.406394072108135,62.07185405469453,62.23748655966631,4685719.48563498,125.51143913044166,126.87049734324964,125.10880206081305,126.3513488841061,1261600.506441175,55.68383564193736,55.91511065461743,54.888541846177446,55.74295062896237,8220553.755207696,72.38600833524939,73.64882260585253,71.05007326307042,71.18945318762671,1687590.9800150718,84.45107677161967,85.47154136013367,83.91967922813792,84.60500410254302,5237605.059351535,86.49042329701437,88.06433294846595,85.92625921115676,86.79278120038236,17285601.672998227,107.67286276443346,109.92939964637425,106.63059554513464,107.54126048429556,17883394.651806217,37.82689501961756,38.072517935533654,37.36301276437752,37.79247261001752,6179138.536676216,45.0628631954158,45.49071731995681,42.868555000609334,42.74788517101961,4887367.5163755715
1891,115.21054895234295,116.29509023394546,114.78006767187348,116.1084374768899,3186491.7561206473,102.311766833384,104.3313039949362,100.82363095869152,101.32008545144295,2680543.647223988,97.84616523193122,97.89431084344781,97.3737975060062,97.43873586483079,8710824.230933307,6.634467204384732,6.734882451541072,6.156248333882639,6.170586897671995,21614680.13956727,71.97960214504093,73.84915758197857,70.6551207694083,72.80594567068648,2630950.0700877476,471.03881845577723,482.49709240759796,468.92045958429605,480.8658404296772,550340.1297083792,15.061402120883885,15.408845009692879,15.044986104213876,15.350954842910081,23443265.687482562,41.4355793818292,42.59351957517443,41.210171218423206,42.061768333616094,7276201.060214946,48.1673815512898,48.160876957422104,48.033109314912934,48.01391979817315,4063676.8737369035,72.41035401886717,72.44469161856951,72.05541757681279,72.20374859494338,6801355.407887284,31.856625111555463,32.06486301642071,31.67169896334988,31.789462195611854,10715583.149017196,77.2378973618729,77.26871987852766,77.094905016279,77.12268807502498,2211328.19404623,331.74497171988526,338.70302155433143,329.682438323798,334.00398626555227,2507803.4470964908,41.804426469851066,42.95407994367555,41.30453187071246,42.21808666650889,4640365.571025781,9.726909714807952,10.316709431780945,9.52639915904976,9.819911180367301,19627971.514262512,95.39412488273098,98.73332816983773,95.45678408828924,96.14674787855712,9739515.65746583,12.929174051371332,13.230282721212106,12.743665346629244,13.087428411554617,13569284.456833275,151.74845225479035,152.52745974004492,150.07261805466294,150.42432470994484,8990657.868189251,465.3485819289839,480.3133341301768,465.4048061771372,471.8240721997064,1440475.9624113655,33.51519622986103,34.25983994996126,33.12441461653288,34.14121409630824,9973472.711467158,43.80195012863774,43.91300511855554,43.48957032536255,43.55334345126281,26764476.92660669,82.24043165472436,82.4010123098199,81.94047009107572,82.28050054166208,16979085.520910468,89.80121775086025,89.7835272429946,89.61745853525525,89.71396490729575,6809975.668653873,41.91002280801591,42.25787505793618,41.53763775279732,42.149607364024156,4223970.926213745,119.84050094015716,123.29951051177811,118.62957219992097,122.01659299340034,3881069.60773307,69.27571015992714,69.55660071826091,69.07380115205899,69.369495570865,4294951.006363564,49.67264516449752,49.81023880645512,49.35518049574347,49.69048112875321,2941333.890796386,55.29596369987918,55.59796623216275,55.17713539404964,55.309212476155906,3691184.799304119,24.800313828876455,24.88384120177011,24.35407685107052,24.361557248238753,22595648.222654685,37.42855252943676,38.74411487660765,36.607617593018915,36.45228730408399,15009424.293278512,149.6238041007916,152.813071101316,147.3036311626353,146.91093296378904,1021341.5457260065,36.56608575083566,36.73967675279403,36.03857173417446,36.081804485424215,56234761.1574379,53.800836697574454,54.39426015062943,52.43423531056139,52.8601366602189,5069600.090672787,42.980013752706675,43.64401518036177,42.12621663806104,42.10350631123779,20840053.279129837,275.1537107635706,275.49965871245837,271.6327558426087,271.6632681740647,9349776.609428205,,,,,,24.316821462860197,25.249256440892417,24.176027960470716,24.740281107096486,11136922.528266702,142.92051182639523,143.94255717987778,139.60068621746402,141.0779996623457,2041158.2220354227,5.755836169298051,5.6832708798124845,5.5038274500671625,5.360705714283333,23577982.536363132,56.27680064311766,56.36043882877371,55.5715586408434,55.59019420598197,9252147.682410613,94.19019664772601,94.27099459643205,93.62113999183089,93.69448942011711,7468078.774339346,54.079963177282934,54.233070942412674,53.73449453927993,53.87298739914986,11553479.244545054,51.72267811990674,51.67886552752422,51.576972627216236,51.633646239323745,3029553.860269713,93.74492050115775,94.25969410529717,93.67302067458819,94.30713866857722,3535505.1866712673,11.330704932304602,11.57542572620802,11.121350519557856,11.205042671887847,22647832.851133265,26.263886106193098,26.467780008817382,26.05907207167357,26.311288325570505,14211644.725104826,107.20089159168383,107.17831082145902,106.18047787502732,106.24308967225281,32607577.833143514,70.85547117216728,72.24707723384202,70.10978744827938,70.3502614707255,2738096.4573003068,92.61983644155403,92.71345921793426,92.27504622122277,92.34898136831569,4188424.205684948,136.3450240199894,139.38067988318085,135.17365746503745,136.32658258565135,2730630.660345198,110.68807291102975,113.81099367731386,110.195552136976,113.09083874321594,7647686.877696377,45.48267839407543,46.286323483574066,43.80912090097618,43.80171179618461,10632235.03957024,129.08335741661807,133.31581713801037,128.553963169255,130.1346322216916,2734596.3149531274,54.3805400459408,56.4788661801208,52.627166065463484,52.35470559944417,1581096.0503622845,246.1832829889802,253.62796412544793,244.5757416727616,248.41514370896664,560720.5918525453,92.38765743477776,93.5195408927378,91.4155087827355,91.8289718705899,4404665.79018903,45.450726323654926,46.64220377042482,44.91058163806166,45.80526391470908,12174264.321562024,25.18006075245865,25.733283230281046,24.588917873427445,24.892830174795005,3417683.3778638383,61.19812928598625,61.610509648931114,60.48885668599507,60.60491689179694,3199130.2853505807,168.54493228522523,170.71442092819632,167.81400271828244,170.23356815430276,9468664.580730218,107.84254671528501,110.13406325450939,107.63503400330494,109.94643825642925,1256819.9003475383,91.6731234879226,93.96683474417256,90.72910580006126,90.62781503064146,1331832.7845059836,67.02433077322878,67.47494524434119,66.86636070261194,66.82647554224295,5610018.874633054,81.94346793009787,81.98607327257601,81.85485325761829,81.8851840754067,3794428.715804052,39.92498833633366,40.63,39.61135754522366,40.07709257380942,14659279.484824266,30.722020170941235,30.923476194122156,30.130942703446905,30.221299297488617,21375117.30159146,32.806108273575504,32.79468645833644,32.67653657071498,32.62999672641739,7428930.889392781,26.939680029721618,26.99803456569364,26.621096346758577,26.710013645203354,4560031.306876936,49.57898349077997,50.19505480426255,49.45068126325388,50.031597139984,2802498.0135056702,122.7491820912519,126.39315439286138,121.80269522911357,122.91437722100181,1720316.5920666773,56.93572610536234,57.838028987951816,56.881292966458886,57.41750436656176,2299012.2605241947,40.43925919289528,41.49444212683507,39.781422051723645,40.19789632106944,3646011.056957973,108.46322855844123,108.55506552781296,108.0450236816636,108.1952937497906,2235822.6105414927,181.72539521501218,187.43031168945433,180.4451419923926,187.03222702933118,1934242.2663276866,23.509493146502937,23.833922922137447,23.24579170555102,23.766144920162734,3218094.538938383,9.429583314759379,9.548356217580606,9.278698395915477,9.278745669979932,32443382.75532852,80.23510067887025,80.20745147299996,79.69909448847397,79.83277444910736,7761824.6645828085,77.6809728773661,77.67491695445946,77.45482463945862,77.45709630530924,4822478.087412334,51.00853388170248,51.184172248735216,50.85003459724367,51.11670823019994,14007954.414763719,58.513941913270735,58.549706491544825,58.25391498268694,58.29766870240419,3835829.0168960136,70.70892227012952,70.86719695799263,70.45896199825835,70.81563817046948,5009828.918934664,56.71216173084114,56.80345330545461,56.00515230641643,56.15789075039238,2478533.787404053,57.92467518517086,57.95681339576311,57.86913595370154,57.8816166706522,3598407.740031826,167.5354092846227,169.32106839236914,166.9794122766264,168.55453932659677,3123392.738645005,114.75692185064251,115.86981554160279,114.3211541943861,115.72797840996728,2115129.6806417615,45.24057301965888,45.33254140424019,44.8955932369395,45.00256463489093,8781802.99348539,62.278169087999814,62.40638931592339,62.07185405469453,62.23748655966631,4685719.48563498,125.51143913044166,126.87049734324964,125.10880206081305,126.35058432148973,1261600.5067016773,55.78004500656844,55.91507527016983,54.88854184617749,55.74295062896237,8220553.75580614,72.38552776394386,73.64882260585253,71.05007326307042,71.18945318762671,1687590.9757762928,84.45107677161967,85.47154136013367,83.91967922813792,84.60500410254302,5237580.531676235,86.49042329701437,88.06433294846595,85.92625921115676,86.79278120038236,17285605.14849264,107.67286276443346,109.92939964637425,106.63041533539659,107.54126048575763,17883394.6518905,37.82689501961756,38.072517935533654,37.36301276437752,37.79247261001752,6179138.536676221,45.06286320935997,45.49071732062639,42.868555000694066,42.74788504132745,4887367.516366324
1893,115.21054895234295,116.29509023394546,114.78006767187348,116.1084374768899,3186491.7561206473,102.311766833384,104.3313039949362,100.82363095869152,101.32008545144295,2680543.345810907,97.84616523193124,97.89431084344781,97.3737975060062,97.43873586483079,8710824.230935706,6.63456855732701,6.734882455169154,6.156248333882639,6.170586872801319,21614452.36239691,71.97960214504093,73.84915758197857,70.65512076947817,72.34311070878803,2630950.0718569676,471.03881845577723,482.49709240759796,468.92045958429605,480.8658404296772,550340.1301736617,15.061402120883885,15.408845009692879,15.040583511174175,15.35090223077139,23443266.807920124,41.4355793818292,42.59351957517443,41.210171218423206,42.061768333616094,7276201.221032878,48.1673815512898,48.16084264328974,48.03310830739851,48.01391969372699,4063676.8503968497,72.41035401886712,72.44469161856951,72.05541740694319,72.20374859494338,6801355.409432503,31.856625111555463,32.06486258110634,31.67135624311443,31.789462195608657,10715583.23338001,77.2378973618729,77.26871987852766,77.09490501625496,77.12268807502498,2211328.194053774,331.74404579419485,338.7026952671559,329.6824383238182,334.33163639895224,2507803.4671090334,41.804426469851066,42.95407994367574,41.304533335167825,42.21808666650891,4640365.580728656,9.726909714807952,10.31510816143172,9.526399149906243,9.819911180367301,19627971.4329354,95.39412488273098,98.73332816983773,95.45678408828924,96.14674787855712,9739515.654113304,12.929174051371332,13.230282721212106,12.743665346629244,13.087428411554617,13569284.262952667,151.74845225479035,152.52745974004492,150.07261805466294,150.42432470994484,8990657.868183423,465.3485819289839,480.31401758940706,465.40637838523304,471.8240721997064,1440475.965429532,33.51519622986103,34.25983994996126,33.12441461653288,34.14121409630824,9973472.724056384,43.80195012863774,43.91300511855554,43.48957032536255,43.55334345126281,26764487.048774082,82.24043165472435,82.40101168917458,81.94047009107572,82.28050054166208,16979085.52089616,89.80121769666336,89.7835265368255,89.61745853309604,89.71396471483393,6809975.388659794,41.91002280801591,42.2578751321742,41.53492327174487,42.149607364024156,4223970.939972635,119.84050094015716,123.29951051177811,118.62957219992097,122.01659299340034,3881069.607737912,69.27571015992714,69.55660071826091,69.07380115205899,69.369495570865,4294951.161281222,49.6784745552957,49.81023880645512,49.35518049574347,49.69048112875321,2941333.9269609023,55.29596369987918,55.59796623216275,55.17713539404964,55.309212476155906,3691184.7945680446,24.800437899112918,24.88384120177011,24.354086179374793,24.361557248238753,22595648.222657874,37.42855252943676,38.69796614812224,36.607617593018915,36.45228730408399,15009416.581974171,149.6238041007916,152.813071101316,147.3036311626353,146.91093296378904,1021341.5392632649,36.56608575083566,36.73967675279403,36.03857173417446,36.081804485424215,56234779.58536836,53.80048606961853,54.39396582507027,52.43362526515603,52.860092495492644,5069600.090672654,42.9799504191526,43.64401518036177,42.1262123948191,42.10349994819685,20840053.27874295,275.1537107635706,275.49965871245837,271.6327558426087,271.66289560107407,9349776.607119039,,,,,,24.316821462860197,25.249256440892417,24.176027960470716,24.698908314694478,11136922.528266722,142.92051182639523,143.94255717987778,139.60068621746402,141.0779996623457,2041158.2219770618,5.755836173092077,5.676520053864455,5.5038274500671625,5.35498046298054,23577982.466249596,56.27680064311766,56.36043882877371,55.5715586408434,55.59012673852357,9252147.680367583,94.19019664772601,94.27099459643205,93.62113999183084,93.68671487508693,7468078.774341092,54.079963177282934,54.233070942412674,53.73449453927993,53.87298739914986,11553479.286216702,51.72267811990674,51.67852884650193,51.57697262744498,51.633661562941136,3029553.860269713,93.74492050115768,94.25969410529713,93.67302067458805,94.30713866857722,3535504.410336439,11.330704586491027,11.575425725673192,11.121350519557856,11.20504374936805,22647833.027651045,26.263886106193098,26.467780008817382,26.05907207167357,26.311288325570505,14211644.799310707,107.20089159168383,107.17831082145902,106.18047787502476,106.24308967225186,32607577.74442138,70.85509862845382,72.24707723384202,70.10978744827938,70.35026151975643,2738096.539875363,92.61983644155403,92.71345921793426,92.27504622122277,92.34898136831569,4188424.2056849287,136.34501905412785,139.38067988318085,135.17365746503745,136.32658258565135,2730630.660444269,110.68807291102975,113.8113352791192,110.195552136976,113.09083874321594,7647687.0349175,45.48267839407543,46.286323483574066,43.80912090097618,43.80171179618461,10632235.039235549,129.0795433821624,133.3158171380085,128.553963169255,130.06536609532202,2734596.326767556,54.380409587576,56.4788661801208,52.627166065463484,52.35470559944417,1581095.9939065464,246.1832829889802,253.62796412544793,244.5757416727616,248.41462062309,560720.5972031603,92.38765743477776,93.5195408927378,91.4155087827355,91.8289718705899,4404665.790336471,45.450726323654926,46.64220377042482,44.91058163806166,45.80526391470908,12174264.32161235,25.179806611997286,25.733198689706963,24.58834721291406,24.892828089055907,3417676.455676654,61.19812928598625,61.610050159632735,60.49061957369491,60.60491689179694,3199130.49965508,168.54493228522523,170.71442092819632,167.81400271828244,170.23356815430276,9468664.572400423,107.84254671528501,110.13406325450939,107.63503400330494,109.94643825642925,1256819.8872933164,91.65285179666058,93.96683474417256,90.70380664275078,90.62781503064146,1331832.614390724,67.02433077322878,67.47494524434119,66.86126881625599,66.82647554224295,5610018.0769704385,81.94346793009787,81.98607327257601,81.85485325761829,81.8851840754067,3794428.715804052,39.92498833633366,40.63,39.61135754522366,40.07709257380942,14659279.487993421,30.72202044472854,30.923476194122156,30.130942703446905,30.218032944058923,21374833.180170503,32.806108273575504,32.79468645833644,32.676536570290786,32.62999671863127,7428930.88788099,26.939680029721483,26.99803456569366,26.621096346758577,26.710013645697607,4560031.306876936,49.57898349077997,50.19505480426255,49.45068126325388,50.031597139984,2802498.0135058183,122.7491820912519,126.3931541497507,121.80269522911357,122.91437722100181,1720316.5920547526,56.936043158753854,57.838028987951816,56.881292966458886,57.41750436656176,2299011.815349928,40.434042990979385,41.494441723078175,39.781422044573745,40.19789631951322,3646010.491274891,108.46322855844146,108.55506552781296,108.04466805958579,108.1952937497906,2235822.6105414927,181.72539521501218,187.43033813879615,180.4451419923945,187.03222702933118,1934242.2663385766,23.509493146502937,23.83392292213963,23.245791774408183,23.766144920162734,3218094.5445115725,9.426855776228878,9.548356217580606,9.278698395915477,9.278745669979932,32443385.595204048,80.23510067887025,80.20745147299996,79.69909448847342,79.83276504571035,7761824.595369636,77.6809728773661,77.67492338182775,77.45482315576514,77.4570962766356,4822478.087319612,51.008533881702476,51.18417180404184,50.85003459724367,51.11670823019994,14007954.424853716,58.513941913270735,58.549377640680746,58.25391498268694,58.30042934401068,3835828.892505901,70.7089222701295,70.86719679301984,70.45896199825835,70.81563817046948,5009829.088724292,56.712161730841245,56.80345330545463,56.00515230641643,56.15789075039238,2478533.787404075,57.92467518517086,57.95681339576311,57.86913595370154,57.8816166706522,3598407.740497709,167.5354092846227,169.32106839236914,166.9794122766264,168.55453932659677,3123392.738645005,114.75692185064251,115.86981554160279,114.3211541943861,115.72797840996728,2115129.6806417615,45.24057301965888,45.33254140424019,44.8955932369395,45.00256463489093,8781819.360101208,62.2781690879998,62.40638592757852,62.07185405469453,62.23748655966631,4685719.48563498,125.51143913044166,126.87049734324964,125.10880206081305,126.35131724575425,1261600.5068174836,55.68414221372646,55.91510101219989,54.88854184617751,55.74295062896237,8220553.756073762,72.3859178385071,73.64882260585253,71.05007326307042,71.18945318762671,1687590.9737855378,84.45107677161967,85.47154136013367,83.91967922813792,84.60500410254302,5237562.260877495,86.49042329701437,88.06433294846595,85.92625921115676,86.79278120038236,17285607.241922926,107.67286276443346,109.92939964637425,106.63056274798403,107.54126048509427,17883394.65192429,37.82689501961756,38.072517935533654,37.36301276437752,37.79247261001752,6179138.536676223,45.062863216742436,45.4907173209374,42.86855500073656,42.74788496920966,4887367.516373694
1894,115.21054895234295,116.29509023394546,114.78006767187348,116.1084374768899,3186491.7561206473,102.311766833384,104.3313039949362,100.82363095869152,101.32008545144295,2680543.1729974197,97.84616523193121,97.89431084344781,97.3737975060062,97.43873586483079,8710824.230936563,6.634490574648322,6.734882453321005,6.156248333882639,6.170586887123714,21614295.66753509,71.97960214504093,73.84915758197857,70.65512076944763,72.79854960904706,2630950.0726675936,471.03881845577723,482.49709240759796,468.92045958429605,480.8658404296772,550340.130394392,15.061402120883885,15.408845009692879,15.044693476713395,15.350947979843099,23443267.41883448,41.4355793818292,42.59351957517443,41.210171218423206,42.061768333616094,7276201.3098115185,48.1673815512898,48.160814892423225,48.033107585281655,48.013919628225985,4063676.839142319,72.41035401886712,72.44469161856951,72.05541751268123,72.20374859494338,6801355.410126438,31.856625111555463,32.06486287634522,31.671644321297116,31.789462195609843,10715583.276522567,77.2378973618729,77.26871987852766,77.094905016267,77.12268807502498,2211328.1940567177,331.7448302213572,338.70295181156223,329.68243832381046,334.0094041832341,2507803.478257655,41.804426469851066,42.954079943675644,41.30453242026807,42.21808666650893,4640365.585492903,9.726909714807952,10.316561491795499,9.526399154862686,9.819911180367301,19627971.391399354,95.39412488273098,98.73332816983773,95.45678408828924,96.14674787855712,9739515.652551234,12.929174051371332,13.230282721212106,12.743665346629244,13.087428411554617,13569284.16097424,151.74845225479035,152.52745974004492,150.07261805466294,150.42432470994484,8990657.868181102,465.3485819289839,480.31455496008186,465.40767619256445,471.8240721997064,1440475.9670245873,33.51519622986103,34.25983994996126,33.12441461653288,34.14121409630824,9973472.730515042,43.80195012863774,43.91300511855554,43.48957032536255,43.55334345126281,26764493.14828392,82.24043165472435,82.4010112876417,81.94047009107572,82.28050054166208,16979085.520890888,89.80121766334722,89.78352607708493,89.61745853198065,89.71396459733928,6809975.23461382,41.91002280801591,42.25787508617798,41.53730168498853,42.149607364024156,4223970.946739158,119.84050094015716,123.29951051177811,118.62957219992097,122.01659299340034,3881069.6077397405,69.27571015992714,69.55660071826091,69.07380115205899,69.369495570865,4294951.247136908,49.67308878622236,49.81023880645512,49.35518049574347,49.69048112875321,2941333.9458737136,55.29596369987918,55.59796623216275,55.17713539404964,55.309212476155906,3691184.792234933,24.800543983124506,24.88384120177011,24.354094053817363,24.361557248238753,22595648.222658917,37.42855252943676,38.742176756684266,36.607617593018915,36.45228730408399,15009411.839822866,149.6238041007916,152.813071101316,147.3036311626353,146.91093296378904,1021341.5360840944,36.56608575083566,36.73967675279403,36.03857173417446,36.081804485424215,56234790.61594118,53.800210214154546,54.39373469582729,52.43313255136094,52.86012587304896,5069600.090672613,42.9799020876517,43.64401518036177,42.12621523863301,42.10350459800504,20840053.278588217,275.1537107635706,275.49965871245837,271.6327558426087,271.6631875173908,9349776.606096841,,,,,,24.316821462860197,25.249256440892417,24.176027960470716,24.739711860405677,11136922.528266728,142.92051182639523,143.94255717987778,139.60068621746402,141.0779996623457,2041158.2219481,5.75583617102692,5.669808772982799,5.5038274500671625,5.349290306373804,23577982.43243121,56.27680064311766,56.36043882877371,55.5715586408434,55.59017922945441,9252147.679460086,94.19019664772601,94.27099459643205,93.62113999183083,93.69429744978193,7468078.774341716,54.079963177282934,54.233070942412674,53.73449453927993,53.87298739914986,11553479.307616998,51.72267811990674,51.678821100903924,51.57697262726993,51.63364936258023,3029553.860269713,93.74492050115767,94.25969410529711,93.673020674588,94.30713866857722,3535503.963235685,11.330704361548085,11.57542572541785,11.121350519557856,11.205042995785385,22647833.124345936,26.263886106193098,26.467780008817382,26.05907207167357,26.311288325570505,14211644.837151146,107.20089159168383,107.17831082145902,106.18047787502381,106.24308967225153,32607577.70088695,70.85542335513746,72.24707723384202,70.10978744827938,70.35026149120519,2738096.588005471,92.61983644155403,92.71345921793426,92.27504622122277,92.34898136831569,4188424.2056849236,136.3450223430231,139.38067988318085,135.17365746503745,136.32658258565135,2730630.6604852513,110.68807291102975,113.81106390461255,110.195552136976,113.09083874321594,7647687.1300398335,45.48267839407543,46.286323483574066,43.80912090097618,43.80171179618461,10632235.039086627,129.08280149919807,133.31581713800918,128.553963169255,130.13369792027592,2734596.3327148925,54.38031365329597,56.4788661801208,52.627166065463484,52.35470559944417,1581095.9632292113,246.1832829889802,253.62796412544793,244.5757416727616,248.41420142595913,560720.6000663998,92.38765743477776,93.5195408927378,91.4155087827355,91.8289718705899,4404665.790400253,45.450726323654926,46.64220377042482,44.91058163806166,45.80526391470908,12174264.321632544,25.179602213605122,25.73313469562401,24.587873632278093,24.892826730091762,3417672.0712936283,61.19812928598625,61.610429541040205,60.489018282851085,60.60491689179694,3199130.623690533,168.54493228522523,170.71442092819632,167.81400271828244,170.23356815430276,9468664.568106975,107.84254671528501,110.13406325450939,107.63503400330494,109.94643825642925,1256819.8806691982,91.67236203691053,93.96683474417256,90.7277214612754,90.62781503064146,1331832.517697314,67.02433077322878,67.47494524434119,66.86579514691613,66.82647554224295,5610017.623518618,81.94346793009787,81.98607327257601,81.85485325761829,81.8851840754067,3794428.715804052,39.92498833633366,40.63,39.61135754522366,40.07709257380942,14659279.489478277,30.722020272446887,30.923476194122156,30.130942703446905,30.22099594744084,21374637.973687906,32.806108273575504,32.79468645833644,32.67653657050424,32.6299967144021,7428930.887210149,26.93968002972144,26.99803456569366,26.621096346758577,26.710013645934435,4560031.306876936,49.57898349077997,50.19505480426255,49.45068126325388,50.031597139984,2802498.013505867,122.7491820912519,126.39315430008462,121.80269522911357,122.91437722100181,1720316.5920500634,56.93578488253319,57.838028987951816,56.881292966458886,57.41750436656176,2299011.559848479,40.43876247167512,41.49444148446069,39.781422041109096,40.19789631879477,3646010.160661459,108.46322855844154,108.55506552781296,108.04435178744136,108.1952937497906,2235822.6105414927,181.72539521501218,187.4303193266067,180.44514199239381,187.03222702933118,1934242.26634283,23.509493146502937,23.83392292214049,23.245791734908526,23.766144920162734,3218094.547219487,9.42939831422843,9.548356217580606,9.278698395915477,9.278745669979932,32443387.224277932,80.23510067887025,80.20745147299996,79.69909448847322,79.83275828727452,7761824.560112452,77.6809728773661,77.67491844462901,77.45482214251068,77.45709626043178,4822478.087282905,51.008533881702476,51.1841715135213,50.85003459724367,51.11670823019994,14007954.429882474,58.513941913270735,58.54966295780298,58.25391498268694,58.297693945341656,3835828.8300480903,70.7089222701295,70.86719669305603,70.45896199825835,70.81563817046948,5009829.187220877,56.712161730841274,56.80345330545463,56.00515230641643,56.15789075039238,2478533.7874040813,57.92467518517086,57.95681339576311,57.86913595370154,57.8816166706522,3598407.740712687,167.5354092846227,169.32106839236914,166.9794122766264,168.55453932659677,3123392.738645005,114.75692185064251,115.86981554160279,114.3211541943861,115.72797840996728,2115129.6806417615,45.24057301965888,45.33254140424019,44.8955932369395,45.00256463489093,8781830.46110372,62.27816908799981,62.40638351369395,62.07185405469453,62.23748655966631,4685719.48563498,125.51143913044166,126.87049734324964,125.10880206081305,126.35061465061551,1261600.5068689652,55.779739411672416,55.9150822849862,54.88854184617752,55.74295062896237,8220553.756193441,72.38560121917688,73.64882260585253,71.05007326307042,71.18945318762671,1687590.9728505737,84.45107677161967,85.47154136013367,83.91967922813792,84.60500410254302,5237548.650860135,86.49042329701437,88.06433294846595,85.92625921115676,86.79278120038236,17285608.502880313,107.67286276443346,109.92939964637425,106.63044216365174,107.54126048539526,17883394.651937835,37.82689501961756,38.072517935533654,37.36301276437752,37.79247261001752,6179138.536676224,45.06286322065094,45.49071732108186,42.86855500075787,42.74788492910719,4887367.516375223
1895,115.21054895234295,116.29509023394546,114.78006767187348,116.1084374768899,3186491.7561206473,102.311766833384,104.3313039949362,100.82363095869152,101.32008545144295,2680543.073915783,97.84616523193121,97.89431084344781,97.3737975060062,97.43873586483079,8710824.230936868,6.634550575848471,6.734882454262453,6.156248333882639,6.170586878875808,21614187.872361198,71.97960214504093,73.84915758197857,70.65512076946098,72.35038858201845,2630950.0730390083,471.03881845577723,482.49709240759796,468.92045958429605,480.8658404296772,550340.1304991065,15.061402120883885,15.408845009692879,15.04085668857939,15.350908198575615,23443267.751933224,41.4355793818292,42.59351957517443,41.210171218423206,42.061768333616094,7276201.358821255,48.1673815512898,48.160792449466356,48.033107067718106,48.013919587148536,4063676.833715405,72.41035401886712,72.44469161856951,72.0554174468629,72.20374859494338,6801355.410438059,31.856625111555463,32.064862676108326,31.671402173239443,31.789462195609403,10715583.298585372,77.2378973618729,77.26871987852766,77.09490501626097,77.12268807502498,2211328.1940578665,331.7441656691373,338.70275010264635,329.6824383238134,334.32630807022224,2507803.484468349,41.804426469851066,42.954079943675616,41.304532991839984,42.21808666650893,4640365.587832216,9.726909714807952,10.315242433369603,9.526399152175939,9.819911180367301,19627971.37018572,95.39412488273098,98.73332816983773,95.45678408828924,96.14674787855712,9739515.651823405,12.929174051371332,13.230282721212106,12.743665346629244,13.087428411554617,13569284.107335046,151.74845225479035,152.52745974004492,150.07261805466294,150.42432470994484,8990657.868180178,465.3485819289839,480.31497746844724,465.40874749087027,471.8240721997064,1440475.9678675497,33.51519622986103,34.25983994996126,33.12441461653288,34.14121409630824,9973472.733828533,43.80195012863774,43.91300511855554,43.48957032536255,43.55334345126281,26764496.823783327,82.24043165472435,82.40101102786585,81.94047009107572,82.28050054166208,16979085.520888947,89.80121764286697,89.78352577777787,89.61745853140445,89.71396452561082,6809975.149861449,41.91002280801591,42.25787511467621,41.535217732495106,42.149607364024156,4223970.950066885,119.84050094015716,123.29951051177811,118.62957219992097,122.01659299340034,3881069.607740431,69.27571015992714,69.55660071826091,69.07380115205899,69.369495570865,4294951.294718306,49.67806469357111,49.81023880645512,49.35518049574347,49.69048112875321,2941333.95576447,55.29596369987918,55.59796623216275,55.17713539404964,55.309212476155906,3691184.791085582,24.800634688339837,24.88384120177011,24.354100700989665,24.361557248238753,22595648.22265926,37.42855252943676,38.69982287232875,36.607617593018915,36.45228730408399,15009408.923584837,149.6238041007916,152.813071101316,147.3036311626353,146.91093296378904,1021341.5345201878,36.56608575083566,36.73967675279403,36.03857173417446,36.081804485424215,56234797.21861081,53.79999318571822,54.39355319365972,52.43273460248412,52.86010064791207,5069600.090672601,42.97986520461217,43.64401518036177,42.126213332713505,42.103501200145985,20840053.278526332,275.1537107635706,275.49965871245837,271.6327558426087,271.66295879674243,9349776.605644347,,,,,,24.316821462860197,25.249256440892417,24.176027960470716,24.699469729141526,11136922.52826673,142.92051182639523,143.94255717987778,139.60068621746402,141.0779996623457,2041158.2219337276,5.755836172151023,5.6631368055199705,5.5038274500671625,5.343635029339347,23577982.416119333,56.27680064311766,56.36043882877371,55.5715586408434,55.5901383905391,9252147.679056983,94.19019664772601,94.27099459643205,93.62113999183083,93.68690210525925,7468078.77434194,54.079963177282934,54.233070942412674,53.73449453927993,53.87298739914986,11553479.318607027,51.72267811990674,51.67856741082391,51.576972627338805,51.63365907626613,3029553.860269713,93.74492050115765,94.25969410529711,93.67302067458799,94.30713866857722,3535503.7057448747,11.330704215228415,11.575425725295942,11.121350519557856,11.205043522836213,22647833.177314557,26.263886106193098,26.467780008817382,26.05907207167357,26.311288325570505,14211644.856447445,107.20089159168383,107.17831082145902,106.18047787502346,106.24308967225141,32607577.67952535,70.85514030803382,72.24707723384202,70.10978744827938,70.35026150783088,2738096.6160588255,92.61983644155403,92.71345921793426,92.27504622122277,92.34898136831569,4188424.205684922,136.3450201647844,139.38067988318085,135.17365746503745,136.32658258565135,2730630.6605022047,110.68807291102975,113.81127948931297,110.195552136976,113.09083874321594,7647687.187590996,45.48267839407543,46.286323483574066,43.80912090097618,43.80171179618461,10632235.039020363,129.08001827142664,133.31581713800892,128.553963169255,130.06628779434195,2734596.3357087583,54.38024310675725,56.4788661801208,52.627166065463484,52.35470559944417,1581095.9465595381,246.1832829889802,253.62796412544793,244.5757416727616,248.4138654844964,560720.6015985863,92.38765743477776,93.5195408927378,91.4155087827355,91.8289718705899,4404665.790427844,45.450726323654926,46.64220377042482,44.91058163806166,45.80526391470908,12174264.321640646,25.17943782143201,25.73308625447374,24.587480616442058,24.89282584465813,3417669.2943079737,61.19812928598625,61.610116301422124,60.49047278977557,60.60491689179694,3199130.695479943,168.54493228522523,170.71442092819632,167.81400271828244,170.23356815430276,9468664.565893995,107.84254671528501,110.13406325450939,107.63503400330494,109.94643825642925,1256819.8773079154,91.65358464583394,93.96683474417256,90.70511523222015,90.62781503064146,1331832.4627368385,67.02433077322878,67.47494524434119,66.86177155569419,66.82647554224295,5610017.365742273,81.94346793009787,81.98607327257601,81.85485325761829,81.8851840754067,3794428.715804052,39.92498833633366,40.63,39.61135754522366,40.07709257380942,14659279.490173982,30.722020380855742,30.923476194122156,30.130942703446905,30.21830812163441,21374503.856483422,32.806108273575504,32.79468645833644,32.67653657039683,32.62999671210495,7428930.886912479,26.93968002972144,26.998034565693658,26.621096346758577,26.710013646047916,4560031.306876936,49.57898349077997,50.19505480426255,49.45068126325388,50.031597139984,2802498.0135058835,122.7491820912519,126.39315420712165,121.80269522911357,122.91437722100181,1720316.5920482194,56.93599527803106,57.838028987951816,56.881292966458886,57.41750436656176,2299011.4132070853,40.43449241112214,41.494441343439426,39.78142203943022,40.19789631846309,3646009.967434474,108.46322855844153,108.55506552781296,108.04407051112139,108.1952937497906,2235822.6105414927,181.72539521501218,187.43033270684407,180.44514199239404,187.03222702933118,1934242.2663444912,23.509493146502937,23.83392292214035,23.245791757567357,23.766144920162734,3218094.5485352147,9.427028228744073,9.548356217580606,9.278698395915477,9.278745669979932,32443388.15878428,80.23510067887025,80.20745147299996,79.69909448847315,79.8327534298326,7761824.542152447,77.6809728773661,77.67492223715035,77.45482145053175,77.45709625127482,4822478.087268374,51.008533881702476,51.184171323722694,50.85003459724367,51.11670823019994,14007954.43238876,58.513941913270735,58.54941541136436,58.25391498268694,58.30040433189126,3835828.7986872527,70.7089222701295,70.86719663248383,70.45896199825835,70.81563817046948,5009829.244359687,56.712161730841274,56.80345330545463,56.00515230641643,56.15789075039238,2478533.787404083,57.92467518517086,57.95681339576311,57.86913595370154,57.8816166706522,3598407.7408118853,167.5354092846227,169.32106839236914,166.9794122766264,168.55453932659677,3123392.738645005,114.75692185064251,115.86981554160279,114.3211541943861,115.72797840996728,2115129.6806417615,45.24057301965888,45.33254140424019,44.8955932369395,45.00256463489093,8781837.990592897,62.27816908799981,62.40638179402286,62.07185405469453,62.23748655966631,4685719.48563498,125.51143913044166,126.87049734324964,125.10880206081305,126.35128817167747,1261600.5068918513,55.6844468348423,55.91509590895183,54.88854184617752,55.74295062896237,8220553.756246962,72.38585821568401,73.64882260585253,71.05007326307042,71.18945318762671,1687590.9724114651,84.45107677161967,85.47154136013367,83.91967922813792,84.60500410254302,5237538.512684178,86.49042329701437,88.06433294846595,85.92625921115676,86.79278120038236,17285609.26240574,107.67286276443346,109.92939964637425,106.63054080231922,107.54126048525869,17883394.651943266,37.82689501961756,38.072517935533654,37.36301276437752,37.79247261001752,6179138.536676225,45.062863222720225,45.49071732114896,42.86855500076856,42.74788490680744,4887367.516374342
1896,115.21054895234295,116.29509023394546,114.78006767187348,116.1084374768899,3186491.7561206473,102.311766833384,104.3313039949362,100.82363095869152,101.32008545144295,2680543.0171078863,97.84616523193121,97.89431084344781,97.3737975060062,97.43873586483079,8710824.230936978,6.634504409903932,6.734882453782879,6.156248333882639,6.170586883625569,21614113.7167738,71.97960214504093,73.84915758197857,70.65512076945515,72.79138803558533,2630950.073209184,471.03881845577723,482.49709240759796,468.92045958429605,480.8658404296772,550340.1305487831,15.061402120883885,15.408845009692879,15.04443845661242,15.350942790517779,23443267.933554057,41.4355793818292,42.59351957517443,41.210171218423206,42.061768333616094,7276201.385876802,48.1673815512898,48.160774299174996,48.03310669676426,48.01391956138776,4063676.831098557,72.41035401886712,72.44469161856951,72.05541748783257,72.20374859494338,6801355.410578,31.856625111555463,32.064862811912974,31.671605714102164,31.789462195609566,10715583.309868136,77.2378973618729,77.26871987852766,77.094905016264,77.12268807502498,2211328.194058315,331.7447286655175,338.7029086969705,329.6824383238123,334.0146444044265,2507803.4879282126,41.804426469851066,42.95407994367562,41.30453263475774,42.21808666650893,4640365.588980852,9.726909714807952,10.316439625126062,9.52639915363235,9.819911180367301,19627971.359351322,95.39412488273098,98.73332816983773,95.45678408828924,96.14674787855712,9739515.651484283,12.929174051371332,13.230282721212106,12.743665346629244,13.087428411554617,13569284.079121597,151.74845225479035,152.52745974004492,150.07261805466294,150.42432470994484,8990657.86817981,465.3485819289839,480.3153096661781,465.40963181324406,471.8240721997064,1440475.9683130425,33.51519622986103,34.25983994996126,33.12441461653288,34.14121409630824,9973472.735528456,43.80195012863774,43.91300511855554,43.48957032536255,43.55334345126281,26764499.038599968,82.24043165472435,82.40101085980119,81.94047009107572,82.28050054166208,16979085.52088823,89.80121763027728,89.7835255829186,89.6174585311068,89.71396448182182,6809975.103232744,41.91002280801591,42.25787509701935,41.53704368011225,42.149607364024156,4223970.951703437,119.84050094015716,123.29951051177811,118.62957219992097,122.01659299340034,3881069.607740692,69.27571015992714,69.55660071826091,69.07380115205899,69.369495570865,4294951.321088015,49.67346745711218,49.81023880645512,49.35518049574347,49.69048112875321,2941333.9609369994,55.29596369987918,55.59796623216275,55.17713539404964,55.309212476155906,3691184.790519383,24.80071224419359,24.88384120177011,24.354106312167755,24.361557248238753,22595648.22265937,37.42855252943676,38.74039800979793,36.607617593018915,36.45228730408399,15009407.130212232,149.6238041007916,152.813071101316,147.3036311626353,146.91093296378904,1021341.5337508663,36.56608575083566,36.73967675279403,36.03857173417446,36.081804485424215,56234801.17083042,53.799822439264645,54.3934106628557,52.43241319214379,52.86011971184608,5069600.090672597,42.97983705819461,43.64401518036177,42.12621461005769,42.10350368314005,20840053.27850158,275.1537107635706,275.49965871245837,271.6327558426087,271.6631380026723,9349776.605444042,,,,,,24.316821462860197,25.249256440892417,24.176027960470716,24.739158170438834,11136922.52826673,142.92051182639523,143.94255717987778,139.60068621746402,141.0779996623457,2041158.2219265953,5.755836171539154,5.656503921185367,5.5038274500671625,5.338014418072057,23577982.408251505,56.27680064311766,56.36043882877371,55.5715586408434,55.59017016397076,9252147.67887793,94.19019664772601,94.27099459643205,93.62113999183083,93.6941148427276,7468078.77434202,54.079963177282934,54.233070942412674,53.73449453927993,53.87298739914986,11553479.324250909,51.72267811990674,51.678787625322855,51.57697262729091,51.63365134242166,3029553.860269713,93.74492050115765,94.25969410529711,93.67302067458799,94.30713866857722,3535503.557452757,11.33070412005119,11.57542572523774,11.121350519557856,11.205043154220283,22647833.206330303,26.263886106193098,26.467780008817382,26.05907207167357,26.311288325570505,14211644.866287373,107.20089159168383,107.17831082145902,106.18047787502333,106.24308967225137,32607577.66904358,70.85538702524836,72.24707723384202,70.10978744827938,70.35026149814955,2738096.632410143,92.61983644155403,92.71345921793426,92.27504622122277,92.34898136831569,4188424.2056849217,136.34502160743412,139.38067988318085,135.17365746503745,136.32658258565135,2730630.6605092175,110.68807291102975,113.81110822501986,110.195552136976,113.09083874321594,7647687.222410751,45.48267839407543,46.286323483574066,43.80912090097618,43.80171179618461,10632235.03899088,129.08239582777063,133.315817138009,128.553963169255,130.13278865366334,2734596.3372158585,54.3801912294291,56.4788661801208,52.627166065463484,52.35470559944417,1581095.9375014491,246.1832829889802,253.62796412544793,244.5757416727616,248.41359626350686,560720.6024184952,92.38765743477776,93.5195408927378,91.4155087827355,91.8289718705899,4404665.79043978,45.450726323654926,46.64220377042482,44.91058163806166,45.80526391470908,12174264.321643896,25.17930560519345,25.733049586317385,24.587154459847714,24.89282526775349,3417667.535417548,61.19812928598625,61.61037493048618,60.489151611676334,60.60491689179694,3199130.737030316,168.54493228522523,170.71442092819632,167.81400271828244,170.23356815430276,9468664.564753352,107.84254671528501,110.13406325450939,107.63503400330494,109.94643825642925,1256819.875602296,91.67165671522551,93.96683474417256,90.72648447621303,90.62781503064146,1331832.4314973375,67.02433077322878,67.47494524434119,66.86534824673531,66.82647554224295,5610017.219202682,81.94346793009787,81.98607327257601,81.85485325761829,81.8851840754067,3794428.715804052,39.92498833633366,40.63,39.61135754522366,40.07709257380942,14659279.490499943,30.722020312639078,30.923476194122156,30.130942703446905,30.220746325927326,21374411.710852157,32.806108273575504,32.79468645833644,32.67653657045088,32.62999671085721,7428930.886780392,26.939680029721448,26.998034565693658,26.621096346758577,26.71001364610229,4560031.306876936,49.57898349077997,50.19505480426255,49.45068126325388,50.031597139984,2802498.0135058886,122.7491820912519,126.39315426460776,121.80269522911357,122.91437722100181,1720316.5920474941,56.935823886853775,57.838028987951816,56.881292966458886,57.41750436656176,2299011.3290443495,40.43835584828856,41.49444126009685,39.78142203861668,40.19789631830996,3646009.8545029806,108.46322855844151,108.55506552781296,108.04382035830344,108.1952937497906,2235822.6105414927,181.72539521501218,187.43032319010214,180.44514199239396,187.03222702933118,1934242.26634514,23.509493146502937,23.833922922140207,23.2457917445692,23.766144920162734,3218094.549174504,9.42923755863576,9.548356217580606,9.278698395915477,9.278745669979932,32443388.694857035,80.23510067887025,80.20745147299996,79.69909448847312,79.83274993867833,7761824.533003622,77.6809728773661,77.67491932391577,77.45482097796061,77.45709624610011,4822478.087262621,51.008533881702476,51.18417119972626,50.85003459724367,51.11670823019994,14007954.433637869,58.513941913270735,58.549630187255815,58.25391498268694,58.29771872875361,3835828.782940589,70.7089222701295,70.86719659578063,70.45896199825835,70.81563817046948,5009829.277506457,56.712161730841274,56.80345330545463,56.00515230641643,56.15789075039238,2478533.7874040836,57.92467518517086,57.95681339576311,57.86913595370154,57.8816166706522,3598407.7408576594,167.5354092846227,169.32106839236914,166.9794122766264,168.55453932659677,3123392.738645005,114.75692185064251,115.86981554160279,114.3211541943861,115.72797840996728,2115129.6806417615,45.24057301965888,45.33254140424019,44.8955932369395,45.00256463489093,8781843.0976278,62.27816908799981,62.40638056891513,62.07185405469453,62.23748655966631,4685719.48563498,125.51143913044166,126.87049734324964,125.10880206081305,126.35064252157844,1261600.5069020253,55.77943576123383,55.91508599757673,54.88854184617752,55.74295062896237,8220553.756270896,72.38564961438152,73.64882260585253,71.05007326307042,71.18945318762671,1687590.9722052366,84.45107677161967,85.47154136013367,83.91967922813792,84.60500410254302,5237530.960701764,86.49042329701437,88.06433294846595,85.92625921115676,86.79278120038236,17285609.719898496,107.67286276443346,109.92939964637425,106.63046011532997,107.54126048532065,17883394.651945442,37.82689501961756,38.072517935533654,37.36301276437752,37.79247261001752,6179138.536676225,45.06286322381577,45.49071732118013,42.86855500077392,42.74788489440725,4887367.516374105
1897,115.21054895234295,116.29509023394546,114.78006767187348,116.1084374768899,3186491.7561206473,102.311766833384,104.3313039949362,100.82363095869152,101.32008545144295,2680542.9845373994,97.84616523193121,97.89431084344781,97.3737975060062,97.43873586483079,8710824.230937017,6.634539930767346,6.734882454027174,6.156248333882639,6.170586880890301,21614062.70288382,71.97960214504093,73.84915758197857,70.6551207694577,72.35743571417147,2630950.073287156,471.03881845577723,482.49709240759796,468.92045958429605,480.8658404296772,550340.1305723498,15.061402120883885,15.408845009692879,15.041094758239103,15.350912710971842,23443268.03258213,41.4355793818292,42.59351957517443,41.210171218423206,42.061768333616094,7276201.400812661,48.1673815512898,48.160759620490786,48.03310643089012,48.01391954523248,4063676.829836718,72.41035401886712,72.44469161856951,72.05541746233035,72.20374859494338,6801355.410640844,31.856625111555463,32.06486271980756,31.671434625045347,31.789462195609506,10715583.315638063,77.2378973618729,77.26871987852766,77.09490501626247,77.12268807502498,2211328.19405849,331.7442517053711,338.70278400164136,329.68243832381273,334.32115449964937,2507803.4898556396,41.804426469851066,42.95407994367563,41.30453285784031,42.21808666650893,4640365.589544848,9.726909714807952,10.31535304088264,9.52639915284287,9.819911180367301,19627971.353817888,95.39412488273098,98.73332816983773,95.45678408828924,96.14674787855712,9739515.651326273,12.929174051371332,13.230282721212106,12.743665346629244,13.087428411554617,13569284.064281726,151.74845225479035,152.52745974004492,150.07261805466294,150.42432470994484,8990657.868179662,465.3485819289839,480.3155708570596,465.41036179298595,471.8240721997064,1440475.9685484788,33.51519622986103,34.25983994996126,33.12441461653288,34.14121409630824,9973472.736400569,43.80195012863774,43.91300511855554,43.48957032536255,43.55334345126281,26764500.373224795,82.24043165472435,82.40101075107003,81.94047009107572,82.28050054166208,16979085.520887967,89.80121762253809,89.78352545605846,89.61745853095304,89.71396445508938,6809975.077578758,41.91002280801591,42.25787510795915,41.5354437949368,42.149607364024156,4223970.952508281,119.84050094015716,123.29951051177811,118.62957219992097,122.01659299340034,3881069.6077407906,69.27571015992714,69.55660071826091,69.07380115205899,69.369495570865,4294951.335702162,49.67771483986632,49.81023880645512,49.35518049574347,49.69048112875321,2941333.963642056,55.29596369987918,55.59796623216275,55.17713539404964,55.309212476155906,3691184.790240458,24.800778556923564,24.88384120177011,24.35411104881638,24.361557248238753,22595648.22265941,37.42855252943676,38.70152691672832,36.607617593018915,36.45228730408399,15009406.027358051,149.6238041007916,152.813071101316,147.3036311626353,146.91093296378904,1021341.5333724195,36.56608575083566,36.73967675279403,36.03857173417446,36.081804485424215,56234803.53654622,53.79968810501839,54.39329873565193,52.43215359948532,52.86010530425014,5069600.090672596,42.97981557892307,43.64401518036177,42.12621375398368,42.10350186868588,20840053.278491683,275.1537107635706,275.49965871245837,271.6327558426087,271.6629975922392,9349776.605355373,,,,,,24.316821462860197,25.249256440892417,24.176027960470716,24.70001580090899,11136922.52826673,142.92051182639523,143.94255717987778,139.60068621746402,141.0779996623457,2041158.2219230558,5.755836171872206,5.64990989103739,5.5038274500671625,5.332428260077409,23577982.404456556,56.27680064311766,56.36043882877371,55.5715586408434,55.5901454436531,9252147.678798394,94.19019664772601,94.27099459643205,93.62113999183083,93.68708020335039,7468078.774342049,54.079963177282934,54.233070942412674,53.73449453927993,53.87298739914986,11553479.3271493,51.72267811990674,51.67859646914702,51.57697262731129,51.63365749995557,3029553.860269713,93.74492050115765,94.25969410529711,93.67302067458799,94.30713866857722,3535503.472049507,11.330704058140823,11.575425725209952,11.121350519557856,11.205043412027873,22647833.222224876,26.263886106193098,26.467780008817382,26.05907207167357,26.311288325570505,14211644.87130513,107.20089159168383,107.17831082145902,106.18047787502327,106.24308967225136,32607577.663900353,70.85517197487982,72.24707723384202,70.10978744827938,70.3502615037871,2738096.6419407534,92.61983644155403,92.71345921793426,92.27504622122277,92.34898136831569,4188424.2056849217,136.3450206519657,139.38067988318085,135.17365746503745,136.32658258565135,2730630.6605121186,110.68807291102975,113.81124428039874,110.195552136976,113.09083874321594,7647687.243477489,45.48267839407543,46.286323483574066,43.80912090097618,43.80171179618461,10632235.03897776,129.0803648139144,133.31581713800898,128.553963169255,130.06718479624266,2734596.337974527,54.3801530807513,56.4788661801208,52.627166065463484,52.35470559944417,1581095.9325793986,246.1832829889802,253.62796412544793,244.5757416727616,248.4133805118083,560720.6028572477,92.38765743477776,93.5195408927378,91.4155087827355,91.8289718705899,4404665.790444943,45.450726323654926,46.64220377042482,44.91058163806166,45.80526391470908,12174264.3216452,25.179199267200534,25.733021829881316,24.58688378850503,24.89282489187104,3417666.42136947,61.19812928598625,61.61016139110957,60.49035168266983,60.60491689179694,3199130.7610788983,168.54493228522523,170.71442092819632,167.81400271828244,170.23356815430276,9468664.564165428,107.84254671528501,110.13406325450939,107.63503400330494,109.94643825642925,1256819.874736812,91.65426347402595,93.96683474417256,90.70628453098062,90.62781503064146,1331832.4137408242,67.02433077322878,67.47494524434119,66.8621688186826,66.82647554224295,5610017.135898485,81.94346793009787,81.98607327257601,81.85485325761829,81.8851840754067,3794428.715804052,39.92498833633366,40.63,39.61135754522366,40.07709257380942,14659279.490652667,30.72202035556466,30.923476194122156,30.130942703446905,30.218534560507198,21374348.401917346,32.806108273575504,32.79468645833644,32.67653657042368,32.62999671017948,7428930.886721781,26.939680029721448,26.998034565693658,26.621096346758577,26.710013646128345,4560031.306876936,49.57898349077997,50.19505480426255,49.45068126325388,50.031597139984,2802498.0135058905,122.7491820912519,126.3931542290597,121.80269522911357,122.91437722100181,1720316.592047209,56.93596350455448,57.838028987951816,56.881292966458886,57.41750436656176,2299011.280740351,40.43486031314247,41.49444121084197,39.781422038222466,40.197896318239266,3646009.7885001805,108.46322855844151,108.55506552781296,108.04359788514131,108.1952937497906,2235822.6105414927,181.72539521501218,187.43032995891903,180.44514199239399,187.03222702933118,1934242.2663453934,23.509493146502937,23.8339229221402,23.245791752025543,23.766144920162734,3218094.5494851233,9.427178080780417,9.548356217580606,9.278698395915477,9.278745669979932,32443389.00237126,80.23510067887025,80.20745147299996,79.69909448847311,79.83274742950617,7761824.528343211,77.6809728773661,77.67492156172408,77.45482065522897,77.45709624317581,4822478.087260344,51.008533881702476,51.18417111871873,50.85003459724367,51.11670823019994,14007954.434260413,58.513941913270735,58.54944384370021,58.25391498268694,58.30037977509551,3835828.7750339946,70.7089222701295,70.86719657354065,70.45896199825835,70.81563817046948,5009829.296735214,56.712161730841274,56.80345330545463,56.00515230641643,56.15789075039238,2478533.7874040836,57.92467518517086,57.95681339576311,57.86913595370154,57.8816166706522,3598407.7408787813,167.5354092846227,169.32106839236914,166.9794122766264,168.55453932659677,3123392.738645005,114.75692185064251,115.86981554160279,114.3211541943861,115.72797840996728,2115129.6806417615,45.24057301965888,45.33254140424019,44.8955932369395,45.00256463489093,8781846.561581979,62.27816908799981,62.40637969613837,62.07185405469453,62.23748655966631,4685719.48563498,125.51143913044166,126.87049734324964,125.10880206081305,126.35126145404236,1261600.5069065483,55.68474951769672,55.915093208058536,54.88854184617752,55.74295062896237,8220553.756281599,72.38581893381658,73.64882260585253,71.05007326307042,71.18945318762671,1687590.9721083806,84.45107677161967,85.47154136013367,83.91967922813792,84.60500410254302,5237525.335188988,86.49042329701437,88.06433294846595,85.92625921115676,86.79278120038236,17285609.995464813,107.67286276443346,109.92939964637425,106.63052611774464,107.54126048529254,17883394.651946314,37.82689501961756,38.072517935533654,37.36301276437752,37.79247261001752,6179138.536676225,45.062863224395784,45.4907173211946,42.8685550007766,42.74788488751189,4887367.516374207
1898,115.21054895234295,116.29509023394546,114.78006767187348,116.1084374768899,3186491.7561206473,102.311766833384,104.3313039949362,100.82363095869152,101.32008545144295,2680542.965863295,97.84616523193121,97.89431084344781,97.3737975060062,97.43873586483079,8710824.23093703,6.634512600410515,6.734882453902729,6.156248333882639,6.170586882465473,21614027.608873207,71.97960214504093,73.84915758197857,70.65512076945659,72.78445351597907,2630950.073322881,471.03881845577723,482.49709240759796,468.92045958429605,480.8658404296772,550340.1305835298,15.061402120883885,15.408845009692879,15.044216210747647,15.350938866747644,23443268.086576812,41.4355793818292,42.59351957517443,41.210171218423206,42.061768333616094,7276201.409057917,48.1673815512898,48.160747749399256,48.03310624032988,48.013919535101074,4063676.8292282615,72.41035401886712,72.44469161856951,72.05541747820462,72.20374859494338,6801355.410669065,31.856625111555463,32.064862782275284,31.671578436292734,31.789462195609527,10715583.318588763,77.2378973618729,77.26871987852766,77.09490501626324,77.12268807502498,2211328.1940585584,331.74465577720764,338.7028820437699,329.68243832381256,334.0197127572067,2507803.490929374,41.804426469851066,42.95407994367563,41.30453271847233,42.21808666650893,4640365.589821777,9.726909714807952,10.316339236545685,9.526399153270825,9.819911180367301,19627971.350991808,95.39412488273098,98.73332816983773,95.45678408828924,96.14674787855712,9739515.65125265,12.929174051371332,13.230282721212106,12.743665346629244,13.087428411554617,13569284.056476166,151.74845225479035,152.52745974004492,150.07261805466294,150.42432470994484,8990657.868179604,465.3485819289839,480.3157762187169,465.41096436783806,471.8240721997064,1440475.9686729033,33.51519622986103,34.25983994996126,33.12441461653288,34.14121409630824,9973472.73684799,43.80195012863774,43.91300511855554,43.48957032536255,43.55334345126281,26764501.177455444,82.24043165472435,82.40101068072529,81.94047009107572,82.28050054166208,16979085.52088787,89.80121761778062,89.7835253734681,89.61745853087362,89.7139644387697,6809975.063464555,41.91002280801591,42.2578751011811,41.53684560545457,42.149607364024156,4223970.952904098,119.84050094015716,123.29951051177811,118.62957219992097,122.01659299340034,3881069.607740828,69.27571015992714,69.55660071826091,69.07380115205899,69.369495570865,4294951.343801353,49.67379068664485,49.81023880645512,49.35518049574347,49.69048112875321,2941333.9650567085,55.29596369987918,55.59796623216275,55.17713539404964,55.309212476155906,3691184.7901030527,24.800835256423905,24.88384120177011,24.354115047235226,24.361557248238753,22595648.22265942,37.42855252943676,38.73876553058574,36.607617593018915,36.45228730408399,15009405.34914576,149.6238041007916,152.813071101316,147.3036311626353,146.91093296378904,1021341.5331862529,36.56608575083566,36.73967675279403,36.03857173417446,36.081804485424215,56234804.9526141,53.799582417964054,54.3932108409752,52.431943934954106,52.8601161928118,5069600.090672596,42.97979918752602,43.64401518036177,42.126214327723105,42.10350319460284,20840053.278487723,275.1537107635706,275.49965871245837,271.6327558426087,271.6631076058406,9349776.605316121,,,,,,24.316821462860197,25.249256440892417,24.176027960470716,24.738619612052233,11136922.52826673,142.92051182639523,143.94255717987778,139.60068621746402,141.0779996623457,2041158.2219212994,5.75583617169092,5.643354487475534,5.5038274500671625,5.326876344163427,23577982.40262611,56.27680064311766,56.36043882877371,55.5715586408434,55.59016467651758,9252147.678763065,94.19019664772601,94.27099459643205,93.62113999183083,93.69394114226361,7468078.774342059,54.079963177282934,54.233070942412674,53.73449453927993,53.87298739914986,11553479.328637756,51.72267811990674,51.67876240138008,51.57697262729807,51.63365259744893,3029553.860269713,93.74492050115765,94.25969410529711,93.67302067458799,94.30713866857722,3535503.422864727,11.330704017869703,11.575425725196686,11.121350519557856,11.205043231718916,22647833.230931785,26.263886106193098,26.467780008817382,26.05907207167357,26.311288325570505,14211644.87386388,107.20089159168383,107.17831082145902,106.18047787502326,106.24308967225136,32607577.66137666,70.85535942293079,72.24707723384202,70.10978744827938,70.35026150050429,2738096.6474958123,92.61983644155403,92.71345921793426,92.27504622122277,92.34898136831569,4188424.2056849217,136.34502128477342,139.38067988318085,135.17365746503745,136.32658258565135,2730630.6605133186,110.68807291102975,113.81113619560311,110.195552136976,113.09083874321594,7647687.256223342,45.48267839407543,46.286323483574066,43.80912090097618,43.80171179618461,10632235.038971923,129.08209979584012,133.31581713800898,128.553963169255,130.13190375104102,2734596.3383564376,54.38012502761769,56.4788661801208,52.627166065463484,52.35470559944417,1581095.929904819,246.1832829889802,253.62796412544793,244.5757416727616,248.4132076100018,560720.6030920345,92.38765743477776,93.5195408927378,91.4155087827355,91.8289718705899,4404665.790447176,45.450726323654926,46.64220377042482,44.91058163806166,45.80526391470908,12174264.321645724,25.17911374239012,25.73300081928739,24.586659163349445,24.89282464696468,3417665.7157523944,61.19812928598625,61.61033770178652,60.489261617378666,60.60491689179694,3199130.77499777,168.54493228522523,170.71442092819632,167.81400271828244,170.23356815430276,9468664.563862393,107.84254671528501,110.13406325450939,107.63503400330494,109.94643825642925,1256819.8742976384,91.67100338537044,93.96683474417256,90.72537916004323,90.62781503064146,1331832.4036480328,67.02433077322878,67.47494524434119,66.8649951077375,66.82647554224295,5610017.088542072,81.94346793009787,81.98607327257601,81.85485325761829,81.8851840754067,3794428.715804052,39.92498833633366,40.63,39.61135754522366,40.07709257380942,14659279.490724225,30.72202032855358,30.923476194122156,30.130942703446905,30.220540916696418,21374304.905322086,32.806108273575504,32.79468645833644,32.676536570437364,32.629996709811365,7428930.886695774,26.939680029721448,26.998034565693658,26.621096346758577,26.71001364614083,4560031.306876936,49.57898349077997,50.19505480426255,49.45068126325388,50.031597139984,2802498.013505891,122.7491820912519,126.39315425104179,121.80269522911357,122.91437722100181,1720316.5920470967,56.935849769981566,57.838028987951816,56.881292966458886,57.41750436656176,2299011.2530169613,40.438022980330054,41.49444118173268,39.78142203803144,40.19789631820663,3646009.74992485,108.46322855844151,108.55506552781296,108.04340002885382,108.1952937497906,2235822.6105414927,181.72539521501218,187.4303251445737,180.44514199239399,187.03222702933118,1934242.2663454923,23.509493146502937,23.833922922140218,23.24579174774824,23.766144920162734,3218094.549636048,9.429097870601126,9.548356217580606,9.278698395915477,9.278745669979932,32443389.17877455,80.23510067887025,80.20745147299996,79.69909448847311,79.83274562610693,7761824.525969198,77.6809728773661,77.67491984274614,77.4548204348268,77.45709624152326,4822478.087259443,51.008533881702476,51.184171065796086,50.85003459724367,51.11670823019994,14007954.434570683,58.513941913270735,58.54960551883274,58.25391498268694,58.2977430610053,3835828.771063996,70.7089222701295,70.86719656006453,70.45896199825835,70.81563817046948,5009829.30789,56.712161730841274,56.80345330545463,56.00515230641643,56.15789075039238,2478533.7874040836,57.92467518517086,57.95681339576311,57.86913595370154,57.8816166706522,3598407.7408885276,167.5354092846227,169.32106839236914,166.9794122766264,168.55453932659677,3123392.738645005,114.75692185064251,115.86981554160279,114.3211541943861,115.72797840996728,2115129.6806417615,45.24057301965888,45.33254140424019,44.8955932369395,45.00256463489093,8781848.911081988,62.27816908799981,62.40637907436508,62.07185405469453,62.23748655966631,4685719.48563498,125.51143913044166,126.87049734324964,125.10880206081305,126.35066813361158,1261600.506908559,55.77913404288036,55.915087962464725,54.88854184617752,55.74295062896237,8220553.7562863855,72.38568149905109,73.64882260585253,71.05007326307042,71.18945318762671,1687590.972062892,84.45107677161967,85.47154136013367,83.91967922813792,84.60500410254302,5237521.144713922,86.49042329701437,88.06433294846595,85.92625921115676,86.79278120038236,17285610.161449507,107.67286276443346,109.92939964637425,106.63047212739524,107.5412604853053,17883394.651946664,37.82689501961756,38.072517935533654,37.36301276437752,37.79247261001752,6179138.536676225,45.06286322470286,45.49071732120132,42.86855500077795,42.747884883677585,4887367.5163742425
1899,115.21054895234295,116.29509023394546,114.78006767187348,116.1084374768899,3186491.7561206473,102.311766833384,104.3313039949362,100.82363095869152,101.32008545144295,2680542.9551566024,97.84616523193121,97.89431084344781,97.3737975060062,97.43873586483079,8710824.230937036,6.634533628852189,6.734882453966121,6.156248333882639,6.170586881558371,21614003.466633096,71.97960214504093,73.84915758197857,70.65512076945707,72.3642594207695,2630950.0733392495,471.03881845577723,482.49709240759796,468.92045958429605,480.8658404296772,550340.1305888336,15.061402120883885,15.408845009692879,15.041302232070368,15.350916122900074,23443268.116017208,41.4355793818292,42.59351957517443,41.210171218423206,42.061768333616094,7276201.413609664,48.1673815512898,48.16073814889201,48.033106103749446,48.013919528747394,4063676.828934865,72.41035401886712,72.44469161856951,72.05541746832343,72.20374859494338,6801355.4106817385,31.856625111555463,32.06486273990843,31.671457553781252,31.78946219560952,10715583.320097731,77.2378973618729,77.26871987852766,77.09490501626286,77.12268807502498,2211328.194058585,331.74431345500255,338.70280495781145,329.6824383238126,334.3161699555277,2507803.4915275318,41.804426469851066,42.95407994367563,41.30453280554069,42.21808666650893,4640365.589957754,9.726909714807952,10.315444154648723,9.526399153038843,9.819911180367301,19627971.349548448,95.39412488273098,98.73332816983773,95.45678408828924,96.14674787855712,9739515.651218345,12.929174051371332,13.230282721212106,12.743665346629244,13.087428411554617,13569284.052370554,151.74845225479035,152.52745974004492,150.07261805466294,150.42432470994484,8990657.868179582,465.3485819289839,480.3159376845769,465.411461774042,471.8240721997064,1440475.9687386598,33.51519622986103,34.25983994996126,33.12441461653288,34.14121409630824,9973472.73707753,43.80195012863774,43.91300511855554,43.48957032536255,43.55334345126281,26764501.662076235,82.24043165472435,82.40101063521503,81.94047009107572,82.28050054166208,16979085.520887833,89.80121761485609,89.78352531969891,89.6174585308326,89.7139644288068,6809975.055699262,41.91002280801591,42.25787510538063,41.53561734685334,42.149607364024156,4223970.953098757,119.84050094015716,123.29951051177811,118.62957219992097,122.01659299340034,3881069.607740842,69.27571015992714,69.55660071826091,69.07380115205899,69.369495570865,4294951.348289941,49.67741620838305,49.81023880645512,49.35518049574347,49.69048112875321,2941333.9657965237,55.29596369987918,55.59796623216275,55.17713539404964,55.309212476155906,3691184.7900353633,24.80088373630613,24.88384120177011,24.354118422480997,24.361557248238753,22595648.222659424,37.42855252943676,38.70309083629457,36.607617593018915,36.45228730408399,15009404.932071663,149.6238041007916,152.813071101316,147.3036311626353,146.91093296378904,1021341.5330946733,36.56608575083566,36.73967675279403,36.03857173417446,36.081804485424215,56234805.80024264,53.799499268999696,54.39314181866483,52.43177459574433,52.860107963765444,5069600.090672596,42.979786678819806,43.64401518036177,42.126213943203865,42.10350222568569,20840053.27848614,275.1537107635706,275.49965871245837,271.6327558426087,271.66302140859574,9349776.605298746,,,,,,24.316821462860197,25.249256440892417,24.176027960470716,24.700546949291056,11136922.52826673,142.92051182639523,143.94255717987778,139.60068621746402,141.0779996623457,2041158.2219204276,5.755836171789597,5.636837484232537,5.5038274500671625,5.3213584604327036,23577982.401743215,56.27680064311766,56.36043882877371,55.5715586408434,55.59014971299319,9252147.678747373,94.19019664772601,94.27099459643205,93.62113999183083,93.68724961477417,7468078.774342063,54.079963177282934,54.233070942412674,53.73449453927993,53.87298739914986,11553479.329402147,51.72267811990674,51.67861836467372,51.57697262730403,51.63365650072769,3029553.860269713,93.74492050115765,94.25969410529711,93.67302067458799,94.30713866857722,3535503.394538609,11.330703991674362,11.575425725190351,11.121350519557856,11.205043357825831,22647833.235701352,26.263886106193098,26.467780008817382,26.05907207167357,26.311288325570505,14211644.875168685,107.20089159168383,107.17831082145902,106.18047787502326,106.24308967225136,32607577.660138328,70.85519603436255,72.24707723384202,70.10978744827938,70.3502615024159,2738096.650733662,92.61983644155403,92.71345921793426,92.27504622122277,92.34898136831569,4188424.2056849217,136.34502086566422,139.38067988318085,135.17365746503745,136.32658258565135,2730630.660513815,110.68807291102975,113.81122206007348,110.195552136976,113.09083874321594,7647687.263934872,45.48267839407543,46.286323483574066,43.80912090097618,43.80171179618461,10632235.038969327,129.08061769749136,133.31581713800898,128.553963169255,130.0680577627886,2734596.33854869,54.38010439837571,56.4788661801208,52.627166065463484,52.35470559944417,1581095.9284514864,246.1832829889802,253.62796412544793,244.5757416727616,248.41306904778008,560720.6032176743,92.38765743477776,93.5195408927378,91.4155087827355,91.8289718705899,4404665.790448142,45.450726323654926,46.64220377042482,44.91058163806166,45.80526391470908,12174264.321645934,25.179044957067052,25.73298491504608,24.586472751075352,24.892824487395842,3417665.2688278244,61.19812928598625,61.61019212931507,60.49025176074972,60.60491689179694,3199130.7830537534,168.54493228522523,170.71442092819632,167.81400271828244,170.23356815430276,9468664.563706199,107.84254671528501,110.13406325450939,107.63503400330494,109.94643825642925,1256819.874074788,91.65489226331988,93.96683474417256,90.70732936560847,90.62781503064146,1331832.3979112962,67.02433077322878,67.47494524434119,66.86248273454035,66.82647554224295,5610017.061621102,81.94346793009787,81.98607327257601,81.85485325761829,81.8851840754067,3794428.715804052,39.92498833633366,40.63,39.61135754522366,40.07709257380942,14659279.49075775,30.722020345550398,30.923476194122156,30.130942703446905,30.218720893143566,21374275.02085468,32.806108273575504,32.79468645833644,32.67653657043048,32.62999670961141,7428930.886684234,26.939680029721448,26.998034565693658,26.621096346758577,26.710013646146813,4560031.306876936,49.57898349077997,50.19505480426255,49.45068126325388,50.031597139984,2802498.013505891,122.7491820912519,126.39315423744858,121.80269522911357,122.91437722100181,1720316.5920470527,56.93594241978894,57.838028987951816,56.881292966458886,57.41750436656176,2299011.237105518,40.435161483214046,41.4944411645293,39.78142203793887,40.19789631819157,3646009.7273795023,108.46322855844151,108.55506552781296,108.04322406555954,108.1952937497906,2235822.6105414927,181.72539521501218,187.43032856879412,180.44514199239399,187.03222702933118,1934242.266345531,23.509493146502937,23.83392292214022,23.2457917502019,23.766144920162734,3218094.549709379,9.427308294206247,9.548356217580606,9.278698395915477,9.278745669979932,32443389.279967014,80.23510067887025,80.20745147299996,79.69909448847311,79.83274432996278,7761824.524759877,77.6809728773661,77.67492116318327,77.45482028430818,77.45709624058938,4822478.087259086,51.008533881702476,51.18417103122144,50.85003459724367,51.11670823019994,14007954.434725318,58.513941913270735,58.549465246482605,58.25391498268694,58.30035566533467,3835828.769070611,70.7089222701295,70.86719655189879,70.45896199825835,70.81563817046948,5009829.314360998,56.712161730841274,56.80345330545463,56.00515230641643,56.15789075039238,2478533.7874040836,57.92467518517086,57.95681339576311,57.86913595370154,57.8816166706522,3598407.740893025,167.5354092846227,169.32106839236914,166.9794122766264,168.55453932659677,3123392.738645005,114.75692185064251,115.86981554160279,114.3211541943861,115.72797840996728,2115129.6806417615,45.24057301965888,45.33254140424019,44.8955932369395,45.00256463489093,8781850.504679943,62.27816908799981,62.4063786314087,62.07185405469453,62.23748655966631,4685719.48563498,125.51143913044166,126.87049734324964,125.10880206081305,126.3512369018603,1261600.5069094528,55.685050274622625,55.91509177861116,54.88854184617752,55.74295062896237,8220553.756288526,72.385793053373,73.64882260585253,71.05007326307042,71.18945318762671,1687590.9720415282,84.45107677161967,85.47154136013367,83.91967922813792,84.60500410254302,5237518.023206254,86.49042329701437,88.06433294846595,85.92625921115676,86.79278120038236,17285610.261428773,107.67286276443346,109.92939964637425,106.63051629180715,107.54126048529952,17883394.651946805,37.82689501961756,38.072517935533654,37.36301276437752,37.79247261001752,6179138.536676225,45.06286322486544,45.49071732120445,42.86855500077863,42.74788488154545,4887367.516374231
1900,115.21054895234295,116.29509023394546,114.78006767187348,116.1084374768899,3186491.7561206473,102.311766833384,104.3313039949362,100.82363095869152,101.32008545144295,2680542.949017981,97.84616523193121,97.89431084344781,97.3737975060062,97.43873586483079,8710824.230937038,6.6345174492112875,6.734882453933829,6.156248333882639,6.170586882080748,21613986.858449895,71.97960214504093,73.84915758197857,70.65512076945686,72.77773885160725,2630950.0733467494,471.03881845577723,482.49709240759796,468.92045958429605,480.8658404296772,550340.1305913497,15.061402120883885,15.408845009692879,15.044022527095969,15.350935899893354,23443268.132069472,41.4355793818292,42.59351957517443,41.210171218423206,42.061768333616094,7276201.41612243,48.1673815512898,48.16073038467427,48.03310600585801,48.01391952476283,4063676.8287933897,72.41035401886712,72.44469161856951,72.05541747447413,72.20374859494338,6801355.41068743,31.856625111555463,32.06486276864248,31.671559163230082,31.789462195609524,10715583.320869407,77.2378973618729,77.26871987852766,77.09490501626304,77.12268807502498,2211328.194058595,331.74460346405914,338.7028655669096,329.6824383238126,334.02461487850303,2507803.4918607543,41.804426469851066,42.95407994367563,41.30453275114584,42.21808666650893,4640365.590024521,9.726909714807952,10.316256540701806,9.526399153164594,9.819911180367301,19627971.348811284,95.39412488273098,98.73332816983773,95.45678408828924,96.14674787855712,9739515.651202362,12.929174051371332,13.230282721212106,12.743665346629244,13.087428411554617,13569284.05021106,151.74845225479035,152.52745974004492,150.07261805466294,150.42432470994484,8990657.868179573,465.3485819289839,480.31606463731134,465.4118723669017,471.8240721997064,1440475.9687734111,33.51519622986103,34.25983994996126,33.12441461653288,34.14121409630824,9973472.737195292,43.80195012863774,43.91300511855554,43.48957032536255,43.55334345126281,26764501.95410354,82.24043165472435,82.4010106057717,81.94047009107572,82.28050054166208,16979085.52088782,89.8012176130583,89.78352528469331,89.61745853081139,89.71396442272463,6809975.051426985,41.91002280801591,42.25787510277869,41.53669354022783,42.149607364024156,4223970.95319449,119.84050094015716,123.29951051177811,118.62957219992097,122.01659299340034,3881069.607740847,69.27571015992714,69.55660071826091,69.07380115205899,69.369495570865,4294951.350777526,49.67406659201174,49.81023880645512,49.35518049574347,49.69048112875321,2941333.9661834217,55.29596369987918,55.59796623216275,55.17713539404964,55.309212476155906,3691184.7900020177,24.800925188152554,24.88384120177011,24.35412127167826,24.361557248238753,22595648.222659424,37.42855252943676,38.73726729134849,36.607617593018915,36.45228730408399,15009404.675587365,149.6238041007916,152.813071101316,147.3036311626353,146.91093296378904,1021341.5330496231,36.56608575083566,36.73967675279403,36.03857173417446,36.081804485424215,56234806.30761532,53.79943385180818,54.39308761652761,52.43163782598265,52.86011418287924,5069600.090672596,42.979777133097095,43.64401518036177,42.12621420090804,42.103502933724336,20840053.278485507,275.1537107635706,275.49965871245837,271.6327558426087,271.66308894538145,9349776.605291056,,,,,,24.316821462860197,25.249256440892417,24.176027960470716,24.73809577172073,11136922.52826673,142.92051182639523,143.94255717987778,139.60068621746402,141.0779996623457,2041158.221919995,5.7558361717358855,5.630358656366565,5.5038274500671625,5.31587440027446,23577982.40131736,56.27680064311766,56.36043882877371,55.5715586408434,55.590161354892,9252147.678740403,94.19019664772601,94.27099459643205,93.62113999183083,93.69377591397438,7468078.774342064,54.079963177282934,54.233070942412674,53.73449453927993,53.87298739914986,11553479.329794696,51.72267811990674,51.67874339506954,51.57697262730036,51.633653393014384,3029553.860269713,93.74492050115765,94.25969410529711,93.67302067458799,94.30713866857722,3535503.3782252497,11.33070397463496,11.575425725187328,11.121350519557856,11.205043269627472,22647833.23831408,26.263886106193098,26.467780008817382,26.05907207167357,26.311288325570505,14211644.875834055,107.20089159168383,107.17831082145902,106.18047787502326,106.24308967225136,32607577.6595307,70.8553384515501,72.24707723384202,70.10978744827938,70.35026150130275,2738096.6526208906,92.61983644155403,92.71345921793426,92.27504622122277,92.34898136831569,4188424.2056849217,136.34502114324067,139.38067988318085,135.17365746503745,136.32658258565135,2730630.6605140204,110.68807291102975,113.8111538478219,110.195552136976,113.09083874321594,7647687.268600522,45.48267839407543,46.286323483574066,43.80912090097618,43.80171179618461,10632235.038968172,129.0818837714964,133.31581713800898,128.553963169255,130.13104255957074,2734596.338645469,54.3800892283904,56.4788661801208,52.627166065463484,52.35470559944417,1581095.927661764,246.1832829889802,253.62796412544793,244.5757416727616,248.41295800504622,560720.6032849072,92.38765743477776,93.5195408927378,91.4155087827355,91.8289718705899,4404665.79044856,45.450726323654926,46.64220377042482,44.91058163806166,45.80526391470908,12174264.321646018,25.178989634867023,25.73297287612455,24.586318050966888,24.892824383428703,3417664.985754217,61.19812928598625,61.61031232251501,60.48935237985649,60.60491689179694,3199130.787716407,168.54493228522523,170.71442092819632,167.81400271828244,170.23356815430276,9468664.563625691,107.84254671528501,110.13406325450939,107.63503400330494,109.94643825642925,1256819.8739617069,91.67039821483819,93.96683474417256,90.72439149748175,90.62781503064146,1331832.3946505387,67.02433077322878,67.47494524434119,66.86471605850656,66.82647554224295,5610017.046317183,81.94346793009787,81.98607327257601,81.85485325761829,81.8851840754067,3794428.715804052,39.92498833633366,40.63,39.61135754522366,40.07709257380942,14659279.490773458,30.722020334855088,30.923476194122156,30.130942703446905,30.22037188898904,21374254.488640912,32.806108273575504,32.79468645833644,32.676536570433946,32.629996709502805,7428930.886679114,26.939680029721448,26.998034565693658,26.621096346758577,26.71001364614968,4560031.306876936,49.57898349077997,50.19505480426255,49.45068126325388,50.031597139984,2802498.013505891,122.7491820912519,126.3931542458543,121.80269522911357,122.91437722100181,1720316.5920470355,56.935866945932695,57.838028987951816,56.881292966458886,57.41750436656176,2299011.2279733727,40.43775048966312,41.49444115436222,39.78142203789401,40.19789631818461,3646009.7142028757,108.46322855844151,108.55506552781296,108.04306757277718,108.1952937497906,2235822.6105414927,181.72539521501218,187.43032613330502,180.44514199239399,187.03222702933118,1934242.266345546,23.509493146502937,23.83392292214022,23.245791748794367,23.766144920162734,3218094.5497450097,9.428976489150589,9.548356217580606,9.278698395915477,9.278745669979932,32443389.338015333,80.23510067887025,80.20745147299996,79.69909448847311,79.83274339839443,7761824.524143849,77.6809728773661,77.67492014888624,77.45482018151495,77.45709624006163,4822478.087258944,51.008533881702476,51.18417100863364,50.85003459724367,51.11670823019994,14007954.434802387,58.513941913270735,58.54958694938092,58.25391498268694,58.297766950309715,3835828.7680697073,70.7089222701295,70.86719654695082,70.45896199825835,70.81563817046948,5009829.318114885,56.712161730841274,56.80345330545463,56.00515230641643,56.15789075039238,2478533.7874040836,57.92467518517086,57.95681339576311,57.86913595370154,57.8816166706522,3598407.7408951004,167.5354092846227,169.32106839236914,166.9794122766264,168.55453932659677,3123392.738645005,114.75692185064251,115.86981554160279,114.3211541943861,115.72797840996728,2115129.6806417615,45.24057301965888,45.33254140424019,44.8955932369395,45.00256463489093,8781851.585571378,62.27816908799981,62.40637831584296,62.07185405469453,62.23748655966631,4685719.48563498,125.51143913044166,126.87049734324964,125.10880206081305,126.35069166980023,1261600.5069098503,55.77883424431843,55.91508900238141,54.88854184617752,55.74295062896237,8220553.756289483,72.38570250592896,73.64882260585253,71.05007326307042,71.18945318762671,1687590.9720314946,84.45107677161967,85.47154136013367,83.91967922813792,84.60500410254302,5237515.6979782125,86.49042329701437,88.06433294846595,85.92625921115676,86.79278120038236,17285610.32165031,107.67286276443346,109.92939964637425,106.63048016506781,107.54126048530215,17883394.65194686,37.82689501961756,38.072517935533654,37.36301276437752,37.79247261001752,6179138.536676225,45.06286322495151,45.4907173212059,42.86855500077897,42.74788488035984,4887367.516374227
1901,115.21054895234295,116.29509023394546,114.78006767187348,116.1084374768899,3186491.7561206473,102.311766833384,104.3313039949362,100.82363095869152,101.32008545144295,2680542.945498437,97.84616523193121,97.89431084344781,97.3737975060062,97.43873586483079,8710824.230937038,6.634529898102354,6.734882453950279,6.156248333882639,6.170586881779925,21613975.433174197,71.97960214504093,73.84915758197857,70.65512076945696,72.37086678540022,2630950.0733501855,471.03881845577723,482.49709240759796,468.92045958429605,480.8658404296772,550340.1305925433,15.061402120883885,15.408845009692879,15.041483042135424,15.350918702738738,23443268.140821908,41.4355793818292,42.59351957517443,41.210171218423206,42.061768333616094,7276201.417509588,48.1673815512898,48.16072410551885,48.03310593569618,48.013919522264,4063676.828725171,72.41035401886712,72.44469161856951,72.05541747064552,72.20374859494338,6801355.410689985,31.856625111555463,32.06486274915447,31.671473754017743,31.789462195609524,10715583.321264036,77.2378973618729,77.26871987852766,77.09490501626294,77.12268807502498,2211328.1940585994,331.74435777373685,338.70281791279916,329.6824383238126,334.3113488941393,2507803.4920463865,41.804426469851066,42.95407994367563,41.30453278512832,42.21808666650893,4640365.590057304,9.726909714807952,10.315519210294966,9.526399153096428,9.819911180367301,19627971.348434795,95.39412488273098,98.73332816983773,95.45678408828924,96.14674787855712,9739515.651194915,12.929174051371332,13.230282721212106,12.743665346629244,13.087428411554617,13569284.049075197,151.74845225479035,152.52745974004492,150.07261805466294,150.42432470994484,8990657.868179569,465.3485819289839,480.3161644540576,465.4122112981316,471.8240721997064,1440475.9687917766,33.51519622986103,34.25983994996126,33.12441461653288,34.14121409630824,9973472.737255707,43.80195012863774,43.91300511855554,43.48957032536255,43.55334345126281,26764502.130076073,82.24043165472435,82.40101058672303,81.94047009107572,82.28050054166208,16979085.520887814,89.80121761195316,89.78352526190345,89.61745853080045,89.71396441901156,6809975.049076482,41.91002280801591,42.25787510439079,41.53575058556167,42.149607364024156,4223970.95324157,119.84050094015716,123.29951051177811,118.62957219992097,122.01659299340034,3881069.607740849,69.27571015992714,69.55660071826091,69.07380115205899,69.369495570865,4294951.352156151,49.67716129965525,49.81023880645512,49.35518049574347,49.69048112875321,2941333.966385756,55.29596369987918,55.59796623216275,55.17713539404964,55.309212476155906,3691184.789985591,24.800960630804084,24.88384120177011,24.354123676814236,24.361557248238753,22595648.222659424,37.42855252943676,38.704526153596355,36.607617593018915,36.45228730408399,15009404.51785953,149.6238041007916,152.813071101316,147.3036311626353,146.91093296378904,1021341.533027462,36.56608575083566,36.73967675279403,36.03857173417446,36.081804485424215,56234806.61131796,53.79938238503432,54.3930450524398,52.43152736150289,52.86010948277491,5069600.090672596,42.97976984850502,43.64401518036177,42.126214028195115,42.10350241632331,20840053.278485253,275.1537107635706,275.49965871245837,271.6327558426087,271.6630360293348,9349776.60528765,,,,,,24.316821462860197,25.249256440892417,24.176027960470716,24.701063582123187,11136922.52826673,142.92051182639523,143.94255717987778,139.60068621746402,141.0779996623457,2041158.2219197804,5.755836171765122,5.623917780253454,5.5038274500671625,5.310423956356662,23577982.401111957,56.27680064311766,56.36043882877371,55.5715586408434,55.59015229727934,9252147.678737307,94.19019664772601,94.27099459643205,93.62113999183083,93.68741076321953,7468078.774342065,54.079963177282934,54.233070942412674,53.73449453927993,53.87298739914986,11553479.329996288,51.72267811990674,51.67863486301355,51.576972627302084,51.63365586731421,3029553.860269713,93.74492050115765,94.25969410529711,93.67302067458799,94.30713866857722,3535503.368830186,11.33070396355126,11.575425725185884,11.121350519557856,11.205043331312831,22647833.23974531,26.263886106193098,26.467780008817382,26.05907207167357,26.311288325570505,14211644.876173353,107.20089159168383,107.17831082145902,106.18047787502326,106.24308967225136,32607577.659232546,70.85521431400775,72.24707723384202,70.10978744827938,70.35026150195095,2738096.65372089,92.61983644155403,92.71345921793426,92.27504622122277,92.34898136831569,4188424.2056849217,136.3450209594015,139.38067988318085,135.17365746503745,136.32658258565135,2730630.660514105,110.68807291102975,113.81120803683913,110.195552136976,113.09083874321594,7647687.271423345,45.48267839407543,46.286323483574066,43.80912090097618,43.80171179618461,10632235.038967658,129.0808022350467,133.31581713800898,128.553963169255,130.06890733801222,2734596.3386941873,54.38007807294154,56.4788661801208,52.627166065463484,52.35470559944417,1581095.9272326387,246.1832829889802,253.62796412544793,244.5757416727616,248.41286901622524,560720.6033208851,92.38765743477776,93.5195408927378,91.4155087827355,91.8289718705899,4404665.790448741,45.450726323654926,46.64220377042482,44.91058163806166,45.80526391470908,12174264.321646051,25.178945140697632,25.732963763106905,24.586189668199847,24.89282431568887,3417664.806460724,61.19812928598625,61.6102130839353,60.490169318104776,60.60491689179694,3199130.7904150635,168.54493228522523,170.71442092819632,167.81400271828244,170.23356815430276,9468664.563584195,107.84254671528501,110.13406325450939,107.63503400330494,109.94643825642925,1256819.873904326,91.65547470226511,93.96683474417256,90.70826298448883,90.62781503064146,1331832.3927971262,67.02433077322878,67.47494524434119,66.86273078977987,66.82647554224295,5610017.037617278,81.94346793009787,81.98607327257601,81.85485325761829,81.8851840754067,3794428.715804052,39.92498833633366,40.63,39.61135754522366,40.07709257380942,14659279.490780817,30.72202034158515,30.923476194122156,30.130942703446905,30.21887422305087,21374240.381921303,32.806108273575504,32.79468645833644,32.676536570432205,32.629996709443816,7428930.886676841,26.939680029721448,26.998034565693658,26.621096346758577,26.710013646151054,4560031.306876936,49.57898349077997,50.19505480426255,49.45068126325388,50.031597139984,2802498.013505891,122.7491820912519,126.3931542406564,121.80269522911357,122.91437722100181,1720316.5920470287,56.93592842801385,57.838028987951816,56.881292966458886,57.41750436656176,2299011.222732108,40.4354080255188,41.49444114835355,39.781422037872275,40.1978963181814,3646009.706501798,108.46322855844151,108.55506552781296,108.04292839607541,108.1952937497906,2235822.6105414927,181.72539521501218,187.4303278655554,180.44514199239399,187.03222702933118,1934242.266345552,23.509493146502937,23.83392292214022,23.245791749601793,23.766144920162734,3218094.549762322,9.427421442727148,9.548356217580606,9.278698395915477,9.278745669979932,32443389.37131433,80.23510067887025,80.20745147299996,79.69909448847311,79.83274272885501,7761824.523830044,77.6809728773661,77.674920928021,77.45482011131466,77.4570962397634,4822478.087258888,51.008533881702476,51.18417099387691,50.85003459724367,51.11670823019994,14007954.434840797,58.513941913270735,58.54948135768417,58.25391498268694,58.30033199447086,3835828.7675671414,70.7089222701295,70.86719654395264,70.45896199825835,70.81563817046948,5009829.320292551,56.712161730841274,56.80345330545463,56.00515230641643,56.15789075039238,2478533.7874040836,57.92467518517086,57.95681339576311,57.86913595370154,57.8816166706522,3598407.740896058,167.5354092846227,169.32106839236914,166.9794122766264,168.55453932659677,3123392.738645005,114.75692185064251,115.86981554160279,114.3211541943861,115.72797840996728,2115129.6806417615,45.24057301965888,45.33254140424019,44.8955932369395,45.00256463489093,8781852.318708802,62.27816908799981,62.40637809103134,62.07185405469453,62.23748655966631,4685719.48563498,125.51143913044166,126.87049734324964,125.10880206081305,126.35121433962225,1261600.506910027,55.685349117874416,55.915091022076346,54.88854184617752,55.74295062896237,8220553.756289911,72.38577600231604,73.64882260585253,71.05007326307042,71.18945318762671,1687590.9720267823,84.45107677161967,85.47154136013367,83.91967922813792,84.60500410254302,5237513.965903197,86.49042329701437,88.06433294846595,85.92625921115676,86.79278120038236,17285610.35792417,107.67286276443346,109.92939964637425,106.63050971694541,107.54126048530095,17883394.651946884,37.82689501961756,38.072517935533654,37.36301276437752,37.79247261001752,6179138.536676225,45.06286322499708,45.490717321206574,42.86855500077914,42.74788487970056,4887367.516374228
1902,115.21054895234295,116.29509023394546,114.78006767187348,116.1084374768899,3186491.7561206473,102.311766833384,104.3313039949362,100.82363095869152,101.32008545144295,2680542.9434805266,97.84616523193121,97.89431084344781,97.3737975060062,97.43873586483079,8710824.230937038,6.634520319713703,6.7348824539419,6.156248333882639,6.170586881953161,21613967.573378623,71.97960214504093,73.84915758197857,70.65512076945691,72.77123707207728,2630950.07335176,471.03881845577723,482.49709240759796,468.92045958429605,480.8658404296772,550340.1305931095,15.061402120883885,15.408845009692879,15.043853734947838,15.350933656585498,23443268.145594142,41.4355793818292,42.59351957517443,41.210171218423206,42.061768333616094,7276201.418275361,48.1673815512898,48.16071902737781,48.03310588540902,48.013919520696916,4063676.8286922756,72.41035401886712,72.44469161856951,72.0554174730287,72.20374859494338,6801355.410691133,31.856625111555463,32.064862762371625,31.671545545899665,31.789462195609524,10715583.321465846,77.2378973618729,77.26871987852766,77.09490501626298,77.12268807502498,2211328.194058601,331.7445659180451,338.7028553810063,329.6824383238126,334.02935622036415,2507803.4921497987,41.804426469851066,42.95407994367563,41.3045327638982,42.21808666650893,4640365.590073401,9.726909714807952,10.316188419381938,9.526399153133378,9.819911180367301,19627971.34824251,95.39412488273098,98.73332816983773,95.45678408828924,96.14674787855712,9739515.651191445,12.929174051371332,13.230282721212106,12.743665346629244,13.087428411554617,13569284.04847775,151.74845225479035,152.52745974004492,150.07261805466294,150.42432470994484,8990657.868179567,465.3485819289839,480.31624293509924,465.41249107498567,471.8240721997064,1440475.9688014823,33.51519622986103,34.25983994996126,33.12441461653288,34.14121409630824,9973472.737286702,43.80195012863774,43.91300511855554,43.48957032536255,43.55334345126281,26764502.23611524,82.24043165472435,82.40101057439931,81.94047009107572,82.28050054166208,16979085.520887814,89.80121761127381,89.78352524706646,89.61745853079479,89.7139644167448,6809975.047783292,41.91002280801591,42.25787510339197,41.536576797210536,42.149607364024156,4223970.9532647235,119.84050094015716,123.29951051177811,118.62957219992097,122.01659299340034,3881069.6077408497,69.27571015992714,69.55660071826091,69.07380115205899,69.369495570865,4294951.352920188,49.67430210196299,49.81023880645512,49.35518049574347,49.69048112875321,2941333.96649157,55.29596369987918,55.59796623216275,55.17713539404964,55.309212476155906,3691184.789977499,24.80099093540221,24.88384120177011,24.354125707098042,24.361557248238753,22595648.222659424,37.42855252943676,38.7358922534336,36.607617593018915,36.45228730408399,15009404.420863064,149.6238041007916,152.813071101316,147.3036311626353,146.91093296378904,1021341.5330165604,36.56608575083566,36.73967675279403,36.03857173417446,36.081804485424215,56234806.793108,53.799341893708565,54.393011627529575,52.431438142942156,52.860113034885615,5069600.090672596,42.97976428944121,43.64401518036177,42.12621414394704,42.10350279441541,20840053.278485153,275.1537107635706,275.49965871245837,271.6327558426087,271.66307748982126,9349776.605286144,,,,,,24.316821462860197,25.249256440892417,24.176027960470716,24.737586247220257,11136922.52826673,142.92051182639523,143.94255717987778,139.60068621746402,141.0779996623457,2041158.2219196737,5.755836171749208,5.6175146335789865,5.5038274500671625,5.305006922618183,23577982.401012883,56.27680064311766,56.36043882877371,55.5715586408434,55.59015934426956,9252147.678735932,94.19019664772601,94.27099459643205,93.62113999183083,93.69361874463276,7468078.774342065,54.079963177282934,54.233070942412674,53.73449453927993,53.87298739914986,11553479.330099814,51.72267811990674,51.678729073762064,51.57697262730106,51.63365389732566,3029553.860269713,93.74492050115765,94.25969410529711,93.67302067458799,94.30713866857722,3535503.3634194536,11.330703956341596,11.575425725185195,11.121350519557856,11.20504328817049,22647833.240529325,26.263886106193098,26.467780008817382,26.05907207167357,26.311288325570505,14211644.876346374,107.20089159168383,107.17831082145902,106.18047787502326,106.24308967225136,32607577.659086246,70.8553225181486,72.24707723384202,70.10978744827938,70.3502615015735,2738096.6543620415,92.61983644155403,92.71345921793426,92.27504622122277,92.34898136831569,4188424.2056849217,136.34502108115836,139.38067988318085,135.17365746503745,136.32658258565135,2730630.66051414,110.68807291102975,113.81116498812689,110.195552136976,113.09083874321594,7647687.273131218,45.48267839407543,46.286323483574066,43.80912090097618,43.80171179618461,10632235.038967429,129.08172613134926,133.31581713800898,128.553963169255,130.13020444390716,2734596.338718712,54.38006986963501,56.4788661801208,52.627166065463484,52.35470559944417,1581095.9269994574,246.1832829889802,253.62796412544793,244.5757416727616,248.412797701246,560720.6033401377,92.38765743477776,93.5195408927378,91.4155087827355,91.8289718705899,4404665.790448819,45.450726323654926,46.64220377042482,44.91058163806166,45.80526391470908,12174264.321646065,25.178909355224373,25.732956864890124,24.58608312570911,24.892824271552954,3417664.6928996015,61.19812928598625,61.61029502114728,60.489427265314305,60.60491689179694,3199130.7919769958,168.54493228522523,170.71442092819632,167.81400271828244,170.23356815430276,9468664.563562807,107.84254671528501,110.13406325450939,107.63503400330494,109.94643825642925,1256819.8738752091,91.66983765362968,93.96683474417256,90.72350896507878,90.62781503064146,1331832.3917436476,67.02433077322878,67.47494524434119,66.86449555475654,66.82647554224295,5610017.032671593,81.94346793009787,81.98607327257601,81.85485325761829,81.8851840754067,3794428.715804052,39.92498833633366,40.63,39.61135754522366,40.07709257380942,14659279.490784265,30.722020337350234,30.923476194122156,30.130942703446905,30.22023279900883,21374230.689856905,32.806108273575504,32.79468645833644,32.67653657043308,32.62999670941177,7428930.886675833,26.939680029721448,26.998034565693658,26.621096346758577,26.71001364615171,4560031.306876936,49.57898349077997,50.19505480426255,49.45068126325388,50.031597139984,2802498.013505891,122.7491820912519,126.39315424387065,121.80269522911357,122.91437722100181,1720316.592047026,56.93587834383249,57.838028987951816,56.881292966458886,57.41750436656176,2299011.2197239595,40.437527424746015,41.494441144802465,39.781422037861745,40.197896318179914,3646009.7020009034,108.46322855844151,108.55506552781296,108.04280461941285,108.1952937497906,2235822.6105414927,181.72539521501218,187.4303266334861,180.44514199239399,187.03222702933118,1934242.2663455543,23.509493146502937,23.83392292214022,23.245791749138615,23.766144920162734,3218094.549770734,9.42887101514508,9.548356217580606,9.278698395915477,9.278745669979932,32443389.390416052,80.23510067887025,80.20745147299996,79.69909448847311,79.83274224764178,7761824.523670192,77.6809728773661,77.67492032952673,77.45482006337298,77.45709623959486,4822478.087258866,51.008533881702476,51.18417098423626,50.85003459724367,51.11670823019994,14007954.43485994,58.513941913270735,58.54957297100297,58.25391498268694,58.297790404730314,3835828.767314797,70.7089222701295,70.86719654213593,70.45896199825835,70.81563817046948,5009829.321555836,56.712161730841274,56.80345330545463,56.00515230641643,56.15789075039238,2478533.7874040836,57.92467518517086,57.95681339576311,57.86913595370154,57.8816166706522,3598407.7408964997,167.5354092846227,169.32106839236914,166.9794122766264,168.55453932659677,3123392.738645005,114.75692185064251,115.86981554160279,114.3211541943861,115.72797840996728,2115129.6806417615,45.24057301965888,45.33254140424019,44.8955932369395,45.00256463489093,8781852.815974727,62.27816908799981,62.40637793087372,62.07185405469453,62.23748655966631,4685719.48563498,125.51143913044166,126.87049734324964,125.10880206081305,126.35071329839072,1261600.5069101055,55.77853635333268,55.91508955275716,54.88854184617752,55.74295062896237,8220553.756290103,72.38571634608863,73.64882260585253,71.05007326307042,71.18945318762671,1687590.9720245693,84.45107677161967,85.47154136013367,83.91967922813792,84.60500410254302,5237512.675671098,86.49042329701437,88.06433294846595,85.92625921115676,86.79278120038236,17285610.37977338,107.67286276443346,109.92939964637425,106.63048554334198,107.54126048530149,17883394.65194689,37.82689501961756,38.072517935533654,37.36301276437752,37.79247261001752,6179138.536676225,45.062863225021204,45.49071732120689,42.868555000779224,42.74788487933395,4887367.5163742285
1903,115.21054895234295,116.29509023394546,114.78006767187348,116.1084374768899,3186491.7561206473,102.311766833384,104.3313039949362,100.82363095869152,101.32008545144295,2680542.9423235687,97.84616523193121,97.89431084344781,97.3737975060062,97.43873586483079,8710824.230937038,6.634527689488943,6.7348824539461685,6.156248333882639,6.170586881853398,21613962.16638556,71.97960214504093,73.84915758197857,70.65512076945693,72.37726466707,2630950.0733524812,471.03881845577723,482.49709240759796,468.92045958429605,480.8658404296772,550340.1305933782,15.061402120883885,15.408845009692879,15.041640615162468,15.350920653415038,23443268.148196183,41.4355793818292,42.59351957517443,41.210171218423206,42.061768333616094,7276201.418698101,48.1673815512898,48.16071492053306,48.033105849366656,48.01391951971416,4063676.8286764137,72.41035401886712,72.44469161856951,72.05541747154525,72.20374859494338,6801355.410691648,31.856625111555463,32.06486275340749,31.671485200251126,31.789462195609524,10715583.321569052,77.2378973618729,77.26871987852766,77.09490501626296,77.12268807502498,2211328.1940586013,331.7443895820273,338.70282592150045,329.6824383238126,334.3066859535889,2507803.492207408,41.804426469851066,42.95407994367563,41.30453277716145,42.21808666650893,4640365.590081305,9.726909714807952,10.315581037944892,9.526399153113347,9.819911180367301,19627971.348144304,95.39412488273098,98.73332816983773,95.45678408828924,96.14674787855712,9739515.651189828,12.929174051371332,13.230282721212106,12.743665346629244,13.087428411554617,13569284.048163502,151.74845225479035,152.52745974004492,150.07261805466294,150.42432470994484,8990657.868179567,465.3485819289839,480.3163046409164,465.41272202180073,471.8240721997064,1440475.9688066118,33.51519622986103,34.25983994996126,33.12441461653288,34.14121409630824,9973472.737302603,43.80195012863774,43.91300511855554,43.48957032536255,43.55334345126281,26764502.300013307,82.24043165472435,82.40101056642634,81.94047009107572,82.28050054166208,16979085.520887814,89.8012176108562,89.78352523740706,89.61745853079186,89.71396441536098,6809975.04707181,41.91002280801591,42.257875104010814,41.53585287514596,42.149607364024156,4223970.953276111,119.84050094015716,123.29951051177811,118.62957219992097,122.01659299340034,3881069.60774085,69.27571015992714,69.55660071826091,69.07380115205899,69.369495570865,4294951.353343618,49.67694371221673,49.81023880645512,49.35518049574347,49.69048112875321,2941333.9665469076,55.29596369987918,55.59796623216275,55.17713539404964,55.309212476155906,3691184.7899735123,24.80101684680071,24.88384120177011,24.35412742095222,24.361557248238753,22595648.222659424,37.42855252943676,38.70584344369314,36.607617593018915,36.45228730408399,15009404.361214023,149.6238041007916,152.813071101316,147.3036311626353,146.91093296378904,1021341.5330111976,36.56608575083566,36.73967675279403,36.03857173417446,36.081804485424215,56234806.90192371,53.79931003728279,54.39298537947209,52.43136608401792,52.86011035037277,5069600.090672596,42.97976004717341,43.64401518036177,42.12621406637029,42.103502518123655,20840053.278485112,275.1537107635706,275.49965871245837,271.6327558426087,271.66304500493163,9349776.605285477,,,,,,24.316821462860197,25.249256440892417,24.176027960470716,24.701566096095267,11136922.52826673,142.92051182639523,143.94255717987778,139.60068621746402,141.0779996623457,2041158.2219196209,5.7558361717578705,5.61114899533122,5.5038274500671625,5.29962309426101,23577982.400965095,56.27680064311766,56.36043882877371,55.5715586408434,55.590153861580795,9252147.678735321,94.19019664772601,94.27099459643205,93.62113999183083,93.68756405171013,7468078.774342065,54.079963177282934,54.233070942412674,53.73449453927993,53.87298739914986,11553479.33015298,51.72267811990674,51.678647294558175,51.57697262730156,51.633655465791556,3029553.860269713,93.74492050115765,94.25969410529711,93.67302067458799,94.30713866857722,3535503.3603033465,11.330703951651893,11.575425725184866,11.121350519557856,11.205043318343963,22647833.240958802,26.263886106193098,26.467780008817382,26.05907207167357,26.311288325570505,14211644.876434604,107.20089159168383,107.17831082145902,106.18047787502326,106.24308967225136,32607577.65901446,70.85522820231252,72.24707723384202,70.10978744827938,70.3502615017933,2738096.6547357463,92.61983644155403,92.71345921793426,92.27504622122277,92.34898136831569,4188424.2056849217,136.34502100051867,139.38067988318085,135.17365746503745,136.32658258565135,2730630.6605141545,110.68807291102975,113.81119918678411,110.195552136976,113.09083874321594,7647687.274164519,45.48267839407543,46.286323483574066,43.80912090097618,43.80171179618461,10632235.038967326,129.0809368982373,133.31581713800898,128.553963169255,130.0697341486889,2734596.3387310575,54.38006383722531,56.4788661801208,52.627166065463484,52.35470559944417,1581095.9268727498,246.1832829889802,253.62796412544793,244.5757416727616,248.41274054995208,560720.6033504403,92.38765743477776,93.5195408927378,91.4155087827355,91.8289718705899,4404665.790448853,45.450726323654926,46.64220377042482,44.91058163806166,45.80526391470908,12174264.32164607,25.178880573923053,25.73295164319555,24.5859947080609,24.89282424279618,3417664.620972125,61.19812928598625,61.61022736896275,60.490101297097,60.60491689179694,3199130.792881013,168.54493228522523,170.71442092819632,167.81400271828244,170.23356815430276,9468664.563551782,107.84254671528501,110.13406325450939,107.63503400330494,109.94643825642925,1256819.8738604344,91.65601420751464,93.96683474417256,90.70909722580367,90.62781503064146,1331832.391144851,67.02433077322878,67.47494524434119,66.86292680218364,66.82647554224295,5610017.029860091,81.94346793009787,81.98607327257601,81.85485325761829,81.8851840754067,3794428.715804052,39.92498833633366,40.63,39.61135754522366,40.07709257380942,14659279.49078588,30.72202034001507,30.923476194122156,30.130942703446905,30.219000395582604,21374224.03089473,32.806108273575504,32.79468645833644,32.67653657043264,32.62999670939437,7428930.886675386,26.939680029721448,26.998034565693658,26.621096346758577,26.710013646152028,4560031.306876936,49.57898349077997,50.19505480426255,49.45068126325388,50.031597139984,2802498.013505891,122.7491820912519,126.39315424188304,121.80269522911357,122.91437722100181,1720316.5920470248,56.93591914312189,57.838028987951816,56.881292966458886,57.41750436656176,2299011.2179974755,40.43560984872026,41.4944411427038,39.78142203785664,40.19789631817923,3646009.6993703563,108.46322855844151,108.55506552781296,108.04269453875999,108.1952937497906,2235822.6105414927,181.72539521501218,187.4303275097998,180.44514199239399,187.03222702933118,1934242.2663455552,23.509493146502937,23.83392292214022,23.245791749404315,23.766144920162734,3218094.549774821,9.427519762755981,9.548356217580606,9.278698395915477,9.278745669979932,32443389.401373617,80.23510067887025,80.20745147299996,79.69909448847311,79.83274190178285,7761824.523588764,77.6809728773661,77.67492078926158,77.4548200306323,77.45709623949962,4822478.087258858,51.008533881702476,51.184170977937974,50.85003459724367,51.11670823019994,14007954.434869481,58.513941913270735,58.54949348558471,58.25391498268694,58.30030875451435,3835828.7671880913,70.7089222701295,70.8671965410351,70.45896199825835,70.81563817046948,5009829.32228868,56.712161730841274,56.80345330545463,56.00515230641643,56.15789075039238,2478533.7874040836,57.92467518517086,57.95681339576311,57.86913595370154,57.8816166706522,3598407.7408967037,167.5354092846227,169.32106839236914,166.9794122766264,168.55453932659677,3123392.738645005,114.75692185064251,115.86981554160279,114.3211541943861,115.72797840996728,2115129.6806417615,45.24057301965888,45.33254140424019,44.8955932369395,45.00256463489093,8781853.153255833,62.27816908799981,62.406377816776114,62.07185405469453,62.23748655966631,4685719.48563498,125.51143913044166,126.87049734324964,125.10880206081305,126.35119360604408,1261600.5069101404,55.68564605962853,55.91509062168041,54.88854184617752,55.74295062896237,8220553.756290189,72.3857647684072,73.64882260585253,71.05007326307042,71.18945318762671,1687590.97202353,84.45107677161967,85.47154136013367,83.91967922813792,84.60500410254302,5237511.714570189,86.49042329701437,88.06433294846595,85.92625921115676,86.79278120038236,17285610.392934036,107.67286276443346,109.92939964637425,106.63050531748664,107.54126048530125,17883394.651946895,37.82689501961756,38.072517935533654,37.36301276437752,37.79247261001752,6179138.536676225,45.06286322503398,45.49071732120703,42.86855500077927,42.74788487913009,4887367.5163742285
1904,115.21054895234295,116.29509023394546,114.78006767187348,116.1084374768899,3186491.7561206473,102.311766833384,104.3313039949362,100.82363095869152,101.32008545144295,2680542.941660234,97.84616523193121,97.89431084344781,97.3737975060062,97.43873586483079,8710824.230937038,6.634522019058449,6.734882453943994,6.156248333882639,6.170586881910849,21613958.446750145,71.97960214504093,73.84915758197857,70.65512076945691,72.76494142798913,2630950.073352812,471.03881845577723,482.49709240759796,468.92045958429605,480.8658404296772,550340.1305935057,15.061402120883885,15.408845009692879,15.043706635339671,15.350931960368008,23443268.149614938,41.4355793818292,42.59351957517443,41.210171218423206,42.061768333616094,7276201.418931473,48.1673815512898,48.16071159920472,48.03310582353397,48.01391951909784,4063676.8286687653,72.41035401886712,72.44469161856951,72.05541747246865,72.20374859494338,6801355.41069188,31.856625111555463,32.06486275948714,31.671535924611597,31.789462195609524,10715583.32162183,77.2378973618729,77.26871987852766,77.09490501626297,77.12268807502498,2211328.1940586017,331.74453897064836,338.70284908413754,329.6824383238126,334.03394205602285,2507803.492239501,41.804426469851066,42.95407994367563,41.304532768875404,42.21808666650893,4640365.590085186,9.726909714807952,10.316132303935225,9.526399153124204,9.819911180367301,19627971.348094147,95.39412488273098,98.73332816983773,95.45678408828924,96.14674787855712,9739515.651189076,12.929174051371332,13.230282721212106,12.743665346629244,13.087428411554617,13569284.04799821,151.74845225479035,152.52745974004492,150.07261805466294,150.42432470994484,8990657.868179567,465.3485819289839,480.3163531571924,465.41291266098557,471.8240721997064,1440475.9688093227,33.51519622986103,34.25983994996126,33.12441461653288,34.14121409630824,9973472.737310762,43.80195012863774,43.91300511855554,43.48957032536255,43.55334345126281,26764502.3385176,82.24043165472435,82.40101056126815,81.94047009107572,82.28050054166208,16979085.520887814,89.80121761059948,89.78352523111846,89.61745853079036,89.71396441451618,6809975.046680369,41.91002280801591,42.25787510362739,41.53648717164407,42.149607364024156,4223970.953281711,119.84050094015716,123.29951051177811,118.62957219992097,122.01659299340034,3881069.60774085,69.27571015992714,69.55660071826091,69.07380115205899,69.369495570865,4294951.353578284,49.67450313080762,49.81023880645512,49.35518049574347,49.69048112875321,2941333.966575847,55.29596369987918,55.59796623216275,55.17713539404964,55.309212476155906,3691184.7899715486,24.80103900187333,24.88384120177011,24.354128867693866,24.361557248238753,22595648.222659424,37.42855252943676,38.73463028590506,36.607617593018915,36.45228730408399,15009404.32453219,149.6238041007916,152.813071101316,147.3036311626353,146.91093296378904,1021341.5330085595,36.56608575083566,36.73967675279403,36.03857173417446,36.081804485424215,56234806.96705851,53.79928497433796,54.39296476728443,52.431307884372906,52.860112379197275,5069600.090672596,42.97975680978727,43.64401518036177,42.1262141183621,42.10350272002455,20840053.278485097,275.1537107635706,275.49965871245837,271.6327558426087,271.6630704573116,9349776.60528518,,,,,,24.316821462860197,25.249256440892417,24.176027960470716,24.737090647318972,11136922.52826673,142.92051182639523,143.94255717987778,139.60068621746402,141.0779996623457,2041158.2219195946,5.755836171753155,5.604820645792859,5.5038274500671625,5.294272267742502,23577982.400942046,56.27680064311766,56.36043882877371,55.5715586408434,55.59015812721409,9252147.67873505,94.19019664772601,94.27099459643205,93.62113999183083,93.69346924116661,7468078.774342065,54.079963177282934,54.233070942412674,53.73449453927993,53.87298739914986,11553479.330180282,51.72267811990674,51.67871828261733,51.57697262730127,51.63365421701005,3029553.860269713,93.74492050115765,94.25969410529711,93.67302067458799,94.30713866857722,3535503.358508742,11.33070394860136,11.57542572518471,11.121350519557856,11.205043297240831,22647833.241194066,26.263886106193098,26.467780008817382,26.05907207167357,26.311288325570505,14211644.876479596,107.20089159168383,107.17831082145902,106.18047787502326,106.24308967225136,32607577.658979237,70.85531041244668,72.24707723384202,70.10978744827938,70.35026150166532,2738096.6549535654,92.61983644155403,92.71345921793426,92.27504622122277,92.34898136831569,4188424.2056849217,136.34502105392642,139.38067988318085,135.17365746503745,136.32658258565135,2730630.6605141605,110.68807291102975,113.81117201876688,110.195552136976,113.09083874321594,7647687.27478969,45.48267839407543,46.286323483574066,43.80912090097618,43.80171179618461,10632235.038967282,129.08161109609185,133.31581713800898,128.553963169255,130.12938878572922,2734596.338737272,54.38005940121323,56.4788661801208,52.627166065463484,52.35470559944417,1581095.9268038985,246.1832829889802,253.62796412544793,244.5757416727616,248.4126947493302,560720.6033559534,92.38765743477776,93.5195408927378,91.4155087827355,91.8289718705899,4404665.790448868,45.450726323654926,46.64220377042482,44.91058163806166,45.80526391470908,12174264.321646072,25.178857425890335,25.73294769056618,24.585921331885242,24.892824224059694,3417664.575414615,61.19812928598625,61.61028322658789,60.48948905110869,60.60491689179694,3199130.793404241,168.54493228522523,170.71442092819632,167.81400271828244,170.23356815430276,9468664.563546099,107.84254671528501,110.13406325450939,107.63503400330494,109.94643825642925,1256819.8738529372,91.66931841342922,93.96683474417256,90.72272037242308,90.62781503064146,1331832.3908044954,67.02433077322878,67.47494524434119,66.86432131344579,66.82647554224295,5610017.028261821,81.94346793009787,81.98607327257601,81.85485325761829,81.8851840754067,3794428.715804052,39.92498833633366,40.63,39.61135754522366,40.07709257380942,14659279.490786636,30.72202033833821,30.923476194122156,30.130942703446905,30.220118344267092,21374219.455834616,32.806108273575504,32.79468645833644,32.67653657043286,32.62999670938492,7428930.886675187,26.939680029721448,26.998034565693658,26.621096346758577,26.71001364615218,4560031.306876936,49.57898349077997,50.19505480426255,49.45068126325388,50.031597139984,2802498.013505891,122.7491820912519,126.39315424311214,121.80269522911357,122.91437722100181,1720316.5920470243,56.93588590743808,57.838028987951816,56.881292966458886,57.41750436656176,2299011.2170065846,40.437344820483645,41.494441141463504,39.78142203785417,40.19789631817892,3646009.697832933,108.46322855844151,108.55506552781296,108.04259663863985,108.1952937497906,2235822.6105414927,181.72539521501218,187.43032688651851,180.44514199239399,187.03222702933118,1934242.2663455557,23.509493146502937,23.83392292214022,23.245791749251897,23.766144920162734,3218094.549776807,9.428779363860732,9.548356217580606,9.278698395915477,9.278745669979932,32443389.407659344,80.23510067887025,80.20745147299996,79.69909448847311,79.83274165320616,7761824.523547283,77.6809728773661,77.67492043611513,77.45482000827282,77.4570962394458,4822478.087258854,51.008533881702476,51.18417097382327,50.85003459724367,51.11670823019994,14007954.434874237,58.513941913270735,58.54956244861104,58.25391498268694,58.29781343218378,3835828.767124471,70.7089222701295,70.86719654036807,70.45896199825835,70.81563817046948,5009829.322713809,56.712161730841274,56.80345330545463,56.00515230641643,56.15789075039238,2478533.7874040836,57.92467518517086,57.95681339576311,57.86913595370154,57.8816166706522,3598407.7408967977,167.5354092846227,169.32106839236914,166.9794122766264,168.55453932659677,3123392.738645005,114.75692185064251,115.86981554160279,114.3211541943861,115.72797840996728,2115129.6806417615,45.24057301965888,45.33254140424019,44.8955932369395,45.00256463489093,8781853.38202386,62.27816908799981,62.40637773549205,62.07185405469453,62.23748655966631,4685719.48563498,125.51143913044166,126.87049734324964,125.10880206081305,126.35073317399306,1261600.506910156,55.778240357785464,55.91508984404345,54.88854184617752,55.74295062896237,8220553.756290227,72.38572546453169,73.64882260585253,71.05007326307042,71.18945318762671,1687590.9720230417,84.45107677161967,85.47154136013367,83.91967922813792,84.60500410254302,5237510.998640895,86.49042329701437,88.06433294846595,85.92625921115676,86.79278120038236,17285610.40086123,107.67286276443346,109.92939964637425,106.63048914212419,107.54126048530136,17883394.651946895,37.82689501961756,38.072517935533654,37.36301276437752,37.79247261001752,6179138.536676225,45.06286322504074,45.4907173212071,42.86855500077929,42.74788487901673,4887367.5163742285
1905,115.21054895234295,116.29509023394546,114.78006767187348,116.1084374768899,3186491.7561206473,102.311766833384,104.3313039949362,100.82363095869152,101.32008545144295,2680542.941279914,97.84616523193121,97.89431084344781,97.3737975060062,97.43873586483079,8710824.230937038,6.634526381984174,6.734882453945102,6.156248333882639,6.170586881877765,21613955.88789951,71.97960214504093,73.84915758197857,70.65512076945691,72.38345970732402,2630950.073352963,471.03881845577723,482.49709240759796,468.92045958429605,480.8658404296772,550340.1305935661,15.061402120883885,15.408845009692879,15.04177793748932,15.35092212836697,23443268.15038851,41.4355793818292,42.59351957517443,41.210171218423206,42.061768333616094,7276201.419060305,48.1673815512898,48.16070891314702,48.033105805018884,48.01391951871133,4063676.828665077,72.41035401886712,72.44469161856951,72.05541747189386,72.20374859494338,6801355.410691984,31.856625111555463,32.0648627553638,31.67149328755644,31.789462195609524,10715583.32164882,77.2378973618729,77.26871987852766,77.09490501626297,77.12268807502498,2211328.1940586017,331.7444124113647,338.70283087243496,329.6824383238126,334.3021759478401,2507803.4922573795,41.804426469851066,42.95407994367563,41.30453277405201,42.21808666650893,4640365.590087092,9.726909714807952,10.31563196893392,9.52639915311832,9.819911180367301,19627971.34806853,95.39412488273098,98.73332816983773,95.45678408828924,96.14674787855712,9739515.651188726,12.929174051371332,13.230282721212106,12.743665346629244,13.087428411554617,13569284.04791127,151.74845225479035,152.52745974004492,150.07261805466294,150.42432470994484,8990657.868179567,465.3485819289839,480.31639130317507,465.41307002751506,471.8240721997064,1440475.9688107553,33.51519622986103,34.25983994996126,33.12441461653288,34.14121409630824,9973472.737314947,43.80195012863774,43.91300511855554,43.48957032536255,43.55334345126281,26764502.361719873,82.24043165472435,82.401010557931,81.94047009107572,82.28050054166208,16979085.520887814,89.80121761044167,89.78352522702436,89.61745853078958,89.71396441400044,6809975.0464650085,41.91002280801591,42.257875103864954,41.535931404570235,42.149607364024156,4223970.953284465,119.84050094015716,123.29951051177811,118.62957219992097,122.01659299340034,3881069.60774085,69.27571015992714,69.55660071826091,69.07380115205899,69.369495570865,4294951.353708337,49.67675798184253,49.81023880645512,49.35518049574347,49.69048112875321,2941333.9665909815,55.29596369987918,55.59796623216275,55.17713539404964,55.309212476155906,3691184.789970581,24.801057945167447,24.88384120177011,24.354130088953774,24.361557248238753,22595648.222659424,37.42855252943676,38.707052412049435,36.607617593018915,36.45228730408399,15009404.301974295,149.6238041007916,152.813071101316,147.3036311626353,146.91093296378904,1021341.5330072618,36.56608575083566,36.73967675279403,36.03857173417446,36.081804485424215,56234807.00604683,53.799265256143336,54.39294858085692,52.43126087841611,52.8601108459102,5069600.090672596,42.97975433925276,43.64401518036177,42.12621408351727,42.10350257248496,20840053.27848509,275.1537107635706,275.49965871245837,271.6327558426087,271.66305051500444,9349776.60528505,,,,,,24.316821462860197,25.249256440892417,24.176027960470716,24.702054877056195,11136922.52826673,142.92051182639523,143.94255717987778,139.60068621746402,141.0779996623457,2041158.2219195815,5.755836171755722,5.598529366533668,5.5038274500671625,5.288954240767698,23577982.40093093,56.27680064311766,56.36043882877371,55.5715586408434,55.59015480847247,9252147.678734928,94.19019664772601,94.27099459643205,93.62113999183083,93.68770986361227,7468078.774342065,54.079963177282934,54.233070942412674,53.73449453927993,53.87298739914986,11553479.330194304,51.72267811990674,51.67865666176137,51.57697262730141,51.63365521126517,3029553.860269713,93.74492050115765,94.25969410529711,93.67302067458799,94.30713866857722,3535503.357475207,11.330703946617067,11.575425725184635,11.121350519557856,11.205043312000225,22647833.241322942,26.263886106193098,26.467780008817382,26.05907207167357,26.311288325570505,14211644.876502538,107.20089159168383,107.17831082145902,106.18047787502326,106.24308967225136,32607577.65896195,70.85523875421366,72.24707723384202,70.10978744827938,70.35026150173985,2738096.6550805247,92.61983644155403,92.71345921793426,92.27504622122277,92.34898136831569,4188424.2056849217,136.3450210185544,139.38067988318085,135.17365746503745,136.32658258565135,2730630.660514163,110.68807291102975,113.81119360151953,110.195552136976,113.09083874321594,7647687.275167933,45.48267839407543,46.286323483574066,43.80912090097618,43.80171179618461,10632235.038967261,129.08103516644545,133.31581713800898,128.553963169255,130.07053880479947,2734596.3387404005,54.38005613913322,56.4788661801208,52.627166065463484,52.35470559944417,1581095.9267664857,246.1832829889802,253.62796412544793,244.5757416727616,248.4126580450525,560720.6033589036,92.38765743477776,93.5195408927378,91.4155087827355,91.8289718705899,4404665.790448874,45.450726323654926,46.64220377042482,44.91058163806166,45.80526391470908,12174264.321646072,25.17883880854525,25.73294469857217,24.585860438350263,24.892824211851927,3417664.5465593464,61.19812928598625,61.61023710724513,60.49004517495897,60.60491689179694,3199130.793707076,168.54493228522523,170.71442092819632,167.81400271828244,170.23356815430276,9468664.56354317,107.84254671528501,110.13406325450939,107.63503400330494,109.94643825642925,1256819.873849133,91.65651394386754,93.96683474417256,90.70984266763874,90.62781503064146,1331832.3906110376,67.02433077322878,67.47494524434119,66.86308169051618,66.82647554224295,5610017.027353243,81.94346793009787,81.98607327257601,81.85485325761829,81.8851840754067,3794428.715804052,39.92498833633366,40.63,39.61135754522366,40.07709257380942,14659279.49078699,30.72202033939338,30.923476194122156,30.130942703446905,30.21910422077916,21374216.31252572,32.806108273575504,32.79468645833644,32.676536570432745,32.62999670937978,7428930.886675099,26.939680029721448,26.998034565693658,26.621096346758577,26.71001364615225,4560031.306876936,49.57898349077997,50.19505480426255,49.45068126325388,50.031597139984,2802498.013505891,122.7491820912519,126.3931542423521,121.80269522911357,122.91437722100181,1720316.592047024,56.93591298170076,57.838028987951816,56.881292966458886,57.41750436656176,2299011.216437877,40.435775064197955,41.4944411407305,39.78142203785297,40.19789631817877,3646009.6969343866,108.46322855844151,108.55506552781296,108.04250957126449,108.1952937497906,2235822.6105414927,181.72539521501218,187.43032732982957,180.44514199239399,187.03222702933118,1934242.266345556,23.509493146502937,23.83392292214022,23.24579174933933,23.766144920162734,3218094.549777772,9.427605197616225,9.548356217580606,9.278698395915477,9.278745669979932,32443389.411265105,80.23510067887025,80.20745147299996,79.69909448847311,79.83274147454841,7761824.5235261535,77.6809728773661,77.67492070738544,77.45481999300291,77.45709623941539,4822478.087258853,51.008533881702476,51.18417097113511,50.85003459724367,51.11670823019994,14007954.434876606,58.513941913270735,58.54950261500753,58.25391498268694,58.30028593762084,3835828.7670925264,70.7089222701295,70.86719653996389,70.45896199825835,70.81563817046948,5009829.322960431,56.712161730841274,56.80345330545463,56.00515230641643,56.15789075039238,2478533.7874040836,57.92467518517086,57.95681339576311,57.86913595370154,57.8816166706522,3598407.740896841,167.5354092846227,169.32106839236914,166.9794122766264,168.55453932659677,3123392.738645005,114.75692185064251,115.86981554160279,114.3211541943861,115.72797840996728,2115129.6806417615,45.24057301965888,45.33254140424019,44.8955932369395,45.00256463489093,8781853.537190601,62.27816908799981,62.40637767758462,62.07185405469453,62.23748655966631,4685719.48563498,125.51143913044166,126.87049734324964,125.10880206081305,126.35117455291366,1261600.506910163,55.68594111198394,55.915090409770926,54.88854184617752,55.74295062896237,8220553.756290244,72.38575736706497,73.64882260585253,71.05007326307042,71.18945318762671,1687590.9720228123,84.45107677161967,85.47154136013367,83.91967922813792,84.60500410254302,5237510.465341269,86.49042329701437,88.06433294846595,85.92625921115676,86.79278120038236,17285610.4056361,107.67286276443346,109.92939964637425,106.63050237366238,107.54126048530131,17883394.651946895,37.82689501961756,38.072517935533654,37.36301276437752,37.79247261001752,6179138.536676225,45.062863225044325,45.49071732120713,42.8685550007793,42.7478848789537,4887367.5163742285
1906,115.21054895234295,116.29509023394546,114.78006767187348,116.1084374768899,3186491.7561206473,102.311766833384,104.3313039949362,100.82363095869152,101.32008545144295,2680542.9410618604,97.84616523193121,97.89431084344781,97.3737975060062,97.43873586483079,8710824.230937038,6.634523025074869,6.734882453944538,6.156248333882639,6.170586881896817,21613954.127588127,71.97960214504093,73.84915758197857,70.65512076945691,72.75884538392889,2630950.0733530326,471.03881845577723,482.49709240759796,468.92045958429605,480.8658404296772,550340.1305935947,15.061402120883885,15.408845009692879,15.0435784404268,15.350930677818326,23443268.150810294,41.4355793818292,42.59351957517443,41.210171218423206,42.061768333616094,7276201.419131425,48.1673815512898,48.16070674085171,48.03310579174855,48.013919518468946,4063676.828663299,72.41035401886712,72.44469161856951,72.05541747225165,72.20374859494338,6801355.410692031,31.856625111555463,32.06486275816033,31.671529126716475,31.789462195609524,10715583.321662622,77.2378973618729,77.26871987852766,77.09490501626297,77.12268807502498,2211328.1940586017,331.74451963005487,338.7028451914483,329.6824383238126,334.03837748576086,2507803.492267339,41.804426469851066,42.95407994367563,41.30453277081799,42.21808666650893,4640365.5900880275,9.726909714807952,10.316086078416314,9.52639915312151,9.819911180367301,19627971.34805545,95.39412488273098,98.73332816983773,95.45678408828924,96.14674787855712,9739515.651188562,12.929174051371332,13.230282721212106,12.743665346629244,13.087428411554617,13569284.04786554,151.74845225479035,152.52745974004492,150.07261805466294,150.42432470994484,8990657.868179567,465.3485819289839,480.31642129550164,465.41319992853533,471.8240721997064,1440475.9688115125,33.51519622986103,34.25983994996126,33.12441461653288,34.14121409630824,9973472.737317095,43.80195012863774,43.91300511855554,43.48957032536255,43.55334345126281,26764502.375701316,82.24043165472435,82.401010555772,81.94047009107572,82.28050054166208,16979085.520887814,89.80121761034465,89.78352522435895,89.61745853078918,89.7139644136856,6809975.046346522,41.91002280801591,42.257875103717765,41.53641836459805,42.149607364024156,4223970.953285819,119.84050094015716,123.29951051177811,118.62957219992097,122.01659299340034,3881069.60774085,69.27571015992714,69.55660071826091,69.07380115205899,69.369495570865,4294951.353780412,49.67467472693833,49.81023880645512,49.35518049574347,49.69048112875321,2941333.9665988963,55.29596369987918,55.59796623216275,55.17713539404964,55.309212476155906,3691184.7899701046,24.801074142288446,24.88384120177011,24.35413111987437,24.361557248238753,22595648.222659424,37.42855252943676,38.73347209090126,36.607617593018915,36.45228730408399,15009404.288102068,149.6238041007916,152.813071101316,147.3036311626353,146.91093296378904,1021341.5330066234,36.56608575083566,36.73967675279403,36.03857173417446,36.081804485424215,56234807.02938443,53.799249742914476,54.392935869909394,52.43122291323653,52.860112004694145,5069600.090672596,42.97975245392289,43.64401518036177,42.126214106870215,42.10350268029989,20840053.278485086,275.1537107635706,275.49965871245837,271.6327558426087,271.66306614009,9349776.605284993,,,,,,24.316821462860197,25.249256440892417,24.176027960470716,24.736608591476855,11136922.52826673,142.92051182639523,143.94255717987778,139.60068621746402,141.0779996623457,2041158.221919575,5.755836171754325,5.59227494040294,5.5038274500671625,5.283668812281665,23577982.40092557,56.27680064311766,56.36043882877371,55.5715586408434,55.59015739051485,9252147.678734874,94.19019664772601,94.27099459643205,93.62113999183083,93.69332702967574,7468078.774342065,54.079963177282934,54.233070942412674,53.73449453927993,53.87298739914986,11553479.330201505,51.72267811990674,51.67871015145998,51.57697262730133,51.63365441965892,3029553.860269713,93.74492050115765,94.25969410529711,93.67302067458799,94.30713866857722,3535503.3568799817,11.330703945326334,11.5754257251846,11.121350519557856,11.2050433016776,22647833.24139354,26.263886106193098,26.467780008817382,26.05907207167357,26.311288325570505,14211644.876514237,107.20089159168383,107.17831082145902,106.18047787502326,106.24308967225136,32607577.65895347,70.85530121491162,72.24707723384202,70.10978744827938,70.35026150169645,2738096.655154525,92.61983644155403,92.71345921793426,92.27504622122277,92.34898136831569,4188424.2056849217,136.3450210419813,139.38067988318085,135.17365746503745,136.32658258565135,2730630.660514164,110.68807291102975,113.81117645579968,110.195552136976,113.09083874321594,7647687.275396778,45.48267839407543,46.286323483574066,43.80912090097618,43.80171179618461,10632235.038967252,129.0815271510392,133.31581713800898,128.553963169255,130.12859498328385,2734596.3387419754,54.38005374031963,56.4788661801208,52.627166065463484,52.35470559944417,1581095.926746156,246.1832829889802,253.62796412544793,244.5757416727616,248.41262863051733,560720.6033604823,92.38765743477776,93.5195408927378,91.4155087827355,91.8289718705899,4404665.790448877,45.450726323654926,46.64220377042482,44.91058163806166,45.80526391470908,12174264.321646072,25.17882383511134,25.73294243374353,24.58580990392858,24.892824203897952,3417664.5282829623,61.19812928598625,61.61027518608882,60.489540028755066,60.60491689179694,3199130.7938823514,168.54493228522523,170.71442092819632,167.81400271828244,170.23356815430276,9468664.563541662,107.84254671528501,110.13406325450939,107.63503400330494,109.94643825642925,1256819.8738472026,91.66883744831483,93.96683474417256,90.72201572024882,90.62781503064146,1331832.3905010764,67.02433077322878,67.47494524434119,66.86418362855663,66.82647554224295,5610017.026836739,81.94346793009787,81.98607327257601,81.85485325761829,81.8851840754067,3794428.715804052,39.92498833633366,40.63,39.61135754522366,40.07709257380942,14659279.490787156,30.72202033872941,30.923476194122156,30.130942703446905,30.220024161437482,21374214.15290583,32.806108273575504,32.79468645833644,32.6765365704328,32.62999670937699,7428930.88667506,26.939680029721448,26.998034565693658,26.621096346758577,26.710013646152287,4560031.306876936,49.57898349077997,50.19505480426255,49.45068126325388,50.031597139984,2802498.013505891,122.7491820912519,126.39315424282209,121.80269522911357,122.91437722100181,1720316.592047024,56.93589092661972,57.838028987951816,56.881292966458886,57.41750436656176,2299011.2161114756,40.437195337915654,41.4944411402973,39.78142203785239,40.19789631817871,3646009.696409231,108.46322855844151,108.55506552781296,108.04243213798001,108.1952937497906,2235822.6105414927,181.72539521501218,187.430327014523,180.44514199239399,187.03222702933118,1934242.266345556,23.509493146502937,23.83392292214022,23.24579174928917,23.766144920162734,3218094.5497782407,9.428699723783708,9.548356217580606,9.278698395915477,9.278745669979932,32443389.413333524,80.23510067887025,80.20745147299996,79.69909448847311,79.83274134614302,7761824.52351539,77.6809728773661,77.67492049900848,77.45481998257469,77.4570962393982,4822478.087258852,51.008533881702476,51.184170969378926,50.85003459724367,51.11670823019994,14007954.434877787,58.513941913270735,58.549554527754104,58.25391498268694,58.29783604044267,3835828.7670764867,70.7089222701295,70.86719653971898,70.45896199825835,70.81563817046948,5009829.323103499,56.712161730841274,56.80345330545463,56.00515230641643,56.15789075039238,2478533.7874040836,57.92467518517086,57.95681339576311,57.86913595370154,57.8816166706522,3598407.740896861,167.5354092846227,169.32106839236914,166.9794122766264,168.55453932659677,3123392.738645005,114.75692185064251,115.86981554160279,114.3211541943861,115.72797840996728,2115129.6806417615,45.24057301965888,45.33254140424019,44.8955932369395,45.00256463489093,8781853.642435716,62.27816908799981,62.406377636330895,62.07185405469453,62.23748655966631,4685719.48563498,125.51143913044166,126.87049734324964,125.10880206081305,126.35075143868622,1261600.506910166,55.77794624561638,55.915089998206675,54.88854184617752,55.74295062896237,8220553.756290251,72.3857314721216,73.64882260585253,71.05007326307042,71.18945318762671,1687590.9720227048,84.45107677161967,85.47154136013367,83.91967922813792,84.60500410254302,5237510.068083477,86.49042329701437,88.06433294846595,85.92625921115676,86.79278120038236,17285610.408512194,107.67286276443346,109.92939964637425,106.63049155018912,107.54126048530134,17883394.651946895,37.82689501961756,38.072517935533654,37.36301276437752,37.79247261001752,6179138.536676225,45.06286322504622,45.49071732120714,42.86855500077931,42.74788487891865,4887367.5163742285
1907,115.21054895234295,116.29509023394546,114.78006767187348,116.1084374768899,3186491.7561206473,102.311766833384,104.3313039949362,100.82363095869152,101.32008545144295,2680542.9409368406,97.84616523193121,97.89431084344781,97.3737975060062,97.43873586483079,8710824.230937038,6.634525607938018,6.7348824539448255,6.156248333882639,6.170586881885845,21613952.916616242,71.97960214504093,73.84915758197857,70.65512076945691,72.38945833714088,2630950.0733530642,471.03881845577723,482.49709240759796,468.92045958429605,480.8658404296772,550340.1305936084,15.061402120883885,15.408845009692879,15.041897611660758,15.350923243612591,23443268.15104027,41.4355793818292,42.59351957517443,41.210171218423206,42.061768333616094,7276201.419170687,48.1673815512898,48.160704984051435,48.033105782237286,48.01391951831694,4063676.828662441,72.41035401886712,72.44469161856951,72.05541747202894,72.20374859494338,6801355.410692052,31.856625111555463,32.064862756263665,31.67149900162019,31.789462195609524,10715583.321669681,77.2378973618729,77.26871987852766,77.09490501626297,77.12268807502498,2211328.1940586017,331.74442879635865,338.70283393307517,329.6824383238126,334.29781386094794,2507803.4922728874,41.804426469851066,42.95407994367563,41.3045327728384,42.21808666650893,4640365.590088487,9.726909714807952,10.31567392371704,9.52639915311978,9.819911180367301,19627971.348048765,95.39412488273098,98.73332816983773,95.45678408828924,96.14674787855712,9739515.651188485,12.929174051371332,13.230282721212106,12.743665346629244,13.087428411554617,13569284.047841487,151.74845225479035,152.52745974004492,150.07261805466294,150.42432470994484,8990657.868179567,465.3485819289839,480.31644487700595,465.41330715765906,471.8240721997064,1440475.9688119127,33.51519622986103,34.25983994996126,33.12441461653288,34.14121409630824,9973472.737318195,43.80195012863774,43.91300511855554,43.48957032536255,43.55334345126281,26764502.384126384,82.24043165472435,82.40101055437522,81.94047009107572,82.28050054166208,16979085.520887814,89.80121761028502,89.78352522262368,89.61745853078897,89.7139644134934,6809975.046281334,41.91002280801591,42.257875103808956,41.53599169292236,42.149607364024156,4223970.953286485,119.84050094015716,123.29951051177811,118.62957219992097,122.01659299340034,3881069.60774085,69.27571015992714,69.55660071826091,69.07380115205899,69.369495570865,4294951.353820357,49.67659944432705,49.81023880645512,49.35518049574347,49.69048112875321,2941333.9666030356,55.29596369987918,55.59796623216275,55.17713539404964,55.309212476155906,3691184.78996987,24.801087991343795,24.88384120177011,24.354131990120965,24.361557248238753,22595648.222659424,37.42855252943676,38.7081619660422,36.607617593018915,36.45228730408399,15009404.27957119,149.6238041007916,152.813071101316,147.3036311626353,146.91093296378904,1021341.5330063093,36.56608575083566,36.73967675279403,36.03857173417446,36.081804485424215,56234807.04335382,53.79923753792947,54.392925888201766,52.43119224999811,52.86011112894149,5069600.090672596,42.97975101517808,43.64401518036177,42.126214091219104,42.10350260151386,20840053.278485086,275.1537107635706,275.49965871245837,271.6327558426087,271.66305389760987,9349776.605284967,,,,,,24.316821462860197,25.249256440892417,24.176027960470716,24.70253030031015,11136922.52826673,142.92051182639523,143.94255717987778,139.60068621746402,141.0779996623457,2041158.2219195717,5.755836171755085,5.58605715152199,5.5038274500671625,5.278415782461896,23577982.400922984,56.27680064311766,56.36043882877371,55.5715586408434,55.590155381638105,9252147.67873485,94.19019664772601,94.27099459643205,93.62113999183083,93.68784856359377,7468078.774342065,54.079963177282934,54.233070942412674,53.73449453927993,53.87298739914986,11553479.330205202,51.72267811990674,51.67866371997486,51.57697262730137,51.63365504992015,3029553.860269713,93.74492050115765,94.25969410529711,93.67302067458799,94.30713866857722,3535503.356537184,11.330703944486745,11.575425725184582,11.121350519557856,11.205043308897176,22647833.241432212,26.263886106193098,26.467780008817382,26.05907207167357,26.311288325570505,14211644.876520203,107.20089159168383,107.17831082145902,106.18047787502326,106.24308967225136,32607577.658949308,70.85524677121931,72.24707723384202,70.10978744827938,70.35026150172172,2738096.6551976567,92.61983644155403,92.71345921793426,92.27504622122277,92.34898136831569,4188424.2056849217,136.34502102646564,139.38067988318085,135.17365746503745,136.32658258565135,2730630.6605141643,110.68807291102975,113.81119007666231,110.195552136976,113.09083874321594,7647687.275535235,45.48267839407543,46.286323483574066,43.80912090097618,43.80171179618461,10632235.038967248,129.0811068760247,133.31581713800898,128.553963169255,130.07132189998018,2734596.338742768,54.38005197632041,56.4788661801208,52.627166065463484,52.35470559944417,1581095.9267351092,246.1832829889802,253.62796412544793,244.5757416727616,248.41260505792764,560720.6033613271,92.38765743477776,93.5195408927378,91.4155087827355,91.8289718705899,4404665.790448878,45.450726323654926,46.64220377042482,44.91058163806166,45.80526391470908,12174264.321646072,25.178811792377967,25.73294071935215,24.58576796634398,24.892824198715537,3417664.516707045,61.19812928598625,61.610243745954385,60.4899988702293,60.60491689179694,3199130.7939837975,168.54493228522523,170.71442092819632,167.81400271828244,170.23356815430276,9468664.563540883,107.84254671528501,110.13406325450939,107.63503400330494,109.94643825642925,1256819.873846223,91.65697684283398,93.96683474417256,90.71050876211231,90.62781503064146,1331832.3904385744,67.02433077322878,67.47494524434119,66.86320408274798,66.82647554224295,5610017.026543119,81.94346793009787,81.98607327257601,81.85485325761829,81.8851840754067,3794428.715804052,39.92498833633366,40.63,39.61135754522366,40.07709257380942,14659279.490787234,30.722020339147218,30.923476194122156,30.130942703446905,30.219189656739676,21374212.66913245,32.806108273575504,32.79468645833644,32.67653657043277,32.629996709375476,7428930.886675042,26.939680029721448,26.998034565693658,26.621096346758577,26.710013646152305,4560031.306876936,49.57898349077997,50.19505480426255,49.45068126325388,50.031597139984,2802498.013505891,122.7491820912519,126.39315424253145,121.80269522911357,122.91437722100181,1720316.592047024,56.935908893003706,57.838028987951816,56.881292966458886,57.41750436656176,2299011.215924142,40.4359103120479,41.49444114004128,39.7814220378521,40.19789631817868,3646009.696102304,108.46322855844151,108.55506552781296,108.04236327276477,108.1952937497906,2235822.6105414927,181.72539521501218,187.43032723878594,180.44514199239399,187.03222702933118,1934242.266345556,23.509493146502937,23.83392292214022,23.245791749317945,23.766144920162734,3218094.5497784684,9.427679435952314,9.548356217580606,9.278698395915477,9.278745669979932,32443389.41452006,80.23510067887025,80.20745147299996,79.69909448847311,79.83274125385515,7761824.523509908,77.6809728773661,77.67492065907375,77.45481997545296,77.45709623938848,4822478.087258852,51.008533881702476,51.1841709682316,50.85003459724367,51.11670823019994,14007954.434878375,58.513941913270735,58.549509487290244,58.25391498268694,58.30026353608885,3835828.767068433,70.7089222701295,70.86719653957057,70.45896199825835,70.81563817046948,5009829.3231864935,56.712161730841274,56.80345330545463,56.00515230641643,56.15789075039238,2478533.7874040836,57.92467518517086,57.95681339576311,57.86913595370154,57.8816166706522,3598407.7408968704,167.5354092846227,169.32106839236914,166.9794122766264,168.55453932659677,3123392.738645005,114.75692185064251,115.86981554160279,114.3211541943861,115.72797840996728,2115129.6806417615,45.24057301965888,45.33254140424019,44.8955932369395,45.00256463489093,8781853.713820437,62.27816908799981,62.406377606941405,62.07185405469453,62.23748655966631,4685719.48563498,125.51143913044166,126.87049734324964,125.10880206081305,126.35115704403144,1261600.5069101674,55.686234286962616,55.91509029761786,54.88854184617752,55.74295062896237,8220553.756290255,72.3857524907688,73.64882260585253,71.05007326307042,71.18945318762671,1687590.9720226543,84.45107677161967,85.47154136013367,83.91967922813792,84.60500410254302,5237509.772163987,86.49042329701437,88.06433294846595,85.92625921115676,86.79278120038236,17285610.41024458,107.67286276443346,109.92939964637425,106.63050040385161,107.54126048530132,17883394.651946895,37.82689501961756,38.072517935533654,37.36301276437752,37.79247261001752,6179138.536676225,45.062863225047224,45.49071732120715,42.86855500077931,42.74788487889916,4887367.5163742285
1908,115.21054895234295,116.29509023394546,114.78006767187348,116.1084374768899,3186491.7561206473,102.311766833384,104.3313039949362,100.82363095869152,101.32008545144295,2680542.940865161,97.84616523193121,97.89431084344781,97.3737975060062,97.43873586483079,8710824.230937038,6.634523620639154,6.734882453944679,6.156248333882639,6.170586881892164,21613952.083551753,71.97960214504093,73.84915758197857,70.65512076945691,72.75294261168445,2630950.0733530787,471.03881845577723,482.49709240759796,468.92045958429605,480.8658404296772,550340.1305936148,15.061402120883885,15.408845009692879,15.043466720647999,15.350929708052542,23443268.151165664,41.4355793818292,42.59351957517443,41.210171218423206,42.061768333616094,7276201.419192362,48.1673815512898,48.16070356327444,48.03310577542027,48.01391951822161,4063676.8286620276,72.41035401886712,72.44469161856951,72.05541747216756,72.20374859494338,6801355.410692061,31.856625111555463,32.06486275755002,31.671524323682014,31.789462195609524,10715583.32167329,77.2378973618729,77.26871987852766,77.09490501626297,77.12268807502498,2211328.1940586017,331.74450574899026,338.7028427850095,329.6824383238126,334.0426674425811,2507803.4922759784,41.804426469851066,42.95407994367563,41.30453277157618,42.21808666650893,4640365.590088712,9.726909714807952,10.316047999799395,9.526399153120718,9.819911180367301,19627971.348045353,95.39412488273098,98.73332816983773,95.45678408828924,96.14674787855712,9739515.65118845,12.929174051371332,13.230282721212106,12.743665346629244,13.087428411554617,13569284.047828836,151.74845225479035,152.52745974004492,150.07261805466294,150.42432470994484,8990657.868179567,465.3485819289839,480.3164634179932,465.41339567185975,471.8240721997064,1440475.968812124,33.51519622986103,34.25983994996126,33.12441461653288,34.14121409630824,9973472.73731876,43.80195012863774,43.91300511855554,43.48957032536255,43.55334345126281,26764502.38920324,82.24043165472435,82.40101055347155,81.94047009107572,82.28050054166208,16979085.520887814,89.80121761024836,89.78352522149396,89.61745853078885,89.71396441337606,6809975.046245469,41.91002280801591,42.257875103752454,41.53636554027828,42.149607364024156,4223970.953286813,119.84050094015716,123.29951051177811,118.62957219992097,122.01659299340034,3881069.60774085,69.27571015992714,69.55660071826091,69.07380115205899,69.369495570865,4294951.353842494,49.67482119961058,49.81023880645512,49.35518049574347,49.69048112875321,2941333.9666052004,55.29596369987918,55.59796623216275,55.17713539404964,55.309212476155906,3691184.7899697544,24.801099832728077,24.88384120177011,24.354132724735386,24.361557248238753,22595648.222659424,37.42855252943676,38.73240913513059,36.607617593018915,36.45228730408399,15009404.274325034,149.6238041007916,152.813071101316,147.3036311626353,146.91093296378904,1021341.5330061548,36.56608575083566,36.73967675279403,36.03857173417446,36.081804485424215,56234807.051715605,53.79922793569512,54.3929180497234,52.43116748429963,52.86011179079284,5069600.090672596,42.979749917234074,43.64401518036177,42.12621410170845,42.10350265908695,20840053.278485086,275.1537107635706,275.49965871245837,271.6327558426087,271.6630634897698,9349776.605284955,,,,,,24.316821462860197,25.249256440892417,24.176027960470716,24.736139709553523,11136922.52826673,142.92051182639523,143.94255717987778,139.60068621746402,141.0779996623457,2041158.2219195701,5.755836171754671,5.5798757852767125,5.5038274500671625,5.273194952710763,23577982.400921736,56.27680064311766,56.36043882877371,55.5715586408434,55.59015694458137,9252147.678734839,94.19019664772601,94.27099459643205,93.62113999183083,93.69319175449682,7468078.774342065,54.079963177282934,54.233070942412674,53.73449453927993,53.87298739914986,11553479.330207102,51.72267811990674,51.67870402461046,51.57697262730135,51.633654548118635,3029553.860269713,93.74492050115765,94.25969410529711,93.67302067458799,94.30713866857722,3535503.356339763,11.330703943940613,11.575425725184573,11.121350519557856,11.205043303847852,22647833.241453398,26.263886106193098,26.467780008817382,26.05907207167357,26.311288325570505,14211644.876523245,107.20089159168383,107.17831082145902,106.18047787502326,106.24308967225136,32607577.658947267,70.85529422691111,72.24707723384202,70.10978744827938,70.350261501707,2738096.655222797,92.61983644155403,92.71345921793426,92.27504622122277,92.34898136831569,4188424.2056849217,136.34502103674168,139.38067988318085,135.17365746503745,136.32658258565135,2730630.6605141643,110.68807291102975,113.8111792560085,110.195552136976,113.09083874321594,7647687.275619005,45.48267839407543,46.286323483574066,43.80912090097618,43.80171179618461,10632235.038967246,129.08146589354286,133.31581713800898,128.553963169255,130.12782245094206,2734596.338743167,54.380050679140304,56.4788661801208,52.627166065463484,52.35470559944417,1581095.9267291063,246.1832829889802,253.62796412544793,244.5757416727616,248.4125861670296,560720.6033617791,92.38765743477776,93.5195408927378,91.4155087827355,91.8289718705899,4404665.790448879,45.450726323654926,46.64220377042482,44.91058163806166,45.80526391470908,12174264.321646072,25.178802106728835,25.73293942162138,24.58573316311593,24.89282419533893,3417664.5093750767,61.19812928598625,61.610269704779746,60.4895820889156,60.60491689179694,3199130.794042513,168.54493228522523,170.71442092819632,167.81400271828244,170.23356815430276,9468664.563540483,107.84254671528501,110.13406325450939,107.63503400330494,109.94643825642925,1256819.873845726,91.66839193689053,93.96683474417256,90.72138607364596,90.62781503064146,1331832.3904030484,67.02433077322878,67.47494524434119,66.86407483042709,66.82647554224295,5610017.026376203,81.94346793009787,81.98607327257601,81.85485325761829,81.8851840754067,3794428.715804052,39.92498833633366,40.63,39.61135754522366,40.07709257380942,14659279.490787271,30.722020338884313,30.923476194122156,30.130942703446905,30.219946660014138,21374211.649701457,32.806108273575504,32.79468645833644,32.67653657043279,32.62999670937465,7428930.886675035,26.939680029721448,26.998034565693658,26.621096346758577,26.710013646152312,4560031.306876936,49.57898349077997,50.19505480426255,49.45068126325388,50.031597139984,2802498.013505891,122.7491820912519,126.39315424271118,121.80269522911357,122.91437722100181,1720316.592047024,56.93589425733073,57.838028987951816,56.881292966458886,57.41750436656176,2299011.2158166245,40.43707296925982,41.49444113988998,39.78142203785197,40.197896318178664,3646009.6959229205,108.46322855844151,108.55506552781296,108.04230202755348,108.1952937497906,2235822.6105414927,181.72539521501218,187.4303270792781,180.44514199239399,187.03222702933118,1934242.266345556,23.509493146502937,23.83392292214022,23.24579174930144,23.766144920162734,3218094.5497785793,9.428630520805118,9.548356217580606,9.278698395915477,9.278745669979932,32443389.415200707,80.23510067887025,80.20745147299996,79.69909448847311,79.83274118752574,7761824.5235071145,77.6809728773661,77.67492053611922,77.45481997058934,77.45709623938299,4822478.087258852,51.008533881702476,51.184170967482046,50.85003459724367,51.11670823019994,14007954.43487867,58.513941913270735,58.549548565233884,58.25391498268694,58.29785823713805,3835828.7670643893,70.7089222701295,70.86719653948064,70.45896199825835,70.81563817046948,5009829.32323464,56.712161730841274,56.80345330545463,56.00515230641643,56.15789075039238,2478533.7874040836,57.92467518517086,57.95681339576311,57.86913595370154,57.8816166706522,3598407.7408968746,167.5354092846227,169.32106839236914,166.9794122766264,168.55453932659677,3123392.738645005,114.75692185064251,115.86981554160279,114.3211541943861,115.72797840996728,2115129.6806417615,45.24057301965888,45.33254140424019,44.8955932369395,45.00256463489093,8781853.76223863,62.27816908799981,62.40637758600409,62.07185405469453,62.23748655966631,4685719.48563498,125.51143913044166,126.87049734324964,125.10880206081305,126.3507682230337,1261600.506910168,55.77765400484174,55.91509007979754,54.88854184617752,55.74295062896237,8220553.756290257,72.38573543015879,73.64882260585253,71.05007326307042,71.18945318762671,1687590.9720226305,84.45107677161967,85.47154136013367,83.91967922813792,84.60500410254302,5237509.55173195,86.49042329701437,88.06433294846595,85.92625921115676,86.79278120038236,17285610.411288068,107.67286276443346,109.92939964637425,106.6304931615055,107.54126048530132,17883394.651946895,37.82689501961756,38.072517935533654,37.36301276437752,37.79247261001752,6179138.536676225,45.06286322504776,45.49071732120715,42.86855500077931,42.74788487888832,4887367.5163742285
1909,115.21054895234295,116.29509023394546,114.78006767187348,116.1084374768899,3186491.7561206473,102.311766833384,104.3313039949362,100.82363095869152,101.32008545144295,2680542.940824064,97.84616523193121,97.89431084344781,97.3737975060062,97.43873586483079,8710824.230937038,6.634525149700721,6.734882453944754,6.156248333882639,6.170586881888525,21613951.510461286,71.97960214504093,73.84915758197857,70.65512076945691,72.39526678360839,2630950.073353085,471.03881845577723,482.49709240759796,468.92045958429605,480.8658404296772,550340.1305936178,15.061402120883885,15.408845009692879,15.042001905752167,15.350924086875866,23443268.151234034,41.4355793818292,42.59351957517443,41.210171218423206,42.061768333616094,7276201.419204326,48.1673815512898,48.160702414249535,48.0331057705343,48.01391951816183,4063676.8286618283,72.41035401886712,72.44469161856951,72.05541747208127,72.20374859494338,6801355.410692066,31.856625111555463,32.064862756677584,31.671503038876516,31.789462195609524,10715583.321675137,77.2378973618729,77.26871987852766,77.09490501626297,77.12268807502498,2211328.1940586017,331.74444055614043,338.7028358251459,329.6824383238126,334.2935948414799,2507803.4922777005,41.804426469851066,42.95407994367563,41.30453277236474,42.21808666650893,4640365.590088823,9.726909714807952,10.315708484283407,9.52639915312021,9.819911180367301,19627971.34804361,95.39412488273098,98.73332816983773,95.45678408828924,96.14674787855712,9739515.651188433,12.929174051371332,13.230282721212106,12.743665346629244,13.087428411554617,13569284.047822181,151.74845225479035,152.52745974004492,150.07261805466294,150.42432470994484,8990657.868179567,465.3485819289839,480.3164779958676,465.413468737492,471.8240721997064,1440475.9688122359,33.51519622986103,34.25983994996126,33.12441461653288,34.14121409630824,9973472.73731905,43.80195012863774,43.91300511855554,43.48957032536255,43.55334345126281,26764502.3922625,82.24043165472435,82.40101055288692,81.94047009107572,82.28050054166208,16979085.520887814,89.80121761022582,89.78352522075848,89.6174585307888,89.71396441330442,6809975.046225737,41.91002280801591,42.25787510378746,41.53603797729838,42.149607364024156,4223970.953286974,119.84050094015716,123.29951051177811,118.62957219992097,122.01659299340034,3881069.60774085,69.27571015992714,69.55660071826091,69.07380115205899,69.369495570865,4294951.353854762,49.676464118352925,49.81023880645512,49.35518049574347,49.69048112875321,2941333.9666063325,55.29596369987918,55.59796623216275,55.17713539404964,55.309212476155906,3691184.7899696976,24.80110995748953,24.88384120177011,24.354133344856567,24.361557248238753,22595648.222659424,37.42855252943676,38.709180280588185,36.607617593018915,36.45228730408399,15009404.271098852,149.6238041007916,152.813071101316,147.3036311626353,146.91093296378904,1021341.5330060788,36.56608575083566,36.73967675279403,36.03857173417446,36.081804485424215,56234807.05672079,53.79922038116683,54.39291189428934,52.43114748185197,52.86011129059772,5069600.090672596,42.979749079364126,43.64401518036177,42.1262140946785,42.103502617015266,20840053.278485086,275.1537107635706,275.49965871245837,271.6327558426087,271.66305597417403,9349776.60528495,,,,,,24.316821462860197,25.249256440892417,24.176027960470716,24.70299273090478,11136922.52826673,142.92051182639523,143.94255717987778,139.60068621746402,141.0779996623457,2041158.2219195694,5.755836171754897,5.573730628310171,5.5038274500671625,5.268006125647999,23577982.400921132,56.27680064311766,56.36043882877371,55.5715586408434,55.590155728582594,9252147.678734833,94.19019664772601,94.27099459643205,93.62113999183083,93.68798049853591,7468078.774342065,54.079963177282934,54.233070942412674,53.73449453927993,53.87298739914986,11553479.330208078,51.72267811990674,51.6786690383582,51.576972627301366,51.63365494764307,3029553.860269713,93.74492050115765,94.25969410529711,93.67302067458799,94.30713866857722,3535503.3562260657,11.330703943585368,11.57542572518457,11.121350519557856,11.205043307379317,22647833.241465002,26.263886106193098,26.467780008817382,26.05907207167357,26.311288325570505,14211644.876524797,107.20089159168383,107.17831082145902,106.18047787502326,106.24308967225136,32607577.658946265,70.85525286229037,72.24707723384202,70.10978744827938,70.35026150171556,2738096.6552374503,92.61983644155403,92.71345921793426,92.27504622122277,92.34898136831569,4188424.2056849217,136.34502102993585,139.38067988318085,135.17365746503745,136.32658258565135,2730630.6605141643,110.68807291102975,113.81118785212698,110.195552136976,113.09083874321594,7647687.275669687,45.48267839407543,46.286323483574066,43.80912090097618,43.80171179618461,10632235.038967246,129.08115920488925,133.31581713800898,128.553963169255,130.0720840119607,2734596.3387433677,54.3800497252418,56.4788661801208,52.627166065463484,52.35470559944417,1581095.9267258446,246.1832829889802,253.62796412544793,244.5757416727616,248.4125710280044,560720.603362021,92.38765743477776,93.5195408927378,91.4155087827355,91.8289718705899,4404665.790448879,45.450726323654926,46.64220377042482,44.91058163806166,45.80526391470908,12174264.321646072,25.17879431681967,25.73293843928726,24.58570428055881,24.892824193138903,3417664.504731146,61.19812928598625,61.61024827164575,60.489960665555266,60.60491689179694,3199130.794076496,168.54493228522523,170.71442092819632,167.81400271828244,170.23356815430276,9468664.563540276,107.84254671528501,110.13406325450939,107.63503400330494,109.94643825642925,1256819.8738454739,91.6574056198319,93.96683474417256,90.71110395522713,90.62781503064146,1331832.3903828554,67.02433077322878,67.47494524434119,66.8633007966719,66.82647554224295,5610017.026281315,81.94346793009787,81.98607327257601,81.85485325761829,81.8851840754067,3794428.715804052,39.92498833633366,40.63,39.61135754522366,40.07709257380942,14659279.490787288,30.72202033904975,30.923476194122156,30.130942703446905,30.21925996051556,21374210.949298307,32.806108273575504,32.79468645833644,32.67653657043278,32.629996709374204,7428930.886675031,26.939680029721448,26.998034565693658,26.621096346758577,26.710013646152316,4560031.306876936,49.57898349077997,50.19505480426255,49.45068126325388,50.031597139984,2802498.013505891,122.7491820912519,126.39315424260005,121.80269522911357,122.91437722100181,1720316.592047024,56.93590617975896,57.838028987951816,56.881292966458886,57.41750436656176,2299011.2157549164,40.43602102795159,41.49444113980056,39.781422037851904,40.19789631817866,3646009.6958180796,108.46322855844151,108.55506552781296,108.04224755918516,108.1952937497906,2235822.6105414927,181.72539521501218,187.4303271927286,180.44514199239399,187.03222702933118,1934242.266345556,23.509493146502937,23.83392292214022,23.245791749310907,23.766144920162734,3218094.549778633,9.427743945106181,9.548356217580606,9.278698395915477,9.278745669979932,32443389.415591154,80.23510067887025,80.20745147299996,79.69909448847311,79.83274113985328,7761824.523505691,77.6809728773661,77.67492063056704,77.45481996726785,77.4570962393799,4822478.087258852,51.008533881702476,51.18417096699236,50.85003459724367,51.11670823019994,14007954.434878817,58.513941913270735,58.54951466048362,58.25391498268694,58.30024154235708,3835828.767062359,70.7089222701295,70.86719653942616,70.45896199825835,70.81563817046948,5009829.32326257,56.712161730841274,56.80345330545463,56.00515230641643,56.15789075039238,2478533.7874040836,57.92467518517086,57.95681339576311,57.86913595370154,57.8816166706522,3598407.7408968764,167.5354092846227,169.32106839236914,166.9794122766264,168.55453932659677,3123392.738645005,114.75692185064251,115.86981554160279,114.3211541943861,115.72797840996728,2115129.6806417615,45.24057301965888,45.33254140424019,44.8955932369395,45.00256463489093,8781853.79507929,62.27816908799981,62.40637757108818,62.07185405469453,62.23748655966631,4685719.48563498,125.51143913044166,126.87049734324964,125.10880206081305,126.35114095423674,1261600.5069101683,55.68652559651005,55.91509023826086,54.88854184617752,55.74295062896237,8220553.756290258,72.38574927807255,73.64882260585253,71.05007326307042,71.18945318762671,1687590.9720226193,84.45107677161967,85.47154136013367,83.91967922813792,84.60500410254302,5237509.387530926,86.49042329701437,88.06433294846595,85.92625921115676,86.79278120038236,17285610.411916602,107.67286276443346,109.92939964637425,106.63049908578567,107.54126048530132,17883394.651946895,37.82689501961756,38.072517935533654,37.36301276437752,37.79247261001752,6179138.536676225,45.06286322504804,45.49071732120715,42.86855500077931,42.747884878882296,4887367.5163742285
1910,115.21054895234295,116.29509023394546,114.78006767187348,116.1084374768899,3186491.7561206473,102.311766833384,104.3313039949362,100.82363095869152,101.32008545144295,2680542.940800501,97.84616523193121,97.89431084344781,97.3737975060062,97.43873586483079,8710824.230937038,6.634523973214728,6.734882453944715,6.156248333882639,6.17058688189062,21613951.11621488,71.97960214504093,73.84915758197857,70.65512076945691,72.74722698367628,2630950.0733530885,471.03881845577723,482.49709240759796,468.92045958429605,480.8658404296772,550340.1305936192,15.061402120883885,15.408845009692879,15.043369358680229,15.350928974789971,23443268.151271313,41.4355793818292,42.59351957517443,41.210171218423206,42.061768333616094,7276201.419210931,48.1673815512898,48.16070148499868,48.033105767032374,48.01391951812434,4063676.8286617324,72.41035401886712,72.44469161856951,72.05541747213499,72.20374859494338,6801355.410692068,31.856625111555463,32.06486275726928,31.671520930110976,31.789462195609524,10715583.321676081,77.2378973618729,77.26871987852766,77.09490501626297,77.12268807502498,2211328.1940586017,331.74449578632004,338.70284129736245,329.6824383238126,334.0468166976942,2507803.4922786597,41.804426469851066,42.95407994367563,41.3045327718721,42.21808666650893,4640365.590088877,9.726909714807952,10.316016632253922,9.526399153120485,9.819911180367301,19627971.34804272,95.39412488273098,98.73332816983773,95.45678408828924,96.14674787855712,9739515.651188426,12.929174051371332,13.230282721212106,12.743665346629244,13.087428411554617,13569284.047818681,151.74845225479035,152.52745974004492,150.07261805466294,150.42432470994484,8990657.868179567,465.3485819289839,480.31648945773964,465.4135290508268,471.8240721997064,1440475.968812295,33.51519622986103,34.25983994996126,33.12441461653288,34.14121409630824,9973472.7373192,43.80195012863774,43.91300511855554,43.48957032536255,43.55334345126281,26764502.39410598,82.24043165472435,82.40101055250868,81.94047009107572,82.28050054166208,16979085.520887814,89.80121761021196,89.78352522027966,89.61745853078877,89.7139644132607,6809975.04621488,41.91002280801591,42.25787510376577,41.53632498616471,42.149607364024156,4223970.953287053,119.84050094015716,123.29951051177811,118.62957219992097,122.01659299340034,3881069.60774085,69.27571015992714,69.55660071826091,69.07380115205899,69.369495570865,4294951.353861562,49.67494622716002,49.81023880645512,49.35518049574347,49.69048112875321,2941333.9666069243,55.29596369987918,55.59796623216275,55.17713539404964,55.309212476155906,3691184.7899696697,24.80111861448368,24.88384120177011,24.354133868328837,24.361557248238753,22595648.222659424,37.42855252943676,38.73143358700037,36.607617593018915,36.45228730408399,15009404.269114876,149.6238041007916,152.813071101316,147.3036311626353,146.91093296378904,1021341.5330060414,36.56608575083566,36.73967675279403,36.03857173417446,36.081804485424215,56234807.0597168,53.79921443766498,54.39290706052357,52.431131326526796,52.86011166862092,5069600.090672596,42.97974843996353,43.64401518036177,42.12621409938996,42.10350264775925,20840053.278485086,275.1537107635706,275.49965871245837,271.6327558426087,271.6630618627518,9349776.605284948,,,,,,24.316821462860197,25.249256440892417,24.176027960470716,24.735683641524016,11136922.52826673,142.92051182639523,143.94255717987778,139.60068621746402,141.0779996623457,2041158.221919569,5.755836171754774,5.567621468515233,5.5038274500671625,5.262849105103243,23577982.40092084,56.27680064311766,56.36043882877371,55.5715586408434,55.59015667465214,9252147.678734832,94.19019664772601,94.27099459643205,93.62113999183083,93.69306307731384,7468078.774342065,54.079963177282934,54.233070942412674,53.73449453927993,53.87298739914986,11553479.33020858,51.72267811990674,51.67869940801243,51.57697262730136,51.633654629549625,3029553.860269713,93.74492050115765,94.25969410529711,93.67302067458799,94.30713866857722,3535503.356160586,11.33070394335429,11.575425725184568,11.121350519557856,11.205043304909433,22647833.241471358,26.263886106193098,26.467780008817382,26.05907207167357,26.311288325570505,14211644.876525588,107.20089159168383,107.17831082145902,106.18047787502326,106.24308967225136,32607577.658945773,70.8552889176461,72.24707723384202,70.10978744827938,70.35026150171058,2738096.655245991,92.61983644155403,92.71345921793426,92.27504622122277,92.34898136831569,4188424.2056849217,136.34502103444336,139.38067988318085,135.17365746503745,136.32658258565135,2730630.6605141643,110.68807291102975,113.81118102321867,110.195552136976,113.09083874321594,7647687.275700351,45.48267839407543,46.286323483574066,43.80912090097618,43.80171179618461,10632235.038967246,129.08142119191075,133.31581713800898,128.553963169255,130.127070618767,2734596.3387434687,54.38004902377994,56.4788661801208,52.627166065463484,52.35470559944417,1581095.926724072,246.1832829889802,253.62796412544793,244.5757416727616,248.41255889570223,560720.6033621505,92.38765743477776,93.5195408927378,91.4155087827355,91.8289718705899,4404665.790448879,45.450726323654926,46.64220377042482,44.91058163806166,45.80526391470908,12174264.321646072,25.178788051603576,25.73293769569672,24.58568031145731,24.892824191705476,3417664.5017897678,61.19812928598625,61.6102659681026,60.48961679152016,60.60491689179694,3199130.7940961644,168.54493228522523,170.71442092819632,167.81400271828244,170.23356815430276,9468664.56354017,107.84254671528501,110.13406325450939,107.63503400330494,109.94643825642925,1256819.8738453458,91.66797926573571,93.96683474417256,90.72082344876667,90.62781503064146,1331832.3903713778,67.02433077322878,67.47494524434119,66.86398885851641,66.82647554224295,5610017.026227374,81.94346793009787,81.98607327257601,81.85485325761829,81.8851840754067,3794428.715804052,39.92498833633366,40.63,39.61135754522366,40.07709257380942,14659279.490787296,30.722020338945647,30.923476194122156,30.130942703446905,30.219882885431815,21374210.468084205,32.806108273575504,32.79468645833644,32.67653657043279,32.62999670937396,7428930.886675029,26.939680029721448,26.998034565693658,26.621096346758577,26.71001364615232,4560031.306876936,49.57898349077997,50.19505480426255,49.45068126325388,50.031597139984,2802498.013505891,122.7491820912519,126.39315424266877,121.80269522911357,122.91437722100181,1720316.592047024,56.93589646757866,57.838028987951816,56.881292966458886,57.41750436656176,2299011.2157195,40.4369727964562,41.49444113974771,39.78142203785187,40.19789631817866,3646009.6957568056,108.46322855844151,108.55506552781296,108.04219911779548,108.1952937497906,2235822.6105414927,181.72539521501218,187.43032711203654,180.44514199239399,187.03222702933118,1934242.266345556,23.509493146502937,23.83392292214022,23.245791749305475,23.766144920162734,3218094.549778659,9.428570387108309,9.548356217580606,9.278698395915477,9.278745669979932,32443389.415815134,80.23510067887025,80.20745147299996,79.69909448847311,79.83274110559,7761824.523504967,77.6809728773661,77.67492055801671,77.45481996499952,77.45709623937815,4822478.087258852,51.008533881702476,51.18417096667245,50.85003459724367,51.11670823019994,14007954.43487889,58.513941913270735,58.54954407687516,58.25391498268694,58.29788002976208,3835828.7670613397,70.7089222701295,70.86719653939315,70.45896199825835,70.81563817046948,5009829.323278773,56.712161730841274,56.80345330545463,56.00515230641643,56.15789075039238,2478533.7874040836,57.92467518517086,57.95681339576311,57.86913595370154,57.8816166706522,3598407.7408968774,167.5354092846227,169.32106839236914,166.9794122766264,168.55453932659677,3123392.738645005,114.75692185064251,115.86981554160279,114.3211541943861,115.72797840996728,2115129.6806417615,45.24057301965888,45.33254140424019,44.8955932369395,45.00256463489093,8781853.817354161,62.27816908799981,62.40637756046196,62.07185405469453,62.23748655966631,4685719.48563498,125.51143913044166,126.87049734324964,125.10880206081305,126.3507836470169,1261600.5069101686,55.777363623554145,55.915090122979485,54.88854184617752,55.74295062896237,8220553.756290258,72.3857380378698,73.64882260585253,71.05007326307042,71.18945318762671,1687590.972022614,84.45107677161967,85.47154136013367,83.91967922813792,84.60500410254302,5237509.2652166905,86.49042329701437,88.06433294846595,85.92625921115676,86.79278120038236,17285610.412295192,107.67286276443346,109.92939964637425,106.63049423969089,107.54126048530132,17883394.651946895,37.82689501961756,38.072517935533654,37.36301276437752,37.79247261001752,6179138.536676225,45.06286322504819,45.49071732120715,42.86855500077931,42.74788487887894,4887367.5163742285
1911,115.21054895234295,116.29509023394546,114.78006767187348,116.1084374768899,3186491.7561206473,102.311766833384,104.3313039949362,100.82363095869152,101.32008545144295,2680542.9407869913,97.84616523193121,97.89431084344781,97.3737975060062,97.43873586483079,8710824.230937038,6.634524878423073,6.734882453944735,6.156248333882639,6.170586881889413,21613950.84500075,71.97960214504093,73.84915758197857,70.65512076945691,72.40089107638795,2630950.07335309,471.03881845577723,482.49709240759796,468.92045958429605,480.8658404296772,550340.1305936199,15.061402120883885,15.408845009692879,15.04209279635431,15.350924724486934,23443268.15129164,41.4355793818292,42.59351957517443,41.210171218423206,42.061768333616094,7276201.419214577,48.1673815512898,48.16070073348568,48.03310576452244,48.01391951810083,4063676.828661686,72.41035401886712,72.44469161856951,72.05541747210155,72.20374859494338,6801355.410692069,31.856625111555463,32.06486275686798,31.671505891389078,31.789462195609524,10715583.321676563,77.2378973618729,77.26871987852766,77.09490501626297,77.12268807502498,2211328.1940586017,331.74444899633085,338.7028369948135,329.6824383238126,334.2895141971205,2507803.4922791943,41.804426469851066,42.95407994367563,41.30453277217987,42.21808666650893,4640365.590088904,9.726909714807952,10.315736953808429,9.526399153120336,9.819911180367301,19627971.348042265,95.39412488273098,98.73332816983773,95.45678408828924,96.14674787855712,9739515.651188422,12.929174051371332,13.230282721212106,12.743665346629244,13.087428411554617,13569284.047816841,151.74845225479035,152.52745974004492,150.07261805466294,150.42432470994484,8990657.868179567,465.3485819289839,480.31649846965087,465.41357883754927,471.8240721997064,1440475.9688123262,33.51519622986103,34.25983994996126,33.12441461653288,34.14121409630824,9973472.737319276,43.80195012863774,43.91300511855554,43.48957032536255,43.55334345126281,26764502.395216838,82.24043165472435,82.40101055226397,81.94047009107572,82.28050054166208,16979085.520887814,89.80121761020345,89.78352521996793,89.61745853078875,89.713964413234,6809975.046208908,41.91002280801591,42.257875103779206,41.536073510587784,42.149607364024156,4223970.953287092,119.84050094015716,123.29951051177811,118.62957219992097,122.01659299340034,3881069.60774085,69.27571015992714,69.55660071826091,69.07380115205899,69.369495570865,4294951.35386533,49.67634860550906,49.81023880645512,49.35518049574347,49.69048112875321,2941333.966607234,55.29596369987918,55.59796623216275,55.17713539404964,55.309212476155906,3691184.7899696557,24.801126016489945,24.88384120177011,24.354134310215404,24.361557248238753,22595648.222659424,37.42855252943676,38.7101148583747,36.607617593018915,36.45228730408399,15009404.267894808,149.6238041007916,152.813071101316,147.3036311626353,146.91093296378904,1021341.533006023,36.56608575083566,36.73967675279403,36.03857173417446,36.081804485424215,56234807.061510146,53.79920976163321,54.39290326464316,52.431118278397086,52.86011138292934,5069600.090672596,42.97974795202012,43.64401518036177,42.12621409623235,42.103502625293004,20840053.278485086,275.1537107635706,275.49965871245837,271.6327558426087,271.66305724896614,9349776.605284946,,,,,,24.316821462860197,25.249256440892417,24.176027960470716,24.703442523911466,11136922.52826673,142.92051182639523,143.94255717987778,139.60068621746402,141.0779996623457,2041158.2219195687,5.755836171754841,5.561548095027251,5.5038274500671625,5.257723696108617,23577982.4009207,56.27680064311766,56.36043882877371,55.5715586408434,55.59015593859253,9252147.678734832,94.19019664772601,94.27099459643205,93.62113999183083,93.68810599840089,7468078.774342065,54.079963177282934,54.233070942412674,53.73449453927993,53.87298739914986,11553479.330208836,51.72267811990674,51.67867304577474,51.57697262730136,51.63365488280934,3029553.860269713,93.74492050115765,94.25969410529711,93.67302067458799,94.30713866857722,3535503.356122875,11.33070394320398,11.575425725184566,11.121350519557856,11.205043306636853,22647833.24147484,26.263886106193098,26.467780008817382,26.05907207167357,26.311288325570505,14211644.876525993,107.20089159168383,107.17831082145902,106.18047787502326,106.24308967225136,32607577.65894553,70.85525749009634,72.24707723384202,70.10978744827938,70.35026150171348,2738096.6552509693,92.61983644155403,92.71345921793426,92.27504622122277,92.34898136831569,4188424.2056849217,136.34502103145803,139.38067988318085,135.17365746503745,136.32658258565135,2730630.6605141643,110.68807291102975,113.81118644822403,110.195552136976,113.09083874321594,7647687.275718903,45.48267839407543,46.286323483574066,43.80912090097618,43.80171179618461,10632235.038967246,129.0811973910018,133.31581713800898,128.553963169255,130.0728257029903,2734596.3387435195,54.38004850795071,56.4788661801208,52.627166065463484,52.35470559944417,1581095.9267231089,246.1832829889802,253.62796412544793,244.5757416727616,248.4125491729655,560720.6033622198,92.38765743477776,93.5195408927378,91.4155087827355,91.8289718705899,4404665.790448879,45.450726323654926,46.64220377042482,44.91058163806166,45.80526391470908,12174264.321646072,25.178783012657437,25.732937132826223,24.58566041994201,24.892824190771524,3417664.4999267543,61.19812928598625,61.61025135686632,60.489929143999504,60.60491689179694,3199130.7941075484,168.54493228522523,170.71442092819632,167.81400271828244,170.23356815430276,9468664.563540116,107.84254671528501,110.13406325450939,107.63503400330494,109.94643825642925,1256819.8738452808,91.65780279011585,93.96683474417256,90.7116357939647,90.62781503064146,1331832.390364854,67.02433077322878,67.47494524434119,66.86337721968451,66.82647554224295,5610017.026196709,81.94346793009787,81.98607327257601,81.85485325761829,81.8851840754067,3794428.715804052,39.92498833633366,40.63,39.61135754522366,40.07709257380942,14659279.4907873,30.722020339011152,30.923476194122156,30.130942703446905,30.21931781227814,21374210.137464598,32.806108273575504,32.79468645833644,32.67653657043279,32.62999670937383,7428930.886675028,26.939680029721448,26.998034565693658,26.621096346758577,26.71001364615232,4560031.306876936,49.57898349077997,50.19505480426255,49.45068126325388,50.031597139984,2802498.013505891,122.7491820912519,126.39315424262628,121.80269522911357,122.91437722100181,1720316.592047024,56.93590437925943,57.838028987951816,56.881292966458886,57.41750436656176,2299011.2156991735,40.436111661638805,41.49444113971647,39.781422037851854,40.19789631817866,3646009.695720994,108.46322855844151,108.55506552781296,108.0421560364933,108.1952937497906,2235822.6105414927,181.72539521501218,187.43032716942906,180.44514199239399,187.03222702933118,1934242.266345556,23.509493146502937,23.83392292214022,23.24579174930859,23.766144920162734,3218094.5497786715,9.427800000119698,9.548356217580606,9.278698395915477,9.278745669979932,32443389.415943615,80.23510067887025,80.20745147299996,79.69909448847311,79.8327410809642,7761824.523504598,77.6809728773661,77.67492061374642,77.4548199634504,77.45709623937715,4822478.087258852,51.008533881702476,51.18417096646344,50.85003459724367,51.11670823019994,14007954.434878925,58.513941913270735,58.549518554667074,58.25391498268694,58.300219949001885,3835828.767060828,70.7089222701295,70.86719653937314,70.45896199825835,70.81563817046948,5009829.323288172,56.712161730841274,56.80345330545463,56.00515230641643,56.15789075039238,2478533.7874040836,57.92467518517086,57.95681339576311,57.86913595370154,57.8816166706522,3598407.740896878,167.5354092846227,169.32106839236914,166.9794122766264,168.55453932659677,3123392.738645005,114.75692185064251,115.86981554160279,114.3211541943861,115.72797840996728,2115129.6806417615,45.24057301965888,45.33254140424019,44.8955932369395,45.00256463489093,8781853.832462562,62.27816908799981,62.406377552891755,62.07185405469453,62.23748655966631,4685719.48563498,125.51143913044166,126.87049734324964,125.10880206081305,126.35112616851312,1261600.5069101686,55.68681505249572,55.91509020684617,54.88854184617752,55.74295062896237,8220553.756290258,72.38574716142156,73.64882260585253,71.05007326307042,71.18945318762671,1687590.9720226114,84.45107677161967,85.47154136013367,83.91967922813792,84.60500410254302,5237509.174104151,86.49042329701437,88.06433294846595,85.92625921115676,86.79278120038236,17285610.412523232,107.67286276443346,109.92939964637425,106.63049820382389,107.54126048530132,17883394.651946895,37.82689501961756,38.072517935533654,37.36301276437752,37.79247261001752,6179138.536676225,45.06286322504827,45.49071732120715,42.86855500077931,42.74788487887708,4887367.5163742285
1912,115.21054895234295,116.29509023394546,114.78006767187348,116.1084374768899,3186491.7561206473,102.311766833384,104.3313039949362,100.82363095869152,101.32008545144295,2680542.9407792455,97.84616523193121,97.89431084344781,97.3737975060062,97.43873586483079,8710824.230937038,6.634524181940367,6.734882453944725,6.156248333882639,6.170586881890108,21613950.658424284,71.97960214504093,73.84915758197857,70.65512076945691,72.74169256659651,2630950.0733530903,471.03881845577723,482.49709240759796,468.92045958429605,480.8658404296772,550340.1305936202,15.061402120883885,15.408845009692879,15.043284509310944,15.350928420353007,23443268.15130272,41.4355793818292,42.59351957517443,41.210171218423206,42.061768333616094,7276201.41921659,48.1673815512898,48.16070012571461,48.03310576272349,48.013919518086084,4063676.8286616635,72.41035401886712,72.44469161856951,72.05541747212237,72.20374859494338,6801355.410692069,31.856625111555463,32.064862757140155,31.671518532392515,31.789462195609524,10715583.321676811,77.2378973618729,77.26871987852766,77.09490501626297,77.12268807502498,2211328.1940586017,331.7444886359465,338.7028403777073,329.6824383238126,334.05082986582516,2507803.492279492,41.804426469851066,42.95407994367563,41.30453277198759,42.21808666650893,4640365.590088917,9.726909714807952,10.315990793003744,9.526399153120417,9.819911180367301,19627971.348042034,95.39412488273098,98.73332816983773,95.45678408828924,96.14674787855712,9739515.65118842,12.929174051371332,13.230282721212106,12.743665346629244,13.087428411554617,13569284.047815872,151.74845225479035,152.52745974004492,150.07261805466294,150.42432470994484,8990657.868179567,465.3485819289839,480.31650555527733,465.413619934891,471.8240721997064,1440475.9688123427,33.51519622986103,34.25983994996126,33.12441461653288,34.14121409630824,9973472.737319315,43.80195012863774,43.91300511855554,43.48957032536255,43.55334345126281,26764502.39588623,82.24043165472435,82.40101055210566,81.94047009107572,82.28050054166208,16979085.520887814,89.80121761019822,89.78352521976498,89.61745853078874,89.7139644132177,6809975.046205622,41.91002280801591,42.25787510377088,41.53629385209361,42.149607364024156,4223970.953287112,119.84050094015716,123.29951051177811,118.62957219992097,122.01659299340034,3881069.60774085,69.27571015992714,69.55660071826091,69.07380115205899,69.369495570865,4294951.353867418,49.675052949375704,49.81023880645512,49.35518049574347,49.69048112875321,2941333.966607396,55.29596369987918,55.59796623216275,55.17713539404964,55.309212476155906,3691184.7899696487,24.80113234544152,24.88384120177011,24.354134683231795,24.361557248238753,22595648.222659424,37.42855252943676,38.73053825891558,36.607617593018915,36.45228730408399,15009404.267144514,149.6238041007916,152.813071101316,147.3036311626353,146.91093296378904,1021341.533006014,36.56608575083566,36.73967675279403,36.03857173417446,36.081804485424215,56234807.0625836,53.79920608277962,54.39290028379784,52.4311077398479,52.860111598841165,5069600.090672596,42.97974757965767,43.64401518036177,42.126214098348576,42.10350264171027,20840053.278485086,275.1537107635706,275.49965871245837,271.6327558426087,271.6630608639338,9349776.605284946,,,,,,24.316821462860197,25.249256440892417,24.176027960470716,24.73524003720235,11136922.52826673,142.92051182639523,143.94255717987778,139.60068621746402,141.0779996623457,2041158.2219195687,5.7558361717548046,5.555510298216781,5.5038274500671625,5.2526297048913655,23577982.400920633,56.27680064311766,56.36043882877371,55.5715586408434,55.590156511260524,9252147.678734832,94.19019664772601,94.27099459643205,93.62113999183083,93.69294067631202,7468078.774342065,54.079963177282934,54.233070942412674,53.73449453927993,53.87298739914986,11553479.330208968,51.72267811990674,51.678695929393065,51.57697262730136,51.63365468116897,3029553.860269713,93.74492050115765,94.25969410529711,93.67302067458799,94.30713866857722,3535503.356101157,11.330703943106208,11.575425725184566,11.121350519557856,11.205043305428706,22647833.24147675,26.263886106193098,26.467780008817382,26.05907207167357,26.311288325570505,14211644.876526197,107.20089159168383,107.17831082145902,106.18047787502326,106.24308967225136,32607577.65894541,70.855284883832,72.24707723384202,70.10978744827938,70.35026150171178,2738096.655253871,92.61983644155403,92.71345921793426,92.27504622122277,92.34898136831569,4188424.2056849217,136.34502103343522,139.38067988318085,135.17365746503745,136.32658258565135,2730630.6605141643,110.68807291102975,113.81118213850397,110.195552136976,113.09083874321594,7647687.2757301275,45.48267839407543,46.286323483574066,43.80912090097618,43.80171179618461,10632235.038967246,129.08138857164332,133.31581713800898,128.553963169255,130.1263389320933,2734596.338743545,54.38004812862888,56.4788661801208,52.627166065463484,52.35470559944417,1581095.9267225855,246.1832829889802,253.62796412544793,244.5757416727616,248.4125413812366,560720.6033622568,92.38765743477776,93.5195408927378,91.4155087827355,91.8289718705899,4404665.790448879,45.450726323654926,46.64220377042482,44.91058163806166,45.80526391470908,12174264.321646072,25.178778959967506,25.73293670675411,24.585643912340302,24.892824190163008,3417664.4987467565,61.19812928598625,61.61026342076292,60.48964542362114,60.60491689179694,3199130.794114137,168.54493228522523,170.71442092819632,167.81400271828244,170.23356815430276,9468664.563540088,107.84254671528501,110.13406325450939,107.63503400330494,109.94643825642925,1256819.8738452478,91.66759701407453,93.96683474417256,90.72032071159097,90.62781503064146,1331832.3903611456,67.02433077322878,67.47494524434119,66.86392092380596,66.82647554224295,5610017.026179277,81.94346793009787,81.98607327257601,81.85485325761829,81.8851840754067,3794428.715804052,39.92498833633366,40.63,39.61135754522366,40.07709257380942,14659279.490787301,30.722020338969934,30.923476194122156,30.130942703446905,30.219830406429818,21374209.910311397,32.806108273575504,32.79468645833644,32.67653657043279,32.629996709373756,7428930.886675028,26.939680029721448,26.998034565693658,26.621096346758577,26.71001364615232,4560031.306876936,49.57898349077997,50.19505480426255,49.45068126325388,50.031597139984,2802498.013505891,122.7491820912519,126.39315424265256,121.80269522911357,122.91437722100181,1720316.592047024,56.93589793429128,57.838028987951816,56.881292966458886,57.41750436656176,2299011.2156875073,40.43689079350767,41.49444113969801,39.78142203785185,40.19789631817866,3646009.695700064,108.46322855844151,108.55506552781296,108.04211772217967,108.1952937497906,2235822.6105414927,181.72539521501218,187.4303271286084,180.44514199239399,187.03222702933118,1934242.266345556,23.509493146502937,23.83392292214022,23.245791749306804,23.766144920162734,3218094.5497786775,9.428518134133572,9.548356217580606,9.278698395915477,9.278745669979932,32443389.41601732,80.23510067887025,80.20745147299996,79.69909448847311,79.83274106326508,7761824.52350441,77.6809728773661,77.6749205709375,77.45481996239248,77.4570962393766,4822478.087258852,51.008533881702476,51.184170966326896,50.85003459724367,51.11670823019994,14007954.434878943,58.513941913270735,58.549540698209206,58.25391498268694,58.29790142567052,3835828.767060571,70.7089222701295,70.86719653936102,70.45896199825835,70.81563817046948,5009829.323293624,56.712161730841274,56.80345330545463,56.00515230641643,56.15789075039238,2478533.7874040836,57.92467518517086,57.95681339576311,57.86913595370154,57.8816166706522,3598407.740896878,167.5354092846227,169.32106839236914,166.9794122766264,168.55453932659677,3123392.738645005,114.75692185064251,115.86981554160279,114.3211541943861,115.72797840996728,2115129.6806417615,45.24057301965888,45.33254140424019,44.8955932369395,45.00256463489093,8781853.842710154,62.27816908799981,62.40637754749868,62.07185405469453,62.23748655966631,4685719.48563498,125.51143913044166,126.87049734324964,125.10880206081305,126.35079782089277,1261600.5069101686,55.77707508992193,55.915090145833524,54.88854184617752,55.74295062896237,8220553.756290258,72.38573975593266,73.64882260585253,71.05007326307042,71.18945318762671,1687590.9720226103,84.45107677161967,85.47154136013367,83.91967922813792,84.60500410254302,5237509.106233926,86.49042329701437,88.06433294846595,85.92625921115676,86.79278120038236,17285610.41266059,107.67286276443346,109.92939964637425,106.63049496114061,107.54126048530132,17883394.651946895,37.82689501961756,38.072517935533654,37.36301276437752,37.79247261001752,6179138.536676225,45.06286322504831,45.49071732120715,42.86855500077931,42.74788487887604,4887367.5163742285
1913,115.21054895234295,116.29509023394546,114.78006767187348,116.1084374768899,3186491.7561206473,102.311766833384,104.3313039949362,100.82363095869152,101.32008545144295,2680542.9407748044,97.84616523193121,97.89431084344781,97.3737975060062,97.43873586483079,8710824.230937038,6.6345247178260145,6.7348824539447305,6.156248333882639,6.170586881889707,21613950.53007264,71.97960214504093,73.84915758197857,70.65512076945691,72.40633705397369,2630950.073353091,471.03881845577723,482.49709240759796,468.92045958429605,480.8658404296772,550340.1305936204,15.061402120883885,15.408845009692879,15.042172006033844,15.35092520659956,23443268.151308764,41.4355793818292,42.59351957517443,41.210171218423206,42.061768333616094,7276201.419217701,48.1673815512898,48.16069963419195,48.03310576143412,48.01391951807684,4063676.8286616527,72.41035401886712,72.44469161856951,72.05541747210941,72.20374859494338,6801355.410692069,31.856625111555463,32.06486275695556,31.671507906824132,31.789462195609524,10715583.321676938,77.2378973618729,77.26871987852766,77.09490501626297,77.12268807502498,2211328.1940586017,331.74445505399547,338.7028377178955,329.6824383238126,334.2855673894526,2507803.4922796576,41.804426469851066,42.95407994367563,41.30453277210771,42.21808666650893,4640365.590088923,9.726909714807952,10.315760405792584,9.526399153120373,9.819911180367301,19627971.348041914,95.39412488273098,98.73332816983773,95.45678408828924,96.14674787855712,9739515.65118842,12.929174051371332,13.230282721212106,12.743665346629244,13.087428411554617,13569284.047815364,151.74845225479035,152.52745974004492,150.07261805466294,150.42432470994484,8990657.868179567,465.3485819289839,480.31651112636,465.4136538594278,471.8240721997064,1440475.9688123513,33.51519622986103,34.25983994996126,33.12441461653288,34.14121409630824,9973472.737319335,43.80195012863774,43.91300511855554,43.48957032536255,43.55334345126281,26764502.3962896,82.24043165472435,82.40101055200324,81.94047009107572,82.28050054166208,16979085.520887814,89.80121761019501,89.78352521963285,89.61745853078874,89.71396441320775,6809975.046203814,41.91002280801591,42.25787510377604,41.53610079008822,42.149607364024156,4223970.953287121,119.84050094015716,123.29951051177811,118.62957219992097,122.01659299340034,3881069.60774085,69.27571015992714,69.55660071826091,69.07380115205899,69.369495570865,4294951.353868576,49.676250004947086,49.81023880645512,49.35518049574347,49.69048112875321,2941333.966607481,55.29596369987918,55.59796623216275,55.17713539404964,55.309212476155906,3691184.7899696454,24.80113775689709,24.88384120177011,24.35413499811176,24.361557248238753,22595648.222659424,37.42855252943676,38.71097258513751,36.607617593018915,36.45228730408399,15009404.266683113,149.6238041007916,152.813071101316,147.3036311626353,146.91093296378904,1021341.5330060095,36.56608575083566,36.73967675279403,36.03857173417446,36.081804485424215,56234807.063226156,53.79920318845289,54.39289794298679,52.431099228205134,52.86011143566549,5069600.090672596,42.979747295498086,43.64401518036177,42.12621409693028,42.10350262971331,20840053.278485086,275.1537107635706,275.49965871245837,271.6327558426087,271.66305803155444,9349776.605284946,,,,,,24.316821462860197,25.249256440892417,24.176027960470716,24.703880024697995,11136922.52826673,142.92051182639523,143.94255717987778,139.60068621746402,141.0779996623457,2041158.2219195687,5.755836171754824,5.549507869682351,5.5038274500671625,5.247566938866516,23577982.4009206,56.27680064311766,56.36043882877371,55.5715586408434,55.59015606571423,9252147.678734832,94.19019664772601,94.27099459643205,93.62113999183083,93.6882253770572,7468078.774342065,54.079963177282934,54.233070942412674,53.73449453927993,53.87298739914986,11553479.330209035,51.72267811990674,51.67867606537417,51.57697262730136,51.63365484171104,3029553.860269713,93.74492050115765,94.25969410529711,93.67302067458799,94.30713866857722,3535503.3560886495,11.330703943042609,11.575425725184566,11.121350519557856,11.205043306273677,22647833.24147779,26.263886106193098,26.467780008817382,26.05907207167357,26.311288325570505,14211644.876526302,107.20089159168383,107.17831082145902,106.18047787502326,106.24308967225136,32607577.65894535,70.85526100615908,72.24707723384202,70.10978744827938,70.35026150171277,2738096.655255562,92.61983644155403,92.71345921793426,92.27504622122277,92.34898136831569,4188424.2056849217,136.34502103212571,139.38067988318085,135.17365746503745,136.32658258565135,2730630.6605141643,110.68807291102975,113.8111855622217,110.195552136976,113.09083874321594,7647687.275736919,45.48267839407543,46.286323483574066,43.80912090097618,43.80171179618461,10632235.038967246,129.08122525667795,133.31581713800898,128.553963169255,130.0735475202526,2734596.338743558,54.38004784968957,56.4788661801208,52.627166065463484,52.35470559944417,1581095.9267223012,246.1832829889802,253.62796412544793,244.5757416727616,248.412535137003,560720.6033622766,92.38765743477776,93.5195408927378,91.4155087827355,91.8289718705899,4404665.790448879,45.450726323654926,46.64220377042482,44.91058163806166,45.80526391470908,12174264.321646072,25.178775700497127,25.7329363842333,24.585630212986075,24.89282418976653,3417664.4979993682,61.19812928598625,61.61025346009988,60.48990313648857,60.60491689179694,3199130.7941179504,168.54493228522523,170.71442092819632,167.81400271828244,170.23356815430276,9468664.563540073,107.84254671528501,110.13406325450939,107.63503400330494,109.94643825642925,1256819.873845231,91.65817068353182,93.96683474417256,90.71211102198019,90.62781503064146,1331832.3903590378,67.02433077322878,67.47494524434119,66.86343760888828,66.82647554224295,5610017.026169368,81.94346793009787,81.98607327257601,81.85485325761829,81.8851840754067,3794428.715804052,39.92498833633366,40.63,39.61135754522366,40.07709257380942,14659279.490787301,30.722020338995872,30.923476194122156,30.130942703446905,30.219365417494092,21374209.754245102,32.806108273575504,32.79468645833644,32.67653657043279,32.62999670937372,7428930.886675028,26.939680029721448,26.998034565693658,26.621096346758577,26.71001364615232,4560031.306876936,49.57898349077997,50.19505480426255,49.45068126325388,50.031597139984,2802498.013505891,122.7491820912519,126.3931542426363,121.80269522911357,122.91437722100181,1720316.592047024,56.93590318445438,57.838028987951816,56.881292966458886,57.41750436656176,2299011.2156808116,40.43618585572462,41.494441139687105,39.78142203785184,40.19789631817866,3646009.6956878314,108.46322855844151,108.55506552781296,108.0420836473826,108.1952937497906,2235822.6105414927,181.72539521501218,187.43032715764224,180.44514199239399,187.03222702933118,1934242.266345556,23.509493146502937,23.83392292214022,23.24579174930783,23.766144920162734,3218094.5497786803,9.427848708936228,9.548356217580606,9.278698395915477,9.278745669979932,32443389.4160596,80.23510067887025,80.20745147299996,79.69909448847311,79.83274105054431,7761824.523504314,77.6809728773661,77.67492060382128,77.45481996166998,77.45709623937628,4822478.087258852,51.008533881702476,51.184170966237694,50.85003459724367,51.11670823019994,14007954.434878953,58.513941913270735,58.549521486060456,58.25391498268694,58.30019874873477,3835828.767060442,70.7089222701295,70.86719653935367,70.45896199825835,70.81563817046948,5009829.323296787,56.712161730841274,56.80345330545463,56.00515230641643,56.15789075039238,2478533.7874040836,57.92467518517086,57.95681339576311,57.86913595370154,57.8816166706522,3598407.740896878,167.5354092846227,169.32106839236914,166.9794122766264,168.55453932659677,3123392.738645005,114.75692185064251,115.86981554160279,114.3211541943861,115.72797840996728,2115129.6806417615,45.24057301965888,45.33254140424019,44.8955932369395,45.00256463489093,8781853.849660799,62.27816908799981,62.40637754365661,62.07185405469453,62.23748655966631,4685719.48563498,125.51143913044166,126.87049734324964,125.10880206081305,126.35111258116616,1261600.5069101686,55.687102666713564,55.915090190219956,54.88854184617752,55.74295062896237,8220553.756290258,72.3857457668884,73.64882260585253,71.05007326307042,71.18945318762671,1687590.9720226098,84.45107677161967,85.47154136013367,83.91967922813792,84.60500410254302,5237509.055677025,86.49042329701437,88.06433294846595,85.92625921115676,86.79278120038236,17285610.412743326,107.67286276443346,109.92939964637425,106.63049761367391,107.54126048530132,17883394.651946895,37.82689501961756,38.072517935533654,37.36301276437752,37.79247261001752,6179138.536676225,45.06286322504833,45.49071732120715,42.86855500077931,42.74788487887547,4887367.5163742285
1914,115.21054895234295,116.29509023394546,114.78006767187348,116.1084374768899,3186491.7561206473,102.311766833384,104.3313039949362,100.82363095869152,101.32008545144295,2680542.940772258,97.84616523193121,97.89431084344781,97.3737975060062,97.43873586483079,8710824.230937038,6.634524305506477,6.734882453944728,6.156248333882639,6.170586881889937,21613950.44177563,71.97960214504093,73.84915758197857,70.65512076945691,72.73633361524956,2630950.073353091,471.03881845577723,482.49709240759796,468.92045958429605,480.8658404296772,550340.1305936205,15.061402120883885,15.408845009692879,15.043210564467456,15.350928001130262,23443268.151312057,41.4355793818292,42.59351957517443,41.210171218423206,42.061768333616094,7276201.419218315,48.1673815512898,48.16069923668285,48.03310576051,48.01391951807104,4063676.8286616476,72.41035401886712,72.44469161856951,72.05541747211747,72.20374859494338,6801355.410692069,31.856625111555463,32.06486275708076,31.671516838291005,31.789462195609524,10715583.321677003,77.2378973618729,77.26871987852766,77.09490501626297,77.12268807502498,2211328.1940586017,331.7444835040048,338.7028398091816,329.6824383238126,334.05471141034536,2507803.49227975,41.804426469851066,42.95407994367563,41.304532772032665,42.21808666650893,4640365.590088926,9.726909714807952,10.31596950772816,9.526399153120396,9.819911180367301,19627971.348041855,95.39412488273098,98.73332816983773,95.45678408828924,96.14674787855712,9739515.65118842,12.929174051371332,13.230282721212106,12.743665346629244,13.087428411554617,13569284.047815096,151.74845225479035,152.52745974004492,150.07261805466294,150.42432470994484,8990657.868179567,465.3485819289839,480.3165155066307,465.4136818630443,471.8240721997064,1440475.968812356,33.51519622986103,34.25983994996126,33.12441461653288,34.14121409630824,9973472.737319347,43.80195012863774,43.91300511855554,43.48957032536255,43.55334345126281,26764502.396532662,82.24043165472435,82.40101055193698,81.94047009107572,82.28050054166208,16979085.520887814,89.80121761019304,89.78352521954683,89.61745853078874,89.71396441320168,6809975.04620282,41.91002280801591,42.25787510377284,41.53626994994662,42.149607364024156,4223970.953287126,119.84050094015716,123.29951051177811,118.62957219992097,122.01659299340034,3881069.60774085,69.27571015992714,69.55660071826091,69.07380115205899,69.369495570865,4294951.353869217,49.675144046348905,49.81023880645512,49.35518049574347,49.69048112875321,2941333.966607525,55.29596369987918,55.59796623216275,55.17713539404964,55.309212476155906,3691184.7899696436,24.8011423838643,24.88384120177011,24.35413526391615,24.361557248238753,22595648.222659424,37.42855252943676,38.72971655432245,36.607617593018915,36.45228730408399,15009404.266399369,149.6238041007916,152.813071101316,147.3036311626353,146.91093296378904,1021341.5330060073,36.56608575083566,36.73967675279403,36.03857173417446,36.081804485424215,56234807.06361077,53.79920091135026,54.392896104784604,52.43109235362863,52.86011155898574,5069600.090672596,42.97974707864844,43.64401518036177,42.12621409788082,42.103502638480116,20840053.278485086,275.1537107635706,275.49965871245837,271.6327558426087,271.6630602507646,9349776.605284946,,,,,,24.316821462860197,25.249256440892417,24.176027960470716,24.73480855597265,11136922.52826673,142.92051182639523,143.94255717987778,139.60068621746402,141.0779996623457,2041158.2219195687,5.755836171754813,5.5435406022432625,5.5038274500671625,5.242535206629609,23577982.400920585,56.27680064311766,56.36043882877371,55.5715586408434,55.590156412357494,9252147.678734832,94.19019664772601,94.27099459643205,93.62113999183083,93.69282424537299,7468078.774342065,54.079963177282934,54.233070942412674,53.73449453927993,53.87298739914986,11553479.33020907,51.72267811990674,51.678693308243766,51.57697262730136,51.63365471389062,3029553.860269713,93.74492050115765,94.25969410529711,93.67302067458799,94.30713866857722,3535503.356081446,11.33070394300124,11.575425725184566,11.121350519557856,11.20504330568271,22647833.241478365,26.263886106193098,26.467780008817382,26.05907207167357,26.311288325570505,14211644.876526356,107.20089159168383,107.17831082145902,106.18047787502326,106.24308967225136,32607577.658945322,70.85528181906575,72.24707723384202,70.10978744827938,70.3502615017122,2738096.655256548,92.61983644155403,92.71345921793426,92.27504622122277,92.34898136831569,4188424.2056849217,136.345021032993,139.38067988318085,135.17365746503745,136.32658258565135,2730630.6605141643,110.68807291102975,113.81118284235987,110.195552136976,113.09083874321594,7647687.275741028,45.48267839407543,46.286323483574066,43.80912090097618,43.80171179618461,10632235.038967246,129.08136476754945,133.31581713800898,128.553963169255,130.12562685111803,2734596.3387435647,54.38004764456786,56.4788661801208,52.627166065463484,52.35470559944417,1581095.9267221466,246.1832829889802,253.62796412544793,244.5757416727616,248.41253013292066,560720.6033622872,92.38765743477776,93.5195408927378,91.4155087827355,91.8289718705899,4404665.790448879,45.450726323654926,46.64220377042482,44.91058163806166,45.80526391470908,12174264.321646072,25.17877307899207,25.732936140096996,24.585618844144648,24.892824189508204,3417664.4975259867,61.19812928598625,61.610261684209505,60.4896690471277,60.60491689179694,3199130.7941201576,168.54493228522523,170.71442092819632,167.81400271828244,170.23356815430276,9468664.563540066,107.84254671528501,110.13406325450939,107.63503400330494,109.94643825642925,1256819.8738452226,91.66724293957532,93.96683474417256,90.71987148746827,90.62781503064146,1331832.3903578396,67.02433077322878,67.47494524434119,66.86386724202961,66.82647554224295,5610017.0261637345,81.94346793009787,81.98607327257601,81.85485325761829,81.8851840754067,3794428.715804052,39.92498833633366,40.63,39.61135754522366,40.07709257380942,14659279.490787301,30.72202033897955,30.923476194122156,30.130942703446905,30.21978722236572,21374209.647019282,32.806108273575504,32.79468645833644,32.67653657043279,32.6299967093737,7428930.886675028,26.939680029721448,26.998034565693658,26.621096346758577,26.71001364615232,4560031.306876936,49.57898349077997,50.19505480426255,49.45068126325388,50.031597139984,2802498.013505891,122.7491820912519,126.39315424264635,121.80269522911357,122.91437722100181,1720316.592047024,56.935898907596545,57.838028987951816,56.881292966458886,57.41750436656176,2299011.2156769685,40.43682366467306,41.49444113968066,39.78142203785184,40.19789631817866,3646009.695680682,108.46322855844151,108.55506552781296,108.0420533429954,108.1952937497906,2235822.6105414927,181.72539521501218,187.43032713699182,180.44514199239399,187.03222702933118,1934242.266345556,23.509493146502937,23.83392292214022,23.24579174930724,23.766144920162734,3218094.5497786817,9.428472729085925,9.548356217580606,9.278698395915477,9.278745669979932,32443389.41608385,80.23510067887025,80.20745147299996,79.69909448847311,79.8327410414016,7761824.523504266,77.6809728773661,77.67492057856153,77.45481996117658,77.4570962393761,4822478.087258852,51.008533881702476,51.184170966179416,50.85003459724367,51.11670823019994,14007954.434878957,58.513941913270735,58.549538154877816,58.25391498268694,58.29792243208523,3835828.767060377,70.7089222701295,70.86719653934922,70.45896199825835,70.81563817046948,5009829.323298622,56.712161730841274,56.80345330545463,56.00515230641643,56.15789075039238,2478533.7874040836,57.92467518517086,57.95681339576311,57.86913595370154,57.8816166706522,3598407.740896878,167.5354092846227,169.32106839236914,166.9794122766264,168.55453932659677,3123392.738645005,114.75692185064251,115.86981554160279,114.3211541943861,115.72797840996728,2115129.6806417615,45.24057301965888,45.33254140424019,44.8955932369395,45.00256463489093,8781853.85437522,62.27816908799981,62.406377540919486,62.07185405469453,62.23748655966631,4685719.48563498,125.51143913044166,126.87049734324964,125.10880206081305,126.35081084598197,1261600.5069101686,55.77678839218872,55.91509015792902,54.88854184617752,55.74295062896237,8220553.756290258,72.38574088786024,73.64882260585253,71.05007326307042,71.18945318762671,1687590.9720226096,84.45107677161967,85.47154136013367,83.91967922813792,84.60500410254302,5237509.018016915,86.49042329701437,88.06433294846595,85.92625921115676,86.79278120038236,17285610.412793163,107.67286276443346,109.92939964637425,106.63049544388663,107.54126048530132,17883394.651946895,37.82689501961756,38.072517935533654,37.36301276437752,37.79247261001752,6179138.536676225,45.062863225048346,45.49071732120715,42.86855500077931,42.74788487887515,4887367.5163742285
1915,115.21054895234295,116.29509023394546,114.78006767187348,116.1084374768899,3186491.7561206473,102.311766833384,104.3313039949362,100.82363095869152,101.32008545144295,2680542.9407707984,97.84616523193121,97.89431084344781,97.3737975060062,97.43873586483079,8710824.230937038,6.634524622752146,6.734882453944729,6.156248333882639,6.170586881889805,21613950.381033424,71.97960214504093,73.84915758197857,70.65512076945691,72.41161036975342,2630950.073353091,471.03881845577723,482.49709240759796,468.92045958429605,480.8658404296772,550340.1305936205,15.061402120883885,15.408845009692879,15.042241035979558,15.350925571136184,23443268.151313853,41.4355793818292,42.59351957517443,41.210171218423206,42.061768333616094,7276201.419218654,48.1673815512898,48.16069891520534,48.03310575984764,48.013919518067404,4063676.8286616453,72.41035401886712,72.44469161856951,72.05541747211245,72.20374859494338,6801355.410692069,31.856625111555463,32.06486275699585,31.671509330824335,31.789462195609524,10715583.321677037,77.2378973618729,77.26871987852766,77.09490501626297,77.12268807502498,2211328.1940586017,331.74445940168175,338.70283816490075,329.6824383238126,334.2817500289096,2507803.4922798015,41.804426469851066,42.95407994367563,41.30453277207955,42.21808666650893,4640365.590088928,9.726909714807952,10.31577972453993,9.526399153120384,9.819911180367301,19627971.348041825,95.39412488273098,98.73332816983773,95.45678408828924,96.14674787855712,9739515.65118842,12.929174051371332,13.230282721212106,12.743665346629244,13.087428411554617,13569284.047814954,151.74845225479035,152.52745974004492,150.07261805466294,150.42432470994484,8990657.868179567,465.3485819289839,480.316518950624,465.41370497913107,471.8240721997064,1440475.9688123583,33.51519622986103,34.25983994996126,33.12441461653288,34.14121409630824,9973472.737319352,43.80195012863774,43.91300511855554,43.48957032536255,43.55334345126281,26764502.39667913,82.24043165472435,82.4010105518941,81.94047009107572,82.28050054166208,16979085.520887814,89.80121761019181,89.78352521949083,89.61745853078874,89.71396441319797,6809975.046202272,41.91002280801591,42.25787510377482,41.53612173301685,42.149607364024156,4223970.953287127,119.84050094015716,123.29951051177811,118.62957219992097,122.01659299340034,3881069.60774085,69.27571015992714,69.55660071826091,69.07380115205899,69.369495570865,4294951.353869573,49.67616584053302,49.81023880645512,49.35518049574347,49.69048112875321,2941333.9666075483,55.29596369987918,55.59796623216275,55.17713539404964,55.309212476155906,3691184.7899696426,24.801146340068918,24.88384120177011,24.35413548829363,24.361557248238753,22595648.222659424,37.42855252943676,38.711759780393216,36.607617593018915,36.45228730408399,15009404.266224878,149.6238041007916,152.813071101316,147.3036311626353,146.91093296378904,1021341.5330060063,36.56608575083566,36.73967675279403,36.03857173417446,36.081804485424215,56234807.06384099,53.79919911984678,54.392894661273274,52.4310868012572,52.860111465786275,5069600.090672596,42.97974691316477,43.64401518036177,42.12621409724377,42.10350263207375,20840053.278485086,275.1537107635706,275.49965871245837,271.6327558426087,271.66305851198143,9349776.605284946,,,,,,24.316821462860197,25.249256440892417,24.176027960470716,24.704305569193725,11136922.52826673,142.92051182639523,143.94255717987778,139.60068621746402,141.0779996623457,2041158.2219195687,5.75583617175482,5.537608289932445,5.5038274500671625,5.237534317949457,23577982.400920577,56.27680064311766,56.36043882877371,55.5715586408434,55.59015614266262,9252147.678734832,94.19019664772601,94.27099459643205,93.62113999183083,93.68833893306446,7468078.774342065,54.079963177282934,54.233070942412674,53.73449453927993,53.87298739914986,11553479.33020909,51.72267811990674,51.67867834065068,51.57697262730136,51.63365481565871,3029553.860269713,93.74492050115765,94.25969410529711,93.67302067458799,94.30713866857722,3535503.3560772976,11.33070394297433,11.575425725184566,11.121350519557856,11.205043306096027,22647833.241478678,26.263886106193098,26.467780008817382,26.05907207167357,26.311288325570505,14211644.876526384,107.20089159168383,107.17831082145902,106.18047787502326,106.24308967225136,32607577.658945307,70.85526367755399,72.24707723384202,70.10978744827938,70.35026150171254,2738096.6552571226,92.61983644155403,92.71345921793426,92.27504622122277,92.34898136831569,4188424.2056849217,136.3450210324186,139.38067988318085,135.17365746503745,136.32658258565135,2730630.6605141643,110.68807291102975,113.81118500306613,110.195552136976,113.09083874321594,7647687.275743513,45.48267839407543,46.286323483574066,43.80912090097618,43.80171179618461,10632235.038967246,129.08124559118846,133.31581713800898,128.553963169255,130.07424999626946,2734596.338743568,54.38004749372891,56.4788661801208,52.627166065463484,52.35470559944417,1581095.9267220625,246.1832829889802,253.62796412544793,244.5757416727616,248.4125261226863,560720.6033622929,92.38765743477776,93.5195408927378,91.4155087827355,91.8289718705899,4404665.790448879,45.450726323654926,46.64220377042482,44.91058163806166,45.80526391470908,12174264.321646072,25.1787709705855,25.732935955294856,24.58560940935281,24.89282418933989,3417664.497226156,61.19812928598625,61.610254893900574,60.48988167845426,60.60491689179694,3199130.794121435,168.54493228522523,170.71442092819632,167.81400271828244,170.23356815430276,9468664.563540062,107.84254671528501,110.13406325450939,107.63503400330494,109.94643825642925,1256819.8738452184,91.65851145818435,93.96683474417256,90.71253566511118,90.62781503064146,1331832.3903571586,67.02433077322878,67.47494524434119,66.86348532823101,66.82647554224295,5610017.026160532,81.94346793009787,81.98607327257601,81.85485325761829,81.8851840754067,3794428.715804052,39.92498833633366,40.63,39.61135754522366,40.07709257380942,14659279.490787301,30.72202033898982,30.923476194122156,30.130942703446905,30.219404591003855,21374209.573349457,32.806108273575504,32.79468645833644,32.67653657043279,32.629996709373685,7428930.886675028,26.939680029721448,26.998034565693658,26.621096346758577,26.71001364615232,4560031.306876936,49.57898349077997,50.19505480426255,49.45068126325388,50.031597139984,2802498.013505891,122.7491820912519,126.39315424264014,121.80269522911357,122.91437722100181,1720316.592047024,56.93590239158602,57.838028987951816,56.881292966458886,57.41750436656176,2299011.215674763,40.43624659210795,41.49444113967685,39.78142203785184,40.19789631817866,3646009.6956765037,108.46322855844151,108.55506552781296,108.04202639181851,108.1952937497906,2235822.6105414927,181.72539521501218,187.4303271516795,180.44514199239399,187.03222702933118,1934242.266345556,23.509493146502937,23.83392292214022,23.24579174930758,23.766144920162734,3218094.5497786826,9.427891034299455,9.548356217580606,9.278698395915477,9.278745669979932,32443389.416097764,80.23510067887025,80.20745147299996,79.69909448847311,79.83274103483053,7761824.52350424,77.6809728773661,77.67492059796487,77.45481996083961,77.457096239376,4822478.087258852,51.008533881702476,51.184170966141345,50.85003459724367,51.11670823019994,14007954.434878958,58.513941913270735,58.54952369270204,58.25391498268694,58.300177934399905,3835828.7670603446,70.7089222701295,70.86719653934652,70.45896199825835,70.81563817046948,5009829.323299686,56.712161730841274,56.80345330545463,56.00515230641643,56.15789075039238,2478533.7874040836,57.92467518517086,57.95681339576311,57.86913595370154,57.8816166706522,3598407.740896878,167.5354092846227,169.32106839236914,166.9794122766264,168.55453932659677,3123392.738645005,114.75692185064251,115.86981554160279,114.3211541943861,115.72797840996728,2115129.6806417615,45.24057301965888,45.33254140424019,44.8955932369395,45.00256463489093,8781853.857572878,62.27816908799981,62.40637753896954,62.07185405469453,62.23748655966631,4685719.48563498,125.51143913044166,126.87049734324964,125.10880206081305,126.35110009506793,1261600.5069101686,55.68738845088251,55.91509018142054,54.88854184617752,55.74295062896237,8220553.756290258,72.38574484811495,73.64882260585253,71.05007326307042,71.18945318762671,1687590.9720226093,84.45107677161967,85.47154136013367,83.91967922813792,84.60500410254302,5237508.989963694,86.49042329701437,88.06433294846595,85.92625921115676,86.79278120038236,17285610.41282318,107.67286276443346,109.92939964637425,106.63049721878492,107.54126048530132,17883394.651946895,37.82689501961756,38.072517935533654,37.36301276437752,37.79247261001752,6179138.536676225,45.06286322504835,45.49071732120715,42.86855500077931,42.74788487887497,4887367.5163742285
1916,115.21054895234295,116.29509023394546,114.78006767187348,116.1084374768899,3186491.7561206473,102.311766833384,104.3313039949362,100.82363095869152,101.32008545144295,2680542.9407699616,97.84616523193121,97.89431084344781,97.3737975060062,97.43873586483079,8710824.230937038,6.634524378657929,6.734882453944728,6.156248333882639,6.170586881889881,21613950.33924701,71.97960214504093,73.84915758197857,70.65512076945691,72.73114456658826,2630950.073353091,471.03881845577723,482.49709240759796,468.92045958429605,480.8658404296772,550340.1305936205,15.061402120883885,15.408845009692879,15.043146122740614,15.350927684146148,23443268.151314832,41.4355793818292,42.59351957517443,41.210171218423206,42.061768333616094,7276201.419218841,48.1673815512898,48.16069865521684,48.033105759372916,48.01391951806512,4063676.828661644,72.41035401886712,72.44469161856951,72.05541747211558,72.20374859494338,6801355.410692069,31.856625111555463,32.06486275705344,31.671515641328156,31.789462195609524,10715583.321677053,77.2378973618729,77.26871987852766,77.09490501626297,77.12268807502498,2211328.1940586017,331.7444798207252,338.7028394577222,329.6824383238126,334.0584656482369,2507803.4922798304,41.804426469851066,42.95407994367563,41.30453277205026,42.21808666650893,4640365.590088929,9.726909714807952,10.31595197382321,9.52639915312039,9.819911180367301,19627971.34804181,95.39412488273098,98.73332816983773,95.45678408828924,96.14674787855712,9739515.65118842,12.929174051371332,13.230282721212106,12.743665346629244,13.087428411554617,13569284.04781488,151.74845225479035,152.52745974004492,150.07261805466294,150.42432470994484,8990657.868179567,465.3485819289839,480.3165216584681,465.41372406071895,471.8240721997064,1440475.9688123597,33.51519622986103,34.25983994996126,33.12441461653288,34.14121409630824,9973472.737319354,43.80195012863774,43.91300511855554,43.48957032536255,43.55334345126281,26764502.39676739,82.24043165472435,82.40101055186636,81.94047009107572,82.28050054166208,16979085.520887814,89.80121761019106,89.78352521945436,89.61745853078874,89.71396441319571,6809975.046201971,41.91002280801591,42.25787510377359,41.536251599868706,42.149607364024156,4223970.953287128,119.84050094015716,123.29951051177811,118.62957219992097,122.01659299340034,3881069.60774085,69.27571015992714,69.55660071826091,69.07380115205899,69.369495570865,4294951.353869771,49.675221805777646,49.81023880645512,49.35518049574347,49.69048112875321,2941333.9666075604,55.29596369987918,55.59796623216275,55.17713539404964,55.309212476155906,3691184.789969642,24.80114972275012,24.88384120177011,24.354135677700782,24.361557248238753,22595648.222659424,37.42855252943676,38.72896241910673,36.607617593018915,36.45228730408399,15009404.266117573,149.6238041007916,152.813071101316,147.3036311626353,146.91093296378904,1021341.5330060057,36.56608575083566,36.73967675279403,36.03857173417446,36.081804485424215,56234807.0639788,53.79919771038694,54.39289352770648,52.43108231678772,52.86011153622191,5069600.090672596,42.97974678687982,43.64401518036177,42.12621409767072,42.103502636755216,20840053.278485086,275.1537107635706,275.49965871245837,271.6327558426087,271.66305987434316,9349776.605284946,,,,,,24.316821462860197,25.249256440892417,24.176027960470716,24.734388866527592,11136922.52826673,142.92051182639523,143.94255717987778,139.60068621746402,141.0779996623457,2041158.2219195687,5.755836171754816,5.531710727989344,5.5038274500671625,5.232564083760952,23577982.400920574,56.27680064311766,56.36043882877371,55.5715586408434,55.59015635249022,9252147.678734832,94.19019664772601,94.27099459643205,93.62113999183083,93.69271349330918,7468078.774342065,54.079963177282934,54.233070942412674,53.73449453927993,53.87298739914986,11553479.330209099,51.72267811990674,51.67869133320053,51.57697262730136,51.63365473463297,3029553.860269713,93.74492050115765,94.25969410529711,93.67302067458799,94.30713866857722,3535503.3560749083,11.330703942956825,11.575425725184566,11.121350519557856,11.205043305806955,22647833.24147885,26.263886106193098,26.467780008817382,26.05907207167357,26.311288325570505,14211644.876526397,107.20089159168383,107.17831082145902,106.18047787502326,106.24308967225136,32607577.6589453,70.85527949055187,72.24707723384202,70.10978744827938,70.35026150171234,2738096.6552574574,92.61983644155403,92.71345921793426,92.27504622122277,92.34898136831569,4188424.2056849217,136.34502103279902,139.38067988318085,135.17365746503745,136.32658258565135,2730630.6605141643,110.68807291102975,113.81118328656292,110.195552136976,113.09083874321594,7647687.275745017,45.48267839407543,46.286323483574066,43.80912090097618,43.80171179618461,10632235.038967246,129.0813473969106,133.31581713800898,128.553963169255,130.12493385050237,2734596.33874357,54.3800473828075,56.4788661801208,52.627166065463484,52.35470559944417,1581095.926722017,246.1832829889802,253.62796412544793,244.5757416727616,248.4125229089143,560720.6033622959,92.38765743477776,93.5195408927378,91.4155087827355,91.8289718705899,4404665.790448879,45.450726323654926,46.64220377042482,44.91058163806166,45.80526391470908,12174264.321646072,25.17876927485035,25.73293581540648,24.58560157959306,24.892824189230225,3417664.4970362484,61.19812928598625,61.61026050037926,60.489688538189924,60.60491689179694,3199130.7941221744,168.54493228522523,170.71442092819632,167.81400271828244,170.23356815430276,9468664.56354006,107.84254671528501,110.13406325450939,107.63503400330494,109.94643825642925,1256819.8738452164,91.66691496519687,93.96683474417256,90.71947008028737,90.62781503064146,1331832.3903567716,67.02433077322878,67.47494524434119,66.86382482287313,66.82647554224295,5610017.026158711,81.94346793009787,81.98607327257601,81.85485325761829,81.8851840754067,3794428.715804052,39.92498833633366,40.63,39.61135754522366,40.07709257380942,14659279.490787301,30.72202033898336,30.923476194122156,30.130942703446905,30.219751686945443,21374209.52273438,32.806108273575504,32.79468645833644,32.67653657043279,32.62999670937368,7428930.886675028,26.939680029721448,26.998034565693658,26.621096346758577,26.71001364615232,4560031.306876936,49.57898349077997,50.19505480426255,49.45068126325388,50.031597139984,2802498.013505891,122.7491820912519,126.39315424264397,121.80269522911357,122.91437722100181,1720316.592047024,56.935899553478436,57.838028987951816,56.881292966458886,57.41750436656176,2299011.2156734974,40.43676871200955,41.4944411396746,39.78142203785184,40.19789631817866,3646009.695674062,108.46322855844151,108.55506552781296,108.04200242281591,108.1952937497906,2235822.6105414927,181.72539521501218,187.43032714123285,180.44514199239399,187.03222702933118,1934242.266345556,23.509493146502937,23.83392292214022,23.245791749307386,23.766144920162734,3218094.549778683,9.42843327452162,9.548356217580606,9.278698395915477,9.278745669979932,32443389.416105743,80.23510067887025,80.20745147299996,79.69909448847311,79.83274103010775,7761824.523504227,77.6809728773661,77.67492058306014,77.4548199606095,77.45709623937594,4822478.087258852,51.008533881702476,51.18417096611647,50.85003459724367,51.11670823019994,14007954.43487896,58.513941913270735,58.54953624035456,58.25391498268694,58.2979430560966,3835828.7670603283,70.7089222701295,70.86719653934489,70.45896199825835,70.81563817046948,5009829.323300304,56.712161730841274,56.80345330545463,56.00515230641643,56.15789075039238,2478533.7874040836,57.92467518517086,57.95681339576311,57.86913595370154,57.8816166706522,3598407.740896878,167.5354092846227,169.32106839236914,166.9794122766264,168.55453932659677,3123392.738645005,114.75692185064251,115.86981554160279,114.3211541943861,115.72797840996728,2115129.6806417615,45.24057301965888,45.33254140424019,44.8955932369395,45.00256463489093,8781853.859741755,62.27816908799981,62.406377537580376,62.07185405469453,62.23748655966631,4685719.48563498,125.51143913044166,126.87049734324964,125.10880206081305,126.35082281539317,1261600.5069101686,55.77650351867295,55.915090164330564,54.88854184617752,55.74295062896237,8220553.756290258,72.38574163361876,73.64882260585253,71.05007326307042,71.18945318762671,1687590.9720226093,84.45107677161967,85.47154136013367,83.91967922813792,84.60500410254302,5237508.969066696,86.49042329701437,88.06433294846595,85.92625921115676,86.79278120038236,17285610.412841264,107.67286276443346,109.92939964637425,106.63049576690806,107.54126048530132,17883394.651946895,37.82689501961756,38.072517935533654,37.36301276437752,37.79247261001752,6179138.536676225,45.06286322504835,45.49071732120715,42.86855500077931,42.74788487887487,4887367.5163742285
1918,115.21054895234295,116.29509023394546,114.78006767187348,116.1084374768899,3186491.7561206473,102.311766833384,104.3313039949362,100.82363095869152,101.32008545144295,2680542.9407694815,97.84616523193121,97.89431084344781,97.3737975060062,97.43873586483079,8710824.230937038,6.634524566468174,6.734882453944728,6.156248333882639,6.170586881889837,21613950.31050086,71.97960214504093,73.84915758197857,70.65512076945691,72.41671649787736,2630950.073353091,471.03881845577723,482.49709240759796,468.92045958429605,480.8658404296772,550340.1305936205,15.061402120883885,15.408845009692879,15.042301194453035,15.350925846770842,23443268.151315365,41.4355793818292,42.59351957517443,41.210171218423206,42.061768333616094,7276201.419218944,48.1673815512898,48.16069844495636,48.033105759032665,48.013919518063695,4063676.8286616434,72.41035401886712,72.44469161856951,72.05541747211363,72.20374859494338,6801355.410692069,31.856625111555463,32.06486275701438,31.671510336947836,31.789462195609524,10715583.321677063,77.2378973618729,77.26871987852766,77.09490501626297,77.12268807502498,2211328.1940586017,331.7444625220883,338.7028384412369,329.6824383238126,334.27805786989364,2507803.492279846,41.804426469851066,42.95407994367563,41.304532772068555,42.21808666650893,4640365.590088929,9.726909714807952,10.315795638502538,9.526399153120387,9.819911180367301,19627971.348041803,95.39412488273098,98.73332816983773,95.45678408828924,96.14674787855712,9739515.65118842,12.929174051371332,13.230282721212106,12.743665346629244,13.087428411554617,13569284.04781484,151.74845225479035,152.52745974004492,150.07261805466294,150.42432470994484,8990657.868179567,465.3485819289839,480.3165237875139,465.4137398119574,471.8240721997064,1440475.9688123604,33.51519622986103,34.25983994996126,33.12441461653288,34.14121409630824,9973472.737319356,43.80195012863774,43.91300511855554,43.48957032536255,43.55334345126281,26764502.396820575,82.24043165472435,82.40101055184842,81.94047009107572,82.28050054166208,16979085.520887814,89.8012176101906,89.78352521943063,89.61745853078874,89.71396441319433,6809975.046201806,41.91002280801591,42.25787510377435,41.536137811253354,42.149607364024156,4223970.953287129,119.84050094015716,123.29951051177811,118.62957219992097,122.01659299340034,3881069.60774085,69.27571015992714,69.55660071826091,69.07380115205899,69.369495570865,4294951.35386988,49.67609399866463,49.81023880645512,49.35518049574347,49.69048112875321,2941333.966607567,55.29596369987918,55.59796623216275,55.17713539404964,55.309212476155906,3691184.789969642,24.8011526150505,24.88384120177011,24.354135837587908,24.361557248238753,22595648.222659424,37.42855252943676,38.7124822439999,36.607617593018915,36.45228730408399,15009404.266051585,149.6238041007916,152.813071101316,147.3036311626353,146.91093296378904,1021341.5330060055,36.56608575083566,36.73967675279403,36.03857173417446,36.081804485424215,56234807.064061284,53.79919660149875,54.39289263753426,52.43107869482786,52.86011148299008,5069600.090672596,42.97974669050846,43.64401518036177,42.126214097384576,42.10350263333422,20840053.278485086,275.1537107635706,275.49965871245837,271.6327558426087,271.6630588069131,9349776.605284946,,,,,,24.316821462860197,25.249256440892417,24.176027960470716,24.70471948414753,11136922.52826673,142.92051182639523,143.94255717987778,139.60068621746402,141.0779996623457,2041158.2219195687,5.755836171754818,5.525847712852853,5.5038274500671625,5.227624316157922,23577982.400920574,56.27680064311766,56.36043882877371,55.5715586408434,55.59015618924047,9252147.678734832,94.19019664772601,94.27099459643205,93.62113999183083,93.68844695042023,7468078.774342065,54.079963177282934,54.233070942412674,53.73449453927993,53.87298739914986,11553479.330209104,51.72267811990674,51.678680055077805,51.57697262730136,51.63365479914406,3029553.860269713,93.74492050115765,94.25969410529711,93.67302067458799,94.30713866857722,3535503.3560735323,11.330703942945439,11.575425725184566,11.121350519557856,11.205043306009129,22647833.241478942,26.263886106193098,26.467780008817382,26.05907207167357,26.311288325570505,14211644.876526404,107.20089159168383,107.17831082145902,106.18047787502326,106.24308967225136,32607577.658945296,70.85526570719658,72.24707723384202,70.10978744827938,70.35026150171245,2738096.6552576525,92.61983644155403,92.71345921793426,92.27504622122277,92.34898136831569,4188424.2056849217,136.34502103254707,139.38067988318085,135.17365746503745,136.32658258565135,2730630.6605141643,110.68807291102975,113.81118465018339,110.195552136976,113.09083874321594,7647687.275745927,45.48267839407543,46.286323483574066,43.80912090097618,43.80171179618461,10632235.038967246,129.08126042995698,133.31581713800898,128.553963169255,130.07493364929357,2734596.3387435707,54.38004730123997,56.4788661801208,52.627166065463484,52.35470559944417,1581095.9267219922,246.1832829889802,253.62796412544793,244.5757416727616,248.41252033342133,560720.6033622975,92.38765743477776,93.5195408927378,91.4155087827355,91.8289718705899,4404665.790448879,45.450726323654926,46.64220377042482,44.91058163806166,45.80526391470908,12174264.321646072,25.178767911015814,25.732935709516166,24.58559508181984,24.892824189158773,3417664.496915965,61.19812928598625,61.61025587134049,60.48986397405965,60.60491689179694,3199130.7941226023,168.54493228522523,170.71442092819632,167.81400271828244,170.23356815430276,9468664.563540058,107.84254671528501,110.13406325450939,107.63503400330494,109.94643825642925,1256819.8738452152,91.65882711309627,93.96683474417256,90.71291510778462,90.62781503064146,1331832.3903565516,67.02433077322878,67.47494524434119,66.86352303589278,66.82647554224295,5610017.026157676,81.94346793009787,81.98607327257601,81.85485325761829,81.8851840754067,3794428.715804052,39.92498833633366,40.63,39.61135754522366,40.07709257380942,14659279.490787301,30.722020338987427,30.923476194122156,30.130942703446905,30.21943682620826,21374209.48795914,32.806108273575504,32.79468645833644,32.67653657043279,32.62999670937368,7428930.886675028,26.939680029721448,26.998034565693658,26.621096346758577,26.71001364615232,4560031.306876936,49.57898349077997,50.19505480426255,49.45068126325388,50.031597139984,2802498.013505891,122.7491820912519,126.3931542426416,121.80269522911357,122.91437722100181,1720316.592047024,56.9359018654414,57.838028987951816,56.881292966458886,57.41750436656176,2299011.215672771,40.43629631181565,41.49444113967327,39.78142203785184,40.19789631817866,3646009.6956726345,108.46322855844151,108.55506552781296,108.04198110600707,108.1952937497906,2235822.6105414927,181.72539521501218,187.43032714866308,180.44514199239399,187.03222702933118,1934242.266345556,23.509493146502937,23.83392292214022,23.245791749307497,23.766144920162734,3218094.549778683,9.427927812782281,9.548356217580606,9.278698395915477,9.278745669979932,32443389.416110322,80.23510067887025,80.20745147299996,79.69909448847311,79.83274102671339,7761824.523504221,77.6809728773661,77.67492059450925,77.45481996045234,77.45709623937591,4822478.087258852,51.008533881702476,51.18417096610022,50.85003459724367,51.11670823019994,14007954.43487896,58.513941913270735,58.549525353778,58.25391498268694,58.300157498971735,3835828.76706032,70.7089222701295,70.8671965393439,70.45896199825835,70.81563817046948,5009829.323300662,56.712161730841274,56.80345330545463,56.00515230641643,56.15789075039238,2478533.7874040836,57.92467518517086,57.95681339576311,57.86913595370154,57.8816166706522,3598407.740896878,167.5354092846227,169.32106839236914,166.9794122766264,168.55453932659677,3123392.738645005,114.75692185064251,115.86981554160279,114.3211541943861,115.72797840996728,2115129.6806417615,45.24057301965888,45.33254140424019,44.8955932369395,45.00256463489093,8781853.861212842,62.27816908799981,62.406377536590725,62.07185405469453,62.23748655966631,4685719.48563498,125.51143913044166,126.87049734324964,125.10880206081305,126.3510886209627,1261600.5069101686,55.68767241664689,55.91509017676344,54.88854184617752,55.74295062896237,8220553.756290258,72.38574424279076,73.64882260585253,71.05007326307042,71.18945318762671,1687590.9720226093,84.45107677161967,85.47154136013367,83.91967922813792,84.60500410254302,5237508.95350041,86.49042329701437,88.06433294846595,85.92625921115676,86.79278120038236,17285610.412852157,107.67286276443346,109.92939964637425,106.63049695455156,107.54126048530132,17883394.651946895,37.82689501961756,38.072517935533654,37.36301276437752,37.79247261001752,6179138.536676225,45.06286322504835,45.49071732120715,42.86855500077931,42.747884878874814,4887367.5163742285
1919,115.21054895234295,116.29509023394546,114.78006767187348,116.1084374768899,3186491.7561206473,102.311766833384,104.3313039949362,100.82363095869152,101.32008545144295,2680542.9407692063,97.84616523193121,97.89431084344781,97.3737975060062,97.43873586483079,8710824.230937038,6.634524421963775,6.734882453944728,6.156248333882639,6.170586881889863,21613950.290725507,71.97960214504093,73.84915758197857,70.65512076945691,72.72612003393884,2630950.073353091,471.03881845577723,482.49709240759796,468.92045958429605,480.8658404296772,550340.1305936205,15.061402120883885,15.408845009692879,15.043089962825162,15.350927444467052,23443268.151315656,41.4355793818292,42.59351957517443,41.210171218423206,42.061768333616094,7276201.419219001,48.1673815512898,48.16069827491241,48.0331057587888,48.0139195180628,4063676.828661643,72.41035401886712,72.44469161856951,72.05541747211484,72.20374859494338,6801355.410692069,31.856625111555463,32.06486275704087,31.671514795617284,31.789462195609524,10715583.321677066,77.2378973618729,77.26871987852766,77.09490501626297,77.12268807502498,2211328.1940586017,331.7444771771743,338.7028392404519,329.6824383238126,334.06209675489373,2507803.492279855,41.804426469851066,42.95407994367563,41.30453277205712,42.21808666650893,4640365.590088929,9.726909714807952,10.315937530137873,9.526399153120389,9.819911180367301,19627971.3480418,95.39412488273098,98.73332816983773,95.45678408828924,96.14674787855712,9739515.65118842,12.929174051371332,13.230282721212106,12.743665346629244,13.087428411554617,13569284.04781482,151.74845225479035,152.52745974004492,150.07261805466294,150.42432470994484,8990657.868179567,465.3485819289839,480.3165254614788,465.41375281409927,471.8240721997064,1440475.968812361,33.51519622986103,34.25983994996126,33.12441461653288,34.14121409630824,9973472.737319356,43.80195012863774,43.91300511855554,43.48957032536255,43.55334345126281,26764502.396852624,82.24043165472435,82.4010105518368,81.94047009107572,82.28050054166208,16979085.520887814,89.80121761019032,89.78352521941518,89.61745853078874,89.7139644131935,6809975.046201714,41.91002280801591,42.257875103773884,41.53623751220706,42.149607364024156,4223970.953287129,119.84050094015716,123.29951051177811,118.62957219992097,122.01659299340034,3881069.60774085,69.27571015992714,69.55660071826091,69.07380115205899,69.369495570865,4294951.35386994,49.67528818041718,49.81023880645512,49.35518049574347,49.69048112875321,2941333.96660757,55.29596369987918,55.59796623216275,55.17713539404964,55.309212476155906,3691184.789969642,24.801155088059627,24.88384120177011,24.354135972555845,24.361557248238753,22595648.222659424,37.42855252943676,38.72827029698845,36.607617593018915,36.45228730408399,15009404.266011005,149.6238041007916,152.813071101316,147.3036311626353,146.91093296378904,1021341.5330060053,36.56608575083566,36.73967675279403,36.03857173417446,36.081804485424215,56234807.06411066,53.79919572908438,54.392891938495985,52.4310757694889,52.86011152322011,5069600.090672596,42.979746616964945,43.64401518036177,42.126214097576344,42.103502635834126,20840053.278485086,275.1537107635706,275.49965871245837,271.6327558426087,271.66305964326,9349776.605284946,,,,,,24.316821462860197,25.249256440892417,24.176027960470716,24.73398064661403,11136922.52826673,142.92051182639523,143.94255717987778,139.60068621746402,141.0779996623457,2041158.2219195687,5.755836171754817,5.5200190421542885,5.5038274500671625,5.22271482838602,23577982.400920574,56.27680064311766,56.36043882877371,55.5715586408434,55.59015631625179,9252147.678734832,94.19019664772601,94.27099459643205,93.62113999183083,93.6926081431356,7468078.774342065,54.079963177282934,54.233070942412674,53.73449453927993,53.87298739914986,11553479.330209106,51.72267811990674,51.678689845,51.57697262730136,51.633654747781605,3029553.860269713,93.74492050115765,94.25969410529711,93.67302067458799,94.30713866857722,3535503.3560727397,11.330703942938033,11.575425725184566,11.121350519557856,11.20504330586773,22647833.241478994,26.263886106193098,26.467780008817382,26.05907207167357,26.311288325570505,14211644.876526408,107.20089159168383,107.17831082145902,106.18047787502326,106.24308967225136,32607577.658945296,70.85527772141957,72.24707723384202,70.10978744827938,70.35026150171238,2738096.655257766,92.61983644155403,92.71345921793426,92.27504622122277,92.34898136831569,4188424.2056849217,136.34502103271393,139.38067988318085,135.17365746503745,136.32658258565135,2730630.6605141643,110.68807291102975,113.81118356689922,110.195552136976,113.09083874321594,7647687.275746478,45.48267839407543,46.286323483574066,43.80912090097618,43.80171179618461,10632235.038967246,129.0813347209778,133.31581713800898,128.553963169255,130.12425941898408,2734596.338743571,54.38004724125821,56.4788661801208,52.627166065463484,52.35470559944417,1581095.9267219787,246.1832829889802,253.62796412544793,244.5757416727616,248.4125182694404,560720.6033622983,92.38765743477776,93.5195408927378,91.4155087827355,91.8289718705899,4404665.790448879,45.450726323654926,46.64220377042482,44.91058163806166,45.80526391470908,12174264.321646072,25.178766814120088,25.73293562936112,24.585589689437676,24.89282418911222,3417664.4968397794,61.19812928598625,61.61025969334734,60.489704619693576,60.60491689179694,3199130.79412285,168.54493228522523,170.71442092819632,167.81400271828244,170.23356815430276,9468664.563540058,107.84254671528501,110.13406325450939,107.63503400330494,109.94643825642925,1256819.8738452147,91.66661116700422,93.96683474417256,90.71911140025054,90.62781503064146,1331832.3903564266,67.02433077322878,67.47494524434119,66.86379130340043,66.82647554224295,5610017.026157088,81.94346793009787,81.98607327257601,81.85485325761829,81.8851840754067,3794428.715804052,39.92498833633366,40.63,39.61135754522366,40.07709257380942,14659279.490787301,30.72202033898487,30.923476194122156,30.130942703446905,30.219722445462022,21374209.464066703,32.806108273575504,32.79468645833644,32.67653657043279,32.62999670937368,7428930.886675028,26.939680029721448,26.998034565693658,26.621096346758577,26.71001364615232,4560031.306876936,49.57898349077997,50.19505480426255,49.45068126325388,50.031597139984,2802498.013505891,122.7491820912519,126.39315424264306,121.80269522911357,122.91437722100181,1720316.592047024,56.93589998208335,57.838028987951816,56.881292966458886,57.41750436656176,2299011.215672354,40.43672372694101,41.49444113967248,39.78142203785184,40.19789631817866,3646009.6956718005,108.46322855844151,108.55506552781296,108.04196214792414,108.1952937497906,2235822.6105414927,181.72539521501218,187.4303271433783,180.44514199239399,187.03222702933118,1934242.266345556,23.509493146502937,23.83392292214022,23.245791749307433,23.766144920162734,3218094.549778683,9.428398990609914,9.548356217580606,9.278698395915477,9.278745669979932,32443389.41611295,80.23510067887025,80.20745147299996,79.69909448847311,79.83274102427379,7761824.523504217,77.6809728773661,77.67492058571459,77.45481996034502,77.4570962393759,4822478.087258852,51.008533881702476,51.1841709660896,50.85003459724367,51.11670823019994,14007954.43487896,58.513941913270735,58.54953479917418,58.25391498268694,58.29796330466595,3835828.7670603157,70.7089222701295,70.8671965393433,70.45896199825835,70.81563817046948,5009829.32330087,56.712161730841274,56.80345330545463,56.00515230641643,56.15789075039238,2478533.7874040836,57.92467518517086,57.95681339576311,57.86913595370154,57.8816166706522,3598407.740896878,167.5354092846227,169.32106839236914,166.9794122766264,168.55453932659677,3123392.738645005,114.75692185064251,115.86981554160279,114.3211541943861,115.72797840996728,2115129.6806417615,45.24057301965888,45.33254140424019,44.8955932369395,45.00256463489093,8781853.862210639,62.27816908799981,62.40637753588569,62.07185405469453,62.23748655966631,4685719.48563498,125.51143913044166,126.87049734324964,125.10880206081305,126.35083381468866,1261600.5069101686,55.77622045776739,55.915090167718574,54.88854184617752,55.74295062896237,8220553.756290258,72.3857421249539,73.64882260585253,71.05007326307042,71.18945318762671,1687590.9720226093,84.45107677161967,85.47154136013367,83.91967922813792,84.60500410254302,5237508.941904998,86.49042329701437,88.06433294846595,85.92625921115676,86.79278120038236,17285610.412858717,107.67286276443346,109.92939964637425,106.63049598305244,107.54126048530132,17883394.651946895,37.82689501961756,38.072517935533654,37.36301276437752,37.79247261001752,6179138.536676225,45.06286322504835,45.49071732120715,42.86855500077931,42.747884878874785,4887367.5163742285
1920,115.21054895234295,116.29509023394546,114.78006767187348,116.1084374768899,3186491.7561206473,102.311766833384,104.3313039949362,100.82363095869152,101.32008545144295,2680542.9407690484,97.84616523193121,97.89431084344781,97.3737975060062,97.43873586483079,8710824.230937038,6.634524533147919,6.734882453944728,6.156248333882639,6.170586881889848,21613950.27712144,71.97960214504093,73.84915758197857,70.65512076945691,72.4216607389407,2630950.073353091,471.03881845577723,482.49709240759796,468.92045958429605,480.8658404296772,550340.1305936205,15.061402120883885,15.408845009692879,15.042353621582937,15.35092605518465,23443268.151315816,41.4355793818292,42.59351957517443,41.210171218423206,42.061768333616094,7276201.419219033,48.1673815512898,48.16069813739278,48.03310575861401,48.01391951806224,4063676.828661643,72.41035401886712,72.44469161856951,72.05541747211409,72.20374859494338,6801355.410692069,31.856625111555463,32.06486275702291,31.67151104782168,31.789462195609524,10715583.321677068,77.2378973618729,77.26871987852766,77.09490501626297,77.12268807502498,2211328.1940586017,331.7444647616558,338.7028386120664,329.6824383238126,334.2744868060537,2507803.49227986,41.804426469851066,42.95407994367563,41.30453277206426,42.21808666650893,4640365.590088929,9.726909714807952,10.315808747748253,9.526399153120387,9.819911180367301,19627971.348041795,95.39412488273098,98.73332816983773,95.45678408828924,96.14674787855712,9739515.65118842,12.929174051371332,13.230282721212106,12.743665346629244,13.087428411554617,13569284.047814809,151.74845225479035,152.52745974004492,150.07261805466294,150.42432470994484,8990657.868179567,465.3485819289839,480.31652677763583,465.4137635469502,471.8240721997064,1440475.9688123611,33.51519622986103,34.25983994996126,33.12441461653288,34.14121409630824,9973472.737319356,43.80195012863774,43.91300511855554,43.48957032536255,43.55334345126281,26764502.396871936,82.24043165472435,82.4010105518293,81.94047009107572,82.28050054166208,16979085.520887814,89.80121761019015,89.78352521940512,89.61745853078874,89.71396441319298,6809975.046201664,41.91002280801591,42.257875103774175,41.536150154784366,42.149607364024156,4223970.953287129,119.84050094015716,123.29951051177811,118.62957219992097,122.01659299340034,3881069.60774085,69.27571015992714,69.55660071826091,69.07380115205899,69.369495570865,4294951.353869974,49.67603267519307,49.81023880645512,49.35518049574347,49.69048112875321,2941333.966607572,55.29596369987918,55.59796623216275,55.17713539404964,55.309212476155906,3691184.789969642,24.80115720256135,24.88384120177011,24.35413608648837,24.361557248238753,22595648.222659424,37.42855252943676,38.71314529888901,36.607617593018915,36.45228730408399,15009404.26598605,149.6238041007916,152.813071101316,147.3036311626353,146.91093296378904,1021341.5330060052,36.56608575083566,36.73967675279403,36.03857173417446,36.081804485424215,56234807.064140216,53.79919504271507,54.3928913895522,52.431073406787945,52.8601114928162,5069600.090672596,42.97974656084195,43.64401518036177,42.12621409744782,42.10350263400732,20840053.278485086,275.1537107635706,275.49965871245837,271.6327558426087,271.66305898797015,9349776.605284946,,,,,,24.316821462860197,25.249256440892417,24.176027960470716,24.705122087378694,11136922.52826673,142.92051182639523,143.94255717987778,139.60068621746402,141.0779996623457,2041158.2219195687,5.755836171754818,5.514224514710404,5.5038274500671625,5.217835434835671,23577982.400920574,56.27680064311766,56.36043882877371,55.5715586408434,55.59015621743463,9252147.678734832,94.19019664772601,94.27099459643205,93.62113999183083,93.68854969927011,7468078.774342065,54.079963177282934,54.233070942412674,53.73449453927993,53.87298739914986,11553479.330209108,51.72267811990674,51.67868134690338,51.57697262730136,51.63365478867537,3029553.860269713,93.74492050115765,94.25969410529711,93.67302067458799,94.30713866857722,3535503.3560722833,11.330703942933216,11.575425725184566,11.121350519557856,11.205043305966623,22647833.241479024,26.263886106193098,26.467780008817382,26.05907207167357,26.311288325570505,14211644.87652641,107.20089159168383,107.17831082145902,106.18047787502326,106.24308967225136,32607577.658945296,70.85526724925577,72.24707723384202,70.10978744827938,70.35026150171242,2738096.6552578323,92.61983644155403,92.71345921793426,92.27504622122277,92.34898136831569,4188424.2056849217,136.3450210326034,139.38067988318085,135.17365746503745,136.32658258565135,2730630.6605141643,110.68807291102975,113.8111844274793,110.195552136976,113.09083874321594,7647687.275746811,45.48267839407543,46.286323483574066,43.80912090097618,43.80171179618461,10632235.038967246,129.0812712582998,133.31581713800898,128.553963169255,130.075598983691,2734596.338743571,54.380047197149835,56.4788661801208,52.627166065463484,52.35470559944417,1581095.9267219715,246.1832829889802,253.62796412544793,244.5757416727616,248.41251661538143,560720.6033622988,92.38765743477776,93.5195408927378,91.4155087827355,91.8289718705899,4404665.790448879,45.450726323654926,46.64220377042482,44.91058163806166,45.80526391470908,12174264.321646072,25.17876593191612,25.732935568686717,24.585585214399163,24.892824189081885,3417664.496791525,61.19812928598625,61.61025653767355,60.48984936668304,60.60491689179694,3199130.7941229935,168.54493228522523,170.71442092819632,167.81400271828244,170.23356815430276,9468664.563540058,107.84254671528501,110.13406325450939,107.63503400330494,109.94643825642925,1256819.8738452145,91.65911949993512,93.96683474417256,90.71325416129079,90.62781503064146,1331832.3903563556,67.02433077322878,67.47494524434119,66.86355283235845,66.82647554224295,5610017.026156753,81.94346793009787,81.98607327257601,81.85485325761829,81.8851840754067,3794428.715804052,39.92498833633366,40.63,39.61135754522366,40.07709257380942,14659279.490787301,30.72202033898648,30.923476194122156,30.130942703446905,30.219463352001057,21374209.447651334,32.806108273575504,32.79468645833644,32.67653657043279,32.62999670937368,7428930.886675028,26.939680029721448,26.998034565693658,26.621096346758577,26.71001364615232,4560031.306876936,49.57898349077997,50.19505480426255,49.45068126325388,50.031597139984,2802498.013505891,122.7491820912519,126.39315424264215,121.80269522911357,122.91437722100181,1720316.592047024,56.93590151629371,57.838028987951816,56.881292966458886,57.41750436656176,2299011.215672115,40.43633701310867,41.49444113967202,39.78142203785184,40.19789631817866,3646009.695671313,108.46322855844151,108.55506552781296,108.04194528757176,108.1952937497906,2235822.6105414927,181.72539521501218,187.43032714713712,180.44514199239399,187.03222702933118,1934242.266345556,23.509493146502937,23.83392292214022,23.245791749307468,23.766144920162734,3218094.549778683,9.427959771321934,9.548356217580606,9.278698395915477,9.278745669979932,32443389.416114453,80.23510067887025,80.20745147299996,79.69909448847311,79.83274102252038,7761824.523504215,77.6809728773661,77.67492059247023,77.45481996027172,77.45709623937589,4822478.087258852,51.008533881702476,51.18417096608267,50.85003459724367,51.11670823019994,14007954.43487896,58.513941913270735,58.54952660417289,58.25391498268694,58.30013743555259,3835828.767060314,70.7089222701295,70.86719653934293,70.45896199825835,70.81563817046948,5009829.32330099,56.712161730841274,56.80345330545463,56.00515230641643,56.15789075039238,2478533.7874040836,57.92467518517086,57.95681339576311,57.86913595370154,57.8816166706522,3598407.740896878,167.5354092846227,169.32106839236914,166.9794122766264,168.55453932659677,3123392.738645005,114.75692185064251,115.86981554160279,114.3211541943861,115.72797840996728,2115129.6806417615,45.24057301965888,45.33254140424019,44.8955932369395,45.00256463489093,8781853.862887414,62.27816908799981,62.40637753538342,62.07185405469453,62.23748655966631,4685719.48563498,125.51143913044166,126.87049734324964,125.10880206081305,126.35107807682887,1261600.5069101686,55.68795457557697,55.915090174298676,54.88854184617752,55.74295062896237,8220553.756290258,72.38574384397931,73.64882260585253,71.05007326307042,71.18945318762671,1687590.9720226093,84.45107677161967,85.47154136013367,83.91967922813792,84.60500410254302,5237508.933267513,86.49042329701437,88.06433294846595,85.92625921115676,86.79278120038236,17285610.41286267,107.67286276443346,109.92939964637425,106.63049677774423,107.54126048530132,17883394.651946895,37.82689501961756,38.072517935533654,37.36301276437752,37.79247261001752,6179138.536676225,45.06286322504835,45.49071732120715,42.86855500077931,42.74788487887477,4887367.5163742285
1921,115.21054895234295,116.29509023394546,114.78006767187348,116.1084374768899,3186491.7561206473,102.311766833384,104.3313039949362,100.82363095869152,101.32008545144295,2680542.940768958,97.84616523193121,97.89431084344781,97.3737975060062,97.43873586483079,8710824.230937038,6.634524447600946,6.734882453944728,6.156248333882639,6.170586881889856,21613950.267762788,71.97960214504093,73.84915758197857,70.65512076945691,72.72125480140916,2630950.073353091,471.03881845577723,482.49709240759796,468.92045958429605,480.8658404296772,550340.1305936205,15.061402120883885,15.408845009692879,15.04304102037346,15.350927263240088,23443268.1513159,41.4355793818292,42.59351957517443,41.210171218423206,42.061768333616094,7276201.419219051,48.1673815512898,48.16069802617653,48.03310575848874,48.01391951806188,4063676.828661643,72.41035401886712,72.44469161856951,72.05541747211456,72.20374859494338,6801355.410692069,31.856625111555463,32.064862757035094,31.67151419808255,31.789462195609524,10715583.32167707,77.2378973618729,77.26871987852766,77.09490501626297,77.12268807502498,2211328.1940586017,331.74447527985404,338.70283910613665,329.6824383238126,334.06560876876557,2507803.492279863,41.804426469851066,42.95407994367563,41.3045327720598,42.21808666650893,4640365.590088929,9.726909714807952,10.315925632044053,9.526399153120387,9.819911180367301,19627971.348041795,95.39412488273098,98.73332816983773,95.45678408828924,96.14674787855712,9739515.65118842,12.929174051371332,13.230282721212106,12.743665346629244,13.087428411554617,13569284.047814803,151.74845225479035,152.52745974004492,150.07261805466294,150.42432470994484,8990657.868179567,465.3485819289839,480.31652781246595,465.4137724065742,471.8240721997064,1440475.9688123611,33.51519622986103,34.25983994996126,33.12441461653288,34.14121409630824,9973472.737319356,43.80195012863774,43.91300511855554,43.48957032536255,43.55334345126281,26764502.396883573,82.24043165472435,82.40101055182444,81.94047009107572,82.28050054166208,16979085.520887814,89.80121761019004,89.78352521939857,89.61745853078874,89.71396441319267,6809975.046201636,41.91002280801591,42.257875103774,41.53622669687365,42.149607364024156,4223970.953287129,119.84050094015716,123.29951051177811,118.62957219992097,122.01659299340034,3881069.60774085,69.27571015992714,69.55660071826091,69.07380115205899,69.369495570865,4294951.353869992,49.67534483711906,49.81023880645512,49.35518049574347,49.69048112875321,2941333.966607573,55.29596369987918,55.59796623216275,55.17713539404964,55.309212476155906,3691184.789969642,24.8011590105278,24.88384120177011,24.354136182663957,24.361557248238753,22595648.222659424,37.42855252943676,38.72763508858468,36.607617593018915,36.45228730408399,15009404.265970703,149.6238041007916,152.813071101316,147.3036311626353,146.91093296378904,1021341.5330060052,36.56608575083566,36.73967675279403,36.03857173417446,36.081804485424215,56234807.0641579,53.79919450271613,54.392890958475256,52.43107149851138,52.860111515793996,5069600.090672596,42.97974651801302,43.64401518036177,42.12621409753396,42.10350263534227,20840053.278485086,275.1537107635706,275.49965871245837,271.6327558426087,271.6630595013992,9349776.605284946,,,,,,24.316821462860197,25.249256440892417,24.176027960470716,24.733583582785545,11136922.52826673,142.92051182639523,143.94255717987778,139.60068621746402,141.0779996623457,2041158.2219195687,5.755836171754818,5.508463930516447,5.5038274500671625,5.212985951035048,23577982.400920574,56.27680064311766,56.36043882877371,55.5715586408434,55.590156294316216,9252147.678734832,94.19019664772601,94.27099459643205,93.62113999183083,93.69250793137708,7468078.774342065,54.079963177282934,54.233070942412674,53.73449453927993,53.87298739914986,11553479.330209108,51.72267811990674,51.67868872363679,51.57697262730136,51.63365475611656,3029553.860269713,93.74492050115765,94.25969410529711,93.67302067458799,94.30713866857722,3535503.3560720207,11.330703942930082,11.575425725184566,11.121350519557856,11.205043305897457,22647833.24147904,26.263886106193098,26.467780008817382,26.05907207167357,26.311288325570505,14211644.876526412,107.20089159168383,107.17831082145902,106.18047787502326,106.24308967225136,32607577.658945296,70.85527637728799,72.24707723384202,70.10978744827938,70.3502615017124,2738096.655257871,92.61983644155403,92.71345921793426,92.27504622122277,92.34898136831569,4188424.2056849217,136.34502103267658,139.38067988318085,135.17365746503745,136.32658258565135,2730630.6605141643,110.68807291102975,113.81118374381929,110.195552136976,113.09083874321594,7647687.275747012,45.48267839407543,46.286323483574066,43.80912090097618,43.80171179618461,10632235.038967246,129.0813254709281,133.31581713800898,128.553963169255,130.1236030590003,2734596.338743571,54.380047164714156,56.4788661801208,52.627166065463484,52.35470559944417,1581095.9267219675,246.1832829889802,253.62796412544793,244.5757416727616,248.41251528983088,560720.603362299,92.38765743477776,93.5195408927378,91.4155087827355,91.8289718705899,4404665.790448879,45.450726323654926,46.64220377042482,44.91058163806166,45.80526391470908,12174264.321646072,25.17876522238301,25.732935522758442,24.58558150064723,24.89282418906212,3417664.496760961,61.19812928598625,61.610259143183555,60.489717888070466,60.60491689179694,3199130.7941230764,168.54493228522523,170.71442092819632,167.81400271828244,170.23356815430276,9468664.563540058,107.84254671528501,110.13406325450939,107.63503400330494,109.94643825642925,1256819.8738452143,91.66632976288268,93.96683474417256,90.71879089933542,90.62781503064146,1331832.390356315,67.02433077322878,67.47494524434119,66.8637648164275,66.82647554224295,5610017.026156563,81.94346793009787,81.98607327257601,81.85485325761829,81.8851840754067,3794428.715804052,39.92498833633366,40.63,39.61135754522366,40.07709257380942,14659279.490787301,30.722020338985466,30.923476194122156,30.130942703446905,30.2196983831505,21374209.436373103,32.806108273575504,32.79468645833644,32.67653657043279,32.62999670937368,7428930.886675028,26.939680029721448,26.998034565693658,26.621096346758577,26.71001364615232,4560031.306876936,49.57898349077997,50.19505480426255,49.45068126325388,50.031597139984,2802498.013505891,122.7491820912519,126.39315424264272,121.80269522911357,122.91437722100181,1720316.592047024,56.935900266504035,57.838028987951816,56.881292966458886,57.41750436656176,2299011.2156719775,40.43668690149412,41.49444113967174,39.78142203785184,40.19789631817866,3646009.695671028,108.46322855844151,108.55506552781296,108.041930292834,108.1952937497906,2235822.6105414927,181.72539521501218,187.43032714446366,180.44514199239399,187.03222702933118,1934242.266345556,23.509493146502937,23.83392292214022,23.245791749307447,23.766144920162734,3218094.549778683,9.428369199719494,9.548356217580606,9.278698395915477,9.278745669979932,32443389.416115317,80.23510067887025,80.20745147299996,79.69909448847311,79.83274102126018,7761824.523504214,77.6809728773661,77.67492058728087,77.45481996022167,77.45709623937589,4822478.087258852,51.008533881702476,51.184170966078135,50.85003459724367,51.11670823019994,14007954.43487896,58.513941913270735,58.54953371430834,58.25391498268694,58.297983184627874,3835828.767060313,70.7089222701295,70.8671965393427,70.45896199825835,70.81563817046948,5009829.32330106,56.712161730841274,56.80345330545463,56.00515230641643,56.15789075039238,2478533.7874040836,57.92467518517086,57.95681339576311,57.86913595370154,57.8816166706522,3598407.740896878,167.5354092846227,169.32106839236914,166.9794122766264,168.55453932659677,3123392.738645005,114.75692185064251,115.86981554160279,114.3211541943861,115.72797840996728,2115129.6806417615,45.24057301965888,45.33254140424019,44.8955932369395,45.00256463489093,8781853.863346452,62.27816908799981,62.4063775350256,62.07185405469453,62.23748655966631,4685719.48563498,125.51143913044166,126.87049734324964,125.10880206081305,126.35084392249588,1261600.5069101686,55.77593919793864,55.915090169511686,54.88854184617752,55.74295062896237,8220553.756290258,72.38574244866486,73.64882260585253,71.05007326307042,71.18945318762671,1687590.9720226093,84.45107677161967,85.47154136013367,83.91967922813792,84.60500410254302,5237508.926833403,86.49042329701437,88.06433294846595,85.92625921115676,86.79278120038236,17285610.41286505,107.67286276443346,109.92939964637425,106.63049612768184,107.54126048530132,17883394.651946895,37.82689501961756,38.072517935533654,37.36301276437752,37.79247261001752,6179138.536676225,45.06286322504835,45.49071732120715,42.86855500077931,42.747884878874764,4887367.5163742285
1922,115.21054895234295,116.29509023394546,114.78006767187348,116.1084374768899,3186491.7561206473,102.311766833384,104.3313039949362,100.82363095869152,101.32008545144295,2680542.9407689064,97.84616523193121,97.89431084344781,97.3737975060062,97.43873586483079,8710824.230937038,6.634524513422242,6.734882453944728,6.156248333882639,6.170586881889852,21613950.261324685,71.97960214504093,73.84915758197857,70.65512076945691,72.42644822548608,2630950.073353091,471.03881845577723,482.49709240759796,468.92045958429605,480.8658404296772,550340.1305936205,15.061402120883885,15.408845009692879,15.042399310972824,15.3509262127712,23443268.15131595,41.4355793818292,42.59351957517443,41.210171218423206,42.061768333616094,7276201.41921906,48.1673815512898,48.16069793623262,48.033105758398946,48.01391951806166,4063676.828661643,72.41035401886712,72.44469161856951,72.05541747211426,72.20374859494338,6801355.410692069,31.856625111555463,32.06486275702683,31.67151155008768,31.789462195609524,10715583.32167707,77.2378973618729,77.26871987852766,77.09490501626297,77.12268807502498,2211328.1940586017,331.7444663690306,338.7028387176722,329.6824383238126,334.27103286571855,2507803.4922798644,41.804426469851066,42.95407994367563,41.304532772062586,42.21808666650893,4640365.590088929,9.726909714807952,10.315819546587454,9.526399153120387,9.819911180367301,19627971.348041795,95.39412488273098,98.73332816983773,95.45678408828924,96.14674787855712,9739515.65118842,12.929174051371332,13.230282721212106,12.743665346629244,13.087428411554617,13569284.0478148,151.74845225479035,152.52745974004492,150.07261805466294,150.42432470994484,8990657.868179567,465.3485819289839,480.3165286261024,465.4137797199095,471.8240721997064,1440475.9688123611,33.51519622986103,34.25983994996126,33.12441461653288,34.14121409630824,9973472.737319356,43.80195012863774,43.91300511855554,43.48957032536255,43.55334345126281,26764502.396890584,82.24043165472435,82.4010105518213,81.94047009107572,82.28050054166208,16979085.520887814,89.80121761018997,89.7835252193943,89.61745853078874,89.71396441319247,6809975.046201621,41.91002280801591,42.25787510377411,41.536159631119524,42.149607364024156,4223970.953287129,119.84050094015716,123.29951051177811,118.62957219992097,122.01659299340034,3881069.60774085,69.27571015992714,69.55660071826091,69.07380115205899,69.369495570865,4294951.353870003,49.67598033011562,49.81023880645512,49.35518049574347,49.69048112875321,2941333.9666075734,55.29596369987918,55.59796623216275,55.17713539404964,55.309212476155906,3691184.789969642,24.801160556396816,24.88384120177011,24.35413626385011,24.361557248238753,22595648.222659424,37.42855252943676,38.71375383028341,36.607617593018915,36.45228730408399,15009404.265961265,149.6238041007916,152.813071101316,147.3036311626353,146.91093296378904,1021341.5330060052,36.56608575083566,36.73967675279403,36.03857173417446,36.081804485424215,56234807.06416849,53.79919407787362,54.3928906199573,52.43106995725858,52.860111498428495,5069600.090672596,42.97974648532914,43.64401518036177,42.12621409747623,42.103502634366755,20840053.278485086,275.1537107635706,275.49965871245837,271.6327558426087,271.6630590991201,9349776.605284946,,,,,,24.316821462860197,25.249256440892417,24.176027960470716,24.705513688020933,11136922.52826673,142.92051182639523,143.94255717987778,139.60068621746402,141.0779996623457,2041158.2219195687,5.755836171754818,5.502737090739256,5.5038274500671625,5.208166193643104,23577982.400920574,56.27680064311766,56.36043882877371,55.5715586408434,55.590156234500924,9252147.678734832,94.19019664772601,94.27099459643205,93.62113999183083,93.68864743658352,7468078.774342065,54.079963177282934,54.233070942412674,53.73449453927993,53.87298739914986,11553479.330209108,51.72267811990674,51.67868232029752,51.57697262730136,51.633654782039244,3029553.860269713,93.74492050115765,94.25969410529711,93.67302067458799,94.30713866857722,3535503.3560718694,11.330703942928043,11.575425725184566,11.121350519557856,11.20504330594583,22647833.241479047,26.263886106193098,26.467780008817382,26.05907207167357,26.311288325570505,14211644.876526412,107.20089159168383,107.17831082145902,106.18047787502326,106.24308967225136,32607577.658945296,70.85526842086429,72.24707723384202,70.10978744827938,70.35026150171241,2738096.6552578933,92.61983644155403,92.71345921793426,92.27504622122277,92.34898136831569,4188424.2056849217,136.3450210326281,139.38067988318085,135.17365746503745,136.32658258565135,2730630.6605141643,110.68807291102975,113.81118428693087,110.195552136976,113.09083874321594,7647687.275747134,45.48267839407543,46.286323483574066,43.80912090097618,43.80171179618461,10632235.038967246,129.08127916010164,133.31581713800898,128.553963169255,130.07624649031322,2734596.338743571,54.38004714086215,56.4788661801208,52.627166065463484,52.35470559944417,1581095.9267219654,246.1832829889802,253.62796412544793,244.5757416727616,248.41251422754453,560720.6033622992,92.38765743477776,93.5195408927378,91.4155087827355,91.8289718705899,4404665.790448879,45.450726323654926,46.64220377042482,44.91058163806166,45.80526391470908,12174264.321646072,25.17876465172446,25.73293548799244,24.58557841867299,24.892824189049247,3417664.4967416027,61.19812928598625,61.61025699192115,60.48983731456513,60.60491689179694,3199130.7941231243,168.54493228522523,170.71442092819632,167.81400271828244,170.23356815430276,9468664.563540058,107.84254671528501,110.13406325450939,107.63503400330494,109.94643825642925,1256819.8738452143,91.65939033387531,93.96683474417256,90.71355712478987,90.62781503064146,1331832.390356292,67.02433077322878,67.47494524434119,66.86357637742393,66.82647554224295,5610017.026156455,81.94346793009787,81.98607327257601,81.85485325761829,81.8851840754067,3794428.715804052,39.92498833633366,40.63,39.61135754522366,40.07709257380942,14659279.490787301,30.722020338986102,30.923476194122156,30.130942703446905,30.219485179617678,21374209.42862436,32.806108273575504,32.79468645833644,32.67653657043279,32.62999670937368,7428930.886675028,26.939680029721448,26.998034565693658,26.621096346758577,26.71001364615232,4560031.306876936,49.57898349077997,50.19505480426255,49.45068126325388,50.031597139984,2802498.013505891,122.7491820912519,126.39315424264238,121.80269522911357,122.91437722100181,1720316.592047024,56.935901284600554,57.838028987951816,56.881292966458886,57.41750436656176,2299011.215671899,40.436370331793135,41.49444113967158,39.78142203785184,40.19789631817866,3646009.6956708613,108.46322855844151,108.55506552781296,108.04191695727874,108.1952937497906,2235822.6105414927,181.72539521501218,187.4303271463652,180.44514199239399,187.03222702933118,1934242.266345556,23.509493146502937,23.83392292214022,23.245791749307458,23.766144920162734,3218094.549778683,9.427987541588088,9.548356217580606,9.278698395915477,9.278745669979932,32443389.416115813,80.23510067887025,80.20745147299996,79.69909448847311,79.83274102035443,7761824.523504214,77.6809728773661,77.67492059126708,77.45481996018748,77.45709623937589,4822478.087258852,51.008533881702476,51.18417096607517,50.85003459724367,51.11670823019994,14007954.43487896,58.513941913270735,58.54952754542266,58.25391498268694,58.300117737370385,3835828.7670603124,70.7089222701295,70.86719653934257,70.45896199825835,70.81563817046948,5009829.323301101,56.712161730841274,56.80345330545463,56.00515230641643,56.15789075039238,2478533.7874040836,57.92467518517086,57.95681339576311,57.86913595370154,57.8816166706522,3598407.740896878,167.5354092846227,169.32106839236914,166.9794122766264,168.55453932659677,3123392.738645005,114.75692185064251,115.86981554160279,114.3211541943861,115.72797840996728,2115129.6806417615,45.24057301965888,45.33254140424019,44.8955932369395,45.00256463489093,8781853.863657804,62.27816908799981,62.406377534770684,62.07185405469453,62.23748655966631,4685719.48563498,125.51143913044166,126.87049734324964,125.10880206081305,126.35106838729264,1261600.5069101686,55.68823493916938,55.915090172994205,54.88854184617752,55.74295062896237,8220553.756290258,72.3857435812266,73.64882260585253,71.05007326307042,71.18945318762671,1687590.9720226093,84.45107677161967,85.47154136013367,83.91967922813792,84.60500410254302,5237508.9220406,86.49042329701437,88.06433294846595,85.92625921115676,86.79278120038236,17285610.412866484,107.67286276443346,109.92939964637425,106.63049665943656,107.54126048530132,17883394.651946895,37.82689501961756,38.072517935533654,37.36301276437752,37.79247261001752,6179138.536676225,45.06286322504835,45.49071732120715,42.86855500077931,42.74788487887476,4887367.5163742285
1923,115.21054895234295,116.29509023394546,114.78006767187348,116.1084374768899,3186491.7561206473,102.311766833384,104.3313039949362,100.82363095869152,101.32008545144295,2680542.9407688766,97.84616523193121,97.89431084344781,97.3737975060062,97.43873586483079,8710824.230937038,6.6345244627782165,6.734882453944728,6.156248333882639,6.170586881889855,21613950.256895717,71.97960214504093,73.84915758197857,70.65512076945691,72.71654381847414,2630950.073353091,471.03881845577723,482.49709240759796,468.92045958429605,480.8658404296772,550340.1305936205,15.061402120883885,15.408845009692879,15.042998367823872,15.350927126210147,23443268.151315976,41.4355793818292,42.59351957517443,41.210171218423206,42.061768333616094,7276201.419219065,48.1673815512898,48.16069786349229,48.03310575833459,48.01391951806152,4063676.828661643,72.41035401886712,72.44469161856951,72.05541747211444,72.20374859494338,6801355.410692069,31.856625111555463,32.06486275703244,31.671513775895995,31.789462195609524,10715583.32167707,77.2378973618729,77.26871987852766,77.09490501626297,77.12268807502498,2211328.1940586017,331.74447391811583,338.7028390231037,329.6824383238126,334.0690055958494,2507803.4922798653,41.804426469851066,42.95407994367563,41.304532772060846,42.21808666650893,4640365.590088929,9.726909714807952,10.315915830900284,9.526399153120387,9.819911180367301,19627971.348041795,95.39412488273098,98.73332816983773,95.45678408828924,96.14674787855712,9739515.65118842,12.929174051371332,13.230282721212106,12.743665346629244,13.087428411554617,13569284.047814798,151.74845225479035,152.52745974004492,150.07261805466294,150.42432470994484,8990657.868179567,465.3485819289839,480.31652926582507,465.4137857568331,471.8240721997064,1440475.9688123611,33.51519622986103,34.25983994996126,33.12441461653288,34.14121409630824,9973472.737319356,43.80195012863774,43.91300511855554,43.48957032536255,43.55334345126281,26764502.39689481,82.24043165472435,82.40101055181927,81.94047009107572,82.28050054166208,16979085.520887814,89.80121761018992,89.78352521939154,89.61745853078874,89.71396441319236,6809975.046201613,41.91002280801591,42.25787510377404,41.53621839376134,42.149607364024156,4223970.953287129,119.84050094015716,123.29951051177811,118.62957219992097,122.01659299340034,3881069.60774085,69.27571015992714,69.55660071826091,69.07380115205899,69.369495570865,4294951.353870008,49.67539319869045,49.81023880645512,49.35518049574347,49.69048112875321,2941333.966607574,55.29596369987918,55.59796623216275,55.17713539404964,55.309212476155906,3691184.789969642,24.801161878164155,24.88384120177011,24.354136332383003,24.361557248238753,22595648.222659424,37.42855252943676,38.7270521138385,36.607617593018915,36.45228730408399,15009404.265955461,149.6238041007916,152.813071101316,147.3036311626353,146.91093296378904,1021341.5330060052,36.56608575083566,36.73967675279403,36.03857173417446,36.081804485424215,56234807.06417483,53.79919374363009,54.39289035412446,52.431068712438915,52.860111511552496,5069600.090672596,42.979746460387204,43.64401518036177,42.12621409751492,42.103502635079614,20840053.278485086,275.1537107635706,275.49965871245837,271.6327558426087,271.6630594143116,9349776.605284946,,,,,,24.316821462860197,25.249256440892417,24.176027960470716,24.733197370161783,11136922.52826673,142.92051182639523,143.94255717987778,139.60068621746402,141.0779996623457,2041158.2219195687,5.755836171754818,5.497043797710395,5.5038274500671625,5.203375980442636,23577982.400920574,56.27680064311766,56.36043882877371,55.5715586408434,55.590156281038325,9252147.678734832,94.19019664772601,94.27099459643205,93.62113999183083,93.69241260740937,7468078.774342065,54.079963177282934,54.233070942412674,53.73449453927993,53.87298739914986,11553479.330209108,51.72267811990674,51.67868787868651,51.57697262730136,51.633654761400116,3029553.860269713,93.74492050115765,94.25969410529711,93.67302067458799,94.30713866857722,3535503.3560717823,11.330703942926718,11.575425725184566,11.121350519557856,11.205043305911998,22647833.24147905,26.263886106193098,26.467780008817382,26.05907207167357,26.311288325570505,14211644.876526412,107.20089159168383,107.17831082145902,106.18047787502326,106.24308967225136,32607577.658945296,70.85527535605871,72.24707723384202,70.10978744827938,70.3502615017124,2738096.6552579063,92.61983644155403,92.71345921793426,92.27504622122277,92.34898136831569,4188424.2056849217,136.3450210326602,139.38067988318085,135.17365746503745,136.32658258565135,2730630.6605141643,110.68807291102975,113.81118385547343,110.195552136976,113.09083874321594,7647687.275747208,45.48267839407543,46.286323483574066,43.80912090097618,43.80171179618461,10632235.038967246,129.08131872085926,133.31581713800898,128.553963169255,130.1229642863204,2734596.338743571,54.38004712332227,56.4788661801208,52.627166065463484,52.35470559944417,1581095.9267219643,246.1832829889802,253.62796412544793,244.5757416727616,248.41251337623615,560720.6033622993,92.38765743477776,93.5195408927378,91.4155087827355,91.8289718705899,4404665.790448879,45.450726323654926,46.64220377042482,44.91058163806166,45.80526391470908,12174264.321646072,25.178764192759015,25.73293546167586,24.585575860999406,24.892824189040855,3417664.4967293413,61.19812928598625,61.61025876813,60.489728835418994,60.60491689179694,3199130.7941231523,168.54493228522523,170.71442092819632,167.81400271828244,170.23356815430276,9468664.563540058,107.84254671528501,110.13406325450939,107.63503400330494,109.94643825642925,1256819.8738452143,91.66606910208372,93.96683474417256,90.71850451362656,90.62781503064146,1331832.390356279,67.02433077322878,67.47494524434119,66.86374388651188,66.82647554224295,5610017.026156394,81.94346793009787,81.98607327257601,81.85485325761829,81.8851840754067,3794428.715804052,39.92498833633366,40.63,39.61135754522366,40.07709257380942,14659279.490787301,30.7220203389857,30.923476194122156,30.130942703446905,30.21967858269006,21374209.423300564,32.806108273575504,32.79468645833644,32.67653657043279,32.62999670937368,7428930.886675028,26.939680029721448,26.998034565693658,26.621096346758577,26.71001364615232,4560031.306876936,49.57898349077997,50.19505480426255,49.45068126325388,50.031597139984,2802498.013505891,122.7491820912519,126.3931542426426,121.80269522911357,122.91437722100181,1720316.592047024,56.93590045524459,57.838028987951816,56.881292966458886,57.41750436656176,2299011.2156718536,40.43665675563499,41.49444113967148,39.78142203785184,40.19789631817866,3646009.695670764,108.46322855844151,108.55506552781296,108.04190509731582,108.1952937497906,2235822.6105414927,181.72539521501218,187.43032714501274,180.44514199239399,187.03222702933118,1934242.266345556,23.509493146502937,23.83392292214022,23.24579174930745,23.766144920162734,3218094.549778683,9.428343313024895,9.548356217580606,9.278698395915477,9.278745669979932,32443389.416116096,80.23510067887025,80.20745147299996,79.69909448847311,79.83274101970346,7761824.523504214,77.6809728773661,77.67492058820505,77.45481996016413,77.45709623937589,4822478.087258852,51.008533881702476,51.18417096607324,50.85003459724367,51.11670823019994,14007954.43487896,58.513941913270735,58.54953289766254,58.25391498268694,58.29800270269254,3835828.767060312,70.7089222701295,70.86719653934249,70.45896199825835,70.81563817046948,5009829.323301124,56.712161730841274,56.80345330545463,56.00515230641643,56.15789075039238,2478533.7874040836,57.92467518517086,57.95681339576311,57.86913595370154,57.8816166706522,3598407.740896878,167.5354092846227,169.32106839236914,166.9794122766264,168.55453932659677,3123392.738645005,114.75692185064251,115.86981554160279,114.3211541943861,115.72797840996728,2115129.6806417615,45.24057301965888,45.33254140424019,44.8955932369395,45.00256463489093,8781853.863868985,62.27816908799981,62.40637753458908,62.07185405469453,62.23748655966631,4685719.48563498,125.51143913044166,126.87049734324964,125.10880206081305,126.35085321106959,1261600.5069101686,55.77565972772671,55.91509017046069,54.88854184617752,55.74295062896237,8220553.756290258,72.38574266193841,73.64882260585253,71.05007326307042,71.18945318762671,1687590.9720226093,84.45107677161967,85.47154136013367,83.91967922813792,84.60500410254302,5237508.918470415,86.49042329701437,88.06433294846595,85.92625921115676,86.79278120038236,17285610.41286735,107.67286276443346,109.92939964637425,106.63049622445818,107.54126048530132,17883394.651946895,37.82689501961756,38.072517935533654,37.36301276437752,37.79247261001752,6179138.536676225,45.06286322504835,45.49071732120715,42.86855500077931,42.74788487887476,4887367.5163742285
1924,115.21054895234295,116.29509023394546,114.78006767187348,116.1084374768899,3186491.7561206473,102.311766833384,104.3313039949362,100.82363095869152,101.32008545144295,2680542.9407688593,97.84616523193121,97.89431084344781,97.3737975060062,97.43873586483079,8710824.230937038,6.6345245017445915,6.734882453944728,6.156248333882639,6.170586881889853,21613950.253848895,71.97960214504093,73.84915758197857,70.65512076945691,72.43108392733166,2630950.073353091,471.03881845577723,482.49709240759796,468.92045958429605,480.8658404296772,550340.1305936205,15.061402120883885,15.408845009692879,15.042439128532019,15.350926331926072,23443268.15131599,41.4355793818292,42.59351957517443,41.210171218423206,42.061768333616094,7276201.419219068,48.1673815512898,48.160697804665006,48.033105758288464,48.013919518061435,4063676.828661643,72.41035401886712,72.44469161856951,72.05541747211433,72.20374859494338,6801355.410692069,31.856625111555463,32.064862757028635,31.67151190496236,31.789462195609524,10715583.32167707,77.2378973618729,77.26871987852766,77.09490501626297,77.12268807502498,2211328.1940586017,331.7444675226701,338.70283878295714,329.6824383238126,334.2676922074796,2507803.492279866,41.804426469851066,42.95407994367563,41.30453277206193,42.21808666650893,4640365.590088929,9.726909714807952,10.31582844221201,9.526399153120387,9.819911180367301,19627971.348041795,95.39412488273098,98.73332816983773,95.45678408828924,96.14674787855712,9739515.65118842,12.929174051371332,13.230282721212106,12.743665346629244,13.087428411554617,13569284.047814798,151.74845225479035,152.52745974004492,150.07261805466294,150.42432470994484,8990657.868179567,465.3485819289839,480.3165297688078,465.4137907401198,471.8240721997064,1440475.9688123611,33.51519622986103,34.25983994996126,33.12441461653288,34.14121409630824,9973472.737319356,43.80195012863774,43.91300511855554,43.48957032536255,43.55334345126281,26764502.396897357,82.24043165472435,82.40101055181795,81.94047009107572,82.28050054166208,16979085.520887814,89.8012176101899,89.78352521938973,89.61745853078874,89.71396441319229,6809975.046201608,41.91002280801591,42.25787510377408,41.536166906260476,42.149607364024156,4223970.953287129,119.84050094015716,123.29951051177811,118.62957219992097,122.01659299340034,3881069.60774085,69.27571015992714,69.55660071826091,69.07380115205899,69.369495570865,4294951.353870011,49.675935648902,49.81023880645512,49.35518049574347,49.69048112875321,2941333.966607574,55.29596369987918,55.59796623216275,55.17713539404964,55.309212476155906,3691184.789969642,24.80116300831741,24.88384120177011,24.354136390234714,24.361557248238753,22595648.222659424,37.42855252943676,38.71431232169045,36.607617593018915,36.45228730408399,15009404.265951892,149.6238041007916,152.813071101316,147.3036311626353,146.91093296378904,1021341.5330060052,36.56608575083566,36.73967675279403,36.03857173417446,36.081804485424215,56234807.06417862,53.799193480665025,54.3928901453701,52.431067707038636,52.86011150163401,5069600.090672596,42.979746441353356,43.64401518036177,42.12621409748899,42.10350263455869,20840053.278485086,275.1537107635706,275.49965871245837,271.6327558426087,271.6630591673545,9349776.605284946,,,,,,24.316821462860197,25.249256440892417,24.176027960470716,24.705894586759772,11136922.52826673,142.92051182639523,143.94255717987778,139.60068621746402,141.0779996623457,2041158.2219195687,5.755836171754818,5.491383854919334,5.5038274500671625,5.198615130333398,23577982.400920574,56.27680064311766,56.36043882877371,55.5715586408434,55.59015624483136,9252147.678734832,94.19019664772601,94.27099459643205,93.62113999183083,93.68874040679627,7468078.774342065,54.079963177282934,54.233070942412674,53.73449453927993,53.87298739914986,11553479.330209108,51.72267811990674,51.67868305375269,51.57697262730136,51.633654777832575,3029553.860269713,93.74492050115765,94.25969410529711,93.67302067458799,94.30713866857722,3535503.356071732,11.330703942925854,11.575425725184566,11.121350519557856,11.20504330593566,22647833.241479054,26.263886106193098,26.467780008817382,26.05907207167357,26.311288325570505,14211644.876526412,107.20089159168383,107.17831082145902,106.18047787502326,106.24308967225136,32607577.658945296,70.85526931101593,72.24707723384202,70.10978744827938,70.3502615017124,2738096.6552579137,92.61983644155403,92.71345921793426,92.27504622122277,92.34898136831569,4188424.2056849217,136.34502103263895,139.38067988318085,135.17365746503745,136.32658258565135,2730630.6605141643,110.68807291102975,113.81118419823083,110.195552136976,113.09083874321594,7647687.275747253,45.48267839407543,46.286323483574066,43.80912090097618,43.80171179618461,10632235.038967246,129.0812849263092,133.31581713800898,128.553963169255,130.0768766468592,2734596.338743571,54.38004711042409,56.4788661801208,52.627166065463484,52.35470559944417,1581095.9267219636,246.1832829889802,253.62796412544793,244.5757416727616,248.41251269400394,560720.6033622993,92.38765743477776,93.5195408927378,91.4155087827355,91.8289718705899,4404665.790448879,45.450726323654926,46.64220377042482,44.91058163806166,45.80526391470908,12174264.321646072,25.178763823625353,25.73293544175519,24.585573738433265,24.892824189035387,3417664.4967215755,61.19812928598625,61.61025730158744,60.489827370716206,60.60491689179694,3199130.7941231686,168.54493228522523,170.71442092819632,167.81400271828244,170.23356815430276,9468664.563540058,107.84254671528501,110.13406325450939,107.63503400330494,109.94643825642925,1256819.8738452143,91.65964120365948,93.96683474417256,90.71382783982482,90.62781503064146,1331832.3903562715,67.02433077322878,67.47494524434119,66.86359498265432,66.82647554224295,5610017.026156358,81.94346793009787,81.98607327257601,81.85485325761829,81.8851840754067,3794428.715804052,39.92498833633366,40.63,39.61135754522366,40.07709257380942,14659279.490787301,30.722020338985953,30.923476194122156,30.130942703446905,30.219503141186294,21374209.419642832,32.806108273575504,32.79468645833644,32.67653657043279,32.62999670937368,7428930.886675028,26.939680029721448,26.998034565693658,26.621096346758577,26.71001364615232,4560031.306876936,49.57898349077997,50.19505480426255,49.45068126325388,50.031597139984,2802498.013505891,122.7491820912519,126.39315424264247,121.80269522911357,122.91437722100181,1720316.592047024,56.93590113084981,57.838028987951816,56.881292966458886,57.41750436656176,2299011.2156718276,40.43639760696433,41.49444113967142,39.78142203785184,40.19789631817866,3646009.695670707,108.46322855844151,108.55506552781296,108.04189454966948,108.1952937497906,2235822.6105414927,181.72539521501218,187.43032714597467,180.44514199239399,187.03222702933118,1934242.266345556,23.509493146502937,23.83392292214022,23.245791749307454,23.766144920162734,3218094.549778683,9.42801167246799,9.548356217580606,9.278698395915477,9.278745669979932,32443389.41611626,80.23510067887025,80.20745147299996,79.69909448847311,79.83274101923558,7761824.523504214,77.6809728773661,77.67492059055715,77.45481996014819,77.45709623937589,4822478.087258852,51.008533881702476,51.184170966071974,50.85003459724367,51.11670823019994,14007954.43487896,58.513941913270735,58.549528253959735,58.25391498268694,58.30009839777629,3835828.767060312,70.7089222701295,70.86719653934244,70.45896199825835,70.81563817046948,5009829.323301138,56.712161730841274,56.80345330545463,56.00515230641643,56.15789075039238,2478533.7874040836,57.92467518517086,57.95681339576311,57.86913595370154,57.8816166706522,3598407.740896878,167.5354092846227,169.32106839236914,166.9794122766264,168.55453932659677,3123392.738645005,114.75692185064251,115.86981554160279,114.3211541943861,115.72797840996728,2115129.6806417615,45.24057301965888,45.33254140424019,44.8955932369395,45.00256463489093,8781853.864012223,62.27816908799981,62.40637753445971,62.07185405469453,62.23748655966631,4685719.48563498,125.51143913044166,126.87049734324964,125.10880206081305,126.35105948308923,1261600.5069101686,55.688513518847586,55.915090172303806,54.88854184617752,55.74295062896237,8220553.756290258,72.38574340811476,73.64882260585253,71.05007326307042,71.18945318762671,1687590.9720226093,84.45107677161967,85.47154136013367,83.91967922813792,84.60500410254302,5237508.915810965,86.49042329701437,88.06433294846595,85.92625921115676,86.79278120038236,17285610.41286787,107.67286276443346,109.92939964637425,106.63049658027296,107.54126048530132,17883394.651946895,37.82689501961756,38.072517935533654,37.36301276437752,37.79247261001752,6179138.536676225,45.06286322504835,45.49071732120715,42.86855500077931,42.74788487887476,4887367.5163742285
1925,115.21054895234295,116.29509023394546,114.78006767187348,116.1084374768899,3186491.7561206473,102.311766833384,104.3313039949362,100.82363095869152,101.32008545144295,2680542.9407688496,97.84616523193121,97.89431084344781,97.3737975060062,97.43873586483079,8710824.230937038,6.634524471763199,6.734882453944728,6.156248333882639,6.170586881889854,21613950.251752894,71.97960214504093,73.84915758197857,70.65512076945691,72.7119821947329,2630950.073353091,471.03881845577723,482.49709240759796,468.92045958429605,480.8658404296772,550340.1305936205,15.061402120883885,15.408845009692879,15.042961196821539,15.350927022598604,23443268.151316,41.4355793818292,42.59351957517443,41.210171218423206,42.061768333616094,7276201.41921907,48.1673815512898,48.160697757089615,48.0331057582554,48.01391951806138,4063676.828661643,72.41035401886712,72.44469161856951,72.0554174721144,72.20374859494338,6801355.410692069,31.856625111555463,32.064862757031214,31.671513477601223,31.789462195609524,10715583.32167707,77.2378973618729,77.26871987852766,77.09490501626297,77.12268807502498,2211328.1940586017,331.74447294077373,338.7028389717732,329.6824383238126,334.07229101403345,2507803.4922798662,41.804426469851066,42.95407994367563,41.30453277206125,42.21808666650893,4640365.590088929,9.726909714807952,10.315907757134804,9.526399153120387,9.819911180367301,19627971.348041795,95.39412488273098,98.73332816983773,95.45678408828924,96.14674787855712,9739515.65118842,12.929174051371332,13.230282721212106,12.743665346629244,13.087428411554617,13569284.047814798,151.74845225479035,152.52745974004492,150.07261805466294,150.42432470994484,8990657.868179567,465.3485819289839,480.3165301642786,465.4137948536631,471.8240721997064,1440475.9688123611,33.51519622986103,34.25983994996126,33.12441461653288,34.14121409630824,9973472.737319356,43.80195012863774,43.91300511855554,43.48957032536255,43.55334345126281,26764502.39689889,82.24043165472435,82.4010105518171,81.94047009107572,82.28050054166208,16979085.520887814,89.80121761018988,89.78352521938855,89.61745853078874,89.71396441319224,6809975.046201605,41.91002280801591,42.257875103774055,41.53621201932318,42.149607364024156,4223970.953287129,119.84050094015716,123.29951051177811,118.62957219992097,122.01659299340034,3881069.60774085,69.27571015992714,69.55660071826091,69.07380115205899,69.369495570865,4294951.353870013,49.67543447962474,49.81023880645512,49.35518049574347,49.69048112875321,2941333.966607574,55.29596369987918,55.59796623216275,55.17713539404964,55.309212476155906,3691184.789969642,24.80116397463451,24.88384120177011,24.354136439069954,24.361557248238753,22595648.222659424,37.42855252943676,38.726517077537565,36.607617593018915,36.45228730408399,15009404.265949698,149.6238041007916,152.813071101316,147.3036311626353,146.91093296378904,1021341.5330060052,36.56608575083566,36.73967675279403,36.03857173417446,36.081804485424215,56234807.064180896,53.799193273778066,54.39288998143858,52.43106689500959,52.86011150912992,5069600.090672596,42.97974642682813,43.64401518036177,42.12621409750637,42.10350263493935,20840053.278485086,275.1537107635706,275.49965871245837,271.6327558426087,271.66305936084893,9349776.605284946,,,,,,24.316821462860197,25.249256440892417,24.176027960470716,24.732821712194333,11136922.52826673,142.92051182639523,143.94255717987778,139.60068621746402,141.0779996623457,2041158.2219195687,5.755836171754818,5.485757067006665,5.5038274500671625,5.193883463325252,23577982.400920574,56.27680064311766,56.36043882877371,55.5715586408434,55.59015627300105,9252147.678734832,94.19019664772601,94.27099459643205,93.62113999183083,93.6923219328323,7468078.774342065,54.079963177282934,54.233070942412674,53.73449453927993,53.87298739914986,11553479.330209108,51.72267811990674,51.67868724201415,51.57697262730136,51.63365476474937,3029553.860269713,93.74492050115765,94.25969410529711,93.67302067458799,94.30713866857722,3535503.356071703,11.330703942925293,11.575425725184566,11.121350519557856,11.205043305919112,22647833.241479054,26.263886106193098,26.467780008817382,26.05907207167357,26.311288325570505,14211644.876526412,107.20089159168383,107.17831082145902,106.18047787502326,106.24308967225136,32607577.658945296,70.85527458016053,72.24707723384202,70.10978744827938,70.3502615017124,2738096.6552579184,92.61983644155403,92.71345921793426,92.27504622122277,92.34898136831569,4188424.2056849217,136.34502103265305,139.38067988318085,135.17365746503745,136.32658258565135,2730630.6605141643,110.68807291102975,113.8111839259383,110.195552136976,113.09083874321594,7647687.27574728,45.48267839407543,46.286323483574066,43.80912090097618,43.80171179618461,10632235.038967246,129.08131379510957,133.31581713800898,128.553963169255,130.12234262968897,2734596.338743571,54.38004710093924,56.4788661801208,52.627166065463484,52.35470559944417,1581095.9267219633,246.1832829889802,253.62796412544793,244.5757416727616,248.41251214726813,560720.6033622993,92.38765743477776,93.5195408927378,91.4155087827355,91.8289718705899,4404665.790448879,45.450726323654926,46.64220377042482,44.91058163806166,45.80526391470908,12174264.321646072,25.178763526740997,25.732935426675976,24.58557197695477,24.892824189031824,3417664.4967166567,61.19812928598625,61.61025851245129,60.48973786775511,60.60491689179694,3199130.794123178,168.54493228522523,170.71442092819632,167.81400271828244,170.23356815430276,9468664.563540058,107.84254671528501,110.13406325450939,107.63503400330494,109.94643825642925,1256819.8738452143,91.66582765554148,93.96683474417256,90.71824861178551,90.62781503064146,1331832.3903562673,67.02433077322878,67.47494524434119,66.86372734776398,66.82647554224295,5610017.026156339,81.94346793009787,81.98607327257601,81.85485325761829,81.8851840754067,3794428.715804052,39.92498833633366,40.63,39.61135754522366,40.07709257380942,14659279.490787301,30.722020338985793,30.923476194122156,30.130942703446905,30.21966228923325,21374209.417129777,32.806108273575504,32.79468645833644,32.67653657043279,32.62999670937368,7428930.886675028,26.939680029721448,26.998034565693658,26.621096346758577,26.71001364615232,4560031.306876936,49.57898349077997,50.19505480426255,49.45068126325388,50.031597139984,2802498.013505891,122.7491820912519,126.39315424264255,121.80269522911357,122.91437722100181,1720316.592047024,56.93590058049215,57.838028987951816,56.881292966458886,57.41750436656176,2299011.2156718126,40.436632077785866,41.49444113967139,39.78142203785184,40.19789631817866,3646009.695670674,108.46322855844151,108.55506552781296,108.0418851691306,108.1952937497906,2235822.6105414927,181.72539521501218,187.43032714529048,180.44514199239399,187.03222702933118,1934242.266345556,23.509493146502937,23.83392292214022,23.24579174930745,23.766144920162734,3218094.549778683,9.428320818868194,9.548356217580606,9.278698395915477,9.278745669979932,32443389.416116353,80.23510067887025,80.20745147299996,79.69909448847311,79.83274101889931,7761824.523504214,77.6809728773661,77.67492058875038,77.4548199601373,77.45709623937589,4822478.087258852,51.008533881702476,51.18417096607115,50.85003459724367,51.11670823019994,14007954.43487896,58.513941913270735,58.549532282922605,58.25391498268694,58.29802186544798,3835828.767060312,70.7089222701295,70.86719653934242,70.45896199825835,70.81563817046948,5009829.323301147,56.712161730841274,56.80345330545463,56.00515230641643,56.15789075039238,2478533.7874040836,57.92467518517086,57.95681339576311,57.86913595370154,57.8816166706522,3598407.740896878,167.5354092846227,169.32106839236914,166.9794122766264,168.55453932659677,3123392.738645005,114.75692185064251,115.86981554160279,114.3211541943861,115.72797840996728,2115129.6806417615,45.24057301965888,45.33254140424019,44.8955932369395,45.00256463489093,8781853.864109376,62.27816908799981,62.406377534367536,62.07185405469453,62.23748655966631,4685719.48563498,125.51143913044166,126.87049734324964,125.10880206081305,126.35086174680832,1261600.5069101686,55.77538203574452,55.91509017096294,54.88854184617752,55.74295062896237,8220553.756290258,72.38574280245145,73.64882260585253,71.05007326307042,71.18945318762671,1687590.9720226093,84.45107677161967,85.47154136013367,83.91967922813792,84.60500410254302,5237508.9138299255,86.49042329701437,88.06433294846595,85.92625921115676,86.79278120038236,17285610.412868183,107.67286276443346,109.92939964637425,106.63049628921445,107.54126048530132,17883394.651946895,37.82689501961756,38.072517935533654,37.36301276437752,37.79247261001752,6179138.536676225,45.06286322504835,45.49071732120715,42.86855500077931,42.74788487887476,4887367.5163742285
1926,115.21054895234295,116.29509023394546,114.78006767187348,116.1084374768899,3186491.7561206473,102.311766833384,104.3313039949362,100.82363095869152,101.32008545144295,2680542.940768844,97.84616523193121,97.89431084344781,97.3737975060062,97.43873586483079,8710824.230937038,6.634524494831393,6.734882453944728,6.156248333882639,6.170586881889853,21613950.25031099,71.97960214504093,73.84915758197857,70.65512076945691,72.43557265673012,2630950.073353091,471.03881845577723,482.49709240759796,468.92045958429605,480.8658404296772,550340.1305936205,15.061402120883885,15.408845009692879,15.042473828886392,15.350926422021855,23443268.151316002,41.4355793818292,42.59351957517443,41.210171218423206,42.061768333616094,7276201.419219071,48.1673815512898,48.160697718613974,48.033105758231706,48.01391951806134,4063676.828661643,72.41035401886712,72.44469161856951,72.05541747211436,72.20374859494338,6801355.410692069,31.856625111555463,32.064862757029466,31.671512155698114,31.789462195609524,10715583.32167707,77.2378973618729,77.26871987852766,77.09490501626297,77.12268807502498,2211328.1940586017,331.7444683506563,338.7028388233159,329.6824383238126,334.26446111591855,2507803.4922798662,41.804426469851066,42.95407994367563,41.30453277206168,42.21808666650893,4640365.590088929,9.726909714807952,10.315835770049269,9.526399153120387,9.819911180367301,19627971.348041795,95.39412488273098,98.73332816983773,95.45678408828924,96.14674787855712,9739515.65118842,12.929174051371332,13.230282721212106,12.743665346629244,13.087428411554617,13569284.047814798,151.74845225479035,152.52745974004492,150.07261805466294,150.42432470994484,8990657.868179567,465.3485819289839,480.31653047521803,465.41379824926105,471.8240721997064,1440475.9688123611,33.51519622986103,34.25983994996126,33.12441461653288,34.14121409630824,9973472.737319356,43.80195012863774,43.91300511855554,43.48957032536255,43.55334345126281,26764502.396899816,82.24043165472435,82.40101055181654,81.94047009107572,82.28050054166208,16979085.520887814,89.80121761018987,89.78352521938778,89.61745853078874,89.71396441319222,6809975.046201604,41.91002280801591,42.25787510377407,41.536172491507834,42.149607364024156,4223970.953287129,119.84050094015716,123.29951051177811,118.62957219992097,122.01659299340034,3881069.60774085,69.27571015992714,69.55660071826091,69.07380115205899,69.369495570865,4294951.353870014,49.67589750948282,49.81023880645512,49.35518049574347,49.69048112875321,2941333.966607574,55.29596369987918,55.59796623216275,55.17713539404964,55.309212476155906,3691184.789969642,24.801164800866466,24.88384120177011,24.35413648029398,24.361557248238753,22595648.222659424,37.42855252943676,38.71482488793536,36.607617593018915,36.45228730408399,15009404.265948348,149.6238041007916,152.813071101316,147.3036311626353,146.91093296378904,1021341.5330060052,36.56608575083566,36.73967675279403,36.03857173417446,36.081804485424215,56234807.06418225,53.79919311101039,54.39288985270573,52.431066239160195,52.86011150346488,5069600.090672596,42.97974641574355,43.64401518036177,42.126214097494724,42.10350263466118,20840053.278485086,275.1537107635706,275.49965871245837,271.6327558426087,271.6630592092433,9349776.605284946,,,,,,24.316821462860197,25.249256440892417,24.176027960470716,24.70626507606341,11136922.52826673,142.92051182639523,143.94255717987778,139.60068621746402,141.0779996623457,2041158.2219195687,5.755836171754818,5.480163239757355,5.5038274500671625,5.1891808005313695,23577982.400920574,56.27680064311766,56.36043882877371,55.5715586408434,55.590156251084515,9252147.678734832,94.19019664772601,94.27099459643205,93.62113999183083,93.68882884242188,7468078.774342065,54.079963177282934,54.233070942412674,53.73449453927993,53.87298739914986,11553479.330209108,51.72267811990674,51.67868360641319,51.57697262730136,51.63365477516596,3029553.860269713,93.74492050115765,94.25969410529711,93.67302067458799,94.30713866857722,3535503.3560716864,11.330703942924929,11.575425725184566,11.121350519557856,11.205043305930687,22647833.241479054,26.263886106193098,26.467780008817382,26.05907207167357,26.311288325570505,14211644.876526412,107.20089159168383,107.17831082145902,106.18047787502326,106.24308967225136,32607577.658945296,70.85526998732541,72.24707723384202,70.10978744827938,70.3502615017124,2738096.655257921,92.61983644155403,92.71345921793426,92.27504622122277,92.34898136831569,4188424.2056849217,136.34502103264373,139.38067988318085,135.17365746503745,136.32658258565135,2730630.6605141643,110.68807291102975,113.8111841422523,110.195552136976,113.09083874321594,7647687.275747296,45.48267839407543,46.286323483574066,43.80912090097618,43.80171179618461,10632235.038967246,129.0812891341026,133.31581713800898,128.553963169255,130.0774899182279,2734596.338743571,54.38004709396443,56.4788661801208,52.627166065463484,52.35470559944417,1581095.926721963,246.1832829889802,253.62796412544793,244.5757416727616,248.41251170911812,560720.6033622993,92.38765743477776,93.5195408927378,91.4155087827355,91.8289718705899,4404665.790448879,45.450726323654926,46.64220377042482,44.91058163806166,45.80526391470908,12174264.321646072,25.17876328796483,25.732935415261572,24.585570515136254,24.892824189029504,3417664.4967135414,61.19812928598625,61.61025751269083,60.48981916633817,60.60491689179694,3199130.7941231835,168.54493228522523,170.71442092819632,167.81400271828244,170.23356815430276,9468664.563540058,107.84254671528501,110.13406325450939,107.63503400330494,109.94643825642925,1256819.8738452143,91.65987358091827,93.96683474417256,90.71406973903171,90.62781503064146,1331832.390356265,67.02433077322878,67.47494524434119,66.86360968444389,66.82647554224295,5610017.026156328,81.94346793009787,81.98607327257601,81.85485325761829,81.8851840754067,3794428.715804052,39.92498833633366,40.63,39.61135754522366,40.07709257380942,14659279.490787301,30.722020338985892,30.923476194122156,30.130942703446905,30.219517921450798,21374209.415403176,32.806108273575504,32.79468645833644,32.67653657043279,32.62999670937368,7428930.886675028,26.939680029721448,26.998034565693658,26.621096346758577,26.71001364615232,4560031.306876936,49.57898349077997,50.19505480426255,49.45068126325388,50.031597139984,2802498.013505891,122.7491820912519,126.3931542426425,121.80269522911357,122.91437722100181,1720316.592047024,56.935901028821355,57.838028987951816,56.881292966458886,57.41750436656176,2299011.2156718043,40.436419934825565,41.494441139671366,39.78142203785184,40.19789631817866,3646009.6956706545,108.46322855844151,108.55506552781296,108.04187682655758,108.1952937497906,2235822.6105414927,181.72539521501218,187.4303271457771,180.44514199239399,187.03222702933118,1934242.266345556,23.509493146502937,23.83392292214022,23.24579174930745,23.766144920162734,3218094.549778683,9.42803264091538,9.548356217580606,9.278698395915477,9.278745669979932,32443389.416116405,80.23510067887025,80.20745147299996,79.69909448847311,79.83274101865763,7761824.523504214,77.6809728773661,77.67492059013826,77.45481996012987,77.45709623937589,4822478.087258852,51.008533881702476,51.18417096607061,50.85003459724367,51.11670823019994,14007954.43487896,58.513941913270735,58.54952878731953,58.25391498268694,58.300079410242525,3835828.767060312,70.7089222701295,70.8671965393424,70.45896199825835,70.81563817046948,5009829.323301151,56.712161730841274,56.80345330545463,56.00515230641643,56.15789075039238,2478533.7874040836,57.92467518517086,57.95681339576311,57.86913595370154,57.8816166706522,3598407.740896878,167.5354092846227,169.32106839236914,166.9794122766264,168.55453932659677,3123392.738645005,114.75692185064251,115.86981554160279,114.3211541943861,115.72797840996728,2115129.6806417615,45.24057301965888,45.33254140424019,44.8955932369395,45.00256463489093,8781853.864175273,62.27816908799981,62.406377534301875,62.07185405469453,62.23748655966631,4685719.48563498,125.51143913044166,126.87049734324964,125.10880206081305,126.35105130056775,1261600.5069101686,55.6887903259624,55.91509017193841,54.88854184617752,55.74295062896237,8220553.756290258,72.38574329406185,73.64882260585253,71.05007326307042,71.18945318762671,1687590.9720226093,84.45107677161967,85.47154136013367,83.91967922813792,84.60500410254302,5237508.912354238,86.49042329701437,88.06433294846595,85.92625921115676,86.79278120038236,17285610.412868373,107.67286276443346,109.92939964637425,106.63049652730196,107.54126048530132,17883394.651946895,37.82689501961756,38.072517935533654,37.36301276437752,37.79247261001752,6179138.536676225,45.06286322504835,45.49071732120715,42.86855500077931,42.74788487887476,4887367.5163742285
1927,115.21054895234295,116.29509023394546,114.78006767187348,116.1084374768899,3186491.7561206473,102.311766833384,104.3313039949362,100.82363095869152,101.32008545144295,2680542.9407688407,97.84616523193121,97.89431084344781,97.3737975060062,97.43873586483079,8710824.230937038,6.634524477082332,6.734882453944728,6.156248333882639,6.170586881889853,21613950.24931906,71.97960214504093,73.84915758197857,70.65512076945691,72.7075651948321,2630950.073353091,471.03881845577723,482.49709240759796,468.92045958429605,480.8658404296772,550340.1305936205,15.061402120883885,15.408845009692879,15.042928802898368,15.350926944255496,23443268.151316006,41.4355793818292,42.59351957517443,41.210171218423206,42.061768333616094,7276201.419219072,48.1673815512898,48.160697687497574,48.033105758214724,48.01391951806132,4063676.828661643,72.41035401886712,72.44469161856951,72.05541747211439,72.20374859494338,6801355.410692069,31.856625111555463,32.06486275703065,31.67151326684186,31.789462195609524,10715583.32167707,77.2378973618729,77.26871987852766,77.09490501626297,77.12268807502498,2211328.1940586017,331.7444722393191,338.7028389400409,329.6824383238126,334.0754686772992,2507803.4922798662,41.804426469851066,42.95407994367563,41.304532772061414,42.21808666650893,4640365.590088929,9.726909714807952,10.315901106310108,9.526399153120387,9.819911180367301,19627971.348041795,95.39412488273098,98.73332816983773,95.45678408828924,96.14674787855712,9739515.65118842,12.929174051371332,13.230282721212106,12.743665346629244,13.087428411554617,13569284.047814798,151.74845225479035,152.52745974004492,150.07261805466294,150.42432470994484,8990657.868179567,465.3485819289839,480.3165307196945,465.4138010522182,471.8240721997064,1440475.9688123611,33.51519622986103,34.25983994996126,33.12441461653288,34.14121409630824,9973472.737319356,43.80195012863774,43.91300511855554,43.48957032536255,43.55334345126281,26764502.396900374,82.24043165472435,82.40101055181619,81.94047009107572,82.28050054166208,16979085.520887814,89.80121761018987,89.78352521938729,89.61745853078874,89.7139644131922,6809975.0462016035,41.91002280801591,42.25787510377406,41.536207125560416,42.149607364024156,4223970.953287129,119.84050094015716,123.29951051177811,118.62957219992097,122.01659299340034,3881069.60774085,69.27571015992714,69.55660071826091,69.07380115205899,69.369495570865,4294951.353870015,49.67546971660085,49.81023880645512,49.35518049574347,49.69048112875321,2941333.966607574,55.29596369987918,55.59796623216275,55.17713539404964,55.309212476155906,3691184.789969642,24.80116550732116,24.88384120177011,24.354136515093042,24.361557248238753,22595648.222659424,37.42855252943676,38.726026037668,36.607617593018915,36.45228730408399,15009404.265947517,149.6238041007916,152.813071101316,147.3036311626353,146.91093296378904,1021341.5330060052,36.56608575083566,36.73967675279403,36.03857173417446,36.081804485424215,56234807.064183064,53.79919298295342,54.39288975161384,52.43106570945201,52.86011150774625,5069600.090672596,42.97974640728461,43.64401518036177,42.12621409750253,42.10350263486446,20840053.278485086,275.1537107635706,275.49965871245837,271.6327558426087,271.6630593280285,9349776.605284946,,,,,,24.316821462860197,25.249256440892417,24.176027960470716,24.732456320439056,11136922.52826673,142.92051182639523,143.94255717987778,139.60068621746402,141.0779996623457,2041158.2219195687,5.755836171754818,5.474602180094051,5.5038274500671625,5.184506964161461,23577982.400920574,56.27680064311766,56.36043882877371,55.5715586408434,55.590156268135985,9252147.678734832,94.19019664772601,94.27099459643205,93.62113999183083,93.6922356808736,7468078.774342065,54.079963177282934,54.233070942412674,53.73449453927993,53.87298739914986,11553479.330209108,51.72267811990674,51.67868676227976,51.57697262730136,51.63365476687248,3029553.860269713,93.74492050115765,94.25969410529711,93.67302067458799,94.30713866857722,3535503.3560716766,11.330703942924691,11.575425725184566,11.121350519557856,11.205043305922592,22647833.241479054,26.263886106193098,26.467780008817382,26.05907207167357,26.311288325570505,14211644.876526412,107.20089159168383,107.17831082145902,106.18047787502326,106.24308967225136,32607577.658945296,70.85527399065727,72.24707723384202,70.10978744827938,70.3502615017124,2738096.6552579226,92.61983644155403,92.71345921793426,92.27504622122277,92.34898136831569,4188424.2056849217,136.3450210326499,139.38067988318085,135.17365746503745,136.32658258565135,2730630.6605141643,110.68807291102975,113.81118397040863,110.195552136976,113.09083874321594,7647687.275747307,45.48267839407543,46.286323483574066,43.80912090097618,43.80171179618461,10632235.038967246,129.0813102006262,133.31581713800898,128.553963169255,130.1217376304778,2734596.338743571,54.38004708883541,56.4788661801208,52.627166065463484,52.35470559944417,1581095.926721963,246.1832829889802,253.62796412544793,244.5757416727616,248.41251135798797,560720.6033622993,92.38765743477776,93.5195408927378,91.4155087827355,91.8289718705899,4404665.790448879,45.450726323654926,46.64220377042482,44.91058163806166,45.80526391470908,12174264.321646072,25.178763095923532,25.73293540662129,24.585569302000025,24.89282418902799,3417664.496711568,61.19812928598625,61.61025833815191,60.48974532007066,60.60491689179694,3199130.7941231867,168.54493228522523,170.71442092819632,167.81400271828244,170.23356815430276,9468664.563540058,107.84254671528501,110.13406325450939,107.63503400330494,109.94643825642925,1256819.8738452143,91.66560400690314,93.96683474417256,90.71801994900582,90.62781503064146,1331832.3903562636,67.02433077322878,67.47494524434119,66.86371427890184,66.82647554224295,5610017.026156321,81.94346793009787,81.98607327257601,81.85485325761829,81.8851840754067,3794428.715804052,39.92498833633366,40.63,39.61135754522366,40.07709257380942,14659279.490787301,30.72202033898583,30.923476194122156,30.130942703446905,30.21964888162913,21374209.41421691,32.806108273575504,32.79468645833644,32.67653657043279,32.62999670937368,7428930.886675028,26.939680029721448,26.998034565693658,26.621096346758577,26.71001364615232,4560031.306876936,49.57898349077997,50.19505480426255,49.45068126325388,50.031597139984,2802498.013505891,122.7491820912519,126.39315424264252,121.80269522911357,122.91437722100181,1720316.592047024,56.935900663605985,57.838028987951816,56.881292966458886,57.41750436656176,2299011.215671799,40.43661187613114,41.49444113967135,39.78142203785184,40.19789631817866,3646009.6956706434,108.46322855844151,108.55506552781296,108.0418694070985,108.1952937497906,2235822.6105414927,181.72539521501218,187.430327145431,180.44514199239399,187.03222702933118,1934242.266345556,23.509493146502937,23.83392292214022,23.24579174930745,23.766144920162734,3218094.549778683,9.428301272645957,9.548356217580606,9.278698395915477,9.278745669979932,32443389.416116435,80.23510067887025,80.20745147299996,79.69909448847311,79.83274101848393,7761824.523504214,77.6809728773661,77.67492058907216,77.4548199601248,77.45709623937589,4822478.087258852,51.008533881702476,51.184170966070255,50.85003459724367,51.11670823019994,14007954.43487896,58.513941913270735,58.54953182016973,58.25391498268694,58.29804067936227,3835828.767060312,70.7089222701295,70.86719653934239,70.45896199825835,70.81563817046948,5009829.323301154,56.712161730841274,56.80345330545463,56.00515230641643,56.15789075039238,2478533.7874040836,57.92467518517086,57.95681339576311,57.86913595370154,57.8816166706522,3598407.740896878,167.5354092846227,169.32106839236914,166.9794122766264,168.55453932659677,3123392.738645005,114.75692185064251,115.86981554160279,114.3211541943861,115.72797840996728,2115129.6806417615,45.24057301965888,45.33254140424019,44.8955932369395,45.00256463489093,8781853.86421997,62.27816908799981,62.4063775342551,62.07185405469453,62.23748655966631,4685719.48563498,125.51143913044166,126.87049734324964,125.10880206081305,126.35086959072902,1261600.5069101686,55.77510611067744,55.915090171228755,54.88854184617752,55.74295062896237,8220553.756290258,72.38574289502697,73.64882260585253,71.05007326307042,71.18945318762671,1687590.9720226093,84.45107677161967,85.47154136013367,83.91967922813792,84.60500410254302,5237508.911254991,86.49042329701437,88.06433294846595,85.92625921115676,86.79278120038236,17285610.41286849,107.67286276443346,109.92939964637425,106.63049633254502,107.54126048530132,17883394.651946895,37.82689501961756,38.072517935533654,37.36301276437752,37.79247261001752,6179138.536676225,45.06286322504835,45.49071732120715,42.86855500077931,42.74788487887476,4887367.5163742285
1928,115.21054895234295,116.29509023394546,114.78006767187348,116.1084374768899,3186491.7561206473,102.311766833384,104.3313039949362,100.82363095869152,101.32008545144295,2680542.940768839,97.84616523193121,97.89431084344781,97.3737975060062,97.43873586483079,8710824.230937038,6.634524490738761,6.734882453944728,6.156248333882639,6.170586881889853,21613950.24863668,71.97960214504093,73.84915758197857,70.65512076945691,72.43991907336428,2630950.073353091,471.03881845577723,482.49709240759796,468.92045958429605,480.8658404296772,550340.1305936205,15.061402120883885,15.408845009692879,15.042504069680103,15.350926490145381,23443268.151316006,41.4355793818292,42.59351957517443,41.210171218423206,42.061768333616094,7276201.419219072,48.1673815512898,48.16069766233281,48.03310575820255,48.01391951806131,4063676.828661643,72.41035401886712,72.44469161856951,72.05541747211437,72.20374859494338,6801355.410692069,31.856625111555463,32.06486275702985,31.671512332854785,31.789462195609524,10715583.32167707,77.2378973618729,77.26871987852766,77.09490501626297,77.12268807502498,2211328.1940586017,331.74446894491575,338.70283884826546,329.6824383238126,334.26133599747504,2507803.4922798662,41.804426469851066,42.95407994367563,41.30453277206158,42.21808666650893,4640365.590088929,9.726909714807952,10.315841806410013,9.526399153120387,9.819911180367301,19627971.348041795,95.39412488273098,98.73332816983773,95.45678408828924,96.14674787855712,9739515.65118842,12.929174051371332,13.230282721212106,12.743665346629244,13.087428411554617,13569284.047814798,151.74845225479035,152.52745974004492,150.07261805466294,150.42432470994484,8990657.868179567,465.3485819289839,480.31653091191447,465.4138033659694,471.8240721997064,1440475.9688123611,33.51519622986103,34.25983994996126,33.12441461653288,34.14121409630824,9973472.737319356,43.80195012863774,43.91300511855554,43.48957032536255,43.55334345126281,26764502.39690071,82.24043165472435,82.40101055181596,81.94047009107572,82.28050054166208,16979085.520887814,89.80121761018987,89.78352521938696,89.61745853078874,89.71396441319219,6809975.0462016035,41.91002280801591,42.25787510377407,41.53617677939562,42.149607364024156,4223970.953287129,119.84050094015716,123.29951051177811,118.62957219992097,122.01659299340034,3881069.60774085,69.27571015992714,69.55660071826091,69.07380115205899,69.369495570865,4294951.353870015,49.67586495407133,49.81023880645512,49.35518049574347,49.69048112875321,2941333.966607574,55.29596369987918,55.59796623216275,55.17713539404964,55.309212476155906,3691184.789969642,24.801166111362466,24.88384120177011,24.354136544468503,24.361557248238753,22595648.222659424,37.42855252943676,38.71529530547824,36.607617593018915,36.45228730408399,15009404.265947007,149.6238041007916,152.813071101316,147.3036311626353,146.91093296378904,1021341.5330060052,36.56608575083566,36.73967675279403,36.03857173417446,36.081804485424215,56234807.06418355,53.799192882205,54.39288967222797,52.431065281623965,52.8601115045106,5069600.090672596,42.97974640082937,43.64401518036177,42.126214097497304,42.103502634715916,20840053.278485086,275.1537107635706,275.49965871245837,271.6327558426087,271.66305923495855,9349776.605284946,,,,,,24.316821462860197,25.249256440892417,24.176027960470716,24.706625440407304,11136922.52826673,142.92051182639523,143.94255717987778,139.60068621746402,141.0779996623457,2041158.2219195687,5.755836171754818,5.469073696070407,5.5038274500671625,5.179861777515057,23577982.400920574,56.27680064311766,56.36043882877371,55.5715586408434,55.590156254869626,9252147.678734832,94.19019664772601,94.27099459643205,93.62113999183083,93.68891296463315,7468078.774342065,54.079963177282934,54.233070942412674,53.73449453927993,53.87298739914986,11553479.330209108,51.72267811990674,51.6786840228444,51.57697262730136,51.633654773475584,3029553.860269713,93.74492050115765,94.25969410529711,93.67302067458799,94.30713866857722,3535503.356071671,11.330703942924536,11.575425725184566,11.121350519557856,11.205043305928253,22647833.241479054,26.263886106193098,26.467780008817382,26.05907207167357,26.311288325570505,14211644.876526412,107.20089159168383,107.17831082145902,106.18047787502326,106.24308967225136,32607577.658945296,70.85527050116427,72.24707723384202,70.10978744827938,70.3502615017124,2738096.6552579235,92.61983644155403,92.71345921793426,92.27504622122277,92.34898136831569,4188424.2056849217,136.3450210326458,139.38067988318085,135.17365746503745,136.32658258565135,2730630.6605141643,110.68807291102975,113.81118410692427,110.195552136976,113.09083874321594,7647687.275747312,45.48267839407543,46.286323483574066,43.80912090097618,43.80171179618461,10632235.038967246,129.08129220466938,133.31581713800898,128.553963169255,130.0780867568612,2734596.338743571,54.38004708506372,56.4788661801208,52.627166065463484,52.35470559944417,1581095.926721963,246.1832829889802,253.62796412544793,244.5757416727616,248.41251107659485,560720.6033622993,92.38765743477776,93.5195408927378,91.4155087827355,91.8289718705899,4404665.790448879,45.450726323654926,46.64220377042482,44.91058163806166,45.80526391470908,12174264.321646072,25.178762941469838,25.73293540008092,24.58556829524064,24.892824189027007,3417664.496710318,61.19812928598625,61.61025765660266,60.489812397146544,60.60491689179694,3199130.7941231886,168.54493228522523,170.71442092819632,167.81400271828244,170.23356815430276,9468664.563540058,107.84254671528501,110.13406325450939,107.63503400330494,109.94643825642925,1256819.8738452143,91.66008882880308,93.96683474417256,90.7142858896652,90.62781503064146,1331832.390356263,67.02433077322878,67.47494524434119,66.86362130174784,66.82647554224295,5610017.026156317,81.94346793009787,81.98607327257601,81.85485325761829,81.8851840754067,3794428.715804052,39.92498833633366,40.63,39.61135754522366,40.07709257380942,14659279.490787301,30.722020338985867,30.923476194122156,30.130942703446905,30.219530083875107,21374209.41340188,32.806108273575504,32.79468645833644,32.67653657043279,32.62999670937368,7428930.886675028,26.939680029721448,26.998034565693658,26.621096346758577,26.71001364615232,4560031.306876936,49.57898349077997,50.19505480426255,49.45068126325388,50.031597139984,2802498.013505891,122.7491820912519,126.39315424264251,121.80269522911357,122.91437722100181,1720316.592047024,56.93590096111564,57.838028987951816,56.881292966458886,57.41750436656176,2299011.2156717964,40.436438212745216,41.494441139671345,39.78142203785184,40.19789631817866,3646009.695670637,108.46322855844151,108.55506552781296,108.04186280860988,108.1952937497906,2235822.6105414927,181.72539521501218,187.43032714567718,180.44514199239399,187.03222702933118,1934242.266345556,23.509493146502937,23.83392292214022,23.24579174930745,23.766144920162734,3218094.549778683,9.428050861377614,9.548356217580606,9.278698395915477,9.278745669979932,32443389.416116454,80.23510067887025,80.20745147299996,79.69909448847311,79.83274101835909,7761824.523504214,77.6809728773661,77.67492058989109,77.45481996012133,77.45709623937589,4822478.087258852,51.008533881702476,51.18417096607003,50.85003459724367,51.11670823019994,14007954.43487896,58.513941913270735,58.54952918881253,58.25391498268694,58.30006076836015,3835828.767060312,70.7089222701295,70.86719653934239,70.45896199825835,70.81563817046948,5009829.323301156,56.712161730841274,56.80345330545463,56.00515230641643,56.15789075039238,2478533.7874040836,57.92467518517086,57.95681339576311,57.86913595370154,57.8816166706522,3598407.740896878,167.5354092846227,169.32106839236914,166.9794122766264,168.55453932659677,3123392.738645005,114.75692185064251,115.86981554160279,114.3211541943861,115.72797840996728,2115129.6806417615,45.24057301965888,45.33254140424019,44.8955932369395,45.00256463489093,8781853.864250286,62.27816908799981,62.406377534221775,62.07185405469453,62.23748655966631,4685719.48563498,125.51143913044166,126.87049734324964,125.10880206081305,126.35104378123619,1261600.5069101686,55.689065371792395,55.91509017174502,54.88854184617752,55.74295062896237,8220553.756290258,72.38574321891929,73.64882260585253,71.05007326307042,71.18945318762671,1687590.9720226093,84.45107677161967,85.47154136013367,83.91967922813792,84.60500410254302,5237508.910436155,86.49042329701437,88.06433294846595,85.92625921115676,86.79278120038236,17285610.412868556,107.67286276443346,109.92939964637425,106.6304964918573,107.54126048530132,17883394.651946895,37.82689501961756,38.072517935533654,37.36301276437752,37.79247261001752,6179138.536676225,45.06286322504835,45.49071732120715,42.86855500077931,42.74788487887476,4887367.5163742285
1929,115.21054895234295,116.29509023394546,114.78006767187348,116.1084374768899,3186491.7561206473,102.311766833384,104.3313039949362,100.82363095869152,101.32008545144295,2680542.940768838,97.84616523193121,97.89431084344781,97.3737975060062,97.43873586483079,8710824.230937038,6.6345244802312715,6.734882453944728,6.156248333882639,6.170586881889853,21613950.248167254,71.97960214504093,73.84915758197857,70.65512076945691,72.70328823355024,2630950.073353091,471.03881845577723,482.49709240759796,468.92045958429605,480.8658404296772,550340.1305936205,15.061402120883885,15.408845009692879,15.042900572121889,15.35092688501844,23443268.151316006,41.4355793818292,42.59351957517443,41.210171218423206,42.061768333616094,7276201.419219072,48.1673815512898,48.16069764198131,48.03310575819383,48.0139195180613,4063676.828661643,72.41035401886712,72.44469161856951,72.05541747211439,72.20374859494338,6801355.410692069,31.856625111555463,32.0648627570304,31.6715131179304,31.789462195609524,10715583.32167707,77.2378973618729,77.26871987852766,77.09490501626297,77.12268807502498,2211328.1940586017,331.7444717358735,338.7028389204242,329.6824383238126,334.07854211978497,2507803.4922798662,41.804426469851066,42.95407994367563,41.30453277206147,42.21808666650893,4640365.590088929,9.726909714807952,10.31589562764352,9.526399153120387,9.819911180367301,19627971.348041795,95.39412488273098,98.73332816983773,95.45678408828924,96.14674787855712,9739515.65118842,12.929174051371332,13.230282721212106,12.743665346629244,13.087428411554617,13569284.047814798,151.74845225479035,152.52745974004492,150.07261805466294,150.42432470994484,8990657.868179567,465.3485819289839,480.31653106304765,465.4138052758967,471.8240721997064,1440475.9688123611,33.51519622986103,34.25983994996126,33.12441461653288,34.14121409630824,9973472.737319356,43.80195012863774,43.91300511855554,43.48957032536255,43.55334345126281,26764502.39690091,82.24043165472435,82.40101055181582,81.94047009107572,82.28050054166208,16979085.520887814,89.80121761018987,89.78352521938675,89.61745853078874,89.71396441319219,6809975.0462016035,41.91002280801591,42.25787510377406,41.53620336853691,42.149607364024156,4223970.953287129,119.84050094015716,123.29951051177811,118.62957219992097,122.01659299340034,3881069.60774085,69.27571015992714,69.55660071826091,69.07380115205899,69.369495570865,4294951.353870015,49.67549979451713,49.81023880645512,49.35518049574347,49.69048112875321,2941333.966607574,55.29596369987918,55.59796623216275,55.17713539404964,55.309212476155906,3691184.789969642,24.80116662783706,24.88384120177011,24.354136569265652,24.361557248238753,22595648.222659424,37.42855252943676,38.72557537637067,36.607617593018915,36.45228730408399,15009404.265946692,149.6238041007916,152.813071101316,147.3036311626353,146.91093296378904,1021341.5330060052,36.56608575083566,36.73967675279403,36.03857173417446,36.081804485424215,56234807.06418384,53.799192802941484,54.39288960988749,52.4310649360812,52.860111506955946,5069600.090672596,42.979746395903206,43.64401518036177,42.12621409750081,42.103502634824466,20840053.278485086,275.1537107635706,275.49965871245837,271.6327558426087,271.6630593078802,9349776.605284946,,,,,,24.316821462860197,25.249256440892417,24.176027960470716,24.732100914334584,11136922.52826673,142.92051182639523,143.94255717987778,139.60068621746402,141.0779996623457,2041158.2219195687,5.755836171754818,5.463577596864464,5.5038274500671625,5.1752450649748285,23577982.400920574,56.27680064311766,56.36043882877371,55.5715586408434,55.5901562651911,9252147.678734832,94.19019664772601,94.27099459643205,93.62113999183083,93.69215363582171,7468078.774342065,54.079963177282934,54.233070942412674,53.73449453927993,53.87298739914986,11553479.330209108,51.72267811990674,51.678686400798576,51.57697262730136,51.63365476821832,3029553.860269713,93.74492050115765,94.25969410529711,93.67302067458799,94.30713866857722,3535503.3560716677,11.330703942924435,11.575425725184566,11.121350519557856,11.205043305924294,22647833.241479054,26.263886106193098,26.467780008817382,26.05907207167357,26.311288325570505,14211644.876526412,107.20089159168383,107.17831082145902,106.18047787502326,106.24308967225136,32607577.658945296,70.85527354277106,72.24707723384202,70.10978744827938,70.3502615017124,2738096.655257924,92.61983644155403,92.71345921793426,92.27504622122277,92.34898136831569,4188424.2056849217,136.3450210326485,139.38067988318085,135.17365746503745,136.32658258565135,2730630.6605141643,110.68807291102975,113.81118399847384,110.195552136976,113.09083874321594,7647687.275747316,45.48267839407543,46.286323483574066,43.80912090097618,43.80171179618461,10632235.038967246,129.0813075776122,133.31581713800898,128.553963169255,130.12114884234785,2734596.338743571,54.38004708229016,56.4788661801208,52.627166065463484,52.35470559944417,1581095.926721963,246.1832829889802,253.62796412544793,244.5757416727616,248.4125108510885,560720.6033622993,92.38765743477776,93.5195408927378,91.4155087827355,91.8289718705899,4404665.790448879,45.450726323654926,46.64220377042482,44.91058163806166,45.80526391470908,12174264.321646072,25.178762817246852,25.7329353951301,24.585567459749594,24.892824189026364,3417664.4967095265,61.19812928598625,61.61025821932983,60.489751468757596,60.60491689179694,3199130.7941231895,168.54493228522523,170.71442092819632,167.81400271828244,170.23356815430276,9468664.563540058,107.84254671528501,110.13406325450939,107.63503400330494,109.94643825642925,1256819.8738452143,91.66539684422037,93.96683474417256,90.71781562586926,90.62781503064146,1331832.3903562624,67.02433077322878,67.47494524434119,66.86370395193157,66.82647554224295,5610017.026156316,81.94346793009787,81.98607327257601,81.85485325761829,81.8851840754067,3794428.715804052,39.92498833633366,40.63,39.61135754522366,40.07709257380942,14659279.490787301,30.722020338985843,30.923476194122156,30.130942703446905,30.219637848743332,21374209.412841912,32.806108273575504,32.79468645833644,32.67653657043279,32.62999670937368,7428930.886675028,26.939680029721448,26.998034565693658,26.621096346758577,26.71001364615232,4560031.306876936,49.57898349077997,50.19505480426255,49.45068126325388,50.031597139984,2802498.013505891,122.7491820912519,126.39315424264252,121.80269522911357,122.91437722100181,1720316.592047024,56.935900718760024,57.838028987951816,56.881292966458886,57.41750436656176,2299011.215671795,40.436595338755794,41.49444113967134,39.78142203785184,40.19789631817866,3646009.695670633,108.46322855844151,108.55506552781296,108.04185694025053,108.1952937497906,2235822.6105414927,181.72539521501218,187.43032714550208,180.44514199239399,187.03222702933118,1934242.266345556,23.509493146502937,23.83392292214022,23.24579174930745,23.766144920162734,3218094.549778683,9.428284288021512,9.548356217580606,9.278698395915477,9.278745669979932,32443389.416116465,80.23510067887025,80.20745147299996,79.69909448847311,79.83274101826936,7761824.523504214,77.6809728773661,77.67492058926203,77.45481996011895,77.45709623937589,4822478.087258852,51.008533881702476,51.18417096606988,50.85003459724367,51.11670823019994,14007954.43487896,58.513941913270735,58.54953147182695,58.25391498268694,58.298059150785775,3835828.767060312,70.7089222701295,70.86719653934239,70.45896199825835,70.81563817046948,5009829.323301157,56.712161730841274,56.80345330545463,56.00515230641643,56.15789075039238,2478533.7874040836,57.92467518517086,57.95681339576311,57.86913595370154,57.8816166706522,3598407.740896878,167.5354092846227,169.32106839236914,166.9794122766264,168.55453932659677,3123392.738645005,114.75692185064251,115.86981554160279,114.3211541943861,115.72797840996728,2115129.6806417615,45.24057301965888,45.33254140424019,44.8955932369395,45.00256463489093,8781853.864270847,62.27816908799981,62.406377534198036,62.07185405469453,62.23748655966631,4685719.48563498,125.51143913044166,126.87049734324964,125.10880206081305,126.35087679890326,1261600.5069101686,55.77483194128284,55.915090171369435,54.88854184617752,55.74295062896237,8220553.756290258,72.38574295601937,73.64882260585253,71.05007326307042,71.18945318762671,1687590.9720226093,84.45107677161967,85.47154136013367,83.91967922813792,84.60500410254302,5237508.9098262,86.49042329701437,88.06433294846595,85.92625921115676,86.79278120038236,17285610.412868597,107.67286276443346,109.92939964637425,106.63049636153896,107.54126048530132,17883394.651946895,37.82689501961756,38.072517935533654,37.36301276437752,37.79247261001752,6179138.536676225,45.06286322504835,45.49071732120715,42.86855500077931,42.74788487887476,4887367.5163742285
1930,115.21054895234295,116.29509023394546,114.78006767187348,116.1084374768899,3186491.7561206473,102.311766833384,104.3313039949362,100.82363095869152,101.32008545144295,2680542.9407688375,97.84616523193121,97.89431084344781,97.3737975060062,97.43873586483079,8710824.230937038,6.634524488315912,6.734882453944728,6.156248333882639,6.170586881889853,21613950.24784432,71.97960214504093,73.84915758197857,70.65512076945691,72.4441276891842,2630950.073353091,471.03881845577723,482.49709240759796,468.92045958429605,480.8658404296772,550340.1305936205,15.061402120883885,15.408845009692879,15.042530424039326,15.350926541655172,23443268.151316006,41.4355793818292,42.59351957517443,41.210171218423206,42.061768333616094,7276201.419219072,48.1673815512898,48.16069762552244,48.033105758187574,48.01391951806129,4063676.828661643,72.41035401886712,72.44469161856951,72.05541747211439,72.20374859494338,6801355.410692069,31.856625111555463,32.06486275703003,31.67151245802435,31.789462195609524,10715583.32167707,77.2378973618729,77.26871987852766,77.09490501626297,77.12268807502498,2211328.1940586017,331.74446937142557,338.7028388636891,329.6824383238126,334.25831337645,2507803.4922798662,41.804426469851066,42.95407994367563,41.304532772061535,42.21808666650893,4640365.590088929,9.726909714807952,10.315846778907321,9.526399153120387,9.819911180367301,19627971.348041795,95.39412488273098,98.73332816983773,95.45678408828924,96.14674787855712,9739515.65118842,12.929174051371332,13.230282721212106,12.743665346629244,13.087428411554617,13569284.047814798,151.74845225479035,152.52745974004492,150.07261805466294,150.42432470994484,8990657.868179567,465.3485819289839,480.3165311818763,465.4138068524805,471.8240721997064,1440475.9688123611,33.51519622986103,34.25983994996126,33.12441461653288,34.14121409630824,9973472.737319356,43.80195012863774,43.91300511855554,43.48957032536255,43.55334345126281,26764502.396901034,82.24043165472435,82.40101055181572,81.94047009107572,82.28050054166208,16979085.520887814,89.80121761018987,89.7835252193866,89.61745853078874,89.71396441319219,6809975.0462016035,41.91002280801591,42.25787510377406,41.53618007127877,42.149607364024156,4223970.953287129,119.84050094015716,123.29951051177811,118.62957219992097,122.01659299340034,3881069.60774085,69.27571015992714,69.55660071826091,69.07380115205899,69.369495570865,4294951.353870015,49.67583716511072,49.81023880645512,49.35518049574347,49.69048112875321,2941333.966607574,55.29596369987918,55.59796623216275,55.17713539404964,55.309212476155906,3691184.789969642,24.80116706943932,24.88384120177011,24.354136590198046,24.361557248238753,22595648.222659424,37.42855252943676,38.7157270402381,36.607617593018915,36.45228730408399,15009404.265946498,149.6238041007916,152.813071101316,147.3036311626353,146.91093296378904,1021341.5330060052,36.56608575083566,36.73967675279403,36.03857173417446,36.081804485424215,56234807.06418401,53.79919274058116,54.39288956093249,52.43106465699756,52.860111505107874,5069600.090672596,42.97974639214392,43.64401518036177,42.126214097498455,42.10350263474514,20840053.278485086,275.1537107635706,275.49965871245837,271.6327558426087,271.66305925074505,9349776.605284946,,,,,,24.316821462860197,25.249256440892417,24.176027960470716,24.706975956492585,11136922.52826673,142.92051182639523,143.94255717987778,139.60068621746402,141.0779996623457,2041158.2219195687,5.755836171754818,5.458113692772065,5.5038274500671625,5.170656651999948,23577982.400920574,56.27680064311766,56.36043882877371,55.5715586408434,55.5901562571608,9252147.678734832,94.19019664772601,94.27099459643205,93.62113999183083,93.68899298381521,7468078.774342065,54.079963177282934,54.233070942412674,53.73449453927993,53.87298739914986,11553479.330209108,51.72267811990674,51.67868433662647,51.57697262730136,51.63365477240405,3029553.860269713,93.74492050115765,94.25969410529711,93.67302067458799,94.30713866857722,3535503.356071666,11.33070394292437,11.575425725184566,11.121350519557856,11.205043305927063,22647833.241479054,26.263886106193098,26.467780008817382,26.05907207167357,26.311288325570505,14211644.876526412,107.20089159168383,107.17831082145902,106.18047787502326,106.24308967225136,32607577.658945296,70.85527089156302,72.24707723384202,70.10978744827938,70.3502615017124,2738096.6552579245,92.61983644155403,92.71345921793426,92.27504622122277,92.34898136831569,4188424.2056849217,136.3450210326467,139.38067988318085,135.17365746503745,136.32658258565135,2730630.6605141643,110.68807291102975,113.81118408462878,110.195552136976,113.09083874321594,7647687.275747318,45.48267839407543,46.286323483574066,43.80912090097618,43.80171179618461,10632235.038967246,129.08129444536405,133.31581713800898,128.553963169255,130.0786676030777,2734596.338743571,54.380047080250584,56.4788661801208,52.627166065463484,52.35470559944417,1581095.926721963,246.1832829889802,253.62796412544793,244.5757416727616,248.41251067036941,560720.6033622993,92.38765743477776,93.5195408927378,91.4155087827355,91.8289718705899,4404665.790448879,45.450726323654926,46.64220377042482,44.91058163806166,45.80526391470908,12174264.321646072,25.17876271733762,25.73293539138251,24.585566766390983,24.892824189025944,3417664.496709025,61.19812928598625,61.61025775470916,60.489806812085114,60.60491689179694,3199130.79412319,168.54493228522523,170.71442092819632,167.81400271828244,170.23356815430276,9468664.563540058,107.84254671528501,110.13406325450939,107.63503400330494,109.94643825642925,1256819.8738452143,91.66028820998245,93.96683474417256,90.71447903249091,90.62781503064146,1331832.3903562622,67.02433077322878,67.47494524434119,66.86363048170178,66.82647554224295,5610017.026156315,81.94346793009787,81.98607327257601,81.85485325761829,81.8851840754067,3794428.715804052,39.92498833633366,40.63,39.61135754522366,40.07709257380942,14659279.490787301,30.722020338985857,30.923476194122156,30.130942703446905,30.219540092123946,21374209.412457183,32.806108273575504,32.79468645833644,32.67653657043279,32.62999670937368,7428930.886675028,26.939680029721448,26.998034565693658,26.621096346758577,26.71001364615232,4560031.306876936,49.57898349077997,50.19505480426255,49.45068126325388,50.031597139984,2802498.013505891,122.7491820912519,126.39315424264251,121.80269522911357,122.91437722100181,1720316.592047024,56.93590091618637,57.838028987951816,56.881292966458886,57.41750436656176,2299011.215671794,40.436453175322384,41.49444113967134,39.78142203785184,40.19789631817866,3646009.695670631,108.46322855844151,108.55506552781296,108.04185172123091,108.1952937497906,2235822.6105414927,181.72539521501218,187.43032714562662,180.44514199239399,187.03222702933118,1934242.266345556,23.509493146502937,23.83392292214022,23.24579174930745,23.766144920162734,3218094.549778683,9.428066693987336,9.548356217580606,9.278698395915477,9.278745669979932,32443389.416116472,80.23510067887025,80.20745147299996,79.69909448847311,79.83274101820487,7761824.523504214,77.6809728773661,77.67492058974524,77.45481996011733,77.45709623937589,4822478.087258852,51.008533881702476,51.18417096606978,50.85003459724367,51.11670823019994,14007954.43487896,58.513941913270735,58.549529491041206,58.25391498268694,58.30004246583687,3835828.767060312,70.7089222701295,70.86719653934239,70.45896199825835,70.81563817046948,5009829.323301158,56.712161730841274,56.80345330545463,56.00515230641643,56.15789075039238,2478533.7874040836,57.92467518517086,57.95681339576311,57.86913595370154,57.8816166706522,3598407.740896878,167.5354092846227,169.32106839236914,166.9794122766264,168.55453932659677,3123392.738645005,114.75692185064251,115.86981554160279,114.3211541943861,115.72797840996728,2115129.6806417615,45.24057301965888,45.33254140424019,44.8955932369395,45.00256463489093,8781853.864284795,62.27816908799981,62.406377534181125,62.07185405469453,62.23748655966631,4685719.48563498,125.51143913044166,126.87049734324964,125.10880206081305,126.35103687134328,1261600.5069101686,55.68933866754437,55.91509017164267,54.88854184617752,55.74295062896237,8220553.756290258,72.38574316941241,73.64882260585253,71.05007326307042,71.18945318762671,1687590.9720226093,84.45107677161967,85.47154136013367,83.91967922813792,84.60500410254302,5237508.909371842,86.49042329701437,88.06433294846595,85.92625921115676,86.79278120038236,17285610.412868623,107.67286276443346,109.92939964637425,106.63049646814011,107.54126048530132,17883394.651946895,37.82689501961756,38.072517935533654,37.36301276437752,37.79247261001752,6179138.536676225,45.06286322504835,45.49071732120715,42.86855500077931,42.74788487887476,4887367.5163742285
1931,115.21054895234295,116.29509023394546,114.78006767187348,116.1084374768899,3186491.7561206473,102.311766833384,104.3313039949362,100.82363095869152,101.32008545144295,2680542.940768837,97.84616523193121,97.89431084344781,97.3737975060062,97.43873586483079,8710824.230937038,6.634524482095451,6.734882453944728,6.156248333882639,6.170586881889853,21613950.247622162,71.97960214504093,73.84915758197857,70.65512076945691,72.69914687103783,2630950.073353091,471.03881845577723,482.49709240759796,468.92045958429605,480.8658404296772,550340.1305936205,15.061402120883885,15.408845009692879,15.042875969459951,15.350926840227919,23443268.151316006,41.4355793818292,42.59351957517443,41.210171218423206,42.061768333616094,7276201.419219072,48.1673815512898,48.160697612211656,48.03310575818309,48.01391951806129,4063676.828661643,72.41035401886712,72.44469161856951,72.05541747211439,72.20374859494338,6801355.410692069,31.856625111555463,32.064862757030276,31.671513012717405,31.789462195609524,10715583.32167707,77.2378973618729,77.26871987852766,77.09490501626297,77.12268807502498,2211328.1940586017,331.74447137454223,338.7028389082973,329.6824383238126,334.08151475971664,2507803.4922798662,41.804426469851066,42.95407994367563,41.30453277206149,42.21808666650893,4640365.590088929,9.726909714807952,10.315891114550947,9.526399153120387,9.819911180367301,19627971.348041795,95.39412488273098,98.73332816983773,95.45678408828924,96.14674787855712,9739515.65118842,12.929174051371332,13.230282721212106,12.743665346629244,13.087428411554617,13569284.047814798,151.74845225479035,152.52745974004492,150.07261805466294,150.42432470994484,8990657.868179567,465.3485819289839,480.3165312753055,465.41380815389977,471.8240721997064,1440475.9688123611,33.51519622986103,34.25983994996126,33.12441461653288,34.14121409630824,9973472.737319356,43.80195012863774,43.91300511855554,43.48957032536255,43.55334345126281,26764502.39690111,82.24043165472435,82.40101055181566,81.94047009107572,82.28050054166208,16979085.520887814,89.80121761018987,89.78352521938652,89.61745853078874,89.71396441319219,6809975.0462016035,41.91002280801591,42.25787510377406,41.53620048420714,42.149607364024156,4223970.953287129,119.84050094015716,123.29951051177811,118.62957219992097,122.01659299340034,3881069.60774085,69.27571015992714,69.55660071826091,69.07380115205899,69.369495570865,4294951.353870015,49.675525468713595,49.81023880645512,49.35518049574347,49.69048112875321,2941333.966607574,55.29596369987918,55.59796623216275,55.17713539404964,55.309212476155906,3691184.789969642,24.801167447023346,24.88384120177011,24.354136607868025,24.361557248238753,22595648.222659424,37.42855252943676,38.72516177328566,36.607617593018915,36.45228730408399,15009404.265946379,149.6238041007916,152.813071101316,147.3036311626353,146.91093296378904,1021341.5330060052,36.56608575083566,36.73967675279403,36.03857173417446,36.081804485424215,56234807.064184114,53.799192691519366,54.39288952248889,52.431064431590805,52.86011150650456,5069600.090672596,42.979746389275114,43.64401518036177,42.12621409750003,42.10350263480311,20840053.278485086,275.1537107635706,275.49965871245837,271.6327558426087,271.6630592955113,9349776.605284946,,,,,,24.316821462860197,25.249256440892417,24.176027960470716,24.731755220986905,11136922.52826673,142.92051182639523,143.94255717987778,139.60068621746402,141.0779996623457,2041158.2219195687,5.755836171754818,5.452681795200296,5.5038274500671625,5.1660963651194916,23577982.400920574,56.27680064311766,56.36043882877371,55.5715586408434,55.59015626340852,9252147.678734832,94.19019664772601,94.27099459643205,93.62113999183083,93.69207559248636,7468078.774342065,54.079963177282934,54.233070942412674,53.73449453927993,53.87298739914986,11553479.330209108,51.72267811990674,51.678686128421504,51.57697262730136,51.633654769071455,3029553.860269713,93.74492050115765,94.25969410529711,93.67302067458799,94.30713866857722,3535503.356071665,11.330703942924327,11.575425725184566,11.121350519557856,11.205043305925127,22647833.241479054,26.263886106193098,26.467780008817382,26.05907207167357,26.311288325570505,14211644.876526412,107.20089159168383,107.17831082145902,106.18047787502326,106.24308967225136,32607577.658945296,70.85527320248107,72.24707723384202,70.10978744827938,70.3502615017124,2738096.6552579245,92.61983644155403,92.71345921793426,92.27504622122277,92.34898136831569,4188424.2056849217,136.3450210326479,139.38067988318085,135.17365746503745,136.32658258565135,2730630.6605141643,110.68807291102975,113.81118401618578,110.195552136976,113.09083874321594,7647687.275747319,45.48267839407543,46.286323483574066,43.80912090097618,43.80171179618461,10632235.038967246,129.0813056635116,133.31581713800898,128.553963169255,130.12057583091976,2734596.338743571,54.380047078750756,56.4788661801208,52.627166065463484,52.35470559944417,1581095.926721963,246.1832829889802,253.62796412544793,244.5757416727616,248.41251052554247,560720.6033622993,92.38765743477776,93.5195408927378,91.4155087827355,91.8289718705899,4404665.790448879,45.450726323654926,46.64220377042482,44.91058163806166,45.80526391470908,12174264.321646072,25.17876263698329,25.732935388545727,24.585566190985457,24.89282418902567,3417664.4967087074,61.19812928598625,61.61025813832733,60.48975654185881,60.60491689179694,3199130.7941231905,168.54493228522523,170.71442092819632,167.81400271828244,170.23356815430276,9468664.563540058,107.84254671528501,110.13406325450939,107.63503400330494,109.94643825642925,1256819.8738452143,91.66520495225338,93.96683474417256,90.71763305158152,90.62781503064146,1331832.390356262,67.02433077322878,67.47494524434119,66.8636957915949,66.82647554224295,5610017.026156314,81.94346793009787,81.98607327257601,81.85485325761829,81.8851840754067,3794428.715804052,39.92498833633366,40.63,39.61135754522366,40.07709257380942,14659279.490787301,30.722020338985846,30.923476194122156,30.130942703446905,30.219628769972218,21374209.412192855,32.806108273575504,32.79468645833644,32.67653657043279,32.62999670937368,7428930.886675028,26.939680029721448,26.998034565693658,26.621096346758577,26.71001364615232,4560031.306876936,49.57898349077997,50.19505480426255,49.45068126325388,50.031597139984,2802498.013505891,122.7491820912519,126.39315424264251,121.80269522911357,122.91437722100181,1720316.592047024,56.935900755360045,57.838028987951816,56.881292966458886,57.41750436656176,2299011.2156717936,40.436581801014114,41.49444113967134,39.78142203785184,40.19789631817866,3646009.6956706294,108.46322855844151,108.55506552781296,108.04184707970097,108.1952937497906,2235822.6105414927,181.72539521501218,187.43032714553803,180.44514199239399,187.03222702933118,1934242.266345556,23.509493146502937,23.83392292214022,23.24579174930745,23.766144920162734,3218094.549778683,9.428269529288903,9.548356217580606,9.278698395915477,9.278745669979932,32443389.416116476,80.23510067887025,80.20745147299996,79.69909448847311,79.83274101815852,7761824.523504214,77.6809728773661,77.67492058937405,77.45481996011623,77.45709623937589,4822478.087258852,51.008533881702476,51.184170966069715,50.85003459724367,51.11670823019994,14007954.43487896,58.513941913270735,58.54953120960774,58.25391498268694,58.29807728595323,3835828.767060312,70.7089222701295,70.86719653934239,70.45896199825835,70.81563817046948,5009829.323301158,56.712161730841274,56.80345330545463,56.00515230641643,56.15789075039238,2478533.7874040836,57.92467518517086,57.95681339576311,57.86913595370154,57.8816166706522,3598407.740896878,167.5354092846227,169.32106839236914,166.9794122766264,168.55453932659677,3123392.738645005,114.75692185064251,115.86981554160279,114.3211541943861,115.72797840996728,2115129.6806417615,45.24057301965888,45.33254140424019,44.8955932369395,45.00256463489093,8781853.864294255,62.27816908799981,62.406377534169074,62.07185405469453,62.23748655966631,4685719.48563498,125.51143913044166,126.87049734324964,125.10880206081305,126.35088342285802,1261600.5069101686,55.77455951638962,55.91509017144389,54.88854184617752,55.74295062896237,8220553.756290258,72.38574299620358,73.64882260585253,71.05007326307042,71.18945318762671,1687590.9720226093,84.45107677161967,85.47154136013367,83.91967922813792,84.60500410254302,5237508.909033388,86.49042329701437,88.06433294846595,85.92625921115676,86.79278120038236,17285610.412868638,107.67286276443346,109.92939964637425,106.63049638093977,107.54126048530132,17883394.651946895,37.82689501961756,38.072517935533654,37.36301276437752,37.79247261001752,6179138.536676225,45.06286322504835,45.49071732120715,42.86855500077931,42.74788487887476,4887367.5163742285
1932,115.21054895234295,116.29509023394546,114.78006767187348,116.1084374768899,3186491.7561206473,102.311766833384,104.3313039949362,100.82363095869152,101.32008545144295,2680542.940768837,97.84616523193121,97.89431084344781,97.3737975060062,97.43873586483079,8710824.230937038,6.634524486881579,6.734882453944728,6.156248333882639,6.170586881889853,21613950.247469332,71.97960214504093,73.84915758197857,70.65512076945691,72.44820287309098,2630950.073353091,471.03881845577723,482.49709240759796,468.92045958429605,480.8658404296772,550340.1305936205,15.061402120883885,15.408845009692879,15.042553391434183,15.350926580602927,23443268.151316006,41.4355793818292,42.59351957517443,41.210171218423206,42.061768333616094,7276201.419219072,48.1673815512898,48.16069760144683,48.03310575817988,48.01391951806129,4063676.828661643,72.41035401886712,72.44469161856951,72.05541747211439,72.20374859494338,6801355.410692069,31.856625111555463,32.064862757030106,31.671512546462566,31.789462195609524,10715583.32167707,77.2378973618729,77.26871987852766,77.09490501626297,77.12268807502498,2211328.1940586017,331.74446967753875,338.702838873224,329.6824383238126,334.2553898911403,2507803.4922798662,41.804426469851066,42.95407994367563,41.30453277206152,42.21808666650893,4640365.590088929,9.726909714807952,10.31585087503917,9.526399153120387,9.819911180367301,19627971.348041795,95.39412488273098,98.73332816983773,95.45678408828924,96.14674787855712,9739515.65118842,12.929174051371332,13.230282721212106,12.743665346629244,13.087428411554617,13569284.047814798,151.74845225479035,152.52745974004492,150.07261805466294,150.42432470994484,8990657.868179567,465.3485819289839,480.31653134876433,465.4138092281796,471.8240721997064,1440475.9688123611,33.51519622986103,34.25983994996126,33.12441461653288,34.14121409630824,9973472.737319356,43.80195012863774,43.91300511855554,43.48957032536255,43.55334345126281,26764502.396901153,82.24043165472435,82.40101055181562,81.94047009107572,82.28050054166208,16979085.520887814,89.80121761018987,89.78352521938646,89.61745853078874,89.71396441319219,6809975.0462016035,41.91002280801591,42.25787510377406,41.53618259851251,42.149607364024156,4223970.953287129,119.84050094015716,123.29951051177811,118.62957219992097,122.01659299340034,3881069.60774085,69.27571015992714,69.55660071826091,69.07380115205899,69.369495570865,4294951.353870015,49.675813444743,49.81023880645512,49.35518049574347,49.69048112875321,2941333.966607574,55.29596369987918,55.59796623216275,55.17713539404964,55.309212476155906,3691184.789969642,24.801167769869735,24.88384120177011,24.35413662278405,24.361557248238753,22595648.222659424,37.42855252943676,38.71612327312883,36.607617593018915,36.45228730408399,15009404.265946306,149.6238041007916,152.813071101316,147.3036311626353,146.91093296378904,1021341.5330060052,36.56608575083566,36.73967675279403,36.03857173417446,36.081804485424215,56234807.064184174,53.79919265292015,54.392889492299744,52.431064249537116,52.86011150544901,5069600.090672596,42.979746387085854,43.64401518036177,42.12621409749897,42.10350263476075,20840053.278485086,275.1537107635706,275.49965871245837,271.6327558426087,271.6630592604363,9349776.605284946,,,,,,24.316821462860197,25.249256440892417,24.176027960470716,24.707316893458525,11136922.52826673,142.92051182639523,143.94255717987778,139.60068621746402,141.0779996623457,2041158.2219195687,5.755836171754818,5.447281716660994,5.5038274500671625,5.1615640319258755,23577982.400920574,56.27680064311766,56.36043882877371,55.5715586408434,55.59015625854767,9252147.678734832,94.19019664772601,94.27099459643205,93.62113999183083,93.6890691000918,7468078.774342065,54.079963177282934,54.233070942412674,53.73449453927993,53.87298739914986,11553479.330209108,51.72267811990674,51.67868457306212,51.57697262730136,51.6336547717248,3029553.860269713,93.74492050115765,94.25969410529711,93.67302067458799,94.30713866857722,3535503.3560716645,11.330703942924298,11.575425725184566,11.121350519557856,11.205043305926482,22647833.241479054,26.263886106193098,26.467780008817382,26.05907207167357,26.311288325570505,14211644.876526412,107.20089159168383,107.17831082145902,106.18047787502326,106.24308967225136,32607577.658945296,70.85527118817583,72.24707723384202,70.10978744827938,70.3502615017124,2738096.6552579245,92.61983644155403,92.71345921793426,92.27504622122277,92.34898136831569,4188424.2056849217,136.3450210326471,139.38067988318085,135.17365746503745,136.32658258565135,2730630.6605141643,110.68807291102975,113.81118407055811,110.195552136976,113.09083874321594,7647687.27574732,45.48267839407543,46.286323483574066,43.80912090097618,43.80171179618461,10632235.038967246,129.08129608047346,133.31581713800898,128.553963169255,130.07923288539754,2734596.338743571,54.38004707764784,56.4788661801208,52.627166065463484,52.35470559944417,1581095.926721963,246.1832829889802,253.62796412544793,244.5757416727616,248.41251040947924,560720.6033622993,92.38765743477776,93.5195408927378,91.4155087827355,91.8289718705899,4404665.790448879,45.450726323654926,46.64220377042482,44.91058163806166,45.80526391470908,12174264.321646072,25.178762572356447,25.732935386398385,24.585565713467023,24.892824189025493,3417664.4967085063,61.19812928598625,61.61025782158959,60.48980220401477,60.60491689179694,3199130.7941231905,168.54493228522523,170.71442092819632,167.81400271828244,170.23356815430276,9468664.563540058,107.84254671528501,110.13406325450939,107.63503400330494,109.94643825642925,1256819.8738452143,91.66047289404901,93.96683474417256,90.71465161653808,90.62781503064146,1331832.390356262,67.02433077322878,67.47494524434119,66.86363773567004,66.82647554224295,5610017.026156314,81.94346793009787,81.98607327257601,81.85485325761829,81.8851840754067,3794428.715804052,39.92498833633366,40.63,39.61135754522366,40.07709257380942,14659279.490787301,30.722020338985853,30.923476194122156,30.130942703446905,30.21954832773901,21374209.412011247,32.806108273575504,32.79468645833644,32.67653657043279,32.62999670937368,7428930.886675028,26.939680029721448,26.998034565693658,26.621096346758577,26.71001364615232,4560031.306876936,49.57898349077997,50.19505480426255,49.45068126325388,50.031597139984,2802498.013505891,122.7491820912519,126.39315424264251,121.80269522911357,122.91437722100181,1720316.592047024,56.93590088637146,57.838028987951816,56.881292966458886,57.41750436656176,2299011.215671793,40.43646542391083,41.49444113967134,39.78142203785184,40.19789631817866,3646009.6956706285,108.46322855844151,108.55506552781296,108.04184295176088,108.1952937497906,2235822.6105414927,181.72539521501218,187.43032714560104,180.44514199239399,187.03222702933118,1934242.266345556,23.509493146502937,23.83392292214022,23.24579174930745,23.766144920162734,3218094.549778683,9.428080451680607,9.548356217580606,9.278698395915477,9.278745669979932,32443389.41611648,80.23510067887025,80.20745147299996,79.69909448847311,79.8327410181252,7761824.523504214,77.6809728773661,77.67492058965918,77.45481996011547,77.45709623937589,4822478.087258852,51.008533881702476,51.18417096606967,50.85003459724367,51.11670823019994,14007954.43487896,58.513941913270735,58.549529718547475,58.25391498268694,58.300024496494956,3835828.767060312,70.7089222701295,70.86719653934239,70.45896199825835,70.81563817046948,5009829.323301158,56.712161730841274,56.80345330545463,56.00515230641643,56.15789075039238,2478533.7874040836,57.92467518517086,57.95681339576311,57.86913595370154,57.8816166706522,3598407.740896878,167.5354092846227,169.32106839236914,166.9794122766264,168.55453932659677,3123392.738645005,114.75692185064251,115.86981554160279,114.3211541943861,115.72797840996728,2115129.6806417615,45.24057301965888,45.33254140424019,44.8955932369395,45.00256463489093,8781853.864300672,62.27816908799981,62.40637753416049,62.07185405469453,62.23748655966631,4685719.48563498,125.51143913044166,126.87049734324964,125.10880206081305,126.35103052149428,1261600.5069101686,55.68961022435383,55.9150901715885,54.88854184617752,55.74295062896237,8220553.756290258,72.38574313679533,73.64882260585253,71.05007326307042,71.18945318762671,1687590.9720226093,84.45107677161967,85.47154136013367,83.91967922813792,84.60500410254302,5237508.908781271,86.49042329701437,88.06433294846595,85.92625921115676,86.79278120038236,17285610.412868645,107.67286276443346,109.92939964637425,106.63049645227015,107.54126048530132,17883394.651946895,37.82689501961756,38.072517935533654,37.36301276437752,37.79247261001752,6179138.536676225,45.06286322504835,45.49071732120715,42.86855500077931,42.74788487887476,4887367.5163742285
1933,115.21054895234295,116.29509023394546,114.78006767187348,116.1084374768899,3186491.7561206473,102.311766833384,104.3313039949362,100.82363095869152,101.32008545144295,2680542.940768837,97.84616523193121,97.89431084344781,97.3737975060062,97.43873586483079,8710824.230937038,6.634524483199051,6.734882453944728,6.156248333882639,6.170586881889853,21613950.247364197,71.97960214504093,73.84915758197857,70.65512076945691,72.69513680820842,2630950.073353091,471.03881845577723,482.49709240759796,468.92045958429605,480.8658404296772,550340.1305936205,15.061402120883885,15.408845009692879,15.042854528640747,15.350926806360759,23443268.151316006,41.4355793818292,42.59351957517443,41.210171218423206,42.061768333616094,7276201.419219072,48.1673815512898,48.16069759274099,48.03310575817758,48.01391951806129,4063676.828661643,72.41035401886712,72.44469161856951,72.05541747211439,72.20374859494338,6801355.410692069,31.856625111555463,32.06486275703022,31.67151293837945,31.789462195609524,10715583.32167707,77.2378973618729,77.26871987852766,77.09490501626297,77.12268807502498,2211328.1940586017,331.7444711152088,338.7028389008005,329.6824383238126,334.0843899032094,2507803.4922798662,41.804426469851066,42.95407994367563,41.304532772061506,42.21808666650893,4640365.590088929,9.726909714807952,10.315887396857187,9.526399153120387,9.819911180367301,19627971.348041795,95.39412488273098,98.73332816983773,95.45678408828924,96.14674787855712,9739515.65118842,12.929174051371332,13.230282721212106,12.743665346629244,13.087428411554617,13569284.047814798,151.74845225479035,152.52745974004492,150.07261805466294,150.42432470994484,8990657.868179567,465.3485819289839,480.3165314065214,465.41381011496316,471.8240721997064,1440475.9688123611,33.51519622986103,34.25983994996126,33.12441461653288,34.14121409630824,9973472.737319356,43.80195012863774,43.91300511855554,43.48957032536255,43.55334345126281,26764502.39690118,82.24043165472435,82.40101055181559,81.94047009107572,82.28050054166208,16979085.520887814,89.80121761018987,89.78352521938642,89.61745853078874,89.71396441319219,6809975.0462016035,41.91002280801591,42.25787510377406,41.53619826985895,42.149607364024156,4223970.953287129,119.84050094015716,123.29951051177811,118.62957219992097,122.01659299340034,3881069.60774085,69.27571015992714,69.55660071826091,69.07380115205899,69.369495570865,4294951.353870015,49.67554738394064,49.81023880645512,49.35518049574347,49.69048112875321,2941333.966607574,55.29596369987918,55.59796623216275,55.17713539404964,55.309212476155906,3691184.789969642,24.801168045913702,24.88384120177011,24.35413663537534,24.361557248238753,22595648.222659424,37.42855252943676,38.724782181088734,36.607617593018915,36.45228730408399,15009404.265946262,149.6238041007916,152.813071101316,147.3036311626353,146.91093296378904,1021341.5330060052,36.56608575083566,36.73967675279403,36.03857173417446,36.081804485424215,56234807.06418421,53.79919262255233,54.39288946859268,52.43106410249828,52.860111506246746,5069600.090672596,42.97974638541517,43.64401518036177,42.126214097499684,42.1035026347917,20840053.278485086,275.1537107635706,275.49965871245837,271.6327558426087,271.66305928791803,9349776.605284946,,,,,,24.316821462860197,25.249256440892417,24.176027960470716,24.731418974959823,11136922.52826673,142.92051182639523,143.94255717987778,139.60068621746402,141.0779996623457,2041158.2219195687,5.755836171754818,5.441913270764261,5.5038274500671625,5.157059481068343,23577982.400920574,56.27680064311766,56.36043882877371,55.5715586408434,55.5901562623295,9252147.678734832,94.19019664772601,94.27099459643205,93.62113999183083,93.6920013556853,7468078.774342065,54.079963177282934,54.233070942412674,53.73449453927993,53.87298739914986,11553479.330209108,51.72267811990674,51.67868592318463,51.57697262730136,51.63365476961226,3029553.860269713,93.74492050115765,94.25969410529711,93.67302067458799,94.30713866857722,3535503.356071664,11.33070394292428,11.575425725184566,11.121350519557856,11.205043305925535,22647833.241479054,26.263886106193098,26.467780008817382,26.05907207167357,26.311288325570505,14211644.876526412,107.20089159168383,107.17831082145902,106.18047787502326,106.24308967225136,32607577.658945296,70.85527294393935,72.24707723384202,70.10978744827938,70.3502615017124,2738096.6552579245,92.61983644155403,92.71345921793426,92.27504622122277,92.34898136831569,4188424.2056849217,136.34502103264762,139.38067988318085,135.17365746503745,136.32658258565135,2730630.6605141643,110.68807291102975,113.81118402736377,110.195552136976,113.09083874321594,7647687.275747321,45.48267839407543,46.286323483574066,43.80912090097618,43.80171179618461,10632235.038967246,129.08130426672878,133.31581713800898,128.553963169255,130.1200181734535,2734596.338743571,54.38004707683679,56.4788661801208,52.627166065463484,52.35470559944417,1581095.926721963,246.1832829889802,253.62796412544793,244.5757416727616,248.41251031646703,560720.6033622993,92.38765743477776,93.5195408927378,91.4155087827355,91.8289718705899,4404665.790448879,45.450726323654926,46.64220377042482,44.91058163806166,45.80526391470908,12174264.321646072,25.1787625203788,25.732935384772926,24.58556531718328,24.892824189025376,3417664.4967083787,61.19812928598625,61.61025808310691,60.48976072752579,60.60491689179694,3199130.7941231905,168.54493228522523,170.71442092819632,167.81400271828244,170.23356815430276,9468664.563540058,107.84254671528501,110.13406325450939,107.63503400330494,109.94643825642925,1256819.8738452143,91.66502720534206,93.96683474417256,90.71746991112124,90.62781503064146,1331832.390356262,67.02433077322878,67.47494524434119,66.86368934332472,66.82647554224295,5610017.026156314,81.94346793009787,81.98607327257601,81.85485325761829,81.8851840754067,3794428.715804052,39.92498833633366,40.63,39.61135754522366,40.07709257380942,14659279.490787301,30.72202033898585,30.923476194122156,30.130942703446905,30.219621299208317,21374209.411886472,32.806108273575504,32.79468645833644,32.67653657043279,32.62999670937368,7428930.886675028,26.939680029721448,26.998034565693658,26.621096346758577,26.71001364615232,4560031.306876936,49.57898349077997,50.19505480426255,49.45068126325388,50.031597139984,2802498.013505891,122.7491820912519,126.39315424264251,121.80269522911357,122.91437722100181,1720316.592047024,56.93590077964769,57.838028987951816,56.881292966458886,57.41750436656176,2299011.215671793,40.4365707188172,41.49444113967134,39.78142203785184,40.19789631817866,3646009.695670628,108.46322855844151,108.55506552781296,108.04183928058144,108.1952937497906,2235822.6105414927,181.72539521501218,187.43032714555622,180.44514199239399,187.03222702933118,1934242.266345556,23.509493146502937,23.83392292214022,23.24579174930745,23.766144920162734,3218094.549778683,9.42825670473756,9.548356217580606,9.278698395915477,9.278745669979932,32443389.41611648,80.23510067887025,80.20745147299996,79.69909448847311,79.83274101810126,7761824.523504214,77.6809728773661,77.67492058944016,77.45481996011496,77.45709623937589,4822478.087258852,51.008533881702476,51.184170966069644,50.85003459724367,51.11670823019994,14007954.43487896,58.513941913270735,58.54953101221908,58.25391498268694,58.298095090985875,3835828.767060312,70.7089222701295,70.86719653934239,70.45896199825835,70.81563817046948,5009829.323301158,56.712161730841274,56.80345330545463,56.00515230641643,56.15789075039238,2478533.7874040836,57.92467518517086,57.95681339576311,57.86913595370154,57.8816166706522,3598407.740896878,167.5354092846227,169.32106839236914,166.9794122766264,168.55453932659677,3123392.738645005,114.75692185064251,115.86981554160279,114.3211541943861,115.72797840996728,2115129.6806417615,45.24057301965888,45.33254140424019,44.8955932369395,45.00256463489093,8781853.864305023,62.27816908799981,62.40637753415437,62.07185405469453,62.23748655966631,4685719.48563498,125.51143913044166,126.87049734324964,125.10880206081305,126.35088950994404,1261600.5069101686,55.774288824897766,55.9150901714833,54.88854184617752,55.74295062896237,8220553.756290258,72.38574302267851,73.64882260585253,71.05007326307042,71.18945318762671,1687590.9720226093,84.45107677161967,85.47154136013367,83.91967922813792,84.60500410254302,5237508.908593468,86.49042329701437,88.06433294846595,85.92625921115676,86.79278120038236,17285610.41286865,107.67286276443346,109.92939964637425,106.6304963939215,107.54126048530132,17883394.651946895,37.82689501961756,38.072517935533654,37.36301276437752,37.79247261001752,6179138.536676225,45.06286322504835,45.49071732120715,42.86855500077931,42.74788487887476,4887367.5163742285
1934,115.21054895234295,116.29509023394546,114.78006767187348,116.1084374768899,3186491.7561206473,102.311766833384,104.3313039949362,100.82363095869152,101.32008545144295,2680542.940768837,97.84616523193121,97.89431084344781,97.3737975060062,97.43873586483079,8710824.230937038,6.6345244860324515,6.734882453944728,6.156248333882639,6.170586881889853,21613950.24729187,71.97960214504093,73.84915758197857,70.65512076945691,72.45214885547205,2630950.073353091,471.03881845577723,482.49709240759796,468.92045958429605,480.8658404296772,550340.1305936205,15.061402120883885,15.408845009692879,15.042573407144758,15.350926610052236,23443268.151316006,41.4355793818292,42.59351957517443,41.210171218423206,42.061768333616094,7276201.419219072,48.1673815512898,48.16069758570032,48.03310575817593,48.01391951806129,4063676.828661643,72.41035401886712,72.44469161856951,72.05541747211439,72.20374859494338,6801355.410692069,31.856625111555463,32.06486275703014,31.67151260894835,31.789462195609524,10715583.32167707,77.2378973618729,77.26871987852766,77.09490501626297,77.12268807502498,2211328.1940586017,331.74446989724123,338.70283887911836,329.6824383238126,334.25256229009955,2507803.4922798662,41.804426469851066,42.95407994367563,41.30453277206151,42.21808666650893,4640365.590088929,9.726909714807952,10.315854249258413,9.526399153120387,9.819911180367301,19627971.348041795,95.39412488273098,98.73332816983773,95.45678408828924,96.14674787855712,9739515.65118842,12.929174051371332,13.230282721212106,12.743665346629244,13.087428411554617,13569284.047814798,151.74845225479035,152.52745974004492,150.07261805466294,150.42432470994484,8990657.868179567,465.3485819289839,480.316531451933,465.4138108469745,471.8240721997064,1440475.9688123611,33.51519622986103,34.25983994996126,33.12441461653288,34.14121409630824,9973472.737319356,43.80195012863774,43.91300511855554,43.48957032536255,43.55334345126281,26764502.396901194,82.24043165472435,82.40101055181557,81.94047009107572,82.28050054166208,16979085.520887814,89.80121761018987,89.78352521938639,89.61745853078874,89.71396441319219,6809975.0462016035,41.91002280801591,42.25787510377406,41.536184538712114,42.149607364024156,4223970.953287129,119.84050094015716,123.29951051177811,118.62957219992097,122.01659299340034,3881069.60774085,69.27571015992714,69.55660071826091,69.07380115205899,69.369495570865,4294951.353870015,49.675793197283845,49.81023880645512,49.35518049574347,49.69048112875321,2941333.966607574,55.29596369987918,55.59796623216275,55.17713539404964,55.309212476155906,3691184.789969642,24.801168281940104,24.88384120177011,24.354136646004218,24.361557248238753,22595648.222659424,37.42855252943676,38.71648692349543,36.607617593018915,36.45228730408399,15009404.265946234,149.6238041007916,152.813071101316,147.3036311626353,146.91093296378904,1021341.5330060052,36.56608575083566,36.73967675279403,36.03857173417446,36.081804485424215,56234807.06418423,53.79919259866055,54.39288944997589,52.431063983739804,52.86011150564386,5069600.090672596,42.97974638414023,43.64401518036177,42.12621409749921,42.103502634769086,20840053.278485086,275.1537107635706,275.49965871245837,271.6327558426087,271.6630592663857,9349776.605284946,,,,,,24.316821462860197,25.249256440892417,24.176027960470716,24.707648513089197,11136922.52826673,142.92051182639523,143.94255717987778,139.60068621746402,141.0779996623457,2041158.2219195687,5.755836171754818,5.436576272212038,5.5038274500671625,5.152582542246484,23577982.400920574,56.27680064311766,56.36043882877371,55.5715586408434,55.59015625938717,9252147.678734832,94.19019664772601,94.27099459643205,93.62113999183083,93.68914150382564,7468078.774342065,54.079963177282934,54.233070942412674,53.73449453927993,53.87298739914986,11553479.330209108,51.72267811990674,51.67868475121704,51.57697262730136,51.63365477129422,3029553.860269713,93.74492050115765,94.25969410529711,93.67302067458799,94.30713866857722,3535503.356071664,11.330703942924268,11.575425725184566,11.121350519557856,11.205043305926198,22647833.241479054,26.263886106193098,26.467780008817382,26.05907207167357,26.311288325570505,14211644.876526412,107.20089159168383,107.17831082145902,106.18047787502326,106.24308967225136,32607577.658945296,70.855271413533,72.24707723384202,70.10978744827938,70.3502615017124,2738096.6552579245,92.61983644155403,92.71345921793426,92.27504622122277,92.34898136831569,4188424.2056849217,136.34502103264728,139.38067988318085,135.17365746503745,136.32658258565135,2730630.6605141643,110.68807291102975,113.81118406167812,110.195552136976,113.09083874321594,7647687.275747321,45.48267839407543,46.286323483574066,43.80912090097618,43.80171179618461,10632235.038967246,129.08129727366716,133.31581713800898,128.553963169255,130.07978302085866,2734596.338743571,54.38004707624037,56.4788661801208,52.627166065463484,52.35470559944417,1581095.926721963,246.1832829889802,253.62796412544793,244.5757416727616,248.41251024192775,560720.6033622993,92.38765743477776,93.5195408927378,91.4155087827355,91.8289718705899,4404665.790448879,45.450726323654926,46.64220377042482,44.91058163806166,45.80526391470908,12174264.321646072,25.178762478574566,25.732935383542515,24.58556498831471,24.8928241890253,3417664.496708298,61.19812928598625,61.610257867182824,60.48979840203112,60.60491689179694,3199130.7941231905,168.54493228522523,170.71442092819632,167.81400271828244,170.23356815430276,9468664.563540058,107.84254671528501,110.13406325450939,107.63503400330494,109.94643825642925,1256819.8738452143,91.66064396438045,93.96683474417256,90.71480583015293,90.62781503064146,1331832.390356262,67.02433077322878,67.47494524434119,66.86364346773102,66.82647554224295,5610017.026156314,81.94346793009787,81.98607327257601,81.85485325761829,81.8851840754067,3794428.715804052,39.92498833633366,40.63,39.61135754522366,40.07709257380942,14659279.490787301,30.722020338985853,30.923476194122156,30.130942703446905,30.219555104684364,21374209.411800746,32.806108273575504,32.79468645833644,32.67653657043279,32.62999670937368,7428930.886675028,26.939680029721448,26.998034565693658,26.621096346758577,26.71001364615232,4560031.306876936,49.57898349077997,50.19505480426255,49.45068126325388,50.031597139984,2802498.013505891,122.7491820912519,126.39315424264251,121.80269522911357,122.91437722100181,1720316.592047024,56.9359008665864,57.838028987951816,56.881292966458886,57.41750436656176,2299011.215671793,40.436475450787704,41.49444113967134,39.78142203785184,40.19789631817866,3646009.6956706275,108.46322855844151,108.55506552781296,108.04183601562163,108.1952937497906,2235822.6105414927,181.72539521501218,187.43032714558808,180.44514199239399,187.03222702933118,1934242.266345556,23.509493146502937,23.83392292214022,23.24579174930745,23.766144920162734,3218094.549778683,9.428092406382165,9.548356217580606,9.278698395915477,9.278745669979932,32443389.41611648,80.23510067887025,80.20745147299996,79.69909448847311,79.83274101808405,7761824.523504214,77.6809728773661,77.6749205896084,77.4548199601146,77.45709623937589,4822478.087258852,51.008533881702476,51.18417096606962,50.85003459724367,51.11670823019994,14007954.43487896,58.513941913270735,58.54952988980555,58.25391498268694,58.30000685426914,3835828.767060312,70.7089222701295,70.86719653934239,70.45896199825835,70.81563817046948,5009829.323301158,56.712161730841274,56.80345330545463,56.00515230641643,56.15789075039238,2478533.7874040836,57.92467518517086,57.95681339576311,57.86913595370154,57.8816166706522,3598407.740896878,167.5354092846227,169.32106839236914,166.9794122766264,168.55453932659677,3123392.738645005,114.75692185064251,115.86981554160279,114.3211541943861,115.72797840996728,2115129.6806417615,45.24057301965888,45.33254140424019,44.8955932369395,45.00256463489093,8781853.864307975,62.27816908799981,62.40637753415002,62.07185405469453,62.23748655966631,4685719.48563498,125.51143913044166,126.87049734324964,125.10880206081305,126.35102468629786,1261600.5069101686,55.68988005328542,55.91509017155983,54.88854184617752,55.74295062896237,8220553.756290258,72.3857431153059,73.64882260585253,71.05007326307042,71.18945318762671,1687590.9720226093,84.45107677161967,85.47154136013367,83.91967922813792,84.60500410254302,5237508.908453573,86.49042329701437,88.06433294846595,85.92625921115676,86.79278120038236,17285610.412868652,107.67286276443346,109.92939964637425,106.63049644165103,107.54126048530132,17883394.651946895,,,,,,45.06286322504835,45.49071732120715,42.86855500077931,42.74788487887476,4887367.5163742285
1936,115.21054895234295,116.29509023394546,114.78006767187348,116.1084374768899,3186491.7561206473,102.311766833384,104.3313039949362,100.82363095869152,101.32008545144295,2680542.940768837,97.84616523193121,97.89431084344781,97.3737975060062,97.43873586483079,8710824.230937038,6.634524483852386,6.734882453944728,6.156248333882639,6.170586881889853,21613950.247242115,71.97960214504093,73.84915758197857,70.65512076945691,72.6912538822758,2630950.073353091,471.03881845577723,482.49709240759796,468.92045958429605,480.8658404296772,550340.1305936205,15.061402120883885,15.408845009692879,15.042835843315995,15.350926780753007,23443268.151316006,41.4355793818292,42.59351957517443,41.210171218423206,42.061768333616094,7276201.419219072,48.1673815512898,48.160697580006314,48.03310575817475,48.01391951806129,4063676.828661643,72.41035401886712,72.44469161856951,72.05541747211439,72.20374859494338,6801355.410692069,31.856625111555463,32.06486275703019,31.671512885856167,31.789462195609524,10715583.32167707,77.2378973618729,77.26871987852766,77.09490501626297,77.12268807502498,2211328.1940586017,331.7444709290809,338.702838896166,329.6824383238126,334.0871707479448,2507803.4922798662,41.804426469851066,42.95407994367563,41.304532772061506,42.21808666650893,4640365.590088929,9.726909714807952,10.315884334379147,9.526399153120387,9.819911180367301,19627971.348041795,95.39412488273098,98.73332816983773,95.45678408828924,96.14674787855712,9739515.65118842,12.929174051371332,13.230282721212106,12.743665346629244,13.087428411554617,13569284.047814798,151.74845225479035,152.52745974004492,150.07261805466294,150.42432470994484,8990657.868179567,465.3485819289839,480.31653148763786,465.4138114512264,471.8240721997064,1440475.9688123611,33.51519622986103,34.25983994996126,33.12441461653288,34.14121409630824,9973472.737319356,43.80195012863774,43.91300511855554,43.48957032536255,43.55334345126281,26764502.396901205,82.24043165472435,82.40101055181556,81.94047009107572,82.28050054166208,16979085.520887814,89.80121761018987,89.78352521938638,89.61745853078874,89.71396441319219,6809975.0462016035,41.91002280801591,42.25787510377406,41.536196569866824,42.149607364024156,4223970.953287129,119.84050094015716,123.29951051177811,118.62957219992097,122.01659299340034,3881069.60774085,69.27571015992714,69.55660071826091,69.07380115205899,69.369495570865,4294951.353870015,49.67556609055048,49.81023880645512,49.35518049574347,49.69048112875321,2941333.966607574,55.29596369987918,55.59796623216275,55.17713539404964,55.309212476155906,3691184.789969642,24.80116848375021,24.88384120177011,24.354136654976532,24.361557248238753,22595648.222659424,37.42855252943676,38.724433803039354,36.607617593018915,36.45228730408399,15009404.265946217,149.6238041007916,152.813071101316,147.3036311626353,146.91093296378904,1021341.5330060052,36.56608575083566,36.73967675279403,36.03857173417446,36.081804485424215,56234807.06418425,53.79919257986376,54.392889435356416,52.431063887822454,52.86011150609949,5069600.090672596,42.97974638316729,43.64401518036177,42.12621409749953,42.10350263478561,20840053.278485086,275.1537107635706,275.49965871245837,271.6327558426087,271.6630592832566,9349776.605284946,,,,,,24.316821462860197,25.249256440892417,24.176027960470716,24.731091918071147,11136922.52826673,142.92051182639523,143.94255717987778,139.60068621746402,141.0779996623457,2041158.2219195687,5.755836171754818,5.431270536791705,5.5038274500671625,5.1481330462037995,23577982.400920574,56.27680064311766,56.36043882877371,55.5715586408434,55.590156261676356,9252147.678734832,94.19019664772601,94.27099459643205,93.62113999183083,93.69193073975629,7468078.774342065,54.079963177282934,54.233070942412674,53.73449453927993,53.87298739914986,11553479.330209108,51.72267811990674,51.67868576853808,51.57697262730136,51.63365476995507,3029553.860269713,93.74492050115765,94.25969410529711,93.67302067458799,94.30713866857722,3535503.356071664,11.330703942924261,11.575425725184566,11.121350519557856,11.205043305925734,22647833.241479054,26.263886106193098,26.467780008817382,26.05907207167357,26.311288325570505,14211644.876526412,107.20089159168383,107.17831082145902,106.18047787502326,106.24308967225136,32607577.658945296,70.85527274750741,72.24707723384202,70.10978744827938,70.3502615017124,2738096.6552579245,92.61983644155403,92.71345921793426,92.27504622122277,92.34898136831569,4188424.2056849217,136.3450210326475,139.38067988318085,135.17365746503745,136.32658258565135,2730630.6605141643,110.68807291102975,113.81118403441819,110.195552136976,113.09083874321594,7647687.275747321,45.48267839407543,46.286323483574066,43.80912090097618,43.80171179618461,10632235.038967246,129.08130324744988,133.31581713800898,128.553963169255,130.1194754585364,2734596.338743571,54.38004707580179,56.4788661801208,52.627166065463484,52.35470559944417,1581095.926721963,246.1832829889802,253.62796412544793,244.5757416727616,248.4125101821925,560720.6033622993,92.38765743477776,93.5195408927378,91.4155087827355,91.8289718705899,4404665.790448879,45.450726323654926,46.64220377042482,44.91058163806166,45.80526391470908,12174264.321646072,25.178762444952536,25.73293538261114,24.585564715392753,24.89282418902525,3417664.496708247,61.19812928598625,61.61025804546246,60.48976418099683,60.60491689179694,3199130.7941231905,168.54493228522523,170.71442092819632,167.81400271828244,170.23356815430276,9468664.563540058,107.84254671528501,110.13406325450939,107.63503400330494,109.94643825642925,1256819.8738452143,91.66486256080287,93.96683474417256,90.71732413588582,90.62781503064146,1331832.390356262,67.02433077322878,67.47494524434119,66.86368424792363,66.82647554224295,5610017.026156314,81.94346793009787,81.98607327257601,81.85485325761829,81.8851840754067,3794428.715804052,39.92498833633366,40.63,39.61135754522366,40.07709257380942,14659279.490787301,30.722020338985853,30.923476194122156,30.130942703446905,30.219615151645772,21374209.41174185,32.806108273575504,32.79468645833644,32.67653657043279,32.62999670937368,7428930.886675028,26.939680029721448,26.998034565693658,26.621096346758577,26.71001364615232,4560031.306876936,49.57898349077997,50.19505480426255,49.45068126325388,50.031597139984,2802498.013505891,122.7491820912519,126.39315424264251,121.80269522911357,122.91437722100181,1720316.592047024,56.93590079576489,57.838028987951816,56.881292966458886,57.41750436656176,2299011.215671793,40.43656164676581,41.49444113967134,39.78142203785184,40.19789631817866,3646009.6956706275,108.46322855844151,108.55506552781296,108.04183311193283,108.1952937497906,2235822.6105414927,181.72539521501218,187.4303271455654,180.44514199239399,187.03222702933118,1934242.266345556,23.509493146502937,23.83392292214022,23.24579174930745,23.766144920162734,3218094.549778683,9.42824556088656,9.548356217580606,9.278698395915477,9.278745669979932,32443389.41611648,80.23510067887025,80.20745147299996,79.69909448847311,79.83274101807169,7761824.523504214,77.6809728773661,77.67492058947917,77.45481996011436,77.45709623937589,4822478.087258852,51.008533881702476,51.18417096606961,50.85003459724367,51.11670823019994,14007954.43487896,58.513941913270735,58.54953086363239,58.25391498268694,58.29811257189354,3835828.767060312,70.7089222701295,70.86719653934239,70.45896199825835,70.81563817046948,5009829.323301158,56.712161730841274,56.80345330545463,56.00515230641643,56.15789075039238,2478533.7874040836,57.92467518517086,57.95681339576311,57.86913595370154,57.8816166706522,3598407.740896878,167.5354092846227,169.32106839236914,166.9794122766264,168.55453932659677,3123392.738645005,114.75692185064251,115.86981554160279,114.3211541943861,115.72797840996728,2115129.6806417615,45.24057301965888,45.33254140424019,44.8955932369395,45.00256463489093,8781853.864309978,62.27816908799981,62.40637753414691,62.07185405469453,62.23748655966631,4685719.48563498,125.51143913044166,126.87049734324964,125.10880206081305,126.3508951036743,1261600.5069101686,55.77401985577788,55.915090171504154,54.88854184617752,55.74295062896237,8220553.756290258,72.38574304012124,73.64882260585253,71.05007326307042,71.18945318762671,1687590.9720226093,84.45107677161967,85.47154136013367,83.91967922813792,84.60500410254302,5237508.908349364,86.49042329701437,88.06433294846595,85.92625921115676,86.79278120038236,17285610.412868656,107.67286276443346,109.92939964637425,106.63049640260802,107.54126048530132,17883394.651946895,,,,,,45.06286322504835,45.49071732120715,42.86855500077931,42.74788487887476,4887367.5163742285
1937,115.21054895234295,116.29509023394546,114.78006767187348,116.1084374768899,3186491.7561206473,102.311766833384,104.3313039949362,100.82363095869152,101.32008545144295,2680542.940768837,97.84616523193121,97.89431084344781,97.3737975060062,97.43873586483079,8710824.230937038,6.634524485529766,6.734882453944728,6.156248333882639,6.170586881889853,21613950.247207887,71.97960214504093,73.84915758197857,70.65512076945691,72.45596973259266,2630950.073353091,471.03881845577723,482.49709240759796,468.92045958429605,480.8658404296772,550340.1305936205,15.061402120883885,15.408845009692879,15.04259085051055,15.350926632319545,23443268.151316006,41.4355793818292,42.59351957517443,41.210171218423206,42.061768333616094,7276201.419219072,48.1673815512898,48.16069757540141,48.0331057581739,48.01391951806129,4063676.828661643,72.41035401886712,72.44469161856951,72.05541747211439,72.20374859494338,6801355.410692069,31.856625111555463,32.064862757030156,31.671512653097512,31.789462195609524,10715583.32167707,77.2378973618729,77.26871987852766,77.09490501626297,77.12268807502498,2211328.1940586017,331.7444700549254,338.7028388827622,329.6824383238126,334.24982742852217,2507803.4922798662,41.804426469851066,42.95407994367563,41.30453277206151,42.21808666650893,4640365.590088929,9.726909714807952,10.31585702879675,9.526399153120387,9.819911180367301,19627971.348041795,95.39412488273098,98.73332816983773,95.45678408828924,96.14674787855712,9739515.65118842,12.929174051371332,13.230282721212106,12.743665346629244,13.087428411554617,13569284.047814798,151.74845225479035,152.52745974004492,150.07261805466294,150.42432470994484,8990657.868179567,465.3485819289839,480.3165315157109,465.41381195001696,471.8240721997064,1440475.9688123611,33.51519622986103,34.25983994996126,33.12441461653288,34.14121409630824,9973472.737319356,43.80195012863774,43.91300511855554,43.48957032536255,43.55334345126281,26764502.396901213,82.24043165472435,82.40101055181556,81.94047009107572,82.28050054166208,16979085.520887814,89.80121761018987,89.78352521938636,89.61745853078874,89.71396441319219,6809975.0462016035,41.91002280801591,42.25787510377406,41.5361860282358,42.149607364024156,4223970.953287129,119.84050094015716,123.29951051177811,118.62957219992097,122.01659299340034,3881069.60774085,69.27571015992714,69.55660071826091,69.07380115205899,69.369495570865,4294951.353870015,49.675775914263326,49.81023880645512,49.35518049574347,49.69048112875321,2941333.966607574,55.29596369987918,55.59796623216275,55.17713539404964,55.309212476155906,3691184.789969642,24.80116865630429,24.88384120177011,24.354136662550466,24.361557248238753,22595648.222659424,37.42855252943676,38.716820670622994,36.607617593018915,36.45228730408399,15009404.265946206,149.6238041007916,152.813071101316,147.3036311626353,146.91093296378904,1021341.5330060052,36.56608575083566,36.73967675279403,36.03857173417446,36.081804485424215,56234807.064184256,53.799192565075444,54.39288942387598,52.43106381035314,52.86011150575515,5069600.090672596,42.979746382424814,43.64401518036177,42.126214097499314,42.103502634773534,20840053.278485086,275.1537107635706,275.49965871245837,271.6327558426087,271.663059270038,9349776.605284946,,,,,,24.316821462860197,25.249256440892417,24.176027960470716,24.70797107001447,11136922.52826673,142.92051182639523,143.94255717987778,139.60068621746402,141.0779996623457,2041158.2219195687,5.755836171754818,5.425995881369728,5.5038274500671625,5.143710824721298,23577982.400920574,56.27680064311766,56.36043882877371,55.5715586408434,55.59015625989532,9252147.678734832,94.19019664772601,94.27099459643205,93.62113999183083,93.68921037609462,7468078.774342065,54.079963177282934,54.233070942412674,53.73449453927993,53.87298739914986,11553479.330209108,51.72267811990674,51.678684885457265,51.57697262730136,51.63365477102127,3029553.860269713,93.74492050115765,94.25969410529711,93.67302067458799,94.30713866857722,3535503.356071664,11.330703942924256,11.575425725184566,11.121350519557856,11.205043305926058,22647833.241479054,26.263886106193098,26.467780008817382,26.05907207167357,26.311288325570505,14211644.876526412,107.20089159168383,107.17831082145902,106.18047787502326,106.24308967225136,32607577.658945296,70.85527158475236,72.24707723384202,70.10978744827938,70.3502615017124,2738096.6552579245,92.61983644155403,92.71345921793426,92.27504622122277,92.34898136831569,4188424.2056849217,136.34502103264737,139.38067988318085,135.17365746503745,136.32658258565135,2730630.6605141643,110.68807291102975,113.81118405607396,110.195552136976,113.09083874321594,7647687.275747321,45.48267839407543,46.286323483574066,43.80912090097618,43.80171179618461,10632235.038967246,129.0812981443803,133.31581713800898,128.553963169255,130.08031841532429,2734596.338743571,54.380047075479276,56.4788661801208,52.627166065463484,52.35470559944417,1581095.926721963,246.1832829889802,253.62796412544793,244.5757416727616,248.41251013432114,560720.6033622993,92.38765743477776,93.5195408927378,91.4155087827355,91.8289718705899,4404665.790448879,45.450726323654926,46.64220377042482,44.91058163806166,45.80526391470908,12174264.321646072,25.178762417911233,25.73293538190612,24.585564488899852,24.89282418902522,3417664.4967082143,61.19812928598625,61.6102578982643,60.48979526512594,60.60491689179694,3199130.7941231905,168.54493228522523,170.71442092819632,167.81400271828244,170.23356815430276,9468664.563540058,107.84254671528501,110.13406325450939,107.63503400330494,109.94643825642925,1256819.8738452143,91.6608024244948,93.96683474417256,90.7149436287467,90.62781503064146,1331832.390356262,67.02433077322878,67.47494524434119,66.86364799718604,66.82647554224295,5610017.026156314,81.94346793009787,81.98607327257601,81.85485325761829,81.8851840754067,3794428.715804052,39.92498833633366,40.63,39.61135754522366,40.07709257380942,14659279.490787301,30.722020338985853,30.923476194122156,30.130942703446905,30.219560681315613,21374209.41170138,32.806108273575504,32.79468645833644,32.67653657043279,32.62999670937368,7428930.886675028,26.939680029721448,26.998034565693658,26.621096346758577,26.71001364615232,4560031.306876936,49.57898349077997,50.19505480426255,49.45068126325388,50.031597139984,2802498.013505891,122.7491820912519,126.39315424264251,121.80269522911357,122.91437722100181,1720316.592047024,56.935900853457106,57.838028987951816,56.881292966458886,57.41750436656176,2299011.215671793,40.43648365893841,41.49444113967134,39.78142203785184,40.19789631817866,3646009.6956706275,108.46322855844151,108.55506552781296,108.04183052954006,108.1952937497906,2235822.6105414927,181.72539521501218,187.43032714558151,180.44514199239399,187.03222702933118,1934242.266345556,23.509493146502937,23.83392292214022,23.24579174930745,23.766144920162734,3218094.549778683,9.428102794380104,9.548356217580606,9.278698395915477,9.278745669979932,32443389.41611648,80.23510067887025,80.20745147299996,79.69909448847311,79.83274101806279,7761824.523504214,77.6809728773661,77.67492058957845,77.4548199601142,77.45709623937589,4822478.087258852,51.008533881702476,51.1841709660696,50.85003459724367,51.11670823019994,14007954.43487896,58.513941913270735,58.54953001872212,58.25391498268694,58.29998953320456,3835828.767060312,70.7089222701295,70.86719653934239,70.45896199825835,70.81563817046948,5009829.323301158,56.712161730841274,56.80345330545463,56.00515230641643,56.15789075039238,2478533.7874040836,57.92467518517086,57.95681339576311,57.86913595370154,57.8816166706522,3598407.740896878,167.5354092846227,169.32106839236914,166.9794122766264,168.55453932659677,3123392.738645005,114.75692185064251,115.86981554160279,114.3211541943861,115.72797840996728,2115129.6806417615,45.24057301965888,45.33254140424019,44.8955932369395,45.00256463489093,8781853.864311336,62.27816908799981,62.4063775341447,62.07185405469453,62.23748655966631,4685719.48563498,125.51143913044166,126.87049734324964,125.10880206081305,126.35101932404166,1261600.5069101686,55.69014816533338,55.91509017154466,54.88854184617752,55.74295062896237,8220553.756290258,72.38574310114782,73.64882260585253,71.05007326307042,71.18945318762671,1687590.9720226093,84.45107677161967,85.47154136013367,83.91967922813792,84.60500410254302,5237508.908271738,86.49042329701437,88.06433294846595,85.92625921115676,86.79278120038236,17285610.412868656,107.67286276443346,109.92939964637425,106.63049643454544,107.54126048530132,17883394.651946895,,,,,,45.06286322504835,45.49071732120715,42.86855500077931,42.74788487887476,4887367.5163742285
1938,115.21054895234295,116.29509023394546,114.78006767187348,116.1084374768899,3186491.7561206473,102.311766833384,104.3313039949362,100.82363095869152,101.32008545144295,2680542.940768837,97.84616523193121,97.89431084344781,97.3737975060062,97.43873586483079,8710824.230937038,6.634524484239161,6.734882453944728,6.156248333882639,6.170586881889853,21613950.24718434,71.97960214504093,73.84915758197857,70.65512076945691,72.68749406243269,2630950.073353091,471.03881845577723,482.49709240759796,468.92045958429605,480.8658404296772,550340.1305936205,15.061402120883885,15.408845009692879,15.04281955935978,15.350926761390388,23443268.151316006,41.4355793818292,42.59351957517443,41.210171218423206,42.061768333616094,7276201.419219072,48.1673815512898,48.16069757167728,48.03310575817329,48.01391951806129,4063676.828661643,72.41035401886712,72.44469161856951,72.05541747211439,72.20374859494338,6801355.410692069,31.856625111555463,32.06486275703018,31.671512848745984,31.789462195609524,10715583.32167707,77.2378973618729,77.26871987852766,77.09490501626297,77.12268807502498,2211328.1940586017,331.7444707954938,338.70283889330096,329.6824383238126,334.08986038672697,2507803.4922798662,41.804426469851066,42.95407994367563,41.30453277206151,42.21808666650893,4640365.590088929,9.726909714807952,10.315881811639958,9.526399153120387,9.819911180367301,19627971.348041795,95.39412488273098,98.73332816983773,95.45678408828924,96.14674787855712,9739515.65118842,12.929174051371332,13.230282721212106,12.743665346629244,13.087428411554617,13569284.047814798,151.74845225479035,152.52745974004492,150.07261805466294,150.42432470994484,8990657.868179567,465.3485819289839,480.31653153778336,465.41381236175255,471.8240721997064,1440475.9688123611,33.51519622986103,34.25983994996126,33.12441461653288,34.14121409630824,9973472.737319356,43.80195012863774,43.91300511855554,43.48957032536255,43.55334345126281,26764502.396901216,82.24043165472435,82.40101055181556,81.94047009107572,82.28050054166208,16979085.520887814,89.80121761018987,89.78352521938636,89.61745853078874,89.71396441319219,6809975.0462016035,41.91002280801591,42.25787510377406,41.53619526475444,42.149607364024156,4223970.953287129,119.84050094015716,123.29951051177811,118.62957219992097,122.01659299340034,3881069.60774085,69.27571015992714,69.55660071826091,69.07380115205899,69.369495570865,4294951.353870015,49.675582058318064,49.81023880645512,49.35518049574347,49.69048112875321,2941333.966607574,55.29596369987918,55.59796623216275,55.17713539404964,55.309212476155906,3691184.789969642,24.801168803843538,24.88384120177011,24.354136668943966,24.361557248238753,22595648.222659424,37.42855252943676,38.72411407237505,36.607617593018915,36.45228730408399,15009404.2659462,149.6238041007916,152.813071101316,147.3036311626353,146.91093296378904,1021341.5330060052,36.56608575083566,36.73967675279403,36.03857173417446,36.081804485424215,56234807.06418426,53.79919255344078,54.39288941486057,52.431063747783696,52.860111506015386,5069600.090672596,42.97974638185821,43.64401518036177,42.12621409749946,42.10350263478236,20840053.278485086,275.1537107635706,275.49965871245837,271.6327558426087,271.663059280395,9349776.605284946,,,,,,24.316821462860197,25.249256440892417,24.176027960470716,24.730773799194445,11136922.52826673,142.92051182639523,143.94255717987778,139.60068621746402,141.0779996623457,2041158.2219195687,5.755836171754818,5.420752123885331,5.5038274500671625,5.13931571061114,23577982.400920574,56.27680064311766,56.36043882877371,55.5715586408434,55.590156261280995,9252147.678734832,94.19019664772601,94.27099459643205,93.62113999183083,93.69186356809261,7468078.774342065,54.079963177282934,54.233070942412674,53.73449453927993,53.87298739914986,11553479.330209108,51.72267811990674,51.67868565201148,51.57697262730136,51.633654770172384,3029553.860269713,93.74492050115765,94.25969410529711,93.67302067458799,94.30713866857722,3535503.356071664,11.330703942924252,11.575425725184566,11.121350519557856,11.20504330592583,22647833.241479054,26.263886106193098,26.467780008817382,26.05907207167357,26.311288325570505,14211644.876526412,107.20089159168383,107.17831082145902,106.18047787502326,106.24308967225136,32607577.658945296,70.85527259826453,72.24707723384202,70.10978744827938,70.3502615017124,2738096.6552579245,92.61983644155403,92.71345921793426,92.27504622122277,92.34898136831569,4188424.2056849217,136.34502103264748,139.38067988318085,135.17365746503745,136.32658258565135,2730630.6605141643,110.68807291102975,113.81118403887024,110.195552136976,113.09083874321594,7647687.275747321,45.48267839407543,46.286323483574066,43.80912090097618,43.80171179618461,10632235.038967246,129.0813025036482,133.31581713800898,128.553963169255,130.11894728577977,2734596.338743571,54.38004707524211,56.4788661801208,52.627166065463484,52.35470559944417,1581095.926721963,246.1832829889802,253.62796412544793,244.5757416727616,248.41251009595737,560720.6033622993,92.38765743477776,93.5195408927378,91.4155087827355,91.8289718705899,4404665.790448879,45.450726323654926,46.64220377042482,44.91058163806166,45.80526391470908,12174264.321646072,25.178762396162636,25.73293538137245,24.58556430093757,24.892824189025198,3417664.496708194,61.19812928598625,61.610258019799765,60.48976703035447,60.60491689179694,3199130.7941231905,168.54493228522523,170.71442092819632,167.81400271828244,170.23356815430276,9468664.563540058,107.84254671528501,110.13406325450939,107.63503400330494,109.94643825642925,1256819.8738452143,91.66471005281225,93.96683474417256,90.71719387746171,90.62781503064146,1331832.390356262,67.02433077322878,67.47494524434119,66.86368022155507,66.82647554224295,5610017.026156314,81.94346793009787,81.98607327257601,81.85485325761829,81.8851840754067,3794428.715804052,39.92498833633366,40.63,39.61135754522366,40.07709257380942,14659279.490787301,30.722020338985853,30.923476194122156,30.130942703446905,30.21961009292276,21374209.41167358,32.806108273575504,32.79468645833644,32.67653657043279,32.62999670937368,7428930.886675028,26.939680029721448,26.998034565693658,26.621096346758577,26.71001364615232,4560031.306876936,49.57898349077997,50.19505480426255,49.45068126325388,50.031597139984,2802498.013505891,122.7491820912519,126.39315424264251,121.80269522911357,122.91437722100181,1720316.592047024,56.935900806460204,57.838028987951816,56.881292966458886,57.41750436656176,2299011.215671793,40.43655422024946,41.49444113967134,39.78142203785184,40.19789631817866,3646009.6956706275,108.46322855844151,108.55506552781296,108.0418282328916,108.1952937497906,2235822.6105414927,181.72539521501218,187.43032714557006,180.44514199239399,187.03222702933118,1934242.266345556,23.509493146502937,23.83392292214022,23.24579174930745,23.766144920162734,3218094.549778683,9.428235877474503,9.548356217580606,9.278698395915477,9.278745669979932,32443389.41611648,80.23510067887025,80.20745147299996,79.69909448847311,79.8327410180564,7761824.523504214,77.6809728773661,77.6749205895022,77.45481996011408,77.45709623937589,4822478.087258852,51.008533881702476,51.184170966069594,50.85003459724367,51.11670823019994,14007954.43487896,58.513941913270735,58.54953075178198,58.25391498268694,58.29812973457662,3835828.767060312,70.7089222701295,70.86719653934239,70.45896199825835,70.81563817046948,5009829.323301158,56.712161730841274,56.80345330545463,56.00515230641643,56.15789075039238,2478533.7874040836,57.92467518517086,57.95681339576311,57.86913595370154,57.8816166706522,3598407.740896878,167.5354092846227,169.32106839236914,166.9794122766264,168.55453932659677,3123392.738645005,114.75692185064251,115.86981554160279,114.3211541943861,115.72797840996728,2115129.6806417615,45.24057301965888,45.33254140424019,44.8955932369395,45.00256463489093,8781853.864312258,62.27816908799981,62.406377534143125,62.07185405469453,62.23748655966631,4685719.48563498,125.51143913044166,126.87049734324964,125.10880206081305,126.35090024403509,1261600.5069101686,55.77375259807076,55.915090171515196,54.88854184617752,55.74295062896237,8220553.756290258,72.3857430516132,73.64882260585253,71.05007326307042,71.18945318762671,1687590.9720226093,84.45107677161967,85.47154136013367,83.91967922813792,84.60500410254302,5237508.908213914,86.49042329701437,88.06433294846595,85.92625921115676,86.79278120038236,17285610.412868656,107.67286276443346,109.92939964637425,106.63049640842046,107.54126048530132,17883394.651946895,,,,,,45.06286322504835,45.49071732120715,42.86855500077931,42.74788487887476,4887367.5163742285
1939,115.21054895234295,116.29509023394546,114.78006767187348,116.1084374768899,3186491.7561206473,102.311766833384,104.3313039949362,100.82363095869152,101.32008545144295,2680542.940768837,97.84616523193121,97.89431084344781,97.3737975060062,97.43873586483079,8710824.230937038,6.634524485232174,6.734882453944728,6.156248333882639,6.170586881889853,21613950.247168142,71.97960214504093,73.84915758197857,70.65512076945691,72.45966947084818,2630950.073353091,471.03881845577723,482.49709240759796,468.92045958429605,480.8658404296772,550340.1305936205,15.061402120883885,15.408845009692879,15.042606052119758,15.35092664915638,23443268.151316006,41.4355793818292,42.59351957517443,41.210171218423206,42.061768333616094,7276201.419219072,48.1673815512898,48.16069756866547,48.03310575817286,48.01391951806129,4063676.828661643,72.41035401886712,72.44469161856951,72.05541747211439,72.20374859494338,6801355.410692069,31.856625111555463,32.06486275703016,31.671512684290985,31.789462195609524,10715583.32167707,77.2378973618729,77.26871987852766,77.09490501626297,77.12268807502498,2211328.1940586017,331.7444701680979,338.70283888501484,329.6824383238126,334.2471822647456,2507803.4922798662,41.804426469851066,42.95407994367563,41.30453277206151,42.21808666650893,4640365.590088929,9.726909714807952,10.315859318462243,9.526399153120387,9.819911180367301,19627971.348041795,95.39412488273098,98.73332816983773,95.45678408828924,96.14674787855712,9739515.65118842,12.929174051371332,13.230282721212106,12.743665346629244,13.087428411554617,13569284.047814798,151.74845225479035,152.52745974004492,150.07261805466294,150.42432470994484,8990657.868179567,465.3485819289839,480.3165315551379,465.4138127016271,471.8240721997064,1440475.9688123611,33.51519622986103,34.25983994996126,33.12441461653288,34.14121409630824,9973472.737319356,43.80195012863774,43.91300511855554,43.48957032536255,43.55334345126281,26764502.39690122,82.24043165472435,82.40101055181556,81.94047009107572,82.28050054166208,16979085.520887814,89.80121761018987,89.78352521938636,89.61745853078874,89.71396441319219,6809975.0462016035,41.91002280801591,42.25787510377406,41.53618717176803,42.149607364024156,4223970.953287129,119.84050094015716,123.29951051177811,118.62957219992097,122.01659299340034,3881069.60774085,69.27571015992714,69.55660071826091,69.07380115205899,69.369495570865,4294951.353870015,49.67576116165679,49.81023880645512,49.35518049574347,49.69048112875321,2941333.966607574,55.29596369987918,55.59796623216275,55.17713539404964,55.309212476155906,3691184.789969642,24.8011689299943,24.88384120177011,24.354136674341007,24.361557248238753,22595648.222659424,37.42855252943676,38.71712697347702,36.607617593018915,36.45228730408399,15009404.265946196,149.6238041007916,152.813071101316,147.3036311626353,146.91093296378904,1021341.5330060052,36.56608575083566,36.73967675279403,36.03857173417446,36.081804485424215,56234807.06418426,53.79919254428725,54.392889407780906,52.4310636972484,52.86011150581871,5069600.090672596,42.97974638142582,43.64401518036177,42.126214097499364,42.10350263477591,20840053.278485086,275.1537107635706,275.49965871245837,271.6327558426087,271.6630592722801,9349776.605284946,,,,,,24.316821462860197,25.249256440892417,24.176027960470716,24.708284811905543,11136922.52826673,142.92051182639523,143.94255717987778,139.60068621746402,141.0779996623457,2041158.2219195687,5.755836171754818,5.415539083344218,5.5038274500671625,5.134947537710314,23577982.400920574,56.27680064311766,56.36043882877371,55.5715586408434,55.59015626020292,9252147.678734832,94.19019664772601,94.27099459643205,93.62113999183083,93.6892758891446,7468078.774342065,54.079963177282934,54.233070942412674,53.73449453927993,53.87298739914986,11553479.330209108,51.72267811990674,51.67868498660765,51.57697262730136,51.63365477084825,3029553.860269713,93.74492050115765,94.25969410529711,93.67302067458799,94.30713866857722,3535503.356071664,11.33070394292425,11.575425725184566,11.121350519557856,11.205043305925988,22647833.241479054,26.263886106193098,26.467780008817382,26.05907207167357,26.311288325570505,14211644.876526412,107.20089159168383,107.17831082145902,106.18047787502326,106.24308967225136,32607577.658945296,70.85527171483949,72.24707723384202,70.10978744827938,70.3502615017124,2738096.6552579245,92.61983644155403,92.71345921793426,92.27504622122277,92.34898136831569,4188424.2056849217,136.34502103264742,139.38067988318085,135.17365746503745,136.32658258565135,2730630.6605141643,110.68807291102975,113.81118405253717,110.195552136976,113.09083874321594,7647687.275747321,45.48267839407543,46.286323483574066,43.80912090097618,43.80171179618461,10632235.038967246,129.08129877976862,133.31581713800898,128.553963169255,130.0808394637825,2734596.338743571,54.38004707506771,56.4788661801208,52.627166065463484,52.35470559944417,1581095.926721963,246.1832829889802,253.62796412544793,244.5757416727616,248.41251006521293,560720.6033622993,92.38765743477776,93.5195408927378,91.4155087827355,91.8289718705899,4404665.790448879,45.450726323654926,46.64220377042482,44.91058163806166,45.80526391470908,12174264.321646072,25.178762378670818,25.73293538096848,24.58556414495114,24.892824189025184,3417664.4967081808,61.19812928598625,61.610257919452934,60.48979267695751,60.60491689179694,3199130.7941231905,168.54493228522523,170.71442092819632,167.81400271828244,170.23356815430276,9468664.563540058,107.84254671528501,110.13406325450939,107.63503400330494,109.94643825642925,1256819.8738452143,91.66094920393707,93.96683474417256,90.71506675958999,90.62781503064146,1331832.390356262,67.02433077322878,67.47494524434119,66.86365157634593,66.82647554224295,5610017.026156314,81.94346793009787,81.98607327257601,81.85485325761829,81.8851840754067,3794428.715804052,39.92498833633366,40.63,39.61135754522366,40.07709257380942,14659279.490787301,30.722020338985853,30.923476194122156,30.130942703446905,30.219565270229126,21374209.411654476,32.806108273575504,32.79468645833644,32.67653657043279,32.62999670937368,7428930.886675028,26.939680029721448,26.998034565693658,26.621096346758577,26.71001364615232,4560031.306876936,49.57898349077997,50.19505480426255,49.45068126325388,50.031597139984,2802498.013505891,122.7491820912519,126.39315424264251,121.80269522911357,122.91437722100181,1720316.592047024,56.93590084474455,57.838028987951816,56.881292966458886,57.41750436656176,2299011.215671793,40.436490378252785,41.49444113967134,39.78142203785184,40.19789631817866,3646009.6956706275,108.46322855844151,108.55506552781296,108.04182619036955,108.1952937497906,2235822.6105414927,181.72539521501218,187.43032714557822,180.44514199239399,187.03222702933118,1934242.266345556,23.509493146502937,23.83392292214022,23.24579174930745,23.766144920162734,3218094.549778683,9.428111820996172,9.548356217580606,9.278698395915477,9.278745669979932,32443389.41611648,80.23510067887025,80.20745147299996,79.69909448847311,79.8327410180518,7761824.523504214,77.6809728773661,77.67492058956077,77.45481996011401,77.45709623937589,4822478.087258852,51.008533881702476,51.184170966069594,50.85003459724367,51.11670823019994,14007954.43487896,58.513941913270735,58.54953011576563,58.25391498268694,58.29997252745475,3835828.767060312,70.7089222701295,70.86719653934239,70.45896199825835,70.81563817046948,5009829.323301158,56.712161730841274,56.80345330545463,56.00515230641643,56.15789075039238,2478533.7874040836,57.92467518517086,57.95681339576311,57.86913595370154,57.8816166706522,3598407.740896878,167.5354092846227,169.32106839236914,166.9794122766264,168.55453932659677,3123392.738645005,114.75692185064251,115.86981554160279,114.3211541943861,115.72797840996728,2115129.6806417615,45.24057301965888,45.33254140424019,44.8955932369395,45.00256463489093,8781853.864312882,62.27816908799981,62.406377534142,62.07185405469453,62.23748655966631,4685719.48563498,125.51143913044166,126.87049734324964,125.10880206081305,126.35101439639405,1261600.5069101686,55.69041457142202,55.91509017153663,54.88854184617752,55.74295062896237,8220553.756290258,72.38574309181992,73.64882260585253,71.05007326307042,71.18945318762671,1687590.9720226093,84.45107677161967,85.47154136013367,83.91967922813792,84.60500410254302,5237508.908170841,86.49042329701437,88.06433294846595,85.92625921115676,86.79278120038236,17285610.412868656,107.67286276443346,109.92939964637425,106.63049642979084,107.54126048530132,17883394.651946895,,,,,,45.06286322504835,45.49071732120715,42.86855500077931,42.74788487887476,4887367.5163742285
1940,115.21054895234295,116.29509023394546,114.78006767187348,116.1084374768899,3186491.7561206473,102.311766833384,104.3313039949362,100.82363095869152,101.32008545144295,2680542.940768837,97.84616523193121,97.89431084344781,97.3737975060062,97.43873586483079,8710824.230937038,6.634524484468133,6.734882453944728,6.156248333882639,6.170586881889853,21613950.247157,71.97960214504093,73.84915758197857,70.65512076945691,72.68385344566636,2630950.073353091,471.03881845577723,482.49709240759796,468.92045958429605,480.8658404296772,550340.1305936205,15.061402120883885,15.408845009692879,15.042805368157136,15.35092674674986,23443268.151316006,41.4355793818292,42.59351957517443,41.210171218423206,42.061768333616094,7276201.419219072,48.1673815512898,48.16069756622972,48.033105758172546,48.01391951806129,4063676.828661643,72.41035401886712,72.44469161856951,72.05541747211439,72.20374859494338,6801355.410692069,31.856625111555463,32.06486275703018,31.671512822525884,31.789462195609524,10715583.32167707,77.2378973618729,77.26871987852766,77.09490501626297,77.12268807502498,2211328.1940586017,331.74447069961616,338.70283889152984,329.6824383238126,334.0924618109223,2507803.4922798662,41.804426469851066,42.95407994367563,41.30453277206151,42.21808666650893,4640365.590088929,9.726909714807952,10.315879733514684,9.526399153120387,9.819911180367301,19627971.348041795,95.39412488273098,98.73332816983773,95.45678408828924,96.14674787855712,9739515.65118842,12.929174051371332,13.230282721212106,12.743665346629244,13.087428411554617,13569284.047814798,151.74845225479035,152.52745974004492,150.07261805466294,150.42432470994484,8990657.868179567,465.3485819289839,480.31653156878286,465.4138129821826,471.8240721997064,1440475.9688123611,33.51519622986103,34.25983994996126,33.12441461653288,34.14121409630824,9973472.737319356,43.80195012863774,43.91300511855554,43.48957032536255,43.55334345126281,26764502.39690122,82.24043165472435,82.40101055181556,81.94047009107572,82.28050054166208,16979085.520887814,89.80121761018987,89.78352521938636,89.61745853078874,89.71396441319219,6809975.0462016035,41.91002280801591,42.25787510377406,41.536194262797835,42.149607364024156,4223970.953287129,119.84050094015716,123.29951051177811,118.62957219992097,122.01659299340034,3881069.60774085,69.27571015992714,69.55660071826091,69.07380115205899,69.369495570865,4294951.353870015,49.675595688238374,49.81023880645512,49.35518049574347,49.69048112875321,2941333.966607574,55.29596369987918,55.59796623216275,55.17713539404964,55.309212476155906,3691184.789969642,24.80116903785723,24.88384120177011,24.354136678896893,24.361557248238753,22595648.222659424,37.42855252943676,38.72382063340012,36.607617593018915,36.45228730408399,15009404.265946195,149.6238041007916,152.813071101316,147.3036311626353,146.91093296378904,1021341.5330060052,36.56608575083566,36.73967675279403,36.03857173417446,36.081804485424215,56234807.06418426,53.79919253708574,54.39288940222136,52.431063656432684,52.860111505967346,5069600.090672596,42.97974638109585,43.64401518036177,42.12621409749943,42.10350263478062,20840053.278485086,275.1537107635706,275.49965871245837,271.6327558426087,271.66305927863823,9349776.605284946,,,,,,24.316821462860197,25.249256440892417,24.176027960470716,24.730464374066226,11136922.52826673,142.92051182639523,143.94255717987778,139.60068621746402,141.0779996623457,2041158.2219195687,5.755836171754818,5.410356579812324,5.5038274500671625,5.130606140874359,23577982.400920574,56.27680064311766,56.36043882877371,55.5715586408434,55.590156261041685,9252147.678734832,94.19019664772601,94.27099459643205,93.62113999183083,93.69179967270156,7468078.774342065,54.079963177282934,54.233070942412674,53.73449453927993,53.87298739914986,11553479.330209108,51.72267811990674,51.678685564208365,51.57697262730136,51.63365477031014,3029553.860269713,93.74492050115765,94.25969410529711,93.67302067458799,94.30713866857722,3535503.356071664,11.330703942924249,11.575425725184566,11.121350519557856,11.205043305925878,22647833.241479054,26.263886106193098,26.467780008817382,26.05907207167357,26.311288325570505,14211644.876526412,107.20089159168383,107.17831082145902,106.18047787502326,106.24308967225136,32607577.658945296,70.85527248487446,72.24707723384202,70.10978744827938,70.3502615017124,2738096.6552579245,92.61983644155403,92.71345921793426,92.27504622122277,92.34898136831569,4188424.2056849217,136.34502103264748,139.38067988318085,135.17365746503745,136.32658258565135,2730630.6605141643,110.68807291102975,113.81118404167991,110.195552136976,113.09083874321594,7647687.275747321,45.48267839407543,46.286323483574066,43.80912090097618,43.80171179618461,10632235.038967246,129.08130196087137,133.31581713800898,128.553963169255,130.1184332655233,2734596.338743571,54.380047074939455,56.4788661801208,52.627166065463484,52.35470559944417,1581095.926721963,246.1832829889802,253.62796412544793,244.5757416727616,248.41251004057457,560720.6033622993,92.38765743477776,93.5195408927378,91.4155087827355,91.8289718705899,4404665.790448879,45.450726323654926,46.64220377042482,44.91058163806166,45.80526391470908,12174264.321646072,25.178762364602616,25.732935380662692,24.585564015500875,24.892824189025177,3417664.4967081724,61.19812928598625,61.61025800230519,60.48976938127587,60.60491689179694,3199130.7941231905,168.54493228522523,170.71442092819632,167.81400271828244,170.23356815430276,9468664.563540058,107.84254671528501,110.13406325450939,107.63503400330494,109.94643825642925,1256819.8738452143,91.664568786741,93.96683474417256,90.7170774841868,90.62781503064146,1331832.390356262,67.02433077322878,67.47494524434119,66.86367703993237,66.82647554224295,5610017.026156314,81.94346793009787,81.98607327257601,81.85485325761829,81.8851840754067,3794428.715804052,39.92498833633366,40.63,39.61135754522366,40.07709257380942,14659279.490787301,30.722020338985853,30.923476194122156,30.130942703446905,30.219605930186994,21374209.411641352,32.806108273575504,32.79468645833644,32.67653657043279,32.62999670937368,7428930.886675028,26.939680029721448,26.998034565693658,26.621096346758577,26.71001364615232,4560031.306876936,49.57898349077997,50.19505480426255,49.45068126325388,50.031597139984,2802498.013505891,122.7491820912519,126.39315424264251,121.80269522911357,122.91437722100181,1720316.592047024,56.93590081355757,57.838028987951816,56.881292966458886,57.41750436656176,2299011.215671793,40.43654814079261,41.49444113967134,39.78142203785184,40.19789631817866,3646009.6956706275,108.46322855844151,108.55506552781296,108.04182437385458,108.1952937497906,2235822.6105414927,181.72539521501218,187.43032714557242,180.44514199239399,187.03222702933118,1934242.266345556,23.509493146502937,23.83392292214022,23.24579174930745,23.766144920162734,3218094.549778683,9.42822746310598,9.548356217580606,9.278698395915477,9.278745669979932,32443389.41611648,80.23510067887025,80.20745147299996,79.69909448847311,79.83274101804851,7761824.523504214,77.6809728773661,77.67492058951578,77.45481996011395,77.45709623937589,4822478.087258852,51.008533881702476,51.184170966069594,50.85003459724367,51.11670823019994,14007954.43487896,58.513941913270735,58.54953066758524,58.25391498268694,58.298146584828125,3835828.767060312,70.7089222701295,70.86719653934239,70.45896199825835,70.81563817046948,5009829.323301158,56.712161730841274,56.80345330545463,56.00515230641643,56.15789075039238,2478533.7874040836,57.92467518517086,57.95681339576311,57.86913595370154,57.8816166706522,3598407.740896878,167.5354092846227,169.32106839236914,166.9794122766264,168.55453932659677,3123392.738645005,114.75692185064251,115.86981554160279,114.3211541943861,115.72797840996728,2115129.6806417615,45.24057301965888,45.33254140424019,44.8955932369395,45.00256463489093,8781853.864313304,62.27816908799981,62.4063775341412,62.07185405469453,62.23748655966631,4685719.48563498,125.51143913044166,126.87049734324964,125.10880206081305,126.3509049677718,1261600.5069101686,55.77348704088692,55.91509017152104,54.88854184617752,55.74295062896237,8220553.756290258,72.38574305918456,73.64882260585253,71.05007326307042,71.18945318762671,1687590.9720226093,84.45107677161967,85.47154136013367,83.91967922813792,84.60500410254302,5237508.908138755,86.49042329701437,88.06433294846595,85.92625921115676,86.79278120038236,17285610.412868656,107.67286276443346,109.92939964637425,106.63049641230974,107.54126048530132,17883394.651946895,,,,,,45.06286322504835,45.49071732120715,42.86855500077931,42.74788487887476,4887367.5163742285
1941,115.21054895234295,116.29509023394546,114.78006767187348,116.1084374768899,3186491.7561206473,102.311766833384,104.3313039949362,100.82363095869152,101.32008545144295,2680542.940768837,97.84616523193121,97.89431084344781,97.3737975060062,97.43873586483079,8710824.230937038,6.634524485056,6.734882453944728,6.156248333882639,6.170586881889853,21613950.247149333,71.97960214504093,73.84915758197857,70.65512076945691,72.46325191088151,2630950.073353091,471.03881845577723,482.49709240759796,468.92045958429605,480.8658404296772,550340.1305936205,15.061402120883885,15.408845009692879,15.04261930007461,15.350926661887103,23443268.151316006,41.4355793818292,42.59351957517443,41.210171218423206,42.061768333616094,7276201.419219072,48.1673815512898,48.16069756425986,48.033105758172326,48.01391951806129,4063676.828661643,72.41035401886712,72.44469161856951,72.05541747211439,72.20374859494338,6801355.410692069,31.856625111555463,32.06486275703017,31.67151270633065,31.789462195609524,10715583.32167707,77.2378973618729,77.26871987852766,77.09490501626297,77.12268807502498,2211328.1940586017,331.74447024932374,338.7028388864074,329.6824383238126,334.24462385686763,2507803.4922798662,41.804426469851066,42.95407994367563,41.30453277206151,42.21808666650893,4640365.590088929,9.726909714807952,10.315861204591318,9.526399153120387,9.819911180367301,19627971.348041795,95.39412488273098,98.73332816983773,95.45678408828924,96.14674787855712,9739515.65118842,12.929174051371332,13.230282721212106,12.743665346629244,13.087428411554617,13569284.047814798,151.74845225479035,152.52745974004492,150.07261805466294,150.42432470994484,8990657.868179567,465.3485819289839,480.31653157951126,465.4138132137722,471.8240721997064,1440475.9688123611,33.51519622986103,34.25983994996126,33.12441461653288,34.14121409630824,9973472.737319356,43.80195012863774,43.91300511855554,43.48957032536255,43.55334345126281,26764502.39690122,82.24043165472435,82.40101055181556,81.94047009107572,82.28050054166208,16979085.520887814,89.80121761018987,89.78352521938636,89.61745853078874,89.71396441319219,6809975.0462016035,41.91002280801591,42.25787510377406,41.536188049676845,42.149607364024156,4223970.953287129,119.84050094015716,123.29951051177811,118.62957219992097,122.01659299340034,3881069.60774085,69.27571015992714,69.55660071826091,69.07380115205899,69.369495570865,4294951.353870015,49.6757485689853,49.81023880645512,49.35518049574347,49.69048112875321,2941333.966607574,55.29596369987918,55.59796623216275,55.17713539404964,55.309212476155906,3691184.789969642,24.801169130083473,24.88384120177011,24.354136682742723,24.361557248238753,22595648.222659424,37.42855252943676,38.717408088820456,36.607617593018915,36.45228730408399,15009404.265946193,149.6238041007916,152.813071101316,147.3036311626353,146.91093296378904,1021341.5330060052,36.56608575083566,36.73967675279403,36.03857173417446,36.081804485424215,56234807.06418426,53.79919253141997,54.392889397855534,52.43106362346716,52.86011150585501,5069600.090672596,42.97974638084404,43.64401518036177,42.126214097499386,42.10350263477717,20840053.278485086,275.1537107635706,275.49965871245837,271.6327558426087,271.6630592736566,9349776.605284946,,,,,,24.316821462860197,25.249256440892417,24.176027960470716,24.708589979665092,11136922.52826673,142.92051182639523,143.94255717987778,139.60068621746402,141.0779996623457,2041158.2219195687,5.755836171754818,5.405204434409602,5.5038274500671625,5.126291355971112,23577982.400920574,56.27680064311766,56.36043882877371,55.5715586408434,55.59015626038911,9252147.678734832,94.19019664772601,94.27099459643205,93.62113999183083,93.68933820682022,7468078.774342065,54.079963177282934,54.233070942412674,53.73449453927993,53.87298739914986,11553479.330209108,51.72267811990674,51.67868506282474,51.57697262730136,51.63365477073857,3029553.860269713,93.74492050115765,94.25969410529711,93.67302067458799,94.30713866857722,3535503.356071664,11.330703942924249,11.575425725184566,11.121350519557856,11.205043305925956,22647833.241479054,26.263886106193098,26.467780008817382,26.05907207167357,26.311288325570505,14211644.876526412,107.20089159168383,107.17831082145902,106.18047787502326,106.24308967225136,32607577.658945296,70.85527181367564,72.24707723384202,70.10978744827938,70.3502615017124,2738096.6552579245,92.61983644155403,92.71345921793426,92.27504622122277,92.34898136831569,4188424.2056849217,136.34502103264745,139.38067988318085,135.17365746503745,136.32658258565135,2730630.6605141643,110.68807291102975,113.8111840503051,110.195552136976,113.09083874321594,7647687.275747321,45.48267839407543,46.286323483574066,43.80912090097618,43.80171179618461,10632235.038967246,129.08129924343262,133.31581713800898,128.553963169255,130.0813465506376,2734596.338743571,54.380047074845145,56.4788661801208,52.627166065463484,52.35470559944417,1581095.926721963,246.1832829889802,253.62796412544793,244.5757416727616,248.4125100208296,560720.6033622993,92.38765743477776,93.5195408927378,91.4155087827355,91.8289718705899,4404665.790448879,45.450726323654926,46.64220377042482,44.91058163806166,45.80526391470908,12174264.321646072,25.178762353287937,25.73293538043122,24.58556390807249,24.89282418902517,3417664.4967081673,61.19812928598625,61.61025793389749,60.48979054153566,60.60491689179694,3199130.7941231905,168.54493228522523,170.71442092819632,167.81400271828244,170.23356815430276,9468664.563540058,107.84254671528501,110.13406325450939,107.63503400330494,109.94643825642925,1256819.8738452143,91.66108516373211,93.96683474417256,90.71517678396799,90.62781503064146,1331832.390356262,67.02433077322878,67.47494524434119,66.86365440458586,66.82647554224295,5610017.026156314,81.94346793009787,81.98607327257601,81.85485325761829,81.8851840754067,3794428.715804052,39.92498833633366,40.63,39.61135754522366,40.07709257380942,14659279.490787301,30.722020338985853,30.923476194122156,30.130942703446905,30.219569046366775,21374209.411632337,32.806108273575504,32.79468645833644,32.67653657043279,32.62999670937368,7428930.886675028,26.939680029721448,26.998034565693658,26.621096346758577,26.71001364615232,4560031.306876936,49.57898349077997,50.19505480426255,49.45068126325388,50.031597139984,2802498.013505891,122.7491820912519,126.39315424264251,121.80269522911357,122.91437722100181,1720316.592047024,56.93590083896293,57.838028987951816,56.881292966458886,57.41750436656176,2299011.215671793,40.436495878783575,41.49444113967134,39.78142203785184,40.19789631817866,3646009.6956706275,108.46322855844151,108.55506552781296,108.04182275833878,108.1952937497906,2235822.6105414927,181.72539521501218,187.43032714557654,180.44514199239399,187.03222702933118,1934242.266345556,23.509493146502937,23.83392292214022,23.24579174930745,23.766144920162734,3218094.549778683,9.428119664644017,9.548356217580606,9.278698395915477,9.278745669979932,32443389.41611648,80.23510067887025,80.20745147299996,79.69909448847311,79.83274101804614,7761824.523504214,77.6809728773661,77.67492058955034,77.45481996011391,77.45709623937589,4822478.087258852,51.008533881702476,51.184170966069594,50.85003459724367,51.11670823019994,14007954.43487896,58.513941913270735,58.549530188816284,58.25391498268694,58.29995583127969,3835828.767060312,70.7089222701295,70.86719653934239,70.45896199825835,70.81563817046948,5009829.323301158,56.712161730841274,56.80345330545463,56.00515230641643,56.15789075039238,2478533.7874040836,57.92467518517086,57.95681339576311,57.86913595370154,57.8816166706522,3598407.740896878,167.5354092846227,169.32106839236914,166.9794122766264,168.55453932659677,3123392.738645005,114.75692185064251,115.86981554160279,114.3211541943861,115.72797840996728,2115129.6806417615,45.24057301965888,45.33254140424019,44.8955932369395,45.00256463489093,8781853.864313591,62.27816908799981,62.40637753414063,62.07185405469453,62.23748655966631,4685719.48563498,125.51143913044166,126.87049734324964,125.10880206081305,126.3510098681302,1261600.5069101686,55.690679282406094,55.915090171532384,54.88854184617752,55.74295062896237,8220553.756290258,72.38574308567433,73.64882260585253,71.05007326307042,71.18945318762671,1687590.9720226093,84.45107677161967,85.47154136013367,83.91967922813792,84.60500410254302,5237508.908114854,86.49042329701437,88.06433294846595,85.92625921115676,86.79278120038236,17285610.412868656,107.67286276443346,109.92939964637425,106.63049642660937,107.54126048530132,17883394.651946895,,,,,,45.06286322504835,45.49071732120715,42.86855500077931,42.74788487887476,4887367.5163742285
1942,115.21054895234295,116.29509023394546,114.78006767187348,116.1084374768899,3186491.7561206473,102.311766833384,104.3313039949362,100.82363095869152,101.32008545144295,2680542.940768837,97.84616523193121,97.89431084344781,97.3737975060062,97.43873586483079,8710824.230937038,6.634524484603685,6.734882453944728,6.156248333882639,6.170586881889853,21613950.24714406,71.97960214504093,73.84915758197857,70.65512076945691,72.68032825270701,2630950.073353091,471.03881845577723,482.49709240759796,468.92045958429605,480.8658404296772,550340.1305936205,15.061402120883885,15.408845009692879,15.042793000755148,15.350926735679813,23443268.151316006,41.4355793818292,42.59351957517443,41.210171218423206,42.061768333616094,7276201.419219072,48.1673815512898,48.160697562666776,48.03310575817216,48.01391951806129,4063676.828661643,72.41035401886712,72.44469161856951,72.05541747211439,72.20374859494338,6801355.410692069,31.856625111555463,32.06486275703018,31.671512804000145,31.789462195609524,10715583.32167707,77.2378973618729,77.26871987852766,77.09490501626297,77.12268807502498,2211328.1940586017,331.74447063080316,338.7028388904349,329.6824383238126,334.09497791378686,2507803.4922798662,41.804426469851066,42.95407994367563,41.30453277206151,42.21808666650893,4640365.590088929,9.726909714807952,10.315878021643448,9.526399153120387,9.819911180367301,19627971.348041795,95.39412488273098,98.73332816983773,95.45678408828924,96.14674787855712,9739515.65118842,12.929174051371332,13.230282721212106,12.743665346629244,13.087428411554617,13569284.047814798,151.74845225479035,152.52745974004492,150.07261805466294,150.42432470994484,8990657.868179567,465.3485819289839,480.3165315879465,465.41381340494195,471.8240721997064,1440475.9688123611,33.51519622986103,34.25983994996126,33.12441461653288,34.14121409630824,9973472.737319356,43.80195012863774,43.91300511855554,43.48957032536255,43.55334345126281,26764502.39690122,82.24043165472435,82.40101055181556,81.94047009107572,82.28050054166208,16979085.520887814,89.80121761018987,89.78352521938636,89.61745853078874,89.71396441319219,6809975.0462016035,41.91002280801591,42.25787510377406,41.536193493579,42.149607364024156,4223970.953287129,119.84050094015716,123.29951051177811,118.62957219992097,122.01659299340034,3881069.60774085,69.27571015992714,69.55660071826091,69.07380115205899,69.369495570865,4294951.353870015,49.675607322596576,49.81023880645512,49.35518049574347,49.69048112875321,2941333.966607574,55.29596369987918,55.59796623216275,55.17713539404964,55.309212476155906,3691184.789969642,24.801169208939857,24.88384120177011,24.35413668598916,24.361557248238753,22595648.222659424,37.42855252943676,38.72355132412948,36.607617593018915,36.45228730408399,15009404.265946193,149.6238041007916,152.813071101316,147.3036311626353,146.91093296378904,1021341.5330060052,36.56608575083566,36.73967675279403,36.03857173417446,36.081804485424215,56234807.06418426,53.79919252696244,54.39288939442712,52.43106359684198,52.860111505939905,5069600.090672596,42.97974638065188,43.64401518036177,42.126214097499414,42.10350263477969,20840053.278485086,275.1537107635706,275.49965871245837,271.6327558426087,271.6630592775598,9349776.605284946,,,,,,24.316821462860197,25.249256440892417,24.176027960470716,24.730163405098377,11136922.52826673,142.92051182639523,143.94255717987778,139.60068621746402,141.0779996623457,2041158.2219195687,5.755836171754818,5.400082469303853,5.5038274500671625,5.122003019874517,23577982.400920574,56.27680064311766,56.36043882877371,55.5715586408434,55.590156260896826,9252147.678734832,94.19019664772601,94.27099459643205,93.62113999183083,93.69173889378415,7468078.774342065,54.079963177282934,54.233070942412674,53.73449453927993,53.87298739914986,11553479.330209108,51.72267811990674,51.67868549804847,51.57697262730136,51.63365477039746,3029553.860269713,93.74492050115765,94.25969410529711,93.67302067458799,94.30713866857722,3535503.356071664,11.330703942924249,11.575425725184566,11.121350519557856,11.205043305925901,22647833.241479054,26.263886106193098,26.467780008817382,26.05907207167357,26.311288325570505,14211644.876526412,107.20089159168383,107.17831082145902,106.18047787502326,106.24308967225136,32607577.658945296,70.85527239872421,72.24707723384202,70.10978744827938,70.3502615017124,2738096.6552579245,92.61983644155403,92.71345921793426,92.27504622122277,92.34898136831569,4188424.2056849217,136.34502103264748,139.38067988318085,135.17365746503745,136.32658258565135,2730630.6605141643,110.68807291102975,113.8111840434531,110.195552136976,113.09083874321594,7647687.275747321,45.48267839407543,46.286323483574066,43.80912090097618,43.80171179618461,10632235.038967246,129.08130156478907,133.31581713800898,128.553963169255,130.1179330185478,2734596.338743571,54.380047074775796,56.4788661801208,52.627166065463484,52.35470559944417,1581095.926721963,246.1832829889802,253.62796412544793,244.5757416727616,248.41251000500608,560720.6033622993,92.38765743477776,93.5195408927378,91.4155087827355,91.8289718705899,4404665.790448879,45.450726323654926,46.64220377042482,44.91058163806166,45.80526391470908,12174264.321646072,25.17876234418784,25.732935380256002,24.585563818919656,24.892824189025166,3417664.496708164,61.19812928598625,61.61025799037891,60.48977132095215,60.60491689179694,3199130.7941231905,168.54493228522523,170.71442092819632,167.81400271828244,170.23356815430276,9468664.563540058,107.84254671528501,110.13406325450939,107.63503400330494,109.94643825642925,1256819.8738452143,91.6644379339063,93.96683474417256,90.7169734802075,90.62781503064146,1331832.390356262,67.02433077322878,67.47494524434119,66.86367452582496,66.82647554224295,5610017.026156314,81.94346793009787,81.98607327257601,81.85485325761829,81.8851840754067,3794428.715804052,39.92498833633366,40.63,39.61135754522366,40.07709257380942,14659279.490787301,30.722020338985853,30.923476194122156,30.130942703446905,30.219602504743644,21374209.41162614,32.806108273575504,32.79468645833644,32.67653657043279,32.62999670937368,7428930.886675028,26.939680029721448,26.998034565693658,26.621096346758577,26.71001364615232,4560031.306876936,49.57898349077997,50.19505480426255,49.45068126325388,50.031597139984,2802498.013505891,122.7491820912519,126.39315424264251,121.80269522911357,122.91437722100181,1720316.592047024,56.93590081826736,57.838028987951816,56.881292966458886,57.41750436656176,2299011.215671793,40.43654316405871,41.49444113967134,39.78142203785184,40.19789631817866,3646009.6956706275,108.46322855844151,108.55506552781296,108.0418213215814,108.1952937497906,2235822.6105414927,181.72539521501218,187.4303271455736,180.44514199239399,187.03222702933118,1934242.266345556,23.509493146502937,23.83392292214022,23.24579174930745,23.766144920162734,3218094.549778683,9.428220151468592,9.548356217580606,9.278698395915477,9.278745669979932,32443389.41611648,80.23510067887025,80.20745147299996,79.69909448847311,79.83274101804443,7761824.523504214,77.6809728773661,77.6749205895238,77.45481996011388,77.45709623937589,4822478.087258852,51.008533881702476,51.184170966069594,50.85003459724367,51.11670823019994,14007954.43487896,58.513941913270735,58.549530604205124,58.25391498268694,58.298163128335595,3835828.767060312,70.7089222701295,70.86719653934239,70.45896199825835,70.81563817046948,5009829.323301158,56.712161730841274,56.80345330545463,56.00515230641643,56.15789075039238,2478533.7874040836,57.92467518517086,57.95681339576311,57.86913595370154,57.8816166706522,3598407.740896878,167.5354092846227,169.32106839236914,166.9794122766264,168.55453932659677,3123392.738645005,114.75692185064251,115.86981554160279,114.3211541943861,115.72797840996728,2115129.6806417615,45.24057301965888,45.33254140424019,44.8955932369395,45.00256463489093,8781853.864313787,62.27816908799981,62.406377534140226,62.07185405469453,62.23748655966631,4685719.48563498,125.51143913044166,126.87049734324964,125.10880206081305,126.35090930865164,1261600.5069101686,55.77322317340618,55.91509017152413,54.88854184617752,55.74295062896237,8220553.756290258,72.38574306417287,73.64882260585253,71.05007326307042,71.18945318762671,1687590.9720226093,84.45107677161967,85.47154136013367,83.91967922813792,84.60500410254302,5237508.90809705,86.49042329701437,88.06433294846595,85.92625921115676,86.79278120038236,17285610.412868656,107.67286276443346,109.92939964637425,106.63049641491219,107.54126048530132,17883394.651946895,,,,,,45.06286322504835,45.49071732120715,42.86855500077931,42.74788487887476,4887367.5163742285
1943,115.21054895234295,116.29509023394546,114.78006767187348,116.1084374768899,3186491.7561206473,102.311766833384,104.3313039949362,100.82363095869152,101.32008545144295,2680542.940768837,97.84616523193121,97.89431084344781,97.3737975060062,97.43873586483079,8710824.230937038,6.6345244849517035,6.734882453944728,6.156248333882639,6.170586881889853,21613950.24714043,71.97960214504093,73.84915758197857,70.65512076945691,72.46672077157002,2630950.073353091,471.03881845577723,482.49709240759796,468.92045958429605,480.8658404296772,550340.1305936205,15.061402120883885,15.408845009692879,15.042630845451509,15.3509266715131,23443268.151316006,41.4355793818292,42.59351957517443,41.210171218423206,42.061768333616094,7276201.419219072,48.1673815512898,48.1606975613784,48.03310575817205,48.01391951806129,4063676.828661643,72.41035401886712,72.44469161856951,72.05541747211439,72.20374859494338,6801355.410692069,31.856625111555463,32.06486275703018,31.671512721902715,31.789462195609524,10715583.32167707,77.2378973618729,77.26871987852766,77.09490501626297,77.12268807502498,2211328.1940586017,331.7444703076208,338.70283888726823,329.6824383238126,334.24214935947424,2507803.4922798662,41.804426469851066,42.95407994367563,41.30453277206151,42.21808666650893,4640365.590088929,9.726909714807952,10.315862758304249,9.526399153120387,9.819911180367301,19627971.348041795,95.39412488273098,98.73332816983773,95.45678408828924,96.14674787855712,9739515.65118842,12.929174051371332,13.230282721212106,12.743665346629244,13.087428411554617,13569284.047814798,151.74845225479035,152.52745974004492,150.07261805466294,150.42432470994484,8990657.868179567,465.3485819289839,480.3165315945787,465.41381356274644,471.8240721997064,1440475.9688123611,33.51519622986103,34.25983994996126,33.12441461653288,34.14121409630824,9973472.737319356,43.80195012863774,43.91300511855554,43.48957032536255,43.55334345126281,26764502.39690122,82.24043165472435,82.40101055181556,81.94047009107572,82.28050054166208,16979085.520887814,89.80121761018987,89.78352521938636,89.61745853078874,89.71396441319219,6809975.0462016035,41.91002280801591,42.25787510377406,41.53618872366212,42.149607364024156,4223970.953287129,119.84050094015716,123.29951051177811,118.62957219992097,122.01659299340034,3881069.60774085,69.27571015992714,69.55660071826091,69.07380115205899,69.369495570865,4294951.353870015,49.6757378200119,49.81023880645512,49.35518049574347,49.69048112875321,2941333.966607574,55.29596369987918,55.59796623216275,55.17713539404964,55.309212476155906,3691184.789969642,24.801169276364583,24.88384120177011,24.354136688729625,24.361557248238753,22595648.222659424,37.42855252943676,38.71766608784095,36.607617593018915,36.45228730408399,15009404.265946193,149.6238041007916,152.813071101316,147.3036311626353,146.91093296378904,1021341.5330060052,36.56608575083566,36.73967675279403,36.03857173417446,36.081804485424215,56234807.06418426,53.799192523455496,54.39288939173484,52.43106357533769,52.86011150587574,5069600.090672596,42.97974638050524,43.64401518036177,42.12621409749939,42.10350263477785,20840053.278485086,275.1537107635706,275.49965871245837,271.6327558426087,271.66305927450156,9349776.605284946,,,,,,24.316821462860197,25.249256440892417,24.176027960470716,24.70888680761226,11136922.52826673,142.92051182639523,143.94255717987778,139.60068621746402,141.0779996623457,2041158.2219195687,5.755836171754818,5.394990507704582,5.5038274500671625,5.117740970458442,23577982.400920574,56.27680064311766,56.36043882877371,55.5715586408434,55.590156260501814,9252147.678734832,94.19019664772601,94.27099459643205,93.62113999183083,93.68939748497468,7468078.774342065,54.079963177282934,54.233070942412674,53.73449453927993,53.87298739914986,11553479.330209108,51.72267811990674,51.67868512025453,51.57697262730136,51.63365477066905,3029553.860269713,93.74492050115765,94.25969410529711,93.67302067458799,94.30713866857722,3535503.356071664,11.330703942924249,11.575425725184566,11.121350519557856,11.205043305925939,22647833.241479054,26.263886106193098,26.467780008817382,26.05907207167357,26.311288325570505,14211644.876526412,107.20089159168383,107.17831082145902,106.18047787502326,106.24308967225136,32607577.658945296,70.85527188876826,72.24707723384202,70.10978744827938,70.3502615017124,2738096.6552579245,92.61983644155403,92.71345921793426,92.27504622122277,92.34898136831569,4188424.2056849217,136.34502103264748,139.38067988318085,135.17365746503745,136.32658258565135,2730630.6605141643,110.68807291102975,113.81118404889645,110.195552136976,113.09083874321594,7647687.275747321,45.48267839407543,46.286323483574066,43.80912090097618,43.80171179618461,10632235.038967246,129.08129958178364,133.31581713800898,128.553963169255,130.0818400499937,2734596.338743571,54.3800470747248,56.4788661801208,52.627166065463484,52.35470559944417,1581095.926721963,246.1832829889802,253.62796412544793,244.5757416727616,248.41250999232525,560720.6033622993,92.38765743477776,93.5195408927378,91.4155087827355,91.8289718705899,4404665.790448879,45.450726323654926,46.64220377042482,44.91058163806166,45.80526391470908,12174264.321646072,25.17876233686888,25.73293538012337,24.58556374493336,24.892824189025163,3417664.496708162,61.19812928598625,61.61025794374453,60.48978877966174,60.60491689179694,3199130.7941231905,168.54493228522523,170.71442092819632,167.81400271828244,170.23356815430276,9468664.563540058,107.84254671528501,110.13406325450939,107.63503400330494,109.94643825642925,1256819.8738452143,91.66121110143555,93.96683474417256,90.71527509697741,90.62781503064146,1331832.390356262,67.02433077322878,67.47494524434119,66.86365663945139,66.82647554224295,5610017.026156314,81.94346793009787,81.98607327257601,81.85485325761829,81.8851840754067,3794428.715804052,39.92498833633366,40.63,39.61135754522366,40.07709257380942,14659279.490787301,30.722020338985853,30.923476194122156,30.130942703446905,30.219572153685206,21374209.411621884,32.806108273575504,32.79468645833644,32.67653657043279,32.62999670937368,7428930.886675028,26.939680029721448,26.998034565693658,26.621096346758577,26.71001364615232,4560031.306876936,49.57898349077997,50.19505480426255,49.45068126325388,50.031597139984,2802498.013505891,122.7491820912519,126.39315424264251,121.80269522911357,122.91437722100181,1720316.592047024,56.93590083512627,57.838028987951816,56.881292966458886,57.41750436656176,2299011.215671793,40.436500381599984,41.49444113967134,39.78142203785184,40.19789631817866,3646009.6956706275,108.46322855844151,108.55506552781296,108.04182004380263,108.1952937497906,2235822.6105414927,181.72539521501218,187.4303271455757,180.44514199239399,187.03222702933118,1934242.266345556,23.509493146502937,23.83392292214022,23.24579174930745,23.766144920162734,3218094.549778683,9.42812648035558,9.548356217580606,9.278698395915477,9.278745669979932,32443389.41611648,80.23510067887025,80.20745147299996,79.69909448847311,79.83274101804321,7761824.523504214,77.6809728773661,77.67492058954419,77.45481996011387,77.45709623937589,4822478.087258852,51.008533881702476,51.184170966069594,50.85003459724367,51.11670823019994,14007954.43487896,58.513941913270735,58.549530243806046,58.25391498268694,58.29993943904384,3835828.767060312,70.7089222701295,70.86719653934239,70.45896199825835,70.81563817046948,5009829.323301158,56.712161730841274,56.80345330545463,56.00515230641643,56.15789075039238,2478533.7874040836,57.92467518517086,57.95681339576311,57.86913595370154,57.8816166706522,3598407.740896878,167.5354092846227,169.32106839236914,166.9794122766264,168.55453932659677,3123392.738645005,114.75692185064251,115.86981554160279,114.3211541943861,115.72797840996728,2115129.6806417615,45.24057301965888,45.33254140424019,44.8955932369395,45.00256463489093,8781853.86431392,62.27816908799981,62.406377534139935,62.07185405469453,62.23748655966631,4685719.48563498,125.51143913044166,126.87049734324964,125.10880206081305,126.35100570688023,1261600.5069101686,55.69094230907133,55.91509017153013,54.88854184617752,55.74295062896237,8220553.756290258,72.38574308162538,73.64882260585253,71.05007326307042,71.18945318762671,1687590.9720226093,84.45107677161967,85.47154136013367,83.91967922813792,84.60500410254302,5237508.908083788,86.49042329701437,88.06433294846595,85.92625921115676,86.79278120038236,17285610.412868656,107.67286276443346,109.92939964637425,106.63049642448055,107.54126048530132,17883394.651946895,,,,,,45.06286322504835,45.49071732120715,42.86855500077931,42.74788487887476,4887367.5163742285
1944,115.21054895234295,116.29509023394546,114.78006767187348,116.1084374768899,3186491.7561206473,102.311766833384,104.3313039949362,100.82363095869152,101.32008545144295,2680542.940768837,97.84616523193121,97.89431084344781,97.3737975060062,97.43873586483079,8710824.230937038,6.634524484683932,6.734882453944728,6.156248333882639,6.170586881889853,21613950.247137934,71.97960214504093,73.84915758197857,70.65512076945691,72.67691482410461,2630950.073353091,471.03881845577723,482.49709240759796,468.92045958429605,480.8658404296772,550340.1305936205,15.061402120883885,15.408845009692879,15.04278222276573,15.350926727309494,23443268.151316006,41.4355793818292,42.59351957517443,41.210171218423206,42.061768333616094,7276201.419219072,48.1673815512898,48.16069756033645,48.03310575817196,48.01391951806129,4063676.828661643,72.41035401886712,72.44469161856951,72.05541747211439,72.20374859494338,6801355.410692069,31.856625111555463,32.06486275703018,31.671512790910832,31.789462195609524,10715583.32167707,77.2378973618729,77.26871987852766,77.09490501626297,77.12268807502498,2211328.1940586017,331.74447058141493,338.702838889758,329.6824383238126,334.0974114936837,2507803.4922798662,41.804426469851066,42.95407994367563,41.30453277206151,42.21808666650893,4640365.590088929,9.726909714807952,10.315876611476714,9.526399153120387,9.819911180367301,19627971.348041795,95.39412488273098,98.73332816983773,95.45678408828924,96.14674787855712,9739515.65118842,12.929174051371332,13.230282721212106,12.743665346629244,13.087428411554617,13569284.047814798,151.74845225479035,152.52745974004492,150.07261805466294,150.42432470994484,8990657.868179567,465.3485819289839,480.3165315997933,465.413813693009,471.8240721997064,1440475.9688123611,33.51519622986103,34.25983994996126,33.12441461653288,34.14121409630824,9973472.737319356,43.80195012863774,43.91300511855554,43.48957032536255,43.55334345126281,26764502.39690122,82.24043165472435,82.40101055181556,81.94047009107572,82.28050054166208,16979085.520887814,89.80121761018987,89.78352521938636,89.61745853078874,89.71396441319219,6809975.0462016035,41.91002280801591,42.25787510377406,41.536192903036834,42.149607364024156,4223970.953287129,119.84050094015716,123.29951051177811,118.62957219992097,122.01659299340034,3881069.60774085,69.27571015992714,69.55660071826091,69.07380115205899,69.369495570865,4294951.353870015,49.675617253563715,49.81023880645512,49.35518049574347,49.69048112875321,2941333.966607574,55.29596369987918,55.59796623216275,55.17713539404964,55.309212476155906,3691184.789969642,24.801169334014872,24.88384120177011,24.354136691042974,24.361557248238753,22595648.222659424,37.42855252943676,38.72330416035967,36.607617593018915,36.45228730408399,15009404.265946193,149.6238041007916,152.813071101316,147.3036311626353,146.91093296378904,1021341.5330060052,36.56608575083566,36.73967675279403,36.03857173417446,36.081804485424215,56234807.06418426,53.799192520696415,54.392889389620635,52.431063557969374,52.86011150592423,5069600.090672596,42.97974638039333,43.64401518036177,42.12621409749941,42.10350263477919,20840053.278485086,275.1537107635706,275.49965871245837,271.6327558426087,271.66305927689774,9349776.605284946,,,,,,24.316821462860197,25.249256440892417,24.176027960470716,24.729870661195744,11136922.52826673,142.92051182639523,143.94255717987778,139.60068621746402,141.0779996623457,2041158.2219195687,5.755836171754818,5.389928373856904,5.5038274500671625,5.113505046590561,23577982.400920574,56.27680064311766,56.36043882877371,55.5715586408434,55.59015626080914,9252147.678734832,94.19019664772601,94.27099459643205,93.62113999183083,93.69168107933557,7468078.774342065,54.079963177282934,54.233070942412674,53.73449453927993,53.87298739914986,11553479.330209108,51.72267811990674,51.678685448196816,51.57697262730136,51.633654770452814,3029553.860269713,93.74492050115765,94.25969410529711,93.67302067458799,94.30713866857722,3535503.356071664,11.330703942924249,11.575425725184566,11.121350519557856,11.205043305925912,22647833.241479054,26.263886106193098,26.467780008817382,26.05907207167357,26.311288325570505,14211644.876526412,107.20089159168383,107.17831082145902,106.18047787502326,106.24308967225136,32607577.658945296,70.85527233326994,72.24707723384202,70.10978744827938,70.3502615017124,2738096.6552579245,92.61983644155403,92.71345921793426,92.27504622122277,92.34898136831569,4188424.2056849217,136.34502103264748,139.38067988318085,135.17365746503745,136.32658258565135,2730630.6605141643,110.68807291102975,113.81118404457214,110.195552136976,113.09083874321594,7647687.275747321,45.48267839407543,46.286323483574066,43.80912090097618,43.80171179618461,10632235.038967246,129.08130127575464,133.31581713800898,128.553963169255,130.11744617579532,2734596.338743571,54.3800470746873,56.4788661801208,52.627166065463484,52.35470559944417,1581095.926721963,246.1832829889802,253.62796412544793,244.5757416727616,248.41250998216293,560720.6033622993,92.38765743477776,93.5195408927378,91.4155087827355,91.8289718705899,4404665.790448879,45.450726323654926,46.64220377042482,44.91058163806166,45.80526391470908,12174264.321646072,25.178762330982433,25.732935380022973,24.585563683533497,24.892824189025163,3417664.4967081607,61.19812928598625,61.61025798224862,60.48977292132214,60.60491689179694,3199130.7941231905,168.54493228522523,170.71442092819632,167.81400271828244,170.23356815430276,9468664.563540058,107.84254671528501,110.13406325450939,107.63503400330494,109.94643825642925,1256819.8738452143,91.66431672671057,93.96683474417256,90.71688054676511,90.62781503064146,1331832.390356262,67.02433077322878,67.47494524434119,66.86367253918587,66.82647554224295,5610017.026156314,81.94346793009787,81.98607327257601,81.85485325761829,81.8851840754067,3794428.715804052,39.92498833633366,40.63,39.61135754522366,40.07709257380942,14659279.490787301,30.722020338985853,30.923476194122156,30.130942703446905,30.21959968600549,21374209.41161896,32.806108273575504,32.79468645833644,32.67653657043279,32.62999670937368,7428930.886675028,26.939680029721448,26.998034565693658,26.621096346758577,26.71001364615232,4560031.306876936,49.57898349077997,50.19505480426255,49.45068126325388,50.031597139984,2802498.013505891,122.7491820912519,126.39315424264251,121.80269522911357,122.91437722100181,1720316.592047024,56.935900821392764,57.838028987951816,56.881292966458886,57.41750436656176,2299011.215671793,40.436539090030244,41.49444113967134,39.78142203785184,40.19789631817866,3646009.6956706275,108.46322855844151,108.55506552781296,108.04181890741134,108.1952937497906,2235822.6105414927,181.72539521501218,187.4303271455742,180.44514199239399,187.03222702933118,1934242.266345556,23.509493146502937,23.83392292214022,23.24579174930745,23.766144920162734,3218094.549778683,9.428213798045736,9.548356217580606,9.278698395915477,9.278745669979932,32443389.41611648,80.23510067887025,80.20745147299996,79.69909448847311,79.83274101804233,7761824.523504214,77.6809728773661,77.67492058952853,77.45481996011385,77.45709623937589,4822478.087258852,51.008533881702476,51.184170966069594,50.85003459724367,51.11670823019994,14007954.43487896,58.513941913270735,58.549530556494986,58.25391498268694,58.29817937068304,3835828.767060312,70.7089222701295,70.86719653934239,70.45896199825835,70.81563817046948,5009829.323301158,56.712161730841274,56.80345330545463,56.00515230641643,56.15789075039238,2478533.7874040836,57.92467518517086,57.95681339576311,57.86913595370154,57.8816166706522,3598407.740896878,167.5354092846227,169.32106839236914,166.9794122766264,168.55453932659677,3123392.738645005,114.75692185064251,115.86981554160279,114.3211541943861,115.72797840996728,2115129.6806417615,45.24057301965888,45.33254140424019,44.8955932369395,45.00256463489093,8781853.864314009,62.27816908799981,62.40637753413973,62.07185405469453,62.23748655966631,4685719.48563498,125.51143913044166,126.87049734324964,125.10880206081305,126.35091329770499,1261600.5069101686,55.77296098487719,55.91509017152576,54.88854184617752,55.74295062896237,8220553.756290258,72.38574306745937,73.64882260585253,71.05007326307042,71.18945318762671,1687590.9720226093,84.45107677161967,85.47154136013367,83.91967922813792,84.60500410254302,5237508.908073909,86.49042329701437,88.06433294846595,85.92625921115676,86.79278120038236,17285610.412868656,107.67286276443346,109.92939964637425,106.63049641665359,107.54126048530132,17883394.651946895,,,,,,45.06286322504835,45.49071732120715,42.86855500077931,42.74788487887476,4887367.5163742285
1945,115.21054895234295,116.29509023394546,114.78006767187348,116.1084374768899,3186491.7561206473,102.311766833384,104.3313039949362,100.82363095869152,101.32008545144295,2680542.940768837,97.84616523193121,97.89431084344781,97.3737975060062,97.43873586483079,8710824.230937038,6.63452448488996,6.734882453944728,6.156248333882639,6.170586881889853,21613950.247136217,71.97960214504093,73.84915758197857,70.65512076945691,72.4700796538861,2630950.073353091,471.03881845577723,482.49709240759796,468.92045958429605,480.8658404296772,550340.1305936205,15.061402120883885,15.408845009692879,15.04264090705945,15.350926678791543,23443268.151316006,41.4355793818292,42.59351957517443,41.210171218423206,42.061768333616094,7276201.419219072,48.1673815512898,48.1606975594938,48.03310575817191,48.01391951806129,4063676.828661643,72.41035401886712,72.44469161856951,72.05541747211439,72.20374859494338,6801355.410692069,31.856625111555463,32.06486275703018,31.671512732905114,31.789462195609524,10715583.32167707,77.2378973618729,77.26871987852766,77.09490501626297,77.12268807502498,2211328.1940586017,331.7444703494616,338.7028388878004,329.6824383238126,334.2397560204752,2507803.4922798662,41.804426469851066,42.95407994367563,41.30453277206151,42.21808666650893,4640365.590088929,9.726909714807952,10.315864038186895,9.526399153120387,9.819911180367301,19627971.348041795,95.39412488273098,98.73332816983773,95.45678408828924,96.14674787855712,9739515.65118842,12.929174051371332,13.230282721212106,12.743665346629244,13.087428411554617,13569284.047814798,151.74845225479035,152.52745974004492,150.07261805466294,150.42432470994484,8990657.868179567,465.3485819289839,480.3165316038932,465.41381380053656,471.8240721997064,1440475.9688123611,33.51519622986103,34.25983994996126,33.12441461653288,34.14121409630824,9973472.737319356,43.80195012863774,43.91300511855554,43.48957032536255,43.55334345126281,26764502.39690122,82.24043165472435,82.40101055181556,81.94047009107572,82.28050054166208,16979085.520887814,89.80121761018987,89.78352521938636,89.61745853078874,89.71396441319219,6809975.0462016035,41.91002280801591,42.25787510377406,41.53618924109189,42.149607364024156,4223970.953287129,119.84050094015716,123.29951051177811,118.62957219992097,122.01659299340034,3881069.60774085,69.27571015992714,69.55660071826091,69.07380115205899,69.369495570865,4294951.353870015,49.675728644800024,49.81023880645512,49.35518049574347,49.69048112875321,2941333.966607574,55.29596369987918,55.59796623216275,55.17713539404964,55.309212476155906,3691184.789969642,24.801169383307712,24.88384120177011,24.354136692995777,24.361557248238753,22595648.222659424,37.42855252943676,38.71790287141087,36.607617593018915,36.45228730408399,15009404.265946193,149.6238041007916,152.813071101316,147.3036311626353,146.91093296378904,1021341.5330060052,36.56608575083566,36.73967675279403,36.03857173417446,36.081804485424215,56234807.06418426,53.79919251852572,54.39288938796038,52.431063543941555,52.86011150588759,5069600.090672596,42.97974638030793,43.64401518036177,42.1262140974994,42.10350263477821,20840053.278485086,275.1537107635706,275.49965871245837,271.6327558426087,271.6630592750203,9349776.605284946,,,,,,24.316821462860197,25.249256440892417,24.176027960470716,24.709175523662577,11136922.52826673,142.92051182639523,143.94255717987778,139.60068621746402,141.0779996623457,2041158.2219195687,5.755836171754818,5.384895893035468,5.5038274500671625,5.109295088126258,23577982.400920574,56.27680064311766,56.36043882877371,55.5715586408434,55.59015626057003,9252147.678734832,94.19019664772601,94.27099459643205,93.62113999183083,93.68945387185946,7468078.774342065,54.079963177282934,54.233070942412674,53.73449453927993,53.87298739914986,11553479.330209108,51.72267811990674,51.67868516352804,51.57697262730136,51.63365477062497,3029553.860269713,93.74492050115765,94.25969410529711,93.67302067458799,94.30713866857722,3535503.356071664,11.330703942924249,11.575425725184566,11.121350519557856,11.20504330592593,22647833.241479054,26.263886106193098,26.467780008817382,26.05907207167357,26.311288325570505,14211644.876526412,107.20089159168383,107.17831082145902,106.18047787502326,106.24308967225136,32607577.658945296,70.8552719458213,72.24707723384202,70.10978744827938,70.3502615017124,2738096.6552579245,92.61983644155403,92.71345921793426,92.27504622122277,92.34898136831569,4188424.2056849217,136.34502103264748,139.38067988318085,135.17365746503745,136.32658258565135,2730630.6605141643,110.68807291102975,113.81118404800745,110.195552136976,113.09083874321594,7647687.275747321,45.48267839407543,46.286323483574066,43.80912090097618,43.80171179618461,10632235.038967246,129.08129982868965,133.31581713800898,128.553963169255,130.08232032593068,2734596.338743571,54.38004707465972,56.4788661801208,52.627166065463484,52.35470559944417,1581095.926721963,246.1832829889802,253.62796412544793,244.5757416727616,248.41250997401892,560720.6033622993,92.38765743477776,93.5195408927378,91.4155087827355,91.8289718705899,4404665.790448879,45.450726323654926,46.64220377042482,44.91058163806166,45.80526391470908,12174264.321646072,25.178762326248123,25.732935379946976,24.585563632578886,24.892824189025163,3417664.49670816,61.19812928598625,61.610257950457374,60.48978732599125,60.60491689179694,3199130.7941231905,168.54493228522523,170.71442092819632,167.81400271828244,170.23356815430276,9468664.563540058,107.84254671528501,110.13406325450939,107.63503400330494,109.94643825642925,1256819.8738452143,91.66132775581225,93.96683474417256,90.7153629452161,90.62781503064146,1331832.390356262,67.02433077322878,67.47494524434119,66.86365840543452,66.82647554224295,5610017.026156314,81.94346793009787,81.98607327257601,81.85485325761829,81.8851840754067,3794428.715804052,39.92498833633366,40.63,39.61135754522366,40.07709257380942,14659279.490787301,30.722020338985853,30.923476194122156,30.130942703446905,30.21957471064386,21374209.41161695,32.806108273575504,32.79468645833644,32.67653657043279,32.62999670937368,7428930.886675028,26.939680029721448,26.998034565693658,26.621096346758577,26.71001364615232,4560031.306876936,49.57898349077997,50.19505480426255,49.45068126325388,50.031597139984,2802498.013505891,122.7491820912519,126.39315424264251,121.80269522911357,122.91437722100181,1720316.592047024,56.93590083258027,57.838028987951816,56.881292966458886,57.41750436656176,2299011.215671793,40.43650406767254,41.49444113967134,39.78142203785184,40.19789631817866,3646009.6956706275,108.46322855844151,108.55506552781296,108.04181789676286,108.1952937497906,2235822.6105414927,181.72539521501218,187.43032714557526,180.44514199239399,187.03222702933118,1934242.266345556,23.509493146502937,23.83392292214022,23.24579174930745,23.766144920162734,3218094.549778683,9.428132402845348,9.548356217580606,9.278698395915477,9.278745669979932,32443389.41611648,80.23510067887025,80.20745147299996,79.69909448847311,79.83274101804169,7761824.523504214,77.6809728773661,77.67492058954056,77.45481996011384,77.45709623937589,4822478.087258852,51.008533881702476,51.184170966069594,50.85003459724367,51.11670823019994,14007954.43487896,58.513941913270735,58.54953028520025,58.25391498268694,58.29992334521425,3835828.767060312,70.7089222701295,70.86719653934239,70.45896199825835,70.81563817046948,5009829.323301158,56.712161730841274,56.80345330545463,56.00515230641643,56.15789075039238,2478533.7874040836,57.92467518517086,57.95681339576311,57.86913595370154,57.8816166706522,3598407.740896878,167.5354092846227,169.32106839236914,166.9794122766264,168.55453932659677,3123392.738645005,114.75692185064251,115.86981554160279,114.3211541943861,115.72797840996728,2115129.6806417615,45.24057301965888,45.33254140424019,44.8955932369395,45.00256463489093,8781853.86431407,62.27816908799981,62.40637753413958,62.07185405469453,62.23748655966631,4685719.48563498,125.51143913044166,126.87049734324964,125.10880206081305,126.3510018828978,1261600.5069101686,55.69120366213481,55.91509017152894,54.88854184617752,55.74295062896237,8220553.756290258,72.38574307895777,73.64882260585253,71.05007326307042,71.18945318762671,1687590.9720226093,84.45107677161967,85.47154136013367,83.91967922813792,84.60500410254302,5237508.908066549,86.49042329701437,88.06433294846595,85.92625921115676,86.79278120038236,17285610.412868656,107.67286276443346,109.92939964637425,106.6304964230561,107.54126048530132,17883394.651946895,,,,,,45.06286322504835,45.49071732120715,42.86855500077931,42.74788487887476,4887367.5163742285
1947,115.21054895234295,116.29509023394546,114.78006767187348,116.1084374768899,3186491.7561206473,102.311766833384,104.3313039949362,100.82363095869152,101.32008545144295,2680542.940768837,97.84616523193121,97.89431084344781,97.3737975060062,97.43873586483079,8710824.230937038,6.634524484731439,6.734882453944728,6.156248333882639,6.170586881889853,21613950.247135036,71.97960214504093,73.84915758197857,70.65512076945691,72.67360961643001,2630950.073353091,471.03881845577723,482.49709240759796,468.92045958429605,480.8658404296772,550340.1305936205,15.061402120883885,15.408845009692879,15.042772829923482,15.3509267209805,23443268.151316006,41.4355793818292,42.59351957517443,41.210171218423206,42.061768333616094,7276201.419219072,48.1673815512898,48.160697558812316,48.033105758171864,48.01391951806129,4063676.828661643,72.41035401886712,72.44469161856951,72.05541747211439,72.20374859494338,6801355.410692069,31.856625111555463,32.06486275703018,31.671512781662614,31.789462195609524,10715583.32167707,77.2378973618729,77.26871987852766,77.09490501626297,77.12268807502498,2211328.1940586017,331.74447054596817,338.7028388893396,329.6824383238126,334.09976525719543,2507803.4922798662,41.804426469851066,42.95407994367563,41.30453277206151,42.21808666650893,4640365.590088929,9.726909714807952,10.31587544984132,9.526399153120387,9.819911180367301,19627971.348041795,95.39412488273098,98.73332816983773,95.45678408828924,96.14674787855712,9739515.65118842,12.929174051371332,13.230282721212106,12.743665346629244,13.087428411554617,13569284.047814798,151.74845225479035,152.52745974004492,150.07261805466294,150.42432470994484,8990657.868179567,465.3485819289839,480.3165316071168,465.4138138892971,471.8240721997064,1440475.9688123611,33.51519622986103,34.25983994996126,33.12441461653288,34.14121409630824,9973472.737319356,43.80195012863774,43.91300511855554,43.48957032536255,43.55334345126281,26764502.39690122,82.24043165472435,82.40101055181556,81.94047009107572,82.28050054166208,16979085.520887814,89.80121761018987,89.78352521938636,89.61745853078874,89.71396441319219,6809975.0462016035,41.91002280801591,42.25787510377406,41.536192449667745,42.149607364024156,4223970.953287129,119.84050094015716,123.29951051177811,118.62957219992097,122.01659299340034,3881069.60774085,69.27571015992714,69.55660071826091,69.07380115205899,69.369495570865,4294951.353870015,49.675625730533966,49.81023880645512,49.35518049574347,49.69048112875321,2941333.966607574,55.29596369987918,55.59796623216275,55.17713539404964,55.309212476155906,3691184.789969642,24.801169425454663,24.88384120177011,24.354136694644225,24.361557248238753,22595648.222659424,37.42855252943676,38.72307732104974,36.607617593018915,36.45228730408399,15009404.265946193,149.6238041007916,152.813071101316,147.3036311626353,146.91093296378904,1021341.5330060052,36.56608575083566,36.73967675279403,36.03857173417446,36.081804485424215,56234807.06418426,53.79919251681793,54.39288938665661,52.43106353261174,52.860111505915285,5069600.090672596,42.97974638024276,43.64401518036177,42.12621409749941,42.10350263477893,20840053.278485086,275.1537107635706,275.49965871245837,271.6327558426087,271.6630592764913,9349776.605284946,,,,,,24.316821462860197,25.249256440892417,24.176027960470716,24.72958591757868,11136922.52826673,142.92051182639523,143.94255717987778,139.60068621746402,141.0779996623457,2041158.2219195687,5.755836171754818,5.379892891538436,5.5038274500671625,5.105110935902573,23577982.400920574,56.27680064311766,56.36043882877371,55.5715586408434,55.59015626075606,9252147.678734832,94.19019664772601,94.27099459643205,93.62113999183083,93.69162608476495,7468078.774342065,54.079963177282934,54.233070942412674,53.73449453927993,53.87298739914986,11553479.330209108,51.72267811990674,51.678685410633456,51.57697262730136,51.6336547704879,3029553.860269713,93.74492050115765,94.25969410529711,93.67302067458799,94.30713866857722,3535503.356071664,11.330703942924249,11.575425725184566,11.121350519557856,11.205043305925917,22647833.241479054,26.263886106193098,26.467780008817382,26.05907207167357,26.311288325570505,14211644.876526412,107.20089159168383,107.17831082145902,106.18047787502326,106.24308967225136,32607577.658945296,70.85527228353982,72.24707723384202,70.10978744827938,70.3502615017124,2738096.6552579245,92.61983644155403,92.71345921793426,92.27504622122277,92.34898136831569,4188424.2056849217,136.34502103264748,139.38067988318085,135.17365746503745,136.32658258565135,2730630.6605141643,110.68807291102975,113.81118404527838,110.195552136976,113.09083874321594,7647687.275747321,45.48267839407543,46.286323483574066,43.80912090097618,43.80171179618461,10632235.038967246,129.08130106483662,133.31581713800898,128.553963169255,130.11697237809685,2734596.338743571,54.38004707463944,56.4788661801208,52.627166065463484,52.35470559944417,1581095.926721963,246.1832829889802,253.62796412544793,244.5757416727616,248.41250996749235,560720.6033622993,92.38765743477776,93.5195408927378,91.4155087827355,91.8289718705899,4404665.790448879,45.450726323654926,46.64220377042482,44.91058163806166,45.80526391470908,12174264.321646072,25.17876232244044,25.73293537988945,24.585563590292594,24.892824189025163,3417664.4967081593,61.19812928598625,61.610257976706094,60.48977424174048,60.60491689179694,3199130.7941231905,168.54493228522523,170.71442092819632,167.81400271828244,170.23356815430276,9468664.563540058,107.84254671528501,110.13406325450939,107.63503400330494,109.94643825642925,1256819.8738452143,91.66420445413864,93.96683474417256,90.71679750547405,90.62781503064146,1331832.390356262,67.02433077322878,67.47494524434119,66.86367096935045,66.82647554224295,5610017.026156314,81.94346793009787,81.98607327257601,81.85485325761829,81.8851840754067,3794428.715804052,39.92498833633366,40.63,39.61135754522366,40.07709257380942,14659279.490787301,30.722020338985853,30.923476194122156,30.130942703446905,30.219597366514567,21374209.41161557,32.806108273575504,32.79468645833644,32.67653657043279,32.62999670937368,7428930.886675028,26.939680029721448,26.998034565693658,26.621096346758577,26.71001364615232,4560031.306876936,49.57898349077997,50.19505480426255,49.45068126325388,50.031597139984,2802498.013505891,122.7491820912519,126.39315424264251,121.80269522911357,122.91437722100181,1720316.592047024,56.93590082346677,57.838028987951816,56.881292966458886,57.41750436656176,2299011.215671793,40.43653575496988,41.49444113967134,39.78142203785184,40.19789631817866,3646009.6956706275,108.46322855844151,108.55506552781296,108.04181699794364,108.1952937497906,2235822.6105414927,181.72539521501218,187.43032714557452,180.44514199239399,187.03222702933118,1934242.266345556,23.509493146502937,23.83392292214022,23.24579174930745,23.766144920162734,3218094.549778683,9.428208277260191,9.548356217580606,9.278698395915477,9.278745669979932,32443389.41611648,80.23510067887025,80.20745147299996,79.69909448847311,79.83274101804123,7761824.523504214,77.6809728773661,77.67492058953133,77.45481996011384,77.45709623937589,4822478.087258852,51.008533881702476,51.184170966069594,50.85003459724367,51.11670823019994,14007954.43487896,58.513941913270735,58.5495305205806,58.25391498268694,58.29819531735281,3835828.767060312,70.7089222701295,70.86719653934239,70.45896199825835,70.81563817046948,5009829.323301158,56.712161730841274,56.80345330545463,56.00515230641643,56.15789075039238,2478533.7874040836,57.92467518517086,57.95681339576311,57.86913595370154,57.8816166706522,3598407.740896878,167.5354092846227,169.32106839236914,166.9794122766264,168.55453932659677,3123392.738645005,114.75692185064251,115.86981554160279,114.3211541943861,115.72797840996728,2115129.6806417615,45.24057301965888,45.33254140424019,44.8955932369395,45.00256463489093,8781853.864314111,62.27816908799981,62.40637753413947,62.07185405469453,62.23748655966631,4685719.48563498,125.51143913044166,126.87049734324964,125.10880206081305,126.35091696344725,1261600.5069101686,55.772700464617,55.91509017152663,54.88854184617752,55.74295062896237,8220553.756290258,72.38574306962465,73.64882260585253,71.05007326307042,71.18945318762671,1687590.9720226093,84.45107677161967,85.47154136013367,83.91967922813792,84.60500410254302,5237508.908061068,86.49042329701437,88.06433294846595,85.92625921115676,86.79278120038236,17285610.412868656,107.67286276443346,109.92939964637425,106.63049641781882,107.54126048530132,17883394.651946895,,,,,,45.06286322504835,45.49071732120715,42.86855500077931,42.74788487887476,4887367.5163742285
1948,115.21054895234295,116.29509023394546,114.78006767187348,116.1084374768899,3186491.7561206473,102.311766833384,104.3313039949362,100.82363095869152,101.32008545144295,2680542.940768837,97.84616523193121,97.89431084344781,97.3737975060062,97.43873586483079,8710824.230937038,6.634524484853408,6.734882453944728,6.156248333882639,6.170586881889853,21613950.247134224,71.97960214504093,73.84915758197857,70.65512076945691,72.47333204463521,2630950.073353091,471.03881845577723,482.49709240759796,468.92045958429605,480.8658404296772,550340.1305936205,15.061402120883885,15.408845009692879,15.04264967558691,15.350926684294944,23443268.151316006,41.4355793818292,42.59351957517443,41.210171218423206,42.061768333616094,7276201.419219072,48.1673815512898,48.160697558261184,48.033105758171835,48.01391951806129,4063676.828661643,72.41035401886712,72.44469161856951,72.05541747211439,72.20374859494338,6801355.410692069,31.856625111555463,32.06486275703018,31.671512740678832,31.789462195609524,10715583.32167707,77.2378973618729,77.26871987852766,77.09490501626297,77.12268807502498,2211328.1940586017,331.7444703794914,338.7028388881294,329.6824383238126,334.2374411780432,2507803.4922798662,41.804426469851066,42.95407994367563,41.30453277206151,42.21808666650893,4640365.590088929,9.726909714807952,10.315865092499799,9.526399153120387,9.819911180367301,19627971.348041795,95.39412488273098,98.73332816983773,95.45678408828924,96.14674787855712,9739515.65118842,12.929174051371332,13.230282721212106,12.743665346629244,13.087428411554617,13569284.047814798,151.74845225479035,152.52745974004492,150.07261805466294,150.42432470994484,8990657.868179567,465.3485819289839,480.31653160965135,465.4138139625661,471.8240721997064,1440475.9688123611,33.51519622986103,34.25983994996126,33.12441461653288,34.14121409630824,9973472.737319356,43.80195012863774,43.91300511855554,43.48957032536255,43.55334345126281,26764502.39690122,82.24043165472435,82.40101055181556,81.94047009107572,82.28050054166208,16979085.520887814,89.80121761018987,89.78352521938636,89.61745853078874,89.71396441319219,6809975.0462016035,41.91002280801591,42.25787510377406,41.53618963833138,42.149607364024156,4223970.953287129,119.84050094015716,123.29951051177811,118.62957219992097,122.01659299340034,3881069.60774085,69.27571015992714,69.55660071826091,69.07380115205899,69.369495570865,4294951.353870015,49.6757208129346,49.81023880645512,49.35518049574347,49.69048112875321,2941333.966607574,55.29596369987918,55.59796623216275,55.17713539404964,55.309212476155906,3691184.789969642,24.80116946149165,24.88384120177011,24.354136696035756,24.361557248238753,22595648.222659424,37.42855252943676,38.71812018409243,36.607617593018915,36.45228730408399,15009404.265946193,149.6238041007916,152.813071101316,147.3036311626353,146.91093296378904,1021341.5330060052,36.56608575083566,36.73967675279403,36.03857173417446,36.081804485424215,56234807.06418426,53.79919251547433,54.392889385632785,52.43106352346101,52.86011150589435,5069600.090672596,42.97974638019303,43.64401518036177,42.1262140974994,42.1035026347784,20840053.278485086,275.1537107635706,275.49965871245837,271.6327558426087,271.66305927533875,9349776.605284946,,,,,,24.316821462860197,25.249256440892417,24.176027960470716,24.70945634950295,11136922.52826673,142.92051182639523,143.94255717987778,139.60068621746402,141.0779996623457,2041158.2219195687,5.755836171754818,5.374919196681478,5.5038274500671625,5.100952431732184,23577982.400920574,56.27680064311766,56.36043882877371,55.5715586408434,55.59015626061133,9252147.678734832,94.19019664772601,94.27099459643205,93.62113999183083,93.68950750849517,7468078.774342065,54.079963177282934,54.233070942412674,53.73449453927993,53.87298739914986,11553479.330209108,51.72267811990674,51.678685196134744,51.57697262730136,51.63365477059703,3029553.860269713,93.74492050115765,94.25969410529711,93.67302067458799,94.30713866857722,3535503.356071664,11.330703942924249,11.575425725184566,11.121350519557856,11.205043305925926,22647833.241479054,26.263886106193098,26.467780008817382,26.05907207167357,26.311288325570505,14211644.876526412,107.20089159168383,107.17831082145902,106.18047787502326,106.24308967225136,32607577.658945296,70.85527198916841,72.24707723384202,70.10978744827938,70.3502615017124,2738096.6552579245,92.61983644155403,92.71345921793426,92.27504622122277,92.34898136831569,4188424.2056849217,136.34502103264748,139.38067988318085,135.17365746503745,136.32658258565135,2730630.6605141643,110.68807291102975,113.8111840474464,110.195552136976,113.09083874321594,7647687.275747321,45.48267839407543,46.286323483574066,43.80912090097618,43.80171179618461,10632235.038967246,129.08130000886518,133.31581713800898,128.553963169255,130.08278773277283,2734596.338743571,54.38004707462453,56.4788661801208,52.627166065463484,52.35470559944417,1581095.926721963,246.1832829889802,253.62796412544793,244.5757416727616,248.41250996226202,560720.6033622993,92.38765743477776,93.5195408927378,91.4155087827355,91.8289718705899,4404665.790448879,45.450726323654926,46.64220377042482,44.91058163806166,45.80526391470908,12174264.321646072,25.178762319378027,25.732935379845905,24.58556355519998,24.892824189025163,3417664.496708159,61.19812928598625,61.6102579550336,60.489786126610376,60.60491689179694,3199130.7941231905,168.54493228522523,170.71442092819632,167.81400271828244,170.23356815430276,9468664.563540058,107.84254671528501,110.13406325450939,107.63503400330494,109.94643825642925,1256819.8738452143,91.66143581117004,93.96683474417256,90.71544144258979,90.62781503064146,1331832.390356262,67.02433077322878,67.47494524434119,66.86365980090837,66.82647554224295,5610017.026156314,81.94346793009787,81.98607327257601,81.85485325761829,81.8851840754067,3794428.715804052,39.92498833633366,40.63,39.61135754522366,40.07709257380942,14659279.490787301,30.722020338985853,30.923476194122156,30.130942703446905,30.219576814720966,21374209.41161462,32.806108273575504,32.79468645833644,32.67653657043279,32.62999670937368,7428930.886675028,26.939680029721448,26.998034565693658,26.621096346758577,26.71001364615232,4560031.306876936,49.57898349077997,50.19505480426255,49.45068126325388,50.031597139984,2802498.013505891,122.7491820912519,126.39315424264251,121.80269522911357,122.91437722100181,1720316.592047024,56.93590083089076,57.838028987951816,56.881292966458886,57.41750436656176,2299011.215671793,40.43650708514641,41.49444113967134,39.78142203785184,40.19789631817866,3646009.6956706275,108.46322855844151,108.55506552781296,108.04181619857965,108.1952937497906,2235822.6105414927,181.72539521501218,187.43032714557506,180.44514199239399,187.03222702933118,1934242.266345556,23.509493146502937,23.83392292214022,23.24579174930745,23.766144920162734,3218094.549778683,9.428137549173025,9.548356217580606,9.278698395915477,9.278745669979932,32443389.41611648,80.23510067887025,80.20745147299996,79.69909448847311,79.8327410180409,7761824.523504214,77.6809728773661,77.67492058953843,77.45481996011384,77.45709623937589,4822478.087258852,51.008533881702476,51.184170966069594,50.85003459724367,51.11670823019994,14007954.43487896,58.513941913270735,58.54953031636023,58.25391498268694,58.29990754435871,3835828.767060312,70.7089222701295,70.86719653934239,70.45896199825835,70.81563817046948,5009829.323301158,56.712161730841274,56.80345330545463,56.00515230641643,56.15789075039238,2478533.7874040836,57.92467518517086,57.95681339576311,57.86913595370154,57.8816166706522,3598407.740896878,167.5354092846227,169.32106839236914,166.9794122766264,168.55453932659677,3123392.738645005,114.75692185064251,115.86981554160279,114.3211541943861,115.72797840996728,2115129.6806417615,45.24057301965888,45.33254140424019,44.8955932369395,45.00256463489093,8781853.864314139,62.27816908799981,62.4063775341394,62.07185405469453,62.23748655966631,4685719.48563498,125.51143913044166,126.87049734324964,125.10880206081305,126.35099836884754,1261600.5069101686,55.69146335224542,55.91509017152831,54.88854184617752,55.74295062896237,8220553.756290258,72.38574307720025,73.64882260585253,71.05007326307042,71.18945318762671,1687590.9720226093,84.45107677161967,85.47154136013367,83.91967922813792,84.60500410254302,5237508.908056985,86.49042329701437,88.06433294846595,85.92625921115676,86.79278120038236,17285610.412868656,107.67286276443346,109.92939964637425,106.63049642210295,107.54126048530132,17883394.651946895,,,,,,45.06286322504835,45.49071732120715,42.86855500077931,42.74788487887476,4887367.5163742285
1949,115.21054895234295,116.29509023394546,114.78006767187348,116.1084374768899,3186491.7561206473,102.311766833384,104.3313039949362,100.82363095869152,101.32008545144295,2680542.940768837,97.84616523193121,97.89431084344781,97.3737975060062,97.43873586483079,8710824.230937038,6.634524484759563,6.734882453944728,6.156248333882639,6.170586881889853,21613950.247133665,71.97960214504093,73.84915758197857,70.65512076945691,72.6704091985966,2630950.073353091,471.03881845577723,482.49709240759796,468.92045958429605,480.8658404296772,550340.1305936205,15.061402120883885,15.408845009692879,15.042764644214433,15.350926716195,23443268.151316006,41.4355793818292,42.59351957517443,41.210171218423206,42.061768333616094,7276201.419219072,48.1673815512898,48.16069755781547,48.033105758171814,48.01391951806129,4063676.828661643,72.41035401886712,72.44469161856951,72.05541747211439,72.20374859494338,6801355.410692069,31.856625111555463,32.06486275703018,31.671512775128313,31.789462195609524,10715583.32167707,77.2378973618729,77.26871987852766,77.09490501626297,77.12268807502498,2211328.1940586017,331.74447052052744,338.7028388890809,329.6824383238126,334.1020418221343,2507803.4922798662,41.804426469851066,42.95407994367563,41.30453277206151,42.21808666650893,4640365.590088929,9.726909714807952,10.315874492935476,9.526399153120387,9.819911180367301,19627971.348041795,95.39412488273098,98.73332816983773,95.45678408828924,96.14674787855712,9739515.65118842,12.929174051371332,13.230282721212106,12.743665346629244,13.087428411554617,13569284.047814798,151.74845225479035,152.52745974004492,150.07261805466294,150.42432470994484,8990657.868179567,465.3485819289839,480.31653161164417,465.4138140230473,471.8240721997064,1440475.9688123611,33.51519622986103,34.25983994996126,33.12441461653288,34.14121409630824,9973472.737319356,43.80195012863774,43.91300511855554,43.48957032536255,43.55334345126281,26764502.39690122,82.24043165472435,82.40101055181556,81.94047009107572,82.28050054166208,16979085.520887814,89.80121761018987,89.78352521938636,89.61745853078874,89.71396441319219,6809975.0462016035,41.91002280801591,42.25787510377406,41.53619210160871,42.149607364024156,4223970.953287129,119.84050094015716,123.29951051177811,118.62957219992097,122.01659299340034,3881069.60774085,69.27571015992714,69.55660071826091,69.07380115205899,69.369495570865,4294951.353870015,49.675632966387596,49.81023880645512,49.35518049574347,49.69048112875321,2941333.966607574,55.29596369987918,55.59796623216275,55.17713539404964,55.309212476155906,3691184.789969642,24.801169492304425,24.88384120177011,24.35413669721041,24.361557248238753,22595648.222659424,37.42855252943676,38.722869134904315,36.607617593018915,36.45228730408399,15009404.265946193,149.6238041007916,152.813071101316,147.3036311626353,146.91093296378904,1021341.5330060052,36.56608575083566,36.73967675279403,36.03857173417446,36.081804485424215,56234807.06418426,53.79919251441726,54.392889384828784,52.431063516070274,52.86011150591017,5069600.090672596,42.97974638015508,43.64401518036177,42.1262140974994,42.103502634778785,20840053.278485086,275.1537107635706,275.49965871245837,271.6327558426087,271.66305927624177,9349776.605284946,,,,,,24.316821462860197,25.249256440892417,24.176027960470716,24.72930895561046,11136922.52826673,142.92051182639523,143.94255717987778,139.60068621746402,141.0779996623457,2041158.2219195687,5.755836171754818,5.36997463679182,5.5038274500671625,5.096819418397425,23577982.400920574,56.27680064311766,56.36043882877371,55.5715586408434,55.59015626072394,9252147.678734832,94.19019664772601,94.27099459643205,93.62113999183083,93.69157377253381,7468078.774342065,54.079963177282934,54.233070942412674,53.73449453927993,53.87298739914986,11553479.330209108,51.72267811990674,51.678685382329355,51.57697262730136,51.63365477051014,3029553.860269713,93.74492050115765,94.25969410529711,93.67302067458799,94.30713866857722,3535503.356071664,11.330703942924249,11.575425725184566,11.121350519557856,11.20504330592592,22647833.241479054,26.263886106193098,26.467780008817382,26.05907207167357,26.311288325570505,14211644.876526412,107.20089159168383,107.17831082145902,106.18047787502326,106.24308967225136,32607577.658945296,70.85527224575642,72.24707723384202,70.10978744827938,70.3502615017124,2738096.6552579245,92.61983644155403,92.71345921793426,92.27504622122277,92.34898136831569,4188424.2056849217,136.34502103264748,139.38067988318085,135.17365746503745,136.32658258565135,2730630.6605141643,110.68807291102975,113.81118404572409,110.195552136976,113.09083874321594,7647687.275747321,45.48267839407543,46.286323483574066,43.80912090097618,43.80171179618461,10632235.038967246,129.08130091092272,133.31581713800898,128.553963169255,130.11651127590744,2734596.338743571,54.380047074613564,56.4788661801208,52.627166065463484,52.35470559944417,1581095.926721963,246.1832829889802,253.62796412544793,244.5757416727616,248.41250995807047,560720.6033622993,92.38765743477776,93.5195408927378,91.4155087827355,91.8289718705899,4404665.790448879,45.450726323654926,46.64220377042482,44.91058163806166,45.80526391470908,12174264.321646072,25.17876231691501,25.732935379812943,24.585563526077266,24.892824189025163,3417664.496708159,61.19812928598625,61.610257972927684,60.489775331178905,60.60491689179694,3199130.7941231905,168.54493228522523,170.71442092819632,167.81400271828244,170.23356815430276,9468664.563540058,107.84254671528501,110.13406325450939,107.63503400330494,109.94643825642925,1256819.8738452143,91.66410045758684,93.96683474417256,90.71672330338014,90.62781503064146,1331832.390356262,67.02433077322878,67.47494524434119,66.86366972887186,66.82647554224295,5610017.026156314,81.94346793009787,81.98607327257601,81.85485325761829,81.8851840754067,3794428.715804052,39.92498833633366,40.63,39.61135754522366,40.07709257380942,14659279.490787301,30.722020338985853,30.923476194122156,30.130942703446905,30.219595457845557,21374209.411613967,32.806108273575504,32.79468645833644,32.67653657043279,32.62999670937368,7428930.886675028,26.939680029721448,26.998034565693658,26.621096346758577,26.71001364615232,4560031.306876936,49.57898349077997,50.19505480426255,49.45068126325388,50.031597139984,2802498.013505891,122.7491820912519,126.39315424264251,121.80269522911357,122.91437722100181,1720316.592047024,56.93590082484307,57.838028987951816,56.881292966458886,57.41750436656176,2299011.215671793,40.43653302483981,41.49444113967134,39.78142203785184,40.19789631817866,3646009.6956706275,108.46322855844151,108.55506552781296,108.04181548766609,108.1952937497906,2235822.6105414927,181.72539521501218,187.4303271455747,180.44514199239399,187.03222702933118,1934242.266345556,23.509493146502937,23.83392292214022,23.24579174930745,23.766144920162734,3218094.549778683,9.428203479992057,9.548356217580606,9.278698395915477,9.278745669979932,32443389.41611648,80.23510067887025,80.20745147299996,79.69909448847311,79.83274101804066,7761824.523504214,77.6809728773661,77.67492058953297,77.45481996011384,77.45709623937589,4822478.087258852,51.008533881702476,51.184170966069594,50.85003459724367,51.11670823019994,14007954.43487896,58.513941913270735,58.549530493545625,58.25391498268694,58.29821097372745,3835828.767060312,70.7089222701295,70.86719653934239,70.45896199825835,70.81563817046948,5009829.323301158,56.712161730841274,56.80345330545463,56.00515230641643,56.15789075039238,2478533.7874040836,57.92467518517086,57.95681339576311,57.86913595370154,57.8816166706522,3598407.740896878,167.5354092846227,169.32106839236914,166.9794122766264,168.55453932659677,3123392.738645005,114.75692185064251,115.86981554160279,114.3211541943861,115.72797840996728,2115129.6806417615,45.24057301965888,45.33254140424019,44.8955932369395,45.00256463489093,8781853.864314158,62.27816908799981,62.40637753413935,62.07185405469453,62.23748655966631,4685719.48563498,125.51143913044166,126.87049734324964,125.10880206081305,126.35092033208265,1261600.5069101686,55.77244160201067,55.91509017152709,54.88854184617752,55.74295062896237,8220553.756290258,72.38574307105121,73.64882260585253,71.05007326307042,71.18945318762671,1687590.9720226093,84.45107677161967,85.47154136013367,83.91967922813792,84.60500410254302,5237508.908053943,86.49042329701437,88.06433294846595,85.92625921115676,86.79278120038236,17285610.412868656,107.67286276443346,109.92939964637425,106.63049641859851,107.54126048530132,17883394.651946895,,,,,,45.06286322504835,45.49071732120715,42.86855500077931,42.74788487887476,4887367.5163742285
1950,115.21054895234295,116.29509023394546,114.78006767187348,116.1084374768899,3186491.7561206473,102.311766833384,104.3313039949362,100.82363095869152,101.32008545144295,2680542.940768837,97.84616523193121,97.89431084344781,97.3737975060062,97.43873586483079,8710824.230937038,6.634524484831769,6.734882453944728,6.156248333882639,6.170586881889853,21613950.24713328,71.97960214504093,73.84915758197857,70.65512076945691,72.47648132007552,2630950.073353091,471.03881845577723,482.49709240759796,468.92045958429605,480.8658404296772,550340.1305936205,15.061402120883885,15.408845009692879,15.042657317215786,15.350926688456193,23443268.151316006,41.4355793818292,42.59351957517443,41.210171218423206,42.061768333616094,7276201.419219072,48.1673815512898,48.160697557455,48.0331057581718,48.01391951806129,4063676.828661643,72.41035401886712,72.44469161856951,72.05541747211439,72.20374859494338,6801355.410692069,31.856625111555463,32.06486275703018,31.67151274617133,31.789462195609524,10715583.32167707,77.2378973618729,77.26871987852766,77.09490501626297,77.12268807502498,2211328.1940586017,331.74447040104434,338.7028388883328,329.6824383238126,334.2352022576531,2507803.4922798662,41.804426469851066,42.95407994367563,41.30453277206151,42.21808666650893,4640365.590088929,9.726909714807952,10.315865960997936,9.526399153120387,9.819911180367301,19627971.348041795,95.39412488273098,98.73332816983773,95.45678408828924,96.14674787855712,9739515.65118842,12.929174051371332,13.230282721212106,12.743665346629244,13.087428411554617,13569284.047814798,151.74845225479035,152.52745974004492,150.07261805466294,150.42432470994484,8990657.868179567,465.3485819289839,480.316531613211,465.41381407297257,471.8240721997064,1440475.9688123611,33.51519622986103,34.25983994996126,33.12441461653288,34.14121409630824,9973472.737319356,43.80195012863774,43.91300511855554,43.48957032536255,43.55334345126281,26764502.39690122,82.24043165472435,82.40101055181556,81.94047009107572,82.28050054166208,16979085.520887814,89.80121761018987,89.78352521938636,89.61745853078874,89.71396441319219,6809975.0462016035,41.91002280801591,42.25787510377406,41.53618994329877,42.149607364024156,4223970.953287129,119.84050094015716,123.29951051177811,118.62957219992097,122.01659299340034,3881069.60774085,69.27571015992714,69.55660071826091,69.07380115205899,69.369495570865,4294951.353870015,49.675714127735745,49.81023880645512,49.35518049574347,49.69048112875321,2941333.966607574,55.29596369987918,55.59796623216275,55.17713539404964,55.309212476155906,3691184.789969642,24.80116951865033,24.88384120177011,24.354136698201987,24.361557248238753,22595648.222659424,37.42855252943676,38.718319626991196,36.607617593018915,36.45228730408399,15009404.265946193,149.6238041007916,152.813071101316,147.3036311626353,146.91093296378904,1021341.5330060052,36.56608575083566,36.73967675279403,36.03857173417446,36.081804485424215,56234807.06418426,53.79919251358561,54.39288938419742,52.43106351010101,52.86011150589822,5069600.090672596,42.979746380126116,43.64401518036177,42.1262140974994,42.10350263477851,20840053.278485086,275.1537107635706,275.49965871245837,271.6327558426087,271.66305927553424,9349776.605284946,,,,,,24.316821462860197,25.249256440892417,24.176027960470716,24.709729500761892,11136922.52826673,142.92051182639523,143.94255717987778,139.60068621746402,141.0779996623457,2041158.2219195687,5.755836171754818,5.365059041202313,5.5038274500671625,5.09271173964435,23577982.400920574,56.27680064311766,56.36043882877371,55.5715586408434,55.59015626063633,9252147.678734832,94.19019664772601,94.27099459643205,93.62113999183083,93.68955852902415,7468078.774342065,54.079963177282934,54.233070942412674,53.73449453927993,53.87298739914986,11553479.330209108,51.72267811990674,51.67868522070398,51.57697262730136,51.63365477057932,3029553.860269713,93.74492050115765,94.25969410529711,93.67302067458799,94.30713866857722,3535503.356071664,11.330703942924249,11.575425725184566,11.121350519557856,11.205043305925923,22647833.241479054,26.263886106193098,26.467780008817382,26.05907207167357,26.311288325570505,14211644.876526412,107.20089159168383,107.17831082145902,106.18047787502326,106.24308967225136,32607577.658945296,70.85527202210221,72.24707723384202,70.10978744827938,70.3502615017124,2738096.6552579245,92.61983644155403,92.71345921793426,92.27504622122277,92.34898136831569,4188424.2056849217,136.34502103264748,139.38067988318085,135.17365746503745,136.32658258565135,2730630.6605141643,110.68807291102975,113.81118404709233,110.195552136976,113.09083874321594,7647687.275747321,45.48267839407543,46.286323483574066,43.80912090097618,43.80171179618461,10632235.038967246,129.08130014034523,133.31581713800898,128.553963169255,130.08324261535026,2734596.338743571,54.3800470746055,56.4788661801208,52.627166065463484,52.35470559944417,1581095.926721963,246.1832829889802,253.62796412544793,244.5757416727616,248.4125099547114,560720.6033622993,92.38765743477776,93.5195408927378,91.4155087827355,91.8289718705899,4404665.790448879,45.450726323654926,46.64220377042482,44.91058163806166,45.80526391470908,12174264.321646072,25.17876231493407,25.732935379787993,24.58556350190886,24.892824189025163,3417664.496708159,61.19812928598625,61.61025795815328,60.4897851370364,60.60491689179694,3199130.7941231905,168.54493228522523,170.71442092819632,167.81400271828244,170.23356815430276,9468664.563540058,107.84254671528501,110.13406325450939,107.63503400330494,109.94643825642925,1256819.8738452143,91.6615359013739,93.96683474417256,90.71551158443636,90.62781503064146,1331832.390356262,67.02433077322878,67.47494524434119,66.86366090360703,66.82647554224295,5610017.026156314,81.94346793009787,81.98607327257601,81.85485325761829,81.8851840754067,3794428.715804052,39.92498833633366,40.63,39.61135754522366,40.07709257380942,14659279.490787301,30.722020338985853,30.923476194122156,30.130942703446905,30.219578546129664,21374209.41161352,32.806108273575504,32.79468645833644,32.67653657043279,32.62999670937368,7428930.886675028,26.939680029721448,26.998034565693658,26.621096346758577,26.71001364615232,4560031.306876936,49.57898349077997,50.19505480426255,49.45068126325388,50.031597139984,2802498.013505891,122.7491820912519,126.39315424264251,121.80269522911357,122.91437722100181,1720316.592047024,56.9359008297696,57.838028987951816,56.881292966458886,57.41750436656176,2299011.215671793,40.436509555295444,41.49444113967134,39.78142203785184,40.19789631817866,3646009.6956706275,108.46322855844151,108.55506552781296,108.0418148554158,108.1952937497906,2235822.6105414927,181.72539521501218,187.43032714557498,180.44514199239399,187.03222702933118,1934242.266345556,23.509493146502937,23.83392292214022,23.24579174930745,23.766144920162734,3218094.549778683,9.42814202105725,9.548356217580606,9.278698395915477,9.278745669979932,32443389.41611648,80.23510067887025,80.20745147299996,79.69909448847311,79.8327410180405,7761824.523504214,77.6809728773661,77.67492058953717,77.45481996011384,77.45709623937589,4822478.087258852,51.008533881702476,51.184170966069594,50.85003459724367,51.11670823019994,14007954.43487896,58.513941913270735,58.549530339816286,58.25391498268694,58.29989203114386,3835828.767060312,70.7089222701295,70.86719653934239,70.45896199825835,70.81563817046948,5009829.323301158,56.712161730841274,56.80345330545463,56.00515230641643,56.15789075039238,2478533.7874040836,57.92467518517086,57.95681339576311,57.86913595370154,57.8816166706522,3598407.740896878,167.5354092846227,169.32106839236914,166.9794122766264,168.55453932659677,3123392.738645005,114.75692185064251,115.86981554160279,114.3211541943861,115.72797840996728,2115129.6806417615,45.24057301965888,45.33254140424019,44.8955932369395,45.00256463489093,8781853.86431417,62.27816908799981,62.40637753413932,62.07185405469453,62.23748655966631,4685719.48563498,125.51143913044166,126.87049734324964,125.10880206081305,126.35099513960958,1261600.5069101686,55.6917213899843,55.91509017152798,54.88854184617752,55.74295062896237,8220553.756290258,72.38574307604232,73.64882260585253,71.05007326307042,71.18945318762671,1687590.9720226093,84.45107677161967,85.47154136013367,83.91967922813792,84.60500410254302,5237508.908051677,86.49042329701437,88.06433294846595,85.92625921115676,86.79278120038236,17285610.412868656,107.67286276443346,109.92939964637425,106.63049642146517,107.54126048530132,17883394.651946895,,,,,,45.06286322504835,45.49071732120715,42.86855500077931,42.74788487887476,4887367.5163742285
1951,115.21054895234295,116.29509023394546,114.78006767187348,116.1084374768899,3186491.7561206473,102.311766833384,104.3313039949362,100.82363095869152,101.32008545144295,2680542.940768837,97.84616523193121,97.89431084344781,97.3737975060062,97.43873586483079,8710824.230937038,6.634524484776213,6.734882453944728,6.156248333882639,6.170586881889853,21613950.247133017,71.97960214504093,73.84915758197857,70.65512076945691,72.6673102482985,2630950.073353091,471.03881845577723,482.49709240759796,468.92045958429605,480.8658404296772,550340.1305936205,15.061402120883885,15.408845009692879,15.042757510502307,15.35092671257657,23443268.151316006,41.4355793818292,42.59351957517443,41.210171218423206,42.061768333616094,7276201.419219072,48.1673815512898,48.16069755716348,48.033105758171786,48.01391951806129,4063676.828661643,72.41035401886712,72.44469161856951,72.05541747211439,72.20374859494338,6801355.410692069,31.856625111555463,32.06486275703018,31.67151277051152,31.789462195609524,10715583.32167707,77.2378973618729,77.26871987852766,77.09490501626297,77.12268807502498,2211328.1940586017,331.74447050226826,338.702838888921,329.6824383238126,334.1042437204538,2507803.4922798662,41.804426469851066,42.95407994367563,41.30453277206151,42.21808666650893,4640365.590088929,9.726909714807952,10.31587370467713,9.526399153120387,9.819911180367301,19627971.348041795,95.39412488273098,98.73332816983773,95.45678408828924,96.14674787855712,9739515.65118842,12.929174051371332,13.230282721212106,12.743665346629244,13.087428411554617,13569284.047814798,151.74845225479035,152.52745974004492,150.07261805466294,150.42432470994484,8990657.868179567,465.3485819289839,480.3165316144429,465.4138141141843,471.8240721997064,1440475.9688123611,33.51519622986103,34.25983994996126,33.12441461653288,34.14121409630824,9973472.737319356,43.80195012863774,43.91300511855554,43.48957032536255,43.55334345126281,26764502.39690122,82.24043165472435,82.40101055181556,81.94047009107572,82.28050054166208,16979085.520887814,89.80121761018987,89.78352521938636,89.61745853078874,89.71396441319219,6809975.0462016035,41.91002280801591,42.25787510377406,41.53619183439797,42.149607364024156,4223970.953287129,119.84050094015716,123.29951051177811,118.62957219992097,122.01659299340034,3881069.60774085,69.27571015992714,69.55660071826091,69.07380115205899,69.369495570865,4294951.353870015,49.67563914283699,49.81023880645512,49.35518049574347,49.69048112875321,2941333.966607574,55.29596369987918,55.59796623216275,55.17713539404964,55.309212476155906,3691184.789969642,24.801169541176918,24.88384120177011,24.354136699039024,24.361557248238753,22595648.222659424,37.42855252943676,38.72267806805984,36.607617593018915,36.45228730408399,15009404.265946193,149.6238041007916,152.813071101316,147.3036311626353,146.91093296378904,1021341.5330060052,36.56608575083566,36.73967675279403,36.03857173417446,36.081804485424215,56234807.06418426,53.79919251293131,54.392889383701615,52.43106350527984,52.860111505907255,5069600.090672596,42.97974638010401,43.64401518036177,42.1262140974994,42.103502634778714,20840053.278485086,275.1537107635706,275.49965871245837,271.6327558426087,271.66305927608863,9349776.605284946,,,,,,24.316821462860197,25.249256440892417,24.176027960470716,24.72903956262939,11136922.52826673,142.92051182639523,143.94255717987778,139.60068621746402,141.0779996623457,2041158.2219195687,5.755836171754818,5.360172240245545,5.5038274500671625,5.088629240176814,23577982.400920574,56.27680064311766,56.36043882877371,55.5715586408434,55.59015626070449,9252147.678734832,94.19019664772601,94.27099459643205,93.62113999183083,93.69152401181206,7468078.774342065,54.079963177282934,54.233070942412674,53.73449453927993,53.87298739914986,11553479.330209108,51.72267811990674,51.67868536100214,51.57697262730136,51.63365477052424,3029553.860269713,93.74492050115765,94.25969410529711,93.67302067458799,94.30713866857722,3535503.356071664,11.330703942924249,11.575425725184566,11.121350519557856,11.20504330592592,22647833.241479054,26.263886106193098,26.467780008817382,26.05907207167357,26.311288325570505,14211644.876526412,107.20089159168383,107.17831082145902,106.18047787502326,106.24308967225136,32607577.658945296,70.85527221704979,72.24707723384202,70.10978744827938,70.3502615017124,2738096.6552579245,92.61983644155403,92.71345921793426,92.27504622122277,92.34898136831569,4188424.2056849217,136.34502103264748,139.38067988318085,135.17365746503745,136.32658258565135,2730630.6605141643,110.68807291102975,113.81118404600538,110.195552136976,113.09083874321594,7647687.275747321,45.48267839407543,46.286323483574066,43.80912090097618,43.80171179618461,10632235.038967246,129.08130079860663,133.31581713800898,128.553963169255,130.11606252904826,2734596.338743571,54.38004707459957,56.4788661801208,52.627166065463484,52.35470559944417,1581095.926721963,246.1832829889802,253.62796412544793,244.5757416727616,248.41250995201946,560720.6033622993,92.38765743477776,93.5195408927378,91.4155087827355,91.8289718705899,4404665.790448879,45.450726323654926,46.64220377042482,44.91058163806166,45.80526391470908,12174264.321646072,25.17876231334085,25.732935379769106,24.58556348185195,24.892824189025163,3417664.496708159,61.19812928598625,61.610257970351896,60.489776230042594,60.60491689179694,3199130.7941231905,168.54493228522523,170.71442092819632,167.81400271828244,170.23356815430276,9468664.563540058,107.84254671528501,110.13406325450939,107.63503400330494,109.94643825642925,1256819.8738452143,91.6640041269996,93.96683474417256,90.71665699960919,90.62781503064146,1331832.390356262,67.02433077322878,67.47494524434119,66.8636687486499,66.82647554224295,5610017.026156314,81.94346793009787,81.98607327257601,81.85485325761829,81.8851840754067,3794428.715804052,39.92498833633366,40.63,39.61135754522366,40.07709257380942,14659279.490787301,30.722020338985853,30.923476194122156,30.130942703446905,30.219593887234804,21374209.41161321,32.806108273575504,32.79468645833644,32.67653657043279,32.62999670937368,7428930.886675028,26.939680029721448,26.998034565693658,26.621096346758577,26.71001364615232,4560031.306876936,49.57898349077997,50.19505480426255,49.45068126325388,50.031597139984,2802498.013505891,122.7491820912519,126.39315424264251,121.80269522911357,122.91437722100181,1720316.592047024,56.93590082575638,57.838028987951816,56.881292966458886,57.41750436656176,2299011.215671793,40.436530789914684,41.49444113967134,39.78142203785184,40.19789631817866,3646009.6956706275,108.46322855844151,108.55506552781296,108.04181429312463,108.1952937497906,2235822.6105414927,181.72539521501218,187.43032714557478,180.44514199239399,187.03222702933118,1934242.266345556,23.509493146502937,23.83392292214022,23.24579174930745,23.766144920162734,3218094.549778683,9.428199311421954,9.548356217580606,9.278698395915477,9.278745669979932,32443389.41611648,80.23510067887025,80.20745147299996,79.69909448847311,79.83274101804037,7761824.523504214,77.6809728773661,77.67492058953395,77.45481996011384,77.45709623937589,4822478.087258852,51.008533881702476,51.184170966069594,50.85003459724367,51.11670823019994,14007954.43487896,58.513941913270735,58.54953047319472,58.25391498268694,58.298226345091535,3835828.767060312,70.7089222701295,70.86719653934239,70.45896199825835,70.81563817046948,5009829.323301158,56.712161730841274,56.80345330545463,56.00515230641643,56.15789075039238,2478533.7874040836,57.92467518517086,57.95681339576311,57.86913595370154,57.8816166706522,3598407.740896878,167.5354092846227,169.32106839236914,166.9794122766264,168.55453932659677,3123392.738645005,114.75692185064251,115.86981554160279,114.3211541943861,115.72797840996728,2115129.6806417615,45.24057301965888,45.33254140424019,44.8955932369395,45.00256463489093,8781853.86431418,62.27816908799981,62.40637753413929,62.07185405469453,62.23748655966631,4685719.48563498,125.51143913044166,126.87049734324964,125.10880206081305,126.35092342769157,1261600.5069101686,55.77218438651078,55.91509017152733,54.88854184617752,55.74295062896237,8220553.756290258,72.38574307199109,73.64882260585253,71.05007326307042,71.18945318762671,1687590.9720226093,84.45107677161967,85.47154136013367,83.91967922813792,84.60500410254302,5237508.9080499895,86.49042329701437,88.06433294846595,85.92625921115676,86.79278120038236,17285610.412868656,107.67286276443346,109.92939964637425,106.63049641912022,107.54126048530132,17883394.651946895,,,,,,45.06286322504835,45.49071732120715,42.86855500077931,42.74788487887476,4887367.5163742285
1952,115.21054895234295,116.29509023394546,114.78006767187348,116.1084374768899,3186491.7561206473,102.311766833384,104.3313039949362,100.82363095869152,101.32008545144295,2680542.940768837,97.84616523193121,97.89431084344781,97.3737975060062,97.43873586483079,8710824.230937038,6.634524484818959,6.734882453944728,6.156248333882639,6.170586881889853,21613950.247132834,71.97960214504093,73.84915758197857,70.65512076945691,72.47953074942272,2630950.073353091,471.03881845577723,482.49709240759796,468.92045958429605,480.8658404296772,550340.1305936205,15.061402120883885,15.408845009692879,15.042663976770902,15.35092669160261,23443268.151316006,41.4355793818292,42.59351957517443,41.210171218423206,42.061768333616094,7276201.419219072,48.1673815512898,48.16069755692772,48.03310575817178,48.01391951806129,4063676.828661643,72.41035401886712,72.44469161856951,72.05541747211439,72.20374859494338,6801355.410692069,31.856625111555463,32.06486275703018,31.67151275005204,31.789462195609524,10715583.32167707,77.2378973618729,77.26871987852766,77.09490501626297,77.12268807502498,2211328.1940586017,331.74447041651325,338.70283888845853,329.6824383238126,334.2330367692191,2507803.4922798662,41.804426469851066,42.95407994367563,41.30453277206151,42.21808666650893,4640365.590088929,9.726909714807952,10.315866676429772,9.526399153120387,9.819911180367301,19627971.348041795,95.39412488273098,98.73332816983773,95.45678408828924,96.14674787855712,9739515.65118842,12.929174051371332,13.230282721212106,12.743665346629244,13.087428411554617,13569284.047814798,151.74845225479035,152.52745974004492,150.07261805466294,150.42432470994484,8990657.868179567,465.3485819289839,480.3165316154115,465.41381414820324,471.8240721997064,1440475.9688123611,33.51519622986103,34.25983994996126,33.12441461653288,34.14121409630824,9973472.737319356,43.80195012863774,43.91300511855554,43.48957032536255,43.55334345126281,26764502.39690122,82.24043165472435,82.40101055181556,81.94047009107572,82.28050054166208,16979085.520887814,89.80121761018987,89.78352521938636,89.61745853078874,89.71396441319219,6809975.0462016035,41.91002280801591,42.25787510377406,41.536190177427336,42.149607364024156,4223970.953287129,119.84050094015716,123.29951051177811,118.62957219992097,122.01659299340034,3881069.60774085,69.27571015992714,69.55660071826091,69.07380115205899,69.369495570865,4294951.353870015,49.67570842131954,49.81023880645512,49.35518049574347,49.69048112875321,2941333.966607574,55.29596369987918,55.59796623216275,55.17713539404964,55.309212476155906,3691184.789969642,24.80116956043787,24.88384120177011,24.354136699745606,24.361557248238753,22595648.222659424,37.42855252943676,38.718502669552656,36.607617593018915,36.45228730408399,15009404.265946193,149.6238041007916,152.813071101316,147.3036311626353,146.91093296378904,1021341.5330060052,36.56608575083566,36.73967675279403,36.03857173417446,36.081804485424215,56234807.06418426,53.799192512416546,54.392889383312266,52.43106350138593,52.86011150590043,5069600.090672596,42.97974638008714,43.64401518036177,42.1262140974994,42.103502634778565,20840053.278485086,275.1537107635706,275.49965871245837,271.6327558426087,271.6630592756543,9349776.605284946,,,,,,24.316821462860197,25.249256440892417,24.176027960470716,24.709995187175092,11136922.52826673,142.92051182639523,143.94255717987778,139.60068621746402,141.0779996623457,2041158.2219195687,5.755836171754818,5.355314065247981,5.5038274500671625,5.08457176565061,23577982.400920574,56.27680064311766,56.36043882877371,55.5715586408434,55.59015626065146,9252147.678734832,94.19019664772601,94.27099459643205,93.62113999183083,93.68960706104605,7468078.774342065,54.079963177282934,54.233070942412674,53.73449453927993,53.87298739914986,11553479.330209108,51.72267811990674,51.678685239216975,51.57697262730136,51.63365477056809,3029553.860269713,93.74492050115765,94.25969410529711,93.67302067458799,94.30713866857722,3535503.356071664,11.330703942924249,11.575425725184566,11.121350519557856,11.205043305925921,22647833.241479054,26.263886106193098,26.467780008817382,26.05907207167357,26.311288325570505,14211644.876526412,107.20089159168383,107.17831082145902,106.18047787502326,106.24308967225136,32607577.658945296,70.85527204712429,72.24707723384202,70.10978744827938,70.3502615017124,2738096.6552579245,92.61983644155403,92.71345921793426,92.27504622122277,92.34898136831569,4188424.2056849217,136.34502103264748,139.38067988318085,135.17365746503745,136.32658258565135,2730630.6605141643,110.68807291102975,113.81118404686887,110.195552136976,113.09083874321594,7647687.275747321,45.48267839407543,46.286323483574066,43.80912090097618,43.80171179618461,10632235.038967246,129.08130023629062,133.31581713800898,128.553963169255,130.0836853092533,2734596.338743571,54.380047074595204,56.4788661801208,52.627166065463484,52.35470559944417,1581095.926721963,246.1832829889802,253.62796412544793,244.5757416727616,248.41250994986217,560720.6033622993,92.38765743477776,93.5195408927378,91.4155087827355,91.8289718705899,4404665.790448879,45.450726323654926,46.64220377042482,44.91058163806166,45.80526391470908,12174264.321646072,25.17876231205947,25.73293537975481,24.585563465207088,24.892824189025163,3417664.496708159,61.19812928598625,61.610257960279995,60.48978432056794,60.60491689179694,3199130.7941231905,168.54493228522523,170.71442092819632,167.81400271828244,170.23356815430276,9468664.563540058,107.84254671528501,110.13406325450939,107.63503400330494,109.94643825642925,1256819.8738452143,91.66162861356433,93.96683474417256,90.71557426014647,90.62781503064146,1331832.390356262,67.02433077322878,67.47494524434119,66.86366177495576,66.82647554224295,5610017.026156314,81.94346793009787,81.98607327257601,81.85485325761829,81.8851840754067,3794428.715804052,39.92498833633366,40.63,39.61135754522366,40.07709257380942,14659279.490787301,30.722020338985853,30.923476194122156,30.130942703446905,30.21957997087597,21374209.411613,32.806108273575504,32.79468645833644,32.67653657043279,32.62999670937368,7428930.886675028,26.939680029721448,26.998034565693658,26.621096346758577,26.71001364615232,4560031.306876936,49.57898349077997,50.19505480426255,49.45068126325388,50.031597139984,2802498.013505891,122.7491820912519,126.39315424264251,121.80269522911357,122.91437722100181,1720316.592047024,56.935900829025606,57.838028987951816,56.881292966458886,57.41750436656176,2299011.215671793,40.436511577396224,41.49444113967134,39.78142203785184,40.19789631817866,3646009.6956706275,108.46322855844151,108.55506552781296,108.04181379305153,108.1952937497906,2235822.6105414927,181.72539521501218,187.43032714557492,180.44514199239399,187.03222702933118,1934242.266345556,23.509493146502937,23.83392292214022,23.24579174930745,23.766144920162734,3218094.549778683,9.428145906886092,9.548356217580606,9.278698395915477,9.278745669979932,32443389.41611648,80.23510067887025,80.20745147299996,79.69909448847311,79.83274101804028,7761824.523504214,77.6809728773661,77.67492058953643,77.45481996011384,77.45709623937589,4822478.087258852,51.008533881702476,51.184170966069594,50.85003459724367,51.11670823019994,14007954.43487896,58.513941913270735,58.54953035747312,58.25391498268694,58.29987680033348,3835828.767060312,70.7089222701295,70.86719653934239,70.45896199825835,70.81563817046948,5009829.323301158,56.712161730841274,56.80345330545463,56.00515230641643,56.15789075039238,2478533.7874040836,57.92467518517086,57.95681339576311,57.86913595370154,57.8816166706522,3598407.740896878,167.5354092846227,169.32106839236914,166.9794122766264,168.55453932659677,3123392.738645005,114.75692185064251,115.86981554160279,114.3211541943861,115.72797840996728,2115129.6806417615,45.24057301965888,45.33254140424019,44.8955932369395,45.00256463489093,8781853.864314185,62.27816908799981,62.40637753413927,62.07185405469453,62.23748655966631,4685719.48563498,125.51143913044166,126.87049734324964,125.10880206081305,126.35099217209999,1261600.5069101686,55.69197778586527,55.9150901715278,54.88854184617752,55.74295062896237,8220553.756290258,72.38574307527942,73.64882260585253,71.05007326307042,71.18945318762671,1687590.9720226093,84.45107677161967,85.47154136013367,83.91967922813792,84.60500410254302,5237508.908048732,86.49042329701437,88.06433294846595,85.92625921115676,86.79278120038236,17285610.412868656,107.67286276443346,109.92939964637425,106.6304964210384,107.54126048530132,17883394.651946895,,,,,,45.06286322504835,45.49071732120715,42.86855500077931,42.74788487887476,4887367.5163742285
1953,115.21054895234295,116.29509023394546,114.78006767187348,116.1084374768899,3186491.7561206473,102.311766833384,104.3313039949362,100.82363095869152,101.32008545144295,2680542.940768837,97.84616523193121,97.89431084344781,97.3737975060062,97.43873586483079,8710824.230937038,6.63452448478607,6.734882453944728,6.156248333882639,6.170586881889853,21613950.247132707,71.97960214504093,73.84915758197857,70.65512076945691,72.6643095485618,2630950.073353091,471.03881845577723,482.49709240759796,468.92045958429605,480.8658404296772,550340.1305936205,15.061402120883885,15.408845009692879,15.042751293588369,15.350926709840591,23443268.151316006,41.4355793818292,42.59351957517443,41.210171218423206,42.061768333616094,7276201.419219072,48.1673815512898,48.160697556737055,48.03310575817177,48.01391951806129,4063676.828661643,72.41035401886712,72.44469161856951,72.05541747211439,72.20374859494338,6801355.410692069,31.856625111555463,32.06486275703018,31.671512767249535,31.789462195609524,10715583.32167707,77.2378973618729,77.26871987852766,77.09490501626297,77.12268807502498,2211328.1940586017,331.74447048916335,338.70283888882216,329.6824383238126,334.1063734010645,2507803.4922798662,41.804426469851066,42.95407994367563,41.30453277206151,42.21808666650893,4640365.590088929,9.726909714807952,10.315873055343424,9.526399153120387,9.819911180367301,19627971.348041795,95.39412488273098,98.73332816983773,95.45678408828924,96.14674787855712,9739515.65118842,12.929174051371332,13.230282721212106,12.743665346629244,13.087428411554617,13569284.047814798,151.74845225479035,152.52745974004492,150.07261805466294,150.42432470994484,8990657.868179567,465.3485819289839,480.3165316161731,465.4138141762848,471.8240721997064,1440475.9688123611,33.51519622986103,34.25983994996126,33.12441461653288,34.14121409630824,9973472.737319356,43.80195012863774,43.91300511855554,43.48957032536255,43.55334345126281,26764502.39690122,82.24043165472435,82.40101055181556,81.94047009107572,82.28050054166208,16979085.520887814,89.80121761018987,89.78352521938636,89.61745853078874,89.71396441319219,6809975.0462016035,41.91002280801591,42.25787510377406,41.53619162925581,42.149607364024156,4223970.953287129,119.84050094015716,123.29951051177811,118.62957219992097,122.01659299340034,3881069.60774085,69.27571015992714,69.55660071826091,69.07380115205899,69.369495570865,4294951.353870015,49.67564441498995,49.81023880645512,49.35518049574347,49.69048112875321,2941333.966607574,55.29596369987918,55.59796623216275,55.17713539404964,55.309212476155906,3691184.789969642,24.8011695769066,24.88384120177011,24.35413670034206,24.361557248238753,22595648.222659424,37.42855252943676,38.72250271278354,36.607617593018915,36.45228730408399,15009404.265946193,149.6238041007916,152.813071101316,147.3036311626353,146.91093296378904,1021341.5330060052,36.56608575083566,36.73967675279403,36.03857173417446,36.081804485424215,56234807.06418426,53.79919251201156,54.39288938300652,52.431063498240945,52.860111505905586,5069600.090672596,42.97974638007427,43.64401518036177,42.1262140974994,42.10350263477867,20840053.278485086,275.1537107635706,275.49965871245837,271.6327558426087,271.6630592759946,9349776.605284946,,,,,,24.316821462860197,25.249256440892417,24.176027960470716,24.728777531785532,11136922.52826673,142.92051182639523,143.94255717987778,139.60068621746402,141.0779996623457,2041158.2219195687,5.755836171754818,5.350484348524149,5.5038274500671625,5.080539162667631,23577982.400920574,56.27680064311766,56.36043882877371,55.5715586408434,55.59015626069272,9252147.678734832,94.19019664772601,94.27099459643205,93.62113999183083,93.69147667815079,7468078.774342065,54.079963177282934,54.233070942412674,53.73449453927993,53.87298739914986,11553479.330209108,51.72267811990674,51.67868534493202,51.57697262730136,51.63365477053318,3029553.860269713,93.74492050115765,94.25969410529711,93.67302067458799,94.30713866857722,3535503.356071664,11.330703942924249,11.575425725184566,11.121350519557856,11.20504330592592,22647833.241479054,26.263886106193098,26.467780008817382,26.05907207167357,26.311288325570505,14211644.876526412,107.20089159168383,107.17831082145902,106.18047787502326,106.24308967225136,32607577.658945296,70.85527219523938,72.24707723384202,70.10978744827938,70.3502615017124,2738096.6552579245,92.61983644155403,92.71345921793426,92.27504622122277,92.34898136831569,4188424.2056849217,136.34502103264748,139.38067988318085,135.17365746503745,136.32658258565135,2730630.6605141643,110.68807291102975,113.8111840461829,110.195552136976,113.09083874321594,7647687.275747321,45.48267839407543,46.286323483574066,43.80912090097618,43.80171179618461,10632235.038967246,129.08130071664584,133.31581713800898,128.553963169255,130.11562580645563,2734596.338743571,54.380047074592,56.4788661801208,52.627166065463484,52.35470559944417,1581095.926721963,246.1832829889802,253.62796412544793,244.5757416727616,248.41250994813333,560720.6033622993,92.38765743477776,93.5195408927378,91.4155087827355,91.8289718705899,4404665.790448879,45.450726323654926,46.64220377042482,44.91058163806166,45.80526391470908,12174264.321646072,25.178762311028887,25.73293537974399,24.585563451393824,24.892824189025163,3417664.496708159,61.19812928598625,61.610257968595945,60.489776971668654,60.60491689179694,3199130.7941231905,168.54493228522523,170.71442092819632,167.81400271828244,170.23356815430276,9468664.563540058,107.84254671528501,110.13406325450939,107.63503400330494,109.94643825642925,1256819.8738452143,91.66391489729074,93.96683474417256,90.71659775343689,90.62781503064146,1331832.390356262,67.02433077322878,67.47494524434119,66.86366797408186,66.82647554224295,5610017.026156314,81.94346793009787,81.98607327257601,81.85485325761829,81.8851840754067,3794428.715804052,39.92498833633366,40.63,39.61135754522366,40.07709257380942,14659279.490787301,30.722020338985853,30.923476194122156,30.130942703446905,30.21959259480635,21374209.411612853,32.806108273575504,32.79468645833644,32.67653657043279,32.62999670937368,7428930.886675028,26.939680029721448,26.998034565693658,26.621096346758577,26.71001364615232,4560031.306876936,49.57898349077997,50.19505480426255,49.45068126325388,50.031597139984,2802498.013505891,122.7491820912519,126.39315424264251,121.80269522911357,122.91437722100181,1720316.592047024,56.93590082636244,57.838028987951816,56.881292966458886,57.41750436656176,2299011.215671793,40.436528960371696,41.49444113967134,39.78142203785184,40.19789631817866,3646009.6956706275,108.46322855844151,108.55506552781296,108.04181334831202,108.1952937497906,2235822.6105414927,181.72539521501218,187.43032714557484,180.44514199239399,187.03222702933118,1934242.266345556,23.509493146502937,23.83392292214022,23.24579174930745,23.766144920162734,3218094.549778683,9.428195689156906,9.548356217580606,9.278698395915477,9.278745669979932,32443389.41611648,80.23510067887025,80.20745147299996,79.69909448847311,79.83274101804022,7761824.523504214,77.6809728773661,77.67492058953452,77.45481996011384,77.45709623937589,4822478.087258852,51.008533881702476,51.184170966069594,50.85003459724367,51.11670823019994,14007954.43487896,58.513941913270735,58.549530457875335,58.25391498268694,58.29824143663343,3835828.767060312,70.7089222701295,70.86719653934239,70.45896199825835,70.81563817046948,5009829.323301158,56.712161730841274,56.80345330545463,56.00515230641643,56.15789075039238,2478533.7874040836,57.92467518517086,57.95681339576311,57.86913595370154,57.8816166706522,3598407.740896878,167.5354092846227,169.32106839236914,166.9794122766264,168.55453932659677,3123392.738645005,114.75692185064251,115.86981554160279,114.3211541943861,115.72797840996728,2115129.6806417615,45.24057301965888,45.33254140424019,44.8955932369395,45.00256463489093,8781853.86431419,62.27816908799981,62.40637753413925,62.07185405469453,62.23748655966631,4685719.48563498,125.51143913044166,126.87049734324964,125.10880206081305,126.3509262724027,1261600.5069101686,55.77192880763702,55.91509017152746,54.88854184617752,55.74295062896237,8220553.756290258,72.38574307261031,73.64882260585253,71.05007326307042,71.18945318762671,1687590.9720226093,84.45107677161967,85.47154136013367,83.91967922813792,84.60500410254302,5237508.908047795,86.49042329701437,88.06433294846595,85.92625921115676,86.79278120038236,17285610.412868656,107.67286276443346,109.92939964637425,106.63049641946932,107.54126048530132,17883394.651946895,,,,,,45.06286322504835,45.49071732120715,42.86855500077931,42.74788487887476,4887367.5163742285
1954,115.21054895234295,116.29509023394546,114.78006767187348,116.1084374768899,3186491.7561206473,102.311766833384,104.3313039949362,100.82363095869152,101.32008545144295,2680542.940768837,97.84616523193121,97.89431084344781,97.3737975060062,97.43873586483079,8710824.230937038,6.634524484811376,6.734882453944728,6.156248333882639,6.170586881889853,21613950.24713262,71.97960214504093,73.84915758197857,70.65512076945691,72.48248349824378,2630950.073353091,471.03881845577723,482.49709240759796,468.92045958429605,480.8658404296772,550340.1305936205,15.061402120883885,15.408845009692879,15.042669780464728,15.35092669398169,23443268.151316006,41.4355793818292,42.59351957517443,41.210171218423206,42.061768333616094,7276201.419219072,48.1673815512898,48.16069755658286,48.033105758171764,48.01391951806129,4063676.828661643,72.41035401886712,72.44469161856951,72.05541747211439,72.20374859494338,6801355.410692069,31.856625111555463,32.06486275703018,31.671512752793948,31.789462195609524,10715583.32167707,77.2378973618729,77.26871987852766,77.09490501626297,77.12268807502498,2211328.1940586017,331.74447042761557,338.70283888853623,329.6824383238126,334.23094230432497,2507803.4922798662,41.804426469851066,42.95407994367563,41.30453277206151,42.21808666650893,4640365.590088929,9.726909714807952,10.315867265772098,9.526399153120387,9.819911180367301,19627971.348041795,95.39412488273098,98.73332816983773,95.45678408828924,96.14674787855712,9739515.65118842,12.929174051371332,13.230282721212106,12.743665346629244,13.087428411554617,13569284.047814798,151.74845225479035,152.52745974004492,150.07261805466294,150.42432470994484,8990657.868179567,465.3485819289839,480.3165316167719,465.4138141994652,471.8240721997064,1440475.9688123611,33.51519622986103,34.25983994996126,33.12441461653288,34.14121409630824,9973472.737319356,43.80195012863774,43.91300511855554,43.48957032536255,43.55334345126281,26764502.39690122,82.24043165472435,82.40101055181556,81.94047009107572,82.28050054166208,16979085.520887814,89.80121761018987,89.78352521938636,89.61745853078874,89.71396441319219,6809975.0462016035,41.91002280801591,42.25787510377406,41.536190357171755,42.149607364024156,4223970.953287129,119.84050094015716,123.29951051177811,118.62957219992097,122.01659299340034,3881069.60774085,69.27571015992714,69.55660071826091,69.07380115205899,69.369495570865,4294951.353870015,49.675703550382025,49.81023880645512,49.35518049574347,49.69048112875321,2941333.966607574,55.29596369987918,55.59796623216275,55.17713539404964,55.309212476155906,3691184.789969642,24.80116959098789,24.88384120177011,24.354136700845554,24.361557248238753,22595648.222659424,37.42855252943676,38.71867066038869,36.607617593018915,36.45228730408399,15009404.265946193,149.6238041007916,152.813071101316,147.3036311626353,146.91093296378904,1021341.5330060052,36.56608575083566,36.73967675279403,36.03857173417446,36.081804485424215,56234807.06418426,53.79919251169294,54.39288938276642,52.43106349570085,52.860111505901685,5069600.090672596,42.97974638006445,43.64401518036177,42.1262140974994,42.10350263477859,20840053.278485086,275.1537107635706,275.49965871245837,271.6327558426087,271.66305927572796,9349776.605284946,,,,,,24.316821462860197,25.249256440892417,24.176027960470716,24.71025361274645,11136922.52826673,142.92051182639523,143.94255717987778,139.60068621746402,141.0779996623457,2041158.2219195687,5.755836171754818,5.34568292337084,5.5038274500671625,5.076531278770073,23577982.400920574,56.27680064311766,56.36043882877371,55.5715586408434,55.59015626066062,9252147.678734832,94.19019664772601,94.27099459643205,93.62113999183083,93.68965322593684,7468078.774342065,54.079963177282934,54.233070942412674,53.73449453927993,53.87298739914986,11553479.330209108,51.72267811990674,51.67868525316656,51.57697262730136,51.63365477056097,3029553.860269713,93.74492050115765,94.25969410529711,93.67302067458799,94.30713866857722,3535503.356071664,11.330703942924249,11.575425725184566,11.121350519557856,11.205043305925921,22647833.241479054,26.263886106193098,26.467780008817382,26.05907207167357,26.311288325570505,14211644.876526412,107.20089159168383,107.17831082145902,106.18047787502326,106.24308967225136,32607577.658945296,70.85527206613527,72.24707723384202,70.10978744827938,70.3502615017124,2738096.6552579245,92.61983644155403,92.71345921793426,92.27504622122277,92.34898136831569,4188424.2056849217,136.34502103264748,139.38067988318085,135.17365746503745,136.32658258565135,2730630.6605141643,110.68807291102975,113.81118404672785,110.195552136976,113.09083874321594,7647687.275747321,45.48267839407543,46.286323483574066,43.80912090097618,43.80171179618461,10632235.038967246,129.08130030630514,133.31581713800898,128.553963169255,130.08411614108002,2734596.338743571,54.38004707458964,56.4788661801208,52.627166065463484,52.35470559944417,1581095.926721963,246.1832829889802,253.62796412544793,244.5757416727616,248.41250994674786,560720.6033622993,92.38765743477776,93.5195408927378,91.4155087827355,91.8289718705899,4404665.790448879,45.450726323654926,46.64220377042482,44.91058163806166,45.80526391470908,12174264.321646072,25.178762310200018,25.732935379735796,24.58556343993045,24.892824189025163,3417664.496708159,61.19812928598625,61.61025796172981,60.489783646923776,60.60491689179694,3199130.7941231905,168.54493228522523,170.71442092819632,167.81400271828244,170.23356815430276,9468664.563540058,107.84254671528501,110.13406325450939,107.63503400330494,109.94643825642925,1256819.8738452143,91.66171449160159,93.96683474417256,90.71563026444107,90.62781503064146,1331832.390356262,67.02433077322878,67.47494524434119,66.86366246349255,66.82647554224295,5610017.026156314,81.94346793009787,81.98607327257601,81.85485325761829,81.8851840754067,3794428.715804052,39.92498833633366,40.63,39.61135754522366,40.07709257380942,14659279.490787301,30.722020338985853,30.923476194122156,30.130942703446905,30.21958114327509,21374209.411612753,32.806108273575504,32.79468645833644,32.67653657043279,32.62999670937368,7428930.886675028,26.939680029721448,26.998034565693658,26.621096346758577,26.71001364615232,4560031.306876936,49.57898349077997,50.19505480426255,49.45068126325388,50.031597139984,2802498.013505891,122.7491820912519,126.39315424264251,121.80269522911357,122.91437722100181,1720316.592047024,56.93590082853189,57.838028987951816,56.881292966458886,57.41750436656176,2299011.215671793,40.43651323271803,41.49444113967134,39.78142203785184,40.19789631817866,3646009.6956706275,108.46322855844151,108.55506552781296,108.04181295278337,108.1952937497906,2235822.6105414927,181.72539521501218,187.4303271455749,180.44514199239399,187.03222702933118,1934242.266345556,23.509493146502937,23.83392292214022,23.24579174930745,23.766144920162734,3218094.549778683,9.42814928346407,9.548356217580606,9.278698395915477,9.278745669979932,32443389.41611648,80.23510067887025,80.20745147299996,79.69909448847311,79.83274101804018,7761824.523504214,77.6809728773661,77.67492058953599,77.45481996011384,77.45709623937589,4822478.087258852,51.008533881702476,51.184170966069594,50.85003459724367,51.11670823019994,14007954.43487896,58.513941913270735,58.54953037076451,58.25391498268694,58.29986184678662,3835828.767060312,70.7089222701295,70.86719653934239,70.45896199825835,70.81563817046948,5009829.323301158,56.712161730841274,56.80345330545463,56.00515230641643,56.15789075039238,2478533.7874040836,57.92467518517086,57.95681339576311,57.86913595370154,57.8816166706522,3598407.740896878,167.5354092846227,169.32106839236914,166.9794122766264,168.55453932659677,3123392.738645005,114.75692185064251,115.86981554160279,114.3211541943861,115.72797840996728,2115129.6806417615,45.24057301965888,45.33254140424019,44.8955932369395,45.00256463489093,8781853.864314191,62.27816908799981,62.406377534139246,62.07185405469453,62.23748655966631,4685719.48563498,125.51143913044166,126.87049734324964,125.10880206081305,126.35098944510581,1261600.5069101686,55.69223255033523,55.91509017152771,54.88854184617752,55.74295062896237,8220553.756290258,72.3857430747768,73.64882260585253,71.05007326307042,71.18945318762671,1687590.9720226093,84.45107677161967,85.47154136013367,83.91967922813792,84.60500410254302,5237508.908047098,86.49042329701437,88.06433294846595,85.92625921115676,86.79278120038236,17285610.412868656,107.67286276443346,109.92939964637425,106.63049642075283,107.54126048530132,17883394.651946895,,,,,,45.06286322504835,45.49071732120715,42.86855500077931,42.74788487887476,4887367.5163742285
1955,115.21054895234295,116.29509023394546,114.78006767187348,116.1084374768899,3186491.7561206473,102.311766833384,104.3313039949362,100.82363095869152,101.32008545144295,2680542.940768837,97.84616523193121,97.89431084344781,97.3737975060062,97.43873586483079,8710824.230937038,6.634524484791905,6.734882453944728,6.156248333882639,6.170586881889853,21613950.247132562,71.97960214504093,73.84915758197857,70.65512076945691,72.661403984405,2630950.073353091,471.03881845577723,482.49709240759796,468.92045958429605,480.8658404296772,550340.1305936205,15.061402120883885,15.408845009692879,15.04274587564912,15.350926707771853,23443268.151316006,41.4355793818292,42.59351957517443,41.210171218423206,42.061768333616094,7276201.419219072,48.1673815512898,48.16069755645815,48.033105758171764,48.01391951806129,4063676.828661643,72.41035401886712,72.44469161856951,72.05541747211439,72.20374859494338,6801355.410692069,31.856625111555463,32.06486275703018,31.67151276494479,31.789462195609524,10715583.32167707,77.2378973618729,77.26871987852766,77.09490501626297,77.12268807502498,2211328.1940586017,331.74447047975775,338.70283888876105,329.6824383238126,334.10843323255784,2507803.4922798662,41.804426469851066,42.95407994367563,41.30453277206151,42.21808666650893,4640365.590088929,9.726909714807952,10.315872520449926,9.526399153120387,9.819911180367301,19627971.348041795,95.39412488273098,98.73332816983773,95.45678408828924,96.14674787855712,9739515.65118842,12.929174051371332,13.230282721212106,12.743665346629244,13.087428411554617,13569284.047814798,151.74845225479035,152.52745974004492,150.07261805466294,150.42432470994484,8990657.868179567,465.3485819289839,480.3165316172427,465.4138142185999,471.8240721997064,1440475.9688123611,33.51519622986103,34.25983994996126,33.12441461653288,34.14121409630824,9973472.737319356,43.80195012863774,43.91300511855554,43.48957032536255,43.55334345126281,26764502.39690122,82.24043165472435,82.40101055181556,81.94047009107572,82.28050054166208,16979085.520887814,89.80121761018987,89.78352521938636,89.61745853078874,89.71396441319219,6809975.0462016035,41.91002280801591,42.25787510377406,41.53619147176475,42.149607364024156,4223970.953287129,119.84050094015716,123.29951051177811,118.62957219992097,122.01659299340034,3881069.60774085,69.27571015992714,69.55660071826091,69.07380115205899,69.369495570865,4294951.353870015,49.67564891524487,49.81023880645512,49.35518049574347,49.69048112875321,2941333.966607574,55.29596369987918,55.59796623216275,55.17713539404964,55.309212476155906,3691184.789969642,24.80116960302784,24.88384120177011,24.354136701270576,24.361557248238753,22595648.222659424,37.42855252943676,38.7223417771015,36.607617593018915,36.45228730408399,15009404.265946193,149.6238041007916,152.813071101316,147.3036311626353,146.91093296378904,1021341.5330060052,36.56608575083566,36.73967675279403,36.03857173417446,36.081804485424215,56234807.06418426,53.79919251144226,54.39288938257788,52.43106349364929,52.860111505904634,5069600.090672596,42.97974638005695,43.64401518036177,42.1262140974994,42.10350263477865,20840053.278485086,275.1537107635706,275.49965871245837,271.6327558426087,271.66305927593686,9349776.605284946,,,,,,24.316821462860197,25.249256440892417,24.176027960470716,24.72852266188187,11136922.52826673,142.92051182639523,143.94255717987778,139.60068621746402,141.0779996623457,2041158.2219195687,5.755836171754818,5.340909624061369,5.5038274500671625,5.072547962434665,23577982.400920574,56.27680064311766,56.36043882877371,55.5715586408434,55.590156260685596,9252147.678734832,94.19019664772601,94.27099459643205,93.62113999183083,93.69143165317102,7468078.774342065,54.079963177282934,54.233070942412674,53.73449453927993,53.87298739914986,11553479.330209108,51.72267811990674,51.67868533282314,51.57697262730136,51.63365477053884,3029553.860269713,93.74492050115765,94.25969410529711,93.67302067458799,94.30713866857722,3535503.356071664,11.330703942924249,11.575425725184566,11.121350519557856,11.205043305925921,22647833.241479054,26.263886106193098,26.467780008817382,26.05907207167357,26.311288325570505,14211644.876526412,107.20089159168383,107.17831082145902,106.18047787502326,106.24308967225136,32607577.658945296,70.8552721786685,72.24707723384202,70.10978744827938,70.3502615017124,2738096.6552579245,92.61983644155403,92.71345921793426,92.27504622122277,92.34898136831569,4188424.2056849217,136.34502103264748,139.38067988318085,135.17365746503745,136.32658258565135,2730630.6605141643,110.68807291102975,113.81118404629493,110.195552136976,113.09083874321594,7647687.275747321,45.48267839407543,46.286323483574066,43.80912090097618,43.80171179618461,10632235.038967246,129.08130065683633,133.31581713800898,128.553963169255,130.1152007859368,2734596.338743571,54.38004707458791,56.4788661801208,52.627166065463484,52.35470559944417,1581095.926721963,246.1832829889802,253.62796412544793,244.5757416727616,248.41250994563754,560720.6033622993,92.38765743477776,93.5195408927378,91.4155087827355,91.8289718705899,4404665.790448879,45.450726323654926,46.64220377042482,44.91058163806166,45.80526391470908,12174264.321646072,25.17876230953338,25.732935379729597,24.58556343041721,24.892824189025163,3417664.496708159,61.19812928598625,61.610257967398894,60.489777583562564,60.60491689179694,3199130.7941231905,168.54493228522523,170.71442092819632,167.81400271828244,170.23356815430276,9468664.563540058,107.84254671528501,110.13406325450939,107.63503400330494,109.94643825642925,1256819.8738452143,91.66383224502866,93.96683474417256,90.71654481362845,90.62781503064146,1331832.390356262,67.02433077322878,67.47494524434119,66.86366736202083,66.82647554224295,5610017.026156314,81.94346793009787,81.98607327257601,81.85485325761829,81.8851840754067,3794428.715804052,39.92498833633366,40.63,39.61135754522366,40.07709257380942,14659279.490787301,30.722020338985853,30.923476194122156,30.130942703446905,30.219591531289304,21374209.411612686,32.806108273575504,32.79468645833644,32.67653657043279,32.62999670937368,7428930.886675028,26.939680029721448,26.998034565693658,26.621096346758577,26.71001364615232,4560031.306876936,49.57898349077997,50.19505480426255,49.45068126325388,50.031597139984,2802498.013505891,122.7491820912519,126.39315424264251,121.80269522911357,122.91437722100181,1720316.592047024,56.93590082676463,57.838028987951816,56.881292966458886,57.41750436656176,2299011.215671793,40.436527462680566,41.49444113967134,39.78142203785184,40.19789631817866,3646009.6956706275,108.46322855844151,108.55506552781296,108.04181260102035,108.1952937497906,2235822.6105414927,181.72539521501218,187.43032714557484,180.44514199239399,187.03222702933118,1934242.266345556,23.509493146502937,23.83392292214022,23.24579174930745,23.766144920162734,3218094.549778683,9.428192541601806,9.548356217580606,9.278698395915477,9.278745669979932,32443389.41611648,80.23510067887025,80.20745147299996,79.69909448847311,79.83274101804015,7761824.523504214,77.6809728773661,77.67492058953486,77.45481996011384,77.45709623937589,4822478.087258852,51.008533881702476,51.184170966069594,50.85003459724367,51.11670823019994,14007954.43487896,58.513941913270735,58.54953044634348,58.25391498268694,58.29825625344706,3835828.767060312,70.7089222701295,70.86719653934239,70.45896199825835,70.81563817046948,5009829.323301158,56.712161730841274,56.80345330545463,56.00515230641643,56.15789075039238,2478533.7874040836,57.92467518517086,57.95681339576311,57.86913595370154,57.8816166706522,3598407.740896878,167.5354092846227,169.32106839236914,166.9794122766264,168.55453932659677,3123392.738645005,114.75692185064251,115.86981554160279,114.3211541943861,115.72797840996728,2115129.6806417615,45.24057301965888,45.33254140424019,44.8955932369395,45.00256463489093,8781853.864314193,62.27816908799981,62.40637753413924,62.07185405469453,62.23748655966631,4685719.48563498,125.51143913044166,126.87049734324964,125.10880206081305,126.35092888655119,1261600.5069101686,55.771674854975764,55.915090171527524,54.88854184617752,55.74295062896237,8220553.756290258,72.38574307301829,73.64882260585253,71.05007326307042,71.18945318762671,1687590.9720226093,84.45107677161967,85.47154136013367,83.91967922813792,84.60500410254302,5237508.908046578,86.49042329701437,88.06433294846595,85.92625921115676,86.79278120038236,17285610.412868656,107.67286276443346,109.92939964637425,106.63049641970291,107.54126048530132,17883394.651946895,,,,,,45.06286322504835,45.49071732120715,42.86855500077931,42.74788487887476,4887367.5163742285
1956,115.21054895234295,116.29509023394546,114.78006767187348,116.1084374768899,3186491.7561206473,102.311766833384,104.3313039949362,100.82363095869152,101.32008545144295,2680542.940768837,97.84616523193121,97.89431084344781,97.3737975060062,97.43873586483079,8710824.230937038,6.634524484806886,6.734882453944728,6.156248333882639,6.170586881889853,21613950.24713252,71.97960214504093,73.84915758197857,70.65512076945691,72.48534263174307,2630950.073353091,471.03881845577723,482.49709240759796,468.92045958429605,480.8658404296772,550340.1305936205,15.061402120883885,15.408845009692879,15.04267483828938,15.350926695780567,23443268.151316006,41.4355793818292,42.59351957517443,41.210171218423206,42.061768333616094,7276201.419219072,48.1673815512898,48.1606975563573,48.033105758171764,48.01391951806129,4063676.828661643,72.41035401886712,72.44469161856951,72.05541747211439,72.20374859494338,6801355.410692069,31.856625111555463,32.06486275703018,31.671512754731232,31.789462195609524,10715583.32167707,77.2378973618729,77.26871987852766,77.09490501626297,77.12268807502498,2211328.1940586017,331.7444704355839,338.7028388885843,329.6824383238126,334.2289165335456,2507803.4922798662,41.804426469851066,42.95407994367563,41.30453277206151,42.21808666650893,4640365.590088929,9.726909714807952,10.315867751247247,9.526399153120387,9.819911180367301,19627971.348041795,95.39412488273098,98.73332816983773,95.45678408828924,96.14674787855712,9739515.65118842,12.929174051371332,13.230282721212106,12.743665346629244,13.087428411554617,13569284.047814798,151.74845225479035,152.52745974004492,150.07261805466294,150.42432470994484,8990657.868179567,465.3485819289839,480.31653161761284,465.413814234395,471.8240721997064,1440475.9688123611,33.51519622986103,34.25983994996126,33.12441461653288,34.14121409630824,9973472.737319356,43.80195012863774,43.91300511855554,43.48957032536255,43.55334345126281,26764502.39690122,82.24043165472435,82.40101055181556,81.94047009107572,82.28050054166208,16979085.520887814,89.80121761018987,89.78352521938636,89.61745853078874,89.71396441319219,6809975.0462016035,41.91002280801591,42.25787510377406,41.53619049516455,42.149607364024156,4223970.953287129,119.84050094015716,123.29951051177811,118.62957219992097,122.01659299340034,3881069.60774085,69.27571015992714,69.55660071826091,69.07380115205899,69.369495570865,4294951.353870015,49.67569939260043,49.81023880645512,49.35518049574347,49.69048112875321,2941333.966607574,55.29596369987918,55.59796623216275,55.17713539404964,55.309212476155906,3691184.789969642,24.801169613322383,24.88384120177011,24.354136701629358,24.361557248238753,22595648.222659424,37.42855252943676,38.71882483721382,36.607617593018915,36.45228730408399,15009404.265946193,149.6238041007916,152.813071101316,147.3036311626353,146.91093296378904,1021341.5330060052,36.56608575083566,36.73967675279403,36.03857173417446,36.081804485424215,56234807.06418426,53.79919251124504,54.392889382429814,52.43106349199232,52.86011150590241,5069600.090672596,42.97974638005123,43.64401518036177,42.1262140974994,42.10350263477861,20840053.278485086,275.1537107635706,275.49965871245837,271.6327558426087,271.66305927577315,9349776.605284946,,,,,,24.316821462860197,25.249256440892417,24.176027960470716,24.71050497590472,11136922.52826673,,,,,,5.755836171754818,5.336164285839838,5.5038274500671625,5.068589063066951,23577982.400920574,56.27680064311766,56.36043882877371,55.5715586408434,55.59015626066616,9252147.678734832,94.19019664772601,94.27099459643205,93.62113999183083,93.68969713915246,7468078.774342065,54.079963177282934,54.233070942412674,53.73449453927993,53.87298739914986,11553479.330209108,51.72267811990674,51.678685263677615,51.57697262730136,51.63365477055646,3029553.860269713,93.74492050115765,94.25969410529711,93.67302067458799,94.30713866857722,3535503.356071664,11.330703942924249,11.575425725184566,11.121350519557856,11.205043305925921,22647833.241479054,26.263886106193098,26.467780008817382,26.05907207167357,26.311288325570505,14211644.876526412,107.20089159168383,107.17831082145902,106.18047787502326,106.24308967225136,32607577.658945296,70.85527208057923,72.24707723384202,70.10978744827938,70.3502615017124,2738096.6552579245,92.61983644155403,92.71345921793426,92.27504622122277,92.34898136831569,4188424.2056849217,136.34502103264748,139.38067988318085,135.17365746503745,136.32658258565135,2730630.6605141643,110.68807291102975,113.81118404663884,110.195552136976,113.09083874321594,7647687.275747321,45.48267839407543,46.286323483574066,43.80912090097618,43.80171179618461,10632235.038967246,129.08130035739708,133.31581713800898,128.553963169255,130.08453542867724,2734596.338743571,54.380047074586635,56.4788661801208,52.627166065463484,52.35470559944417,1581095.926721963,246.1832829889802,253.62796412544793,244.5757416727616,248.41250994474774,560720.6033622993,92.38765743477776,93.5195408927378,91.4155087827355,91.8289718705899,4404665.790448879,45.450726323654926,46.64220377042482,44.91058163806166,45.80526391470908,12174264.321646072,25.17876230899722,25.732935379724903,24.585563422522345,24.892824189025163,3417664.496708159,61.19812928598625,61.61025796271816,60.48978309111974,60.60491689179694,3199130.7941231905,168.54493228522523,170.71442092819632,167.81400271828244,170.23356815430276,9468664.563540058,107.84254671528501,110.13406325450939,107.63503400330494,109.94643825642925,1256819.8738452143,91.66179403925597,93.96683474417256,90.71568030744828,90.62781503064146,1331832.390356262,67.02433077322878,67.47494524434119,66.86366300757196,66.82647554224295,5610017.026156314,81.94346793009787,81.98607327257601,81.85485325761829,81.8851840754067,3794428.715804052,39.92498833633366,40.63,39.61135754522366,40.07709257380942,14659279.490787301,30.722020338985853,30.923476194122156,30.130942703446905,30.21958210802207,21374209.411612637,32.806108273575504,32.79468645833644,32.67653657043279,32.62999670937368,7428930.886675028,26.939680029721448,26.998034565693658,26.621096346758577,26.71001364615232,4560031.306876936,49.57898349077997,50.19505480426255,49.45068126325388,50.031597139984,2802498.013505891,122.7491820912519,126.39315424264251,121.80269522911357,122.91437722100181,1720316.592047024,56.93590082820427,57.838028987951816,56.881292966458886,57.41750436656176,2299011.215671793,40.436514587789105,41.49444113967134,39.78142203785184,40.19789631817866,3646009.6956706275,108.46322855844151,108.55506552781296,108.04181228818027,108.1952937497906,2235822.6105414927,181.72539521501218,187.43032714557486,180.44514199239399,187.03222702933118,1934242.266345556,23.509493146502937,23.83392292214022,23.24579174930745,23.766144920162734,3218094.549778683,9.42815221753021,9.548356217580606,9.278698395915477,9.278745669979932,32443389.41611648,80.23510067887025,80.20745147299996,79.69909448847311,79.83274101804012,7761824.523504214,77.6809728773661,77.67492058953573,77.45481996011384,77.45709623937589,4822478.087258852,51.008533881702476,51.184170966069594,50.85003459724367,51.11670823019994,14007954.43487896,58.513941913270735,58.54953038076976,58.25391498268694,58.29984716545596,3835828.767060312,70.7089222701295,70.86719653934239,70.45896199825835,70.81563817046948,5009829.323301158,56.712161730841274,56.80345330545463,56.00515230641643,56.15789075039238,2478533.7874040836,57.92467518517086,57.95681339576311,57.86913595370154,57.8816166706522,3598407.740896878,167.5354092846227,169.32106839236914,166.9794122766264,168.55453932659677,3123392.738645005,114.75692185064251,115.86981554160279,114.3211541943861,115.72797840996728,2115129.6806417615,45.24057301965888,45.33254140424019,44.8955932369395,45.00256463489093,8781853.864314195,62.27816908799981,62.40637753413923,62.07185405469453,62.23748655966631,4685719.48563498,125.51143913044166,126.87049734324964,125.10880206081305,126.35098693913335,1261600.5069101686,55.69248569377462,55.91509017152766,54.88854184617752,55.74295062896237,8220553.756290258,72.38574307444566,73.64882260585253,71.05007326307042,71.18945318762671,1687590.9720226093,84.45107677161967,85.47154136013367,83.91967922813792,84.60500410254302,5237508.908046191,86.49042329701437,88.06433294846595,85.92625921115676,86.79278120038236,17285610.412868656,107.67286276443346,109.92939964637425,106.63049642056176,107.54126048530132,17883394.651946895,,,,,,45.06286322504835,45.49071732120715,42.86855500077931,42.74788487887476,4887367.5163742285
1957,115.21054895234295,116.29509023394546,114.78006767187348,116.1084374768899,3186491.7561206473,102.311766833384,104.3313039949362,100.82363095869152,101.32008545144295,2680542.940768837,97.84616523193121,97.89431084344781,97.3737975060062,97.43873586483079,8710824.230937038,6.634524484795359,6.734882453944728,6.156248333882639,6.170586881889853,21613950.24713249,71.97960214504093,73.84915758197857,70.65512076945691,72.65859053960544,2630950.073353091,471.03881845577723,482.49709240759796,468.92045958429605,480.8658404296772,550340.1305936205,15.061402120883885,15.408845009692879,15.0427411540033,15.350926706207632,23443268.151316006,41.4355793818292,42.59351957517443,41.210171218423206,42.061768333616094,7276201.419219072,48.1673815512898,48.160697556275736,48.033105758171764,48.01391951806129,4063676.828661643,72.41035401886712,72.44469161856951,72.05541747211439,72.20374859494338,6801355.410692069,31.856625111555463,32.06486275703018,31.67151276331638,31.789462195609524,10715583.32167707,77.2378973618729,77.26871987852766,77.09490501626297,77.12268807502498,2211328.1940586017,331.7444704730072,338.7028388887233,329.6824383238126,334.11042550584034,2507803.4922798662,41.804426469851066,42.95407994367563,41.30453277206151,42.21808666650893,4640365.590088929,9.726909714807952,10.315872079827406,9.526399153120387,9.819911180367301,19627971.348041795,95.39412488273098,98.73332816983773,95.45678408828924,96.14674787855712,9739515.65118842,12.929174051371332,13.230282721212106,12.743665346629244,13.087428411554617,13569284.047814798,151.74845225479035,152.52745974004492,150.07261805466294,150.42432470994484,8990657.868179567,465.3485819289839,480.3165316179039,465.4138142474333,471.8240721997064,1440475.9688123611,33.51519622986103,34.25983994996126,33.12441461653288,34.14121409630824,9973472.737319356,43.80195012863774,43.91300511855554,43.48957032536255,43.55334345126281,26764502.39690122,82.24043165472435,82.40101055181556,81.94047009107572,82.28050054166208,16979085.520887814,89.80121761018987,89.78352521938636,89.61745853078874,89.71396441319219,6809975.0462016035,41.91002280801591,42.25787510377406,41.53619135085623,42.149607364024156,4223970.953287129,119.84050094015716,123.29951051177811,118.62957219992097,122.01659299340034,3881069.60774085,69.27571015992714,69.55660071826091,69.07380115205899,69.369495570865,4294951.353870015,49.67565275661566,49.81023880645512,49.35518049574347,49.69048112875321,2941333.966607574,55.29596369987918,55.59796623216275,55.17713539404964,55.309212476155906,3691184.789969642,24.801169622124547,24.88384120177011,24.35413670193222,24.361557248238753,22595648.222659424,37.42855252943676,38.722194075279816,36.607617593018915,36.45228730408399,15009404.265946193,149.6238041007916,152.813071101316,147.3036311626353,146.91093296378904,1021341.5330060052,36.56608575083566,36.73967675279403,36.03857173417446,36.081804485424215,56234807.06418426,53.79919251108988,54.39288938231354,52.43106349065403,52.860111505904094,5069600.090672596,42.97974638004687,43.64401518036177,42.1262140974994,42.103502634778636,20840053.278485086,275.1537107635706,275.49965871245837,271.6327558426087,271.6630592759014,9349776.605284946,,,,,,24.316821462860197,25.249256440892417,24.176027960470716,24.72827475721982,11136922.52826673,,,,,,5.755836171754818,5.331446744915466,5.5038274500671625,5.064654430995583,23577982.400920574,56.27680064311766,56.36043882877371,55.5715586408434,55.59015626068128,9252147.678734832,94.19019664772601,94.27099459643205,93.62113999183083,93.69138882426769,7468078.774342065,54.079963177282934,54.233070942412674,53.73449453927993,53.87298739914986,11553479.330209108,51.72267811990674,51.67868532369907,51.57697262730136,51.63365477054243,3029553.860269713,93.74492050115765,94.25969410529711,93.67302067458799,94.30713866857722,3535503.356071664,11.330703942924249,11.575425725184566,11.121350519557856,11.205043305925921,22647833.241479054,26.263886106193098,26.467780008817382,26.05907207167357,26.311288325570505,14211644.876526412,107.20089159168383,107.17831082145902,106.18047787502326,106.24308967225136,32607577.658945296,70.85527216607846,72.24707723384202,70.10978744827938,70.3502615017124,2738096.6552579245,92.61983644155403,92.71345921793426,92.27504622122277,92.34898136831569,4188424.2056849217,136.34502103264748,139.38067988318085,135.17365746503745,136.32658258565135,2730630.6605141643,110.68807291102975,113.81118404636563,110.195552136976,113.09083874321594,7647687.275747321,45.48267839407543,46.286323483574066,43.80912090097618,43.80171179618461,10632235.038967246,129.08130061319133,133.31581713800898,128.553963169255,130.1147871539322,2734596.338743571,54.3800470745857,56.4788661801208,52.627166065463484,52.35470559944417,1581095.926721963,246.1832829889802,253.62796412544793,244.5757416727616,248.41250994403467,560720.6033622993,92.38765743477776,93.5195408927378,91.4155087827355,91.8289718705899,4404665.790448879,45.450726323654926,46.64220377042482,44.91058163806166,45.80526391470908,12174264.321646072,25.178762308566004,25.73293537972135,24.585563415970544,24.892824189025163,3417664.496708159,61.19812928598625,61.61025796658285,60.48977808841828,60.60491689179694,3199130.7941231905,168.54493228522523,170.71442092819632,167.81400271828244,170.23356815430276,9468664.563540058,107.84254671528501,110.13406325450939,107.63503400330494,109.94643825642925,1256819.8738452143,91.6637556853658,93.96683474417256,90.71649750891306,90.62781503064146,1331832.390356262,67.02433077322878,67.47494524434119,66.8636668783723,66.82647554224295,5610017.026156314,81.94346793009787,81.98607327257601,81.85485325761829,81.8851840754067,3794428.715804052,39.92498833633366,40.63,39.61135754522366,40.07709257380942,14659279.490787301,30.722020338985853,30.923476194122156,30.130942703446905,30.2195906561395,21374209.411612604,32.806108273575504,32.79468645833644,32.67653657043279,32.62999670937368,7428930.886675028,26.939680029721448,26.998034565693658,26.621096346758577,26.71001364615232,4560031.306876936,49.57898349077997,50.19505480426255,49.45068126325388,50.031597139984,2802498.013505891,122.7491820912519,126.39315424264251,121.80269522911357,122.91437722100181,1720316.592047024,56.93590082703152,57.838028987951816,56.881292966458886,57.41750436656176,2299011.215671793,40.43652623664831,41.49444113967134,39.78142203785184,40.19789631817866,3646009.6956706275,108.46322855844151,108.55506552781296,108.04181200995625,108.1952937497906,2235822.6105414927,181.72539521501218,187.43032714557484,180.44514199239399,187.03222702933118,1934242.266345556,23.509493146502937,23.83392292214022,23.24579174930745,23.766144920162734,3218094.549778683,9.428189806544328,9.548356217580606,9.278698395915477,9.278745669979932,32443389.41611648,80.23510067887025,80.20745147299996,79.69909448847311,79.83274101804011,7761824.523504214,77.6809728773661,77.67492058953506,77.45481996011384,77.45709623937589,4822478.087258852,51.008533881702476,51.184170966069594,50.85003459724367,51.11670823019994,14007954.43487896,58.513941913270735,58.54953043766274,58.25391498268694,58.2982708005336,3835828.767060312,70.7089222701295,70.86719653934239,70.45896199825835,70.81563817046948,5009829.323301158,56.712161730841274,56.80345330545463,56.00515230641643,56.15789075039238,2478533.7874040836,57.92467518517086,57.95681339576311,57.86913595370154,57.8816166706522,3598407.740896878,167.5354092846227,169.32106839236914,166.9794122766264,168.55453932659677,3123392.738645005,114.75692185064251,115.86981554160279,114.3211541943861,115.72797840996728,2115129.6806417615,45.24057301965888,45.33254140424019,44.8955932369395,45.00256463489093,8781853.864314195,62.27816908799981,62.40637753413923,62.07185405469453,62.23748655966631,4685719.48563498,125.51143913044166,126.87049734324964,125.10880206081305,126.35093128882404,1261600.5069101686,55.771422518179655,55.91509017152756,54.88854184617752,55.74295062896237,8220553.756290258,72.38574307328707,73.64882260585253,71.05007326307042,71.18945318762671,1687590.9720226093,84.45107677161967,85.47154136013367,83.91967922813792,84.60500410254302,5237508.908045902,86.49042329701437,88.06433294846595,85.92625921115676,86.79278120038236,17285610.412868656,107.67286276443346,109.92939964637425,106.63049641985921,107.54126048530132,17883394.651946895,,,,,,45.06286322504835,45.49071732120715,42.86855500077931,42.74788487887476,4887367.5163742285
1958,115.21054895234295,116.29509023394546,114.78006767187348,116.1084374768899,3186491.7561206473,102.311766833384,104.3313039949362,100.82363095869152,101.32008545144295,2680542.940768837,97.84616523193121,97.89431084344781,97.3737975060062,97.43873586483079,8710824.230937038,6.634524484804228,6.734882453944728,6.156248333882639,6.170586881889853,21613950.247132473,71.97960214504093,73.84915758197857,70.65512076945691,72.48811111794427,2630950.073353091,471.03881845577723,482.49709240759796,468.92045958429605,480.8658404296772,550340.1305936205,15.061402120883885,15.408845009692879,15.042679246101192,15.350926697140741,23443268.151316006,41.4355793818292,42.59351957517443,41.210171218423206,42.061768333616094,7276201.419219072,48.1673815512898,48.160697556209776,48.033105758171764,48.01391951806129,4063676.828661643,72.41035401886712,72.44469161856951,72.05541747211439,72.20374859494338,6801355.410692069,31.856625111555463,32.06486275703018,31.671512756100018,31.789462195609524,10715583.32167707,77.2378973618729,77.26871987852766,77.09490501626297,77.12268807502498,2211328.1940586017,331.7444704413029,338.70283888861405,329.6824383238126,334.2269572038561,2507803.4922798662,41.804426469851066,42.95407994367563,41.30453277206151,42.21808666650893,4640365.590088929,9.726909714807952,10.31586815116103,9.526399153120387,9.819911180367301,19627971.348041795,95.39412488273098,98.73332816983773,95.45678408828924,96.14674787855712,9739515.65118842,12.929174051371332,13.230282721212106,12.743665346629244,13.087428411554617,13569284.047814798,151.74845225479035,152.52745974004492,150.07261805466294,150.42432470994484,8990657.868179567,465.3485819289839,480.31653161813273,465.41381425819606,471.8240721997064,1440475.9688123611,33.51519622986103,34.25983994996126,33.12441461653288,34.14121409630824,9973472.737319356,43.80195012863774,43.91300511855554,43.48957032536255,43.55334345126281,26764502.39690122,82.24043165472435,82.40101055181556,81.94047009107572,82.28050054166208,16979085.520887814,89.80121761018987,89.78352521938636,89.61745853078874,89.71396441319219,6809975.0462016035,41.91002280801591,42.25787510377406,41.536190601103925,42.149607364024156,4223970.953287129,119.84050094015716,123.29951051177811,118.62957219992097,122.01659299340034,3881069.60774085,69.27571015992714,69.55660071826091,69.07380115205899,69.369495570865,4294951.353870015,49.67569584356131,49.81023880645512,49.35518049574347,49.69048112875321,2941333.966607574,55.29596369987918,55.59796623216275,55.17713539404964,55.309212476155906,3691184.789969642,24.801169629650676,24.88384120177011,24.35413670218788,24.361557248238753,22595648.222659424,37.42855252943676,38.718966335964424,36.607617593018915,36.45228730408399,15009404.265946193,149.6238041007916,152.813071101316,147.3036311626353,146.91093296378904,1021341.5330060052,36.56608575083566,36.73967675279403,36.03857173417446,36.081804485424215,56234807.06418426,53.799192510967806,54.392889382222236,52.43106348957314,52.86011150590282,5069600.090672596,42.97974638004354,43.64401518036177,42.1262140974994,42.103502634778614,20840053.278485086,275.1537107635706,275.49965871245837,271.6327558426087,271.6630592758009,9349776.605284946,,,,,,24.316821462860197,25.249256440892417,24.176027960470716,24.710749469655873,11136922.52826673,,,,,,5.755836171754818,5.326756838456922,5.5038274500671625,5.060743917466676,23577982.400920574,56.27680064311766,56.36043882877371,55.5715586408434,55.590156260669524,9252147.678734832,94.19019664772601,94.27099459643205,93.62113999183083,93.6897389105175,7468078.774342065,54.079963177282934,54.233070942412674,53.73449453927993,53.87298739914986,11553479.330209108,51.72267811990674,51.67868527159773,51.57697262730136,51.6336547705536,3029553.860269713,93.74492050115765,94.25969410529711,93.67302067458799,94.30713866857722,3535503.356071664,11.330703942924249,11.575425725184566,11.121350519557856,11.205043305925921,22647833.241479054,26.263886106193098,26.467780008817382,26.05907207167357,26.311288325570505,14211644.876526412,107.20089159168383,107.17831082145902,106.18047787502326,106.24308967225136,32607577.658945296,70.85527209155329,72.24707723384202,70.10978744827938,70.3502615017124,2738096.6552579245,92.61983644155403,92.71345921793426,92.27504622122277,92.34898136831569,4188424.2056849217,136.34502103264748,139.38067988318085,135.17365746503745,136.32658258565135,2730630.6605141643,110.68807291102975,113.81118404658267,110.195552136976,113.09083874321594,7647687.275747321,45.48267839407543,46.286323483574066,43.80912090097618,43.80171179618461,10632235.038967246,129.08130039468054,133.31581713800898,128.553963169255,130.08494348137506,2734596.338743571,54.38004707458501,56.4788661801208,52.627166065463484,52.35470559944417,1581095.926721963,246.1832829889802,253.62796412544793,244.5757416727616,248.41250994346322,560720.6033622993,92.38765743477776,93.5195408927378,91.4155087827355,91.8289718705899,4404665.790448879,45.450726323654926,46.64220377042482,44.91058163806166,45.80526391470908,12174264.321646072,25.178762308219188,25.73293537971866,24.585563410533325,24.892824189025163,3417664.496708159,61.19812928598625,61.61025796339194,60.48978263254213,60.60491689179694,3199130.7941231905,168.54493228522523,170.71442092819632,167.81400271828244,170.23356815430276,9468664.563540058,107.84254671528501,110.13406325450939,107.63503400330494,109.94643825642925,1256819.8738452143,91.66186772316306,93.96683474417256,90.71572502370778,90.62781503064146,1331832.390356262,67.02433077322878,67.47494524434119,66.86366343750166,66.82647554224295,5610017.026156314,81.94346793009787,81.98607327257601,81.85485325761829,81.8851840754067,3794428.715804052,39.92498833633366,40.63,39.61135754522366,40.07709257380942,14659279.490787301,30.722020338985853,30.923476194122156,30.130942703446905,30.21958290189569,21374209.41161258,32.806108273575504,32.79468645833644,32.67653657043279,32.62999670937368,7428930.886675028,26.939680029721448,26.998034565693658,26.621096346758577,26.71001364615232,4560031.306876936,49.57898349077997,50.19505480426255,49.45068126325388,50.031597139984,2802498.013505891,122.7491820912519,126.39315424264251,121.80269522911357,122.91437722100181,1720316.592047024,56.935900827986856,57.838028987951816,56.881292966458886,57.41750436656176,2299011.215671793,40.43651569707047,41.49444113967134,39.78142203785184,40.19789631817866,3646009.6956706275,108.46322855844151,108.55506552781296,108.04181176251798,108.1952937497906,2235822.6105414927,181.72539521501218,187.43032714557486,180.44514199239399,187.03222702933118,1934242.266345556,23.509493146502937,23.83392292214022,23.24579174930745,23.766144920162734,3218094.549778683,9.42815476707717,9.548356217580606,9.278698395915477,9.278745669979932,32443389.41611648,80.23510067887025,80.20745147299996,79.69909448847311,79.8327410180401,7761824.523504214,77.6809728773661,77.67492058953557,77.45481996011384,77.45709623937589,4822478.087258852,51.008533881702476,51.184170966069594,50.85003459724367,51.11670823019994,14007954.43487896,58.513941913270735,58.54953038830133,58.25391498268694,58.299832751386035,3835828.767060312,70.7089222701295,70.86719653934239,70.45896199825835,70.81563817046948,5009829.323301158,56.712161730841274,56.80345330545463,56.00515230641643,56.15789075039238,2478533.7874040836,57.92467518517086,57.95681339576311,57.86913595370154,57.8816166706522,3598407.740896878,167.5354092846227,169.32106839236914,166.9794122766264,168.55453932659677,3123392.738645005,114.75692185064251,115.86981554160279,114.3211541943861,115.72797840996728,2115129.6806417615,45.24057301965888,45.33254140424019,44.8955932369395,45.00256463489093,8781853.864314195,62.27816908799981,62.40637753413923,62.07185405469453,62.23748655966631,4685719.48563498,125.51143913044166,126.87049734324964,125.10880206081305,126.3509846362689,1261600.5069101686,55.69273722649783,55.91509017152763,54.88854184617752,55.74295062896237,8220553.756290258,72.38574307422748,73.64882260585253,71.05007326307042,71.18945318762671,1687590.9720226093,84.45107677161967,85.47154136013367,83.91967922813792,84.60500410254302,5237508.908045687,86.49042329701437,88.06433294846595,85.92625921115676,86.79278120038236,17285610.412868656,107.67286276443346,109.92939964637425,106.6304964204339,107.54126048530132,17883394.651946895,,,,,,45.06286322504835,45.49071732120715,42.86855500077931,42.74788487887476,4887367.5163742285
1959,115.21054895234295,116.29509023394546,114.78006767187348,116.1084374768899,3186491.7561206473,102.311766833384,104.3313039949362,100.82363095869152,101.32008545144295,2680542.940768837,97.84616523193121,97.89431084344781,97.3737975060062,97.43873586483079,8710824.230937038,6.634524484797404,6.734882453944728,6.156248333882639,6.170586881889853,21613950.247132458,71.97960214504093,73.84915758197857,70.65512076945691,72.65586629356818,2630950.073353091,471.03881845577723,482.49709240759796,468.92045958429605,480.8658404296772,550340.1305936205,15.061402120883885,15.408845009692879,15.042737039165864,15.350926705024888,23443268.151316006,41.4355793818292,42.59351957517443,41.210171218423206,42.061768333616094,7276201.419219072,48.1673815512898,48.16069755615643,48.033105758171764,48.01391951806129,4063676.828661643,72.41035401886712,72.44469161856951,72.05541747211439,72.20374859494338,6801355.410692069,31.856625111555463,32.06486275703018,31.67151276216583,31.789462195609524,10715583.32167707,77.2378973618729,77.26871987852766,77.09490501626297,77.12268807502498,2211328.1940586017,331.7444704681622,338.70283888869994,329.6824383238126,334.11235243668153,2507803.4922798662,41.804426469851066,42.95407994367563,41.30453277206151,42.21808666650893,4640365.590088929,9.726909714807952,10.31587171686131,9.526399153120387,9.819911180367301,19627971.348041795,95.39412488273098,98.73332816983773,95.45678408828924,96.14674787855712,9739515.65118842,12.929174051371332,13.230282721212106,12.743665346629244,13.087428411554617,13569284.047814798,151.74845225479035,152.52745974004492,150.07261805466294,150.42432470994484,8990657.868179567,465.3485819289839,480.31653161831264,465.41381426708034,471.8240721997064,1440475.9688123611,33.51519622986103,34.25983994996126,33.12441461653288,34.14121409630824,9973472.737319356,43.80195012863774,43.91300511855554,43.48957032536255,43.55334345126281,26764502.39690122,82.24043165472435,82.40101055181556,81.94047009107572,82.28050054166208,16979085.520887814,89.80121761018987,89.78352521938636,89.61745853078874,89.71396441319219,6809975.0462016035,41.91002280801591,42.25787510377406,41.53619125803274,42.149607364024156,4223970.953287129,119.84050094015716,123.29951051177811,118.62957219992097,122.01659299340034,3881069.60774085,69.27571015992714,69.55660071826091,69.07380115205899,69.369495570865,4294951.353870015,49.67565603556981,49.81023880645512,49.35518049574347,49.69048112875321,2941333.966607574,55.29596369987918,55.59796623216275,55.17713539404964,55.309212476155906,3691184.789969642,24.801169636085756,24.88384120177011,24.354136702403693,24.361557248238753,22595648.222659424,37.42855252943676,38.72205851908835,36.607617593018915,36.45228730408399,15009404.265946193,149.6238041007916,152.813071101316,147.3036311626353,146.91093296378904,1021341.5330060052,36.56608575083566,36.73967675279403,36.03857173417446,36.081804485424215,56234807.06418426,53.79919251087176,54.392889382150535,52.43106348870014,52.86011150590378,5069600.090672596,42.97974638004099,43.64401518036177,42.1262140974994,42.10350263477863,20840053.278485086,275.1537107635706,275.49965871245837,271.6327558426087,271.6630592758796,9349776.605284946,,,,,,24.316821462860197,25.249256440892417,24.176027960470716,24.728033627448973,11136922.52826673,,,,,,5.755836171754818,5.322094404586713,5.5038274500671625,5.056857374638174,23577982.400920574,56.27680064311766,56.36043882877371,55.5715586408434,55.590156260678675,9252147.678734832,94.19019664772601,94.27099459643205,93.62113999183083,93.691348084328,7468078.774342065,54.079963177282934,54.233070942412674,53.73449453927993,53.87298739914986,11553479.330209108,51.72267811990674,51.67868531682406,51.57697262730136,51.6336547705447,3029553.860269713,93.74492050115765,94.25969410529711,93.67302067458799,94.30713866857722,3535503.356071664,11.330703942924249,11.575425725184566,11.121350519557856,11.205043305925921,22647833.241479054,26.263886106193098,26.467780008817382,26.05907207167357,26.311288325570505,14211644.876526412,107.20089159168383,107.17831082145902,106.18047787502326,106.24308967225136,32607577.658945296,70.85527215651295,72.24707723384202,70.10978744827938,70.3502615017124,2738096.6552579245,92.61983644155403,92.71345921793426,92.27504622122277,92.34898136831569,4188424.2056849217,136.34502103264748,139.38067988318085,135.17365746503745,136.32658258565135,2730630.6605141643,110.68807291102975,113.81118404641025,110.195552136976,113.09083874321594,7647687.275747321,45.48267839407543,46.286323483574066,43.80912090097618,43.80171179618461,10632235.038967246,129.0813005813421,133.31581713800898,128.553963169255,130.11438460528427,2734596.338743571,54.3800470745845,56.4788661801208,52.627166065463484,52.35470559944417,1581095.926721963,246.1832829889802,253.62796412544793,244.5757416727616,248.41250994300526,560720.6033622993,92.38765743477776,93.5195408927378,91.4155087827355,91.8289718705899,4404665.790448879,45.450726323654926,46.64220377042482,44.91058163806166,45.80526391470908,12174264.321646072,25.178762307940254,25.732935379716626,24.585563406021077,24.892824189025163,3417664.496708159,61.19812928598625,61.610257966026545,60.489778504959915,60.60491689179694,3199130.7941231905,168.54493228522523,170.71442092819632,167.81400271828244,170.23356815430276,9468664.563540058,107.84254671528501,110.13406325450939,107.63503400330494,109.94643825642925,1256819.8738452143,91.6636847691945,93.96683474417256,90.7164552394723,90.62781503064146,1331832.390356262,67.02433077322878,67.47494524434119,66.86366649619488,66.82647554224295,5610017.026156314,81.94346793009787,81.98607327257601,81.85485325761829,81.8851840754067,3794428.715804052,39.92498833633366,40.63,39.61135754522366,40.07709257380942,14659279.490787301,30.722020338985853,30.923476194122156,30.130942703446905,30.21958993599384,21374209.411612567,32.806108273575504,32.79468645833644,32.67653657043279,32.62999670937368,7428930.886675028,26.939680029721448,26.998034565693658,26.621096346758577,26.71001364615232,4560031.306876936,49.57898349077997,50.19505480426255,49.45068126325388,50.031597139984,2802498.013505891,122.7491820912519,126.39315424264251,121.80269522911357,122.91437722100181,1720316.592047024,56.93590082720862,57.838028987951816,56.881292966458886,57.41750436656176,2299011.215671793,40.436525233000054,41.49444113967134,39.78142203785184,40.19789631817866,3646009.6956706275,108.46322855844151,108.55506552781296,108.041811542459,108.1952937497906,2235822.6105414927,181.72539521501218,187.43032714557486,180.44514199239399,187.03222702933118,1934242.266345556,23.509493146502937,23.83392292214022,23.24579174930745,23.766144920162734,3218094.549778683,9.428187429925279,9.548356217580606,9.278698395915477,9.278745669979932,32443389.41611648,80.23510067887025,80.20745147299996,79.69909448847311,79.83274101804008,7761824.523504214,77.6809728773661,77.67492058953519,77.45481996011384,77.45709623937589,4822478.087258852,51.008533881702476,51.184170966069594,50.85003459724367,51.11670823019994,14007954.43487896,58.513941913270735,58.549530431128204,58.25391498268694,58.298285082803204,3835828.767060312,70.7089222701295,70.86719653934239,70.45896199825835,70.81563817046948,5009829.323301158,56.712161730841274,56.80345330545463,56.00515230641643,56.15789075039238,2478533.7874040836,57.92467518517086,57.95681339576311,57.86913595370154,57.8816166706522,3598407.740896878,167.5354092846227,169.32106839236914,166.9794122766264,168.55453932659677,3123392.738645005,114.75692185064251,115.86981554160279,114.3211541943861,115.72797840996728,2115129.6806417615,45.24057301965888,45.33254140424019,44.8955932369395,45.00256463489093,8781853.864314195,62.27816908799981,62.40637753413923,62.07185405469453,62.23748655966631,4685719.48563498,125.51143913044166,126.87049734324964,125.10880206081305,126.3509334963937,1261600.5069101686,55.771171786967166,55.91509017152758,54.88854184617752,55.74295062896237,8220553.756290258,72.38574307346416,73.64882260585253,71.05007326307042,71.18945318762671,1687590.9720226093,84.45107677161967,85.47154136013367,83.91967922813792,84.60500410254302,5237508.908045527,86.49042329701437,88.06433294846595,85.92625921115676,86.79278120038236,17285610.412868656,107.67286276443346,109.92939964637425,106.6304964199638,107.54126048530132,17883394.651946895,,,,,,45.06286322504835,45.49071732120715,42.86855500077931,42.74788487887476,4887367.5163742285
1960,115.21054895234295,116.29509023394546,114.78006767187348,116.1084374768899,3186491.7561206473,102.311766833384,104.3313039949362,100.82363095869152,101.32008545144295,2680542.940768837,97.84616523193121,97.89431084344781,97.3737975060062,97.43873586483079,8710824.230937038,6.634524484802654,6.734882453944728,6.156248333882639,6.170586881889853,21613950.24713245,71.97960214504093,73.84915758197857,70.65512076945691,72.4907918307715,2630950.073353091,471.03881845577723,482.49709240759796,468.92045958429605,480.8658404296772,550340.1305936205,15.061402120883885,15.408845009692879,15.042683087437402,15.3509266981692,23443268.151316006,41.4355793818292,42.59351957517443,41.210171218423206,42.061768333616094,7276201.419219072,48.1673815512898,48.160697556113284,48.033105758171764,48.01391951806129,4063676.828661643,72.41035401886712,72.44469161856951,72.05541747211439,72.20374859494338,6801355.410692069,31.856625111555463,32.06486275703018,31.671512757067127,31.789462195609524,10715583.32167707,77.2378973618729,77.26871987852766,77.09490501626297,77.12268807502498,2211328.1940586017,331.7444704454075,338.7028388886324,329.6824383238126,334.2250621361262,2507803.4922798662,41.804426469851066,42.95407994367563,41.30453277206151,42.21808666650893,4640365.590088929,9.726909714807952,10.315868480593002,9.526399153120387,9.819911180367301,19627971.348041795,95.39412488273098,98.73332816983773,95.45678408828924,96.14674787855712,9739515.65118842,12.929174051371332,13.230282721212106,12.743665346629244,13.087428411554617,13569284.047814798,151.74845225479035,152.52745974004492,150.07261805466294,150.42432470994484,8990657.868179567,465.3485819289839,480.3165316184541,465.41381427441405,471.8240721997064,1440475.9688123611,33.51519622986103,34.25983994996126,33.12441461653288,34.14121409630824,9973472.737319356,43.80195012863774,43.91300511855554,43.48957032536255,43.55334345126281,26764502.39690122,82.24043165472435,82.40101055181556,81.94047009107572,82.28050054166208,16979085.520887814,89.80121761018987,89.78352521938636,89.61745853078874,89.71396441319219,6809975.0462016035,41.91002280801591,42.25787510377406,41.536190682435354,42.149607364024156,4223970.953287129,119.84050094015716,123.29951051177811,118.62957219992097,122.01659299340034,3881069.60774085,69.27571015992714,69.55660071826091,69.07380115205899,69.369495570865,4294951.353870015,49.67569281413843,49.81023880645512,49.35518049574347,49.69048112875321,2941333.966607574,55.29596369987918,55.59796623216275,55.17713539404964,55.309212476155906,3691184.789969642,24.801169641587958,24.88384120177011,24.354136702585873,24.361557248238753,22595648.222659424,37.42855252943676,38.719096199167936,36.607617593018915,36.45228730408399,15009404.265946193,149.6238041007916,152.813071101316,147.3036311626353,146.91093296378904,1021341.5330060052,36.56608575083566,36.73967675279403,36.03857173417446,36.081804485424215,56234807.06418426,53.7991925107962,54.39288938209423,52.43106348799505,52.860111505903056,5069600.090672596,42.97974638003905,43.64401518036177,42.1262140974994,42.103502634778614,20840053.278485086,275.1537107635706,275.49965871245837,271.6327558426087,271.66305927581794,9349776.605284946,,,,,,24.316821462860197,25.249256440892417,24.176027960470716,24.710987281731295,11136922.52826673,,,,,,5.755836171754818,5.3174592823755935,5.5038274500671625,5.052994655574265,23577982.400920574,56.27680064311766,56.36043882877371,55.5715586408434,55.590156260671556,9252147.678734832,94.19019664772601,94.27099459643205,93.62113999183083,93.68977864449995,7468078.774342065,54.079963177282934,54.233070942412674,53.73449453927993,53.87298739914986,11553479.330209108,51.72267811990674,51.67868527756555,51.57697262730136,51.633654770551786,3029553.860269713,93.74492050115765,94.25969410529711,93.67302067458799,94.30713866857722,3535503.356071664,11.330703942924249,11.575425725184566,11.121350519557856,11.205043305925921,22647833.241479054,26.263886106193098,26.467780008817382,26.05907207167357,26.311288325570505,14211644.876526412,107.20089159168383,107.17831082145902,106.18047787502326,106.24308967225136,32607577.658945296,70.85527209989105,72.24707723384202,70.10978744827938,70.3502615017124,2738096.6552579245,92.61983644155403,92.71345921793426,92.27504622122277,92.34898136831569,4188424.2056849217,136.34502103264748,139.38067988318085,135.17365746503745,136.32658258565135,2730630.6605141643,110.68807291102975,113.81118404654723,110.195552136976,113.09083874321594,7647687.275747321,45.48267839407543,46.286323483574066,43.80912090097618,43.80171179618461,10632235.038967246,129.08130042188753,133.31581713800898,128.553963169255,130.08534060021498,2734596.338743571,54.380047074584134,56.4788661801208,52.627166065463484,52.35470559944417,1581095.926721963,246.1832829889802,253.62796412544793,244.5757416727616,248.41250994263825,560720.6033622993,92.38765743477776,93.5195408927378,91.4155087827355,91.8289718705899,4404665.790448879,45.450726323654926,46.64220377042482,44.91058163806166,45.80526391470908,12174264.321646072,25.178762307715914,25.732935379715084,24.585563402276446,24.892824189025163,3417664.496708159,61.19812928598625,61.61025796385126,60.4897822541832,60.60491689179694,3199130.7941231905,168.54493228522523,170.71442092819632,167.81400271828244,170.23356815430276,9468664.563540058,107.84254671528501,110.13406325450939,107.63503400330494,109.94643825642925,1256819.8738452143,91.66193597556104,93.96683474417256,90.71576498021669,90.62781503064146,1331832.390356262,67.02433077322878,67.47494524434119,66.86366377723064,66.82647554224295,5610017.026156314,81.94346793009787,81.98607327257601,81.85485325761829,81.8851840754067,3794428.715804052,39.92498833633366,40.63,39.61135754522366,40.07709257380942,14659279.490787301,30.722020338985853,30.923476194122156,30.130942703446905,30.21958355516058,21374209.411612555,32.806108273575504,32.79468645833644,32.67653657043279,32.62999670937368,7428930.886675028,26.939680029721448,26.998034565693658,26.621096346758577,26.71001364615232,4560031.306876936,49.57898349077997,50.19505480426255,49.45068126325388,50.031597139984,2802498.013505891,122.7491820912519,126.39315424264251,121.80269522911357,122.91437722100181,1720316.592047024,56.93590082784258,57.838028987951816,56.881292966458886,57.41750436656176,2299011.215671793,40.4365166051447,41.49444113967134,39.78142203785184,40.19789631817866,3646009.6956706275,108.46322855844151,108.55506552781296,108.04181134674977,108.1952937497906,2235822.6105414927,181.72539521501218,187.43032714557486,180.44514199239399,187.03222702933118,1934242.266345556,23.509493146502937,23.83392292214022,23.24579174930745,23.766144920162734,3218094.549778683,9.428156982497475,9.548356217580606,9.278698395915477,9.278745669979932,32443389.41611648,80.23510067887025,80.20745147299996,79.69909448847311,79.83274101804008,7761824.523504214,77.6809728773661,77.67492058953549,77.45481996011384,77.45709623937589,4822478.087258852,51.008533881702476,51.184170966069594,50.85003459724367,51.11670823019994,14007954.43487896,58.513941913270735,58.54953039397081,58.25391498268694,58.2998185997116,3835828.767060312,70.7089222701295,70.86719653934239,70.45896199825835,70.81563817046948,5009829.323301158,56.712161730841274,56.80345330545463,56.00515230641643,56.15789075039238,2478533.7874040836,57.92467518517086,57.95681339576311,57.86913595370154,57.8816166706522,3598407.740896878,167.5354092846227,169.32106839236914,166.9794122766264,168.55453932659677,3123392.738645005,114.75692185064251,115.86981554160279,114.3211541943861,115.72797840996728,2115129.6806417615,45.24057301965888,45.33254140424019,44.8955932369395,45.00256463489093,8781853.864314195,62.27816908799981,62.40637753413923,62.07185405469453,62.23748655966631,4685719.48563498,125.51143913044166,126.87049734324964,125.10880206081305,126.35098252005065,1261600.5069101686,55.69298715875363,55.915090171527616,54.88854184617752,55.74295062896237,8220553.756290258,72.38574307408373,73.64882260585253,71.05007326307042,71.18945318762671,1687590.9720226093,84.45107677161967,85.47154136013367,83.91967922813792,84.60500410254302,5237508.908045407,86.49042329701437,88.06433294846595,85.92625921115676,86.79278120038236,17285610.412868656,107.67286276443346,109.92939964637425,106.63049642034834,107.54126048530132,17883394.651946895,,,,,,45.06286322504835,45.49071732120715,42.86855500077931,42.74788487887476,4887367.5163742285
