Fold,RMSE,MAE,R2
1,0.030058786993785645,0.020603006116662492,-0.09640152222833853
2,0.025477683832505982,0.01887408016034811,-0.2615519676005553
3,0.028952324414174474,0.020770768392653745,-0.3182574211088338
4,0.03598617571205357,0.026550451634183313,-0.6331216122333074
5,0.03294591554608188,0.0239180936192399,-0.2941074692867478
