Date,US_Stock_ACWI_adj_close,US_Stock_ACWI_adj_high,US_Stock_ACWI_adj_low,US_Stock_ACWI_adj_open,US_Stock_ACWI_adj_volume,US_Stock_AEM_adj_close,US_Stock_AEM_adj_high,US_Stock_AEM_adj_low,US_Stock_AEM_adj_open,US_Stock_AEM_adj_volume,US_Stock_AGG_adj_close,US_Stock_AGG_adj_high,US_Stock_AGG_adj_low,US_Stock_AGG_adj_open,US_Stock_AGG_adj_volume,US_Stock_AG_adj_close,US_Stock_AG_adj_high,US_Stock_AG_adj_low,US_Stock_AG_adj_open,US_Stock_AG_adj_volume,US_Stock_ALB_adj_close,US_Stock_ALB_adj_high,US_Stock_ALB_adj_low,US_Stock_ALB_adj_open,US_Stock_ALB_adj_volume,US_Stock_AMP_adj_close,US_Stock_AMP_adj_high,US_Stock_AMP_adj_low,US_Stock_AMP_adj_open,US_Stock_AMP_adj_volume,US_Stock_BCS_adj_close,US_Stock_BCS_adj_high,US_Stock_BCS_adj_low,US_Stock_BCS_adj_open,US_Stock_BCS_adj_volume,US_Stock_BKR_adj_close,US_Stock_BKR_adj_high,US_Stock_BKR_adj_low,US_Stock_BKR_adj_open,US_Stock_BKR_adj_volume,US_Stock_BNDX_adj_close,US_Stock_BNDX_adj_high,US_Stock_BNDX_adj_low,US_Stock_BNDX_adj_open,US_Stock_BNDX_adj_volume,US_Stock_BND_adj_close,US_Stock_BND_adj_high,US_Stock_BND_adj_low,US_Stock_BND_adj_open,US_Stock_BND_adj_volume,US_Stock_BP_adj_close,US_Stock_BP_adj_high,US_Stock_BP_adj_low,US_Stock_BP_adj_open,US_Stock_BP_adj_volume,US_Stock_BSV_adj_close,US_Stock_BSV_adj_high,US_Stock_BSV_adj_low,US_Stock_BSV_adj_open,US_Stock_BSV_adj_volume,US_Stock_CAT_adj_close,US_Stock_CAT_adj_high,US_Stock_CAT_adj_low,US_Stock_CAT_adj_open,US_Stock_CAT_adj_volume,US_Stock_CCJ_adj_close,US_Stock_CCJ_adj_high,US_Stock_CCJ_adj_low,US_Stock_CCJ_adj_open,US_Stock_CCJ_adj_volume,US_Stock_CLF_adj_close,US_Stock_CLF_adj_high,US_Stock_CLF_adj_low,US_Stock_CLF_adj_open,US_Stock_CLF_adj_volume,US_Stock_COP_adj_close,US_Stock_COP_adj_high,US_Stock_COP_adj_low,US_Stock_COP_adj_open,US_Stock_COP_adj_volume,US_Stock_CVE_adj_close,US_Stock_CVE_adj_high,US_Stock_CVE_adj_low,US_Stock_CVE_adj_open,US_Stock_CVE_adj_volume,US_Stock_CVX_adj_close,US_Stock_CVX_adj_high,US_Stock_CVX_adj_low,US_Stock_CVX_adj_open,US_Stock_CVX_adj_volume,US_Stock_DE_adj_close,US_Stock_DE_adj_high,US_Stock_DE_adj_low,US_Stock_DE_adj_open,US_Stock_DE_adj_volume,US_Stock_DVN_adj_close,US_Stock_DVN_adj_high,US_Stock_DVN_adj_low,US_Stock_DVN_adj_open,US_Stock_DVN_adj_volume,US_Stock_EEM_adj_close,US_Stock_EEM_adj_high,US_Stock_EEM_adj_low,US_Stock_EEM_adj_open,US_Stock_EEM_adj_volume,US_Stock_EFA_adj_close,US_Stock_EFA_adj_high,US_Stock_EFA_adj_low,US_Stock_EFA_adj_open,US_Stock_EFA_adj_volume,US_Stock_EMB_adj_close,US_Stock_EMB_adj_high,US_Stock_EMB_adj_low,US_Stock_EMB_adj_open,US_Stock_EMB_adj_volume,US_Stock_ENB_adj_close,US_Stock_ENB_adj_high,US_Stock_ENB_adj_low,US_Stock_ENB_adj_open,US_Stock_ENB_adj_volume,US_Stock_EOG_adj_close,US_Stock_EOG_adj_high,US_Stock_EOG_adj_low,US_Stock_EOG_adj_open,US_Stock_EOG_adj_volume,US_Stock_EWJ_adj_close,US_Stock_EWJ_adj_high,US_Stock_EWJ_adj_low,US_Stock_EWJ_adj_open,US_Stock_EWJ_adj_volume,US_Stock_EWT_adj_close,US_Stock_EWT_adj_high,US_Stock_EWT_adj_low,US_Stock_EWT_adj_open,US_Stock_EWT_adj_volume,US_Stock_EWY_adj_close,US_Stock_EWY_adj_high,US_Stock_EWY_adj_low,US_Stock_EWY_adj_open,US_Stock_EWY_adj_volume,US_Stock_EWZ_adj_close,US_Stock_EWZ_adj_high,US_Stock_EWZ_adj_low,US_Stock_EWZ_adj_open,US_Stock_EWZ_adj_volume,US_Stock_FCX_adj_close,US_Stock_FCX_adj_high,US_Stock_FCX_adj_low,US_Stock_FCX_adj_open,US_Stock_FCX_adj_volume,US_Stock_FNV_adj_close,US_Stock_FNV_adj_high,US_Stock_FNV_adj_low,US_Stock_FNV_adj_open,US_Stock_FNV_adj_volume,US_Stock_FXI_adj_close,US_Stock_FXI_adj_high,US_Stock_FXI_adj_low,US_Stock_FXI_adj_open,US_Stock_FXI_adj_volume,US_Stock_GDXJ_adj_close,US_Stock_GDXJ_adj_high,US_Stock_GDXJ_adj_low,US_Stock_GDXJ_adj_open,US_Stock_GDXJ_adj_volume,US_Stock_GDX_adj_close,US_Stock_GDX_adj_high,US_Stock_GDX_adj_low,US_Stock_GDX_adj_open,US_Stock_GDX_adj_volume,US_Stock_GLD_adj_close,US_Stock_GLD_adj_high,US_Stock_GLD_adj_low,US_Stock_GLD_adj_open,US_Stock_GLD_adj_volume,US_Stock_GOLD_adj_close,US_Stock_GOLD_adj_high,US_Stock_GOLD_adj_low,US_Stock_GOLD_adj_open,US_Stock_GOLD_adj_volume,US_Stock_HAL_adj_close,US_Stock_HAL_adj_high,US_Stock_HAL_adj_low,US_Stock_HAL_adj_open,US_Stock_HAL_adj_volume,US_Stock_HES_adj_close,US_Stock_HES_adj_high,US_Stock_HES_adj_low,US_Stock_HES_adj_open,US_Stock_HES_adj_volume,US_Stock_HL_adj_close,US_Stock_HL_adj_high,US_Stock_HL_adj_low,US_Stock_HL_adj_open,US_Stock_HL_adj_volume,US_Stock_IAU_adj_close,US_Stock_IAU_adj_high,US_Stock_IAU_adj_low,US_Stock_IAU_adj_open,US_Stock_IAU_adj_volume,US_Stock_IEF_adj_close,US_Stock_IEF_adj_high,US_Stock_IEF_adj_low,US_Stock_IEF_adj_open,US_Stock_IEF_adj_volume,US_Stock_IEMG_adj_close,US_Stock_IEMG_adj_high,US_Stock_IEMG_adj_low,US_Stock_IEMG_adj_open,US_Stock_IEMG_adj_volume,US_Stock_IGSB_adj_close,US_Stock_IGSB_adj_high,US_Stock_IGSB_adj_low,US_Stock_IGSB_adj_open,US_Stock_IGSB_adj_volume,US_Stock_JNK_adj_close,US_Stock_JNK_adj_high,US_Stock_JNK_adj_low,US_Stock_JNK_adj_open,US_Stock_JNK_adj_volume,US_Stock_KGC_adj_close,US_Stock_KGC_adj_high,US_Stock_KGC_adj_low,US_Stock_KGC_adj_open,US_Stock_KGC_adj_volume,US_Stock_KMI_adj_close,US_Stock_KMI_adj_high,US_Stock_KMI_adj_low,US_Stock_KMI_adj_open,US_Stock_KMI_adj_volume,US_Stock_LQD_adj_close,US_Stock_LQD_adj_high,US_Stock_LQD_adj_low,US_Stock_LQD_adj_open,US_Stock_LQD_adj_volume,US_Stock_LYB_adj_close,US_Stock_LYB_adj_high,US_Stock_LYB_adj_low,US_Stock_LYB_adj_open,US_Stock_LYB_adj_volume,US_Stock_MBB_adj_close,US_Stock_MBB_adj_high,US_Stock_MBB_adj_low,US_Stock_MBB_adj_open,US_Stock_MBB_adj_volume,US_Stock_MPC_adj_close,US_Stock_MPC_adj_high,US_Stock_MPC_adj_low,US_Stock_MPC_adj_open,US_Stock_MPC_adj_volume,US_Stock_MS_adj_close,US_Stock_MS_adj_high,US_Stock_MS_adj_low,US_Stock_MS_adj_open,US_Stock_MS_adj_volume,US_Stock_NEM_adj_close,US_Stock_NEM_adj_high,US_Stock_NEM_adj_low,US_Stock_NEM_adj_open,US_Stock_NEM_adj_volume,US_Stock_NUE_adj_close,US_Stock_NUE_adj_high,US_Stock_NUE_adj_low,US_Stock_NUE_adj_open,US_Stock_NUE_adj_volume,US_Stock_NUGT_adj_close,US_Stock_NUGT_adj_high,US_Stock_NUGT_adj_low,US_Stock_NUGT_adj_open,US_Stock_NUGT_adj_volume,US_Stock_OIH_adj_close,US_Stock_OIH_adj_high,US_Stock_OIH_adj_low,US_Stock_OIH_adj_open,US_Stock_OIH_adj_volume,US_Stock_OKE_adj_close,US_Stock_OKE_adj_high,US_Stock_OKE_adj_low,US_Stock_OKE_adj_open,US_Stock_OKE_adj_volume,US_Stock_OXY_adj_close,US_Stock_OXY_adj_high,US_Stock_OXY_adj_low,US_Stock_OXY_adj_open,US_Stock_OXY_adj_volume,US_Stock_PAAS_adj_close,US_Stock_PAAS_adj_high,US_Stock_PAAS_adj_low,US_Stock_PAAS_adj_open,US_Stock_PAAS_adj_volume,US_Stock_RIO_adj_close,US_Stock_RIO_adj_high,US_Stock_RIO_adj_low,US_Stock_RIO_adj_open,US_Stock_RIO_adj_volume,US_Stock_RSP_adj_close,US_Stock_RSP_adj_high,US_Stock_RSP_adj_low,US_Stock_RSP_adj_open,US_Stock_RSP_adj_volume,US_Stock_RY_adj_close,US_Stock_RY_adj_high,US_Stock_RY_adj_low,US_Stock_RY_adj_open,US_Stock_RY_adj_volume,US_Stock_SCCO_adj_close,US_Stock_SCCO_adj_high,US_Stock_SCCO_adj_low,US_Stock_SCCO_adj_open,US_Stock_SCCO_adj_volume,US_Stock_SHEL_adj_close,US_Stock_SHEL_adj_high,US_Stock_SHEL_adj_low,US_Stock_SHEL_adj_open,US_Stock_SHEL_adj_volume,US_Stock_SHY_adj_close,US_Stock_SHY_adj_high,US_Stock_SHY_adj_low,US_Stock_SHY_adj_open,US_Stock_SHY_adj_volume,US_Stock_SLB_adj_close,US_Stock_SLB_adj_high,US_Stock_SLB_adj_low,US_Stock_SLB_adj_open,US_Stock_SLB_adj_volume,US_Stock_SLV_adj_close,US_Stock_SLV_adj_high,US_Stock_SLV_adj_low,US_Stock_SLV_adj_open,US_Stock_SLV_adj_volume,US_Stock_SPIB_adj_close,US_Stock_SPIB_adj_high,US_Stock_SPIB_adj_low,US_Stock_SPIB_adj_open,US_Stock_SPIB_adj_volume,US_Stock_SPTL_adj_close,US_Stock_SPTL_adj_high,US_Stock_SPTL_adj_low,US_Stock_SPTL_adj_open,US_Stock_SPTL_adj_volume,US_Stock_SPYV_adj_close,US_Stock_SPYV_adj_high,US_Stock_SPYV_adj_low,US_Stock_SPYV_adj_open,US_Stock_SPYV_adj_volume,US_Stock_STLD_adj_close,US_Stock_STLD_adj_high,US_Stock_STLD_adj_low,US_Stock_STLD_adj_open,US_Stock_STLD_adj_volume,US_Stock_TD_adj_close,US_Stock_TD_adj_high,US_Stock_TD_adj_low,US_Stock_TD_adj_open,US_Stock_TD_adj_volume,US_Stock_TECK_adj_close,US_Stock_TECK_adj_high,US_Stock_TECK_adj_low,US_Stock_TECK_adj_open,US_Stock_TECK_adj_volume,US_Stock_TIP_adj_close,US_Stock_TIP_adj_high,US_Stock_TIP_adj_low,US_Stock_TIP_adj_open,US_Stock_TIP_adj_volume,US_Stock_TRGP_adj_close,US_Stock_TRGP_adj_high,US_Stock_TRGP_adj_low,US_Stock_TRGP_adj_open,US_Stock_TRGP_adj_volume,US_Stock_URA_adj_close,US_Stock_URA_adj_high,US_Stock_URA_adj_low,US_Stock_URA_adj_open,US_Stock_URA_adj_volume,US_Stock_VALE_adj_close,US_Stock_VALE_adj_high,US_Stock_VALE_adj_low,US_Stock_VALE_adj_open,US_Stock_VALE_adj_volume,US_Stock_VCIT_adj_close,US_Stock_VCIT_adj_high,US_Stock_VCIT_adj_low,US_Stock_VCIT_adj_open,US_Stock_VCIT_adj_volume,US_Stock_VCSH_adj_close,US_Stock_VCSH_adj_high,US_Stock_VCSH_adj_low,US_Stock_VCSH_adj_open,US_Stock_VCSH_adj_volume,US_Stock_VEA_adj_close,US_Stock_VEA_adj_high,US_Stock_VEA_adj_low,US_Stock_VEA_adj_open,US_Stock_VEA_adj_volume,US_Stock_VGIT_adj_close,US_Stock_VGIT_adj_high,US_Stock_VGIT_adj_low,US_Stock_VGIT_adj_open,US_Stock_VGIT_adj_volume,US_Stock_VGK_adj_close,US_Stock_VGK_adj_high,US_Stock_VGK_adj_low,US_Stock_VGK_adj_open,US_Stock_VGK_adj_volume,US_Stock_VGLT_adj_close,US_Stock_VGLT_adj_high,US_Stock_VGLT_adj_low,US_Stock_VGLT_adj_open,US_Stock_VGLT_adj_volume,US_Stock_VGSH_adj_close,US_Stock_VGSH_adj_high,US_Stock_VGSH_adj_low,US_Stock_VGSH_adj_open,US_Stock_VGSH_adj_volume,US_Stock_VTV_adj_close,US_Stock_VTV_adj_high,US_Stock_VTV_adj_low,US_Stock_VTV_adj_open,US_Stock_VTV_adj_volume,US_Stock_VT_adj_close,US_Stock_VT_adj_high,US_Stock_VT_adj_low,US_Stock_VT_adj_open,US_Stock_VT_adj_volume,US_Stock_VWO_adj_close,US_Stock_VWO_adj_high,US_Stock_VWO_adj_low,US_Stock_VWO_adj_open,US_Stock_VWO_adj_volume,US_Stock_VXUS_adj_close,US_Stock_VXUS_adj_high,US_Stock_VXUS_adj_low,US_Stock_VXUS_adj_open,US_Stock_VXUS_adj_volume,US_Stock_VYM_adj_close,US_Stock_VYM_adj_high,US_Stock_VYM_adj_low,US_Stock_VYM_adj_open,US_Stock_VYM_adj_volume,US_Stock_WMB_adj_close,US_Stock_WMB_adj_high,US_Stock_WMB_adj_low,US_Stock_WMB_adj_open,US_Stock_WMB_adj_volume,US_Stock_WPM_adj_close,US_Stock_WPM_adj_high,US_Stock_WPM_adj_low,US_Stock_WPM_adj_open,US_Stock_WPM_adj_volume,US_Stock_XLB_adj_close,US_Stock_XLB_adj_high,US_Stock_XLB_adj_low,US_Stock_XLB_adj_open,US_Stock_XLB_adj_volume,US_Stock_XLE_adj_close,US_Stock_XLE_adj_high,US_Stock_XLE_adj_low,US_Stock_XLE_adj_open,US_Stock_XLE_adj_volume,US_Stock_XOM_adj_close,US_Stock_XOM_adj_high,US_Stock_XOM_adj_low,US_Stock_XOM_adj_open,US_Stock_XOM_adj_volume,US_Stock_X_adj_close,US_Stock_X_adj_high,US_Stock_X_adj_low,US_Stock_X_adj_open,US_Stock_X_adj_volume,US_Stock_YINN_adj_close,US_Stock_YINN_adj_high,US_Stock_YINN_adj_low,US_Stock_YINN_adj_open,US_Stock_YINN_adj_volume
163,,,,,,,,,,,,,,,,,,,,,,,,,,,,,,,,,,,,,,,,,,,,,,,,,,,,,,,,,,,,,,,,,,,,,,,,,,,,,,,,,,,,,,,,,,,,,,,,,,,,,,,,,,,,,,,,,,,,,,,,,,,,,,,,,,,,,,,,,,,,,,,,,,,,,,,,,,,,,,,,,,,,,,,,,,,,,,,,62.79,64.72,62.55,63.78,1063187.0,,,,,,,,,,,,,,,,,,,,,,,,,,,,,,,,,,,,,,,,,,,,,,,,,,,,,,,,,,,,,,,,,,,,,,,,,,,,,,,,,,,,,,,,,,,,,,,,,,,,,,,,,,,,,,,,,,,,,,,,,,,,,,,,,,,,,,,,,,,,,,,,,,,,,,,,,,,,,,,,,,,,,,,,,,,,,,,,,,,,,,,,,,,,,,,,,,,,,,,,,,,,,,,,,,,,,,,,,,,,,,,,,,,,,,,,,,,,,,,,,,,,,,,,,,,,,,,,,,,,,,,,,,,,,,,,,,,,,,,,,,,,,,,,,,,,,,,
164,,,,,,,,,,,,,,,,,,,,,,,,,,,,,,,,,,,,,,,,,,,,,,,,,,,,,,,,,,,,,,,,,,,,,,,,,,,,,,,,,,,,,,,,,,,,,,,,,,,,,,,,,,,,,,,,,,,,,,,,,,,,,,,,,,,,,,,,,,,,,,,,,,,,,,,,,,,,,,,,,,,,,,,,,,,,,,,,64.5,64.91,62.71,62.72,1340366.0,,,,,,,,,,,,,,,,,,,,,,,,,,,,,,,,,,,,,,,,,,,,,,,,,,,,,,,,,,,,,,,,,,,,,,,,,,,,,,,,,,,,,,,,,,,,,,,,,,,,,,,,,,,,,,,,,,,,,,,,,,,,,,,,,,,,,,,,,,,,,,,,,,,,,,,,,,,,,,,,,,,,,,,,,,,,,,,,,,,,,,,,,,,,,,,,,,,,,,,,,,,,,,,,,,,,,,,,,,,,,,,,,,,,,,,,,,,,,,,,,,,,,,,,,,,,,,,,,,,,,,,,,,,,,,,,,,,,,,,,,,,,,,,,,,,,,,,
165,,,,,,,,,,,,,,,,,,,,,,,,,,,,,,,,,,,,,,,,,,,,,,,,,,,,,,,,,,,,,,,,,,,,,,,,,,,,,,,,,,,,,,,,,,,,,,,,,,,,,,,,,,,,,,,,,,,,,,,,,,,,,,,,,,,,,,,,,,,,,,,,,,,,,,,,,,,,,,,,,,,,,,,,,,,,,,,,64.55,64.95,64.03,64.63,768879.0,,,,,,,,,,,,,,,,,,,,,,,,,,,,,,,,,,,,,,,,,,,,,,,,,,,,,,,,,,,,,,,,,,,,,,,,,,,,,,,,,,,,,,,,,,,,,,,,,,,,,,,,,,,,,,,,,,,,,,,,,,,,,,,,,,,,,,,,,,,,,,,,,,,,,,,,,,,,,,,,,,,,,,,,,,,,,,,,,,,,,,,,,,,,,,,,,,,,,,,,,,,,,,,,,,,,,,,,,,,,,,,,,,,,,,,,,,,,,,,,,,,,,,,,,,,,,,,,,,,,,,,,,,,,,,,,,,,,,,,,,,,,,,,,,,,,,,,
166,,,,,,,,,,,,,,,,,,,,,,,,,,,,,,,,,,,,,,,,,,,,,,,,,,,,,,,,,,,,,,,,,,,,,,,,,,,,,,,,,,,,,,,,,,,,,,,,,,,,,,,,,,,,,,,,,,,,,,,,,,,,,,,,,,,,,,,,,,,,,,,,,,,,,,,,,,,,,,,,,,,,,,,,,,,,,,,,65.04,65.32,64.22,64.71,449470.0,,,,,,,,,,,,,,,,,,,,,,,,,,,,,,,,,,,,,,,,,,,,,,,,,,,,,,,,,,,,,,,,,,,,,,,,,,,,,,,,,,,,,,,,,,,,,,,,,,,,,,,,,,,,,,,,,,,,,,,,,,,,,,,,,,,,,,,,,,,,,,,,,,,,,,,,,,,,,,,,,,,,,,,,,,,,,,,,,,,,,,,,,,,,,,,,,,,,,,,,,,,,,,,,,,,,,,,,,,,,,,,,,,,,,,,,,,,,,,,,,,,,,,,,,,,,,,,,,,,,,,,,,,,,,,,,,,,,,,,,,,,,,,,,,,,,,,,
167,,,,,,,,,,,,,,,,,,,,,,,,,,,,,,,,,,,,,,,,,,,,,,,,,,,,,,,,,,,,,,,,,,,,,,,,,,,,,,,,,,,,,,,,,,,,,,,,,,,,,,,,,,,,,,,,,,,,,,,,,,,,,,,,,,,,,,,,,,,,,,,,,,,,,,,,,,,,,,,,,,,,,,,,,,,,,,,,65.73,66.04,65.13,65.41,565189.0,,,,,,,,,,,,,,,,,,,,,,,,,,,,,,,,,,,,,,,,,,,,,,,,,,,,,,,,,,,,,,,,,,,,,,,,,,,,,,,,,,,,,,,,,,,,,,,,,,,,,,,,,,,,,,,,,,,,,,,,,,,,,,,,,,,,,,,,,,,,,,,,,,,,,,,,,,,,,,,,,,,,,,,,,,,,,,,,,,,,,,,,,,,,,,,,,,,,,,,,,,,,,,,,,,,,,,,,,,,,,,,,,,,,,,,,,,,,,,,,,,,,,,,,,,,,,,,,,,,,,,,,,,,,,,,,,,,,,,,,,,,,,,,,,,,,,,,
168,,,,,,,,,,,,,,,,,,,,,,,,,,,,,,,,,,,,,,,,,,,,,,,,,,,,,,,,,,,,,,,,,,,,,,,,,,,,,,,,,,,,,,,,,,,,,,,,,,,,,,,,,,,,,,,,,,,,,,,,,,,,,,,,,,,,,,,,,,,,,,,,,,,,,,,,,,,,,,,,,,,,,,,,,,,,,,,,64.86,65.67,64.58,65.27,536513.0,,,,,,,,,,,,,,,,,,,,,,,,,,,,,,,,,,,,,,,,,,,,,,,,,,,,,,,,,,,,,,,,,,,,,,,,,,,,,,,,,,,,,,,,,,,,,,,,,,,,,,,,,,,,,,,,,,,,,,,,,,,,,,,,,,,,,,,,,,,,,,,,,,,,,,,,,,,,,,,,,,,,,,,,,,,,,,,,,,,,,,,,,,,,,,,,,,,,,,,,,,,,,,,,,,,,,,,,,,,,,,,,,,,,,,,,,,,,,,,,,,,,,,,,,,,,,,,,,,,,,,,,,,,,,,,,,,,,,,,,,,,,,,,,,,,,,,,
169,,,,,,,,,,,,,,,,,,,,,,,,,,,,,,,,,,,,,,,,,,,,,,,,,,,,,,,,,,,,,,,,,,,,,,,,,,,,,,,,,,,,,,,,,,,,,,,,,,,,,,,,,,,,,,,,,,,,,,,,,,,,,,,,,,,,,,,,,,,,,,,,,,,,,,,,,,,,,,,,,,,,,,,,,,,,,,,,65.66,66.73,65.13,65.31,505358.0,,,,,,,,,,,,,,,,,,,,,,,,,,,,,,,,,,,,,,,,,,,,,,,,,,,,,,,,,,,,,,,,,,,,,,,,,,,,,,,,,,,,,,,,,,,,,,,,,,,,,,,,,,,,,,,,,,,,,,,,,,,,,,,,,,,,,,,,,,,,,,,,,,,,,,,,,,,,,,,,,,,,,,,,,,,,,,,,,,,,,,,,,,,,,,,,,,,,,,,,,,,,,,,,,,,,,,,,,,,,,,,,,,,,,,,,,,,,,,,,,,,,,,,,,,,,,,,,,,,,,,,,,,,,,,,,,,,,,,,,,,,,,,,,,,,,,,,
170,,,,,,,,,,,,,,,,,,,,,,,,,,,,,,,,,,,,,,,,,,,,,,,,,,,,,,,,,,,,,,,,,,,,,,,,,,,,,,,,,,,,,,,,,,,,,,,,,,,,,,,,,,,,,,,,,,,,,,,,,,,,,,,,,,,,,,,,,,,,,,,,,,,,,,,,,,,,,,,,,,,,,,,,,,,,,,,,66.39,66.47,65.64,66.2,320391.0,,,,,,,,,,,,,,,,,,,,,,,,,,,,,,,,,,,,,,,,,,,,,,,,,,,,,,,,,,,,,,,,,,,,,,,,,,,,,,,,,,,,,,,,,,,,,,,,,,,,,,,,,,,,,,,,,,,,,,,,,,,,,,,,,,,,,,,,,,,,,,,,,,,,,,,,,,,,,,,,,,,,,,,,,,,,,,,,,,,,,,,,,,,,,,,,,,,,,,,,,,,,,,,,,,,,,,,,,,,,,,,,,,,,,,,,,,,,,,,,,,,,,,,,,,,,,,,,,,,,,,,,,,,,,,,,,,,,,,,,,,,,,,,,,,,,,,,
171,,,,,,,,,,,,,,,,,,,,,,,,,,,,,,,,,,,,,,,,,,,,,,,,,,,,,,,,,,,,,,,,,,,,,,,,,,,,,,,,,,,,,,,,,,,,,,,,,,,,,,,,,,,,,,,,,,,,,,,,,,,,,,,,,,,,,,,,,,,,,,,,,,,,,,,,,,,,,,,,,,,,,,,,,,,,,,,,65.53,67.41,65.06,67.18,516127.0,,,,,,,,,,,,,,,,,,,,,,,,,,,,,,,,,,,,,,,,,,,,,,,,,,,,,,,,,,,,,,,,,,,,,,,,,,,,,,,,,,,,,,,,,,,,,,,,,,,,,,,,,,,,,,,,,,,,,,,,,,,,,,,,,,,,,,,,,,,,,,,,,,,,,,,,,,,,,,,,,,,,,,,,,,,,,,,,,,,,,,,,,,,,,,,,,,,,,,,,,,,,,,,,,,,,,,,,,,,,,,,,,,,,,,,,,,,,,,,,,,,,,,,,,,,,,,,,,,,,,,,,,,,,,,,,,,,,,,,,,,,,,,,,,,,,,,,
172,,,,,,,,,,,,,,,,,,,,,,,,,,,,,,,,,,,,,,,,,,,,,,,,,,,,,,,,,,,,,,,,,,,,,,,,,,,,,,,,,,,,,,,,,,,,,,,,,,,,,,,,,,,,,,,,,,,,,,,,,,,,,,,,,,,,,,,,,,,,,,,,,,,,,,,,,,,,,,,,,,,,,,,,,,,,,,,,66.16,66.55,65.96,66.29,391652.0,,,,,,,,,,,,,,,,,,,,,,,,,,,,,,,,,,,,,,,,,,,,,,,,,,,,,,,,,,,,,,,,,,,,,,,,,,,,,,,,,,,,,,,,,,,,,,,,,,,,,,,,,,,,,,,,,,,,,,,,,,,,,,,,,,,,,,,,,,,,,,,,,,,,,,,,,,,,,,,,,,,,,,,,,,,,,,,,,,,,,,,,,,,,,,,,,,,,,,,,,,,,,,,,,,,,,,,,,,,,,,,,,,,,,,,,,,,,,,,,,,,,,,,,,,,,,,,,,,,,,,,,,,,,,,,,,,,,,,,,,,,,,,,,,,,,,,,
173,,,,,,,,,,,,,,,,,,,,,,,,,,,,,,,,,,,,,,,,,,,,,,,,,,,,,,,,,,,,,,,,,,,,,,,,,,,,,,,,,,,,,,,,,,,,,,,,,,,,,,,,,,,,,,,,,,,,,,,,,,,,,,,,,,,,,,,,,,,,,,,,,,,,,,,,,,,,,,,,,,,,,,,,,,,,,,,,65.76,66.06,65.32,66.05,340407.0,,,,,,,,,,,,,,,,,,,,,,,,,,,,,,,,,,,,,,,,,,,,,,,,,,,,,,,,,,,,,,,,,,,,,,,,,,,,,,,,,,,,,,,,,,,,,,,,,,,,,,,,,,,,,,,,,,,,,,,,,,,,,,,,,,,,,,,,,,,,,,,,,,,,,,,,,,,,,,,,,,,,,,,,,,,,,,,,,,,,,,,,,,,,,,,,,,,,,,,,,,,,,,,,,,,,,,,,,,,,,,,,,,,,,,,,,,,,,,,,,,,,,,,,,,,,,,,,,,,,,,,,,,,,,,,,,,,,,,,,,,,,,,,,,,,,,,,
175,,,,,,,,,,,,,,,,,,,,,,,,,,,,,,,,,,,,,,,,,,,,,,,,,,,,,,,,,,,,,,,,,,,,,,,,,,,,,,,,,,,,,,,,,,,,,,,,,,,,,,,,,,,,,,,,,,,,,,,,,,,,,,,,,,,,,,,,,,,,,,,,,,,,,,,,,,,,,,,,,,,,,,,,,,,,,,,,65.29,65.99,65.02,65.55,378555.0,,,,,,,,,,,,,,,,,,,,,,,,,,,,,,,,,,,,,,,,,,,,,,,,,,,,,,,,,,,,,,,,,,,,,,,,,,,,,,,,,,,,,,,,,,,,,,,,,,,,,,,,,,,,,,,,,,,,,,,,,,,,,,,,,,,,,,,,,,,,,,,,,,,,,,,,,,,,,,,,,,,,,,,,,,,,,,,,,,,,,,,,,,,,,,,,,,,,,,,,,,,,,,,,,,,,,,,,,,,,,,,,,,,,,,,,,,,,,,,,,,,,,,,,,,,,,,,,,,,,,,,,,,,,,,,,,,,,,,,,,,,,,,,,,,,,,,,
176,,,,,,,,,,,,,,,,,,,,,,,,,,,,,,,,,,,,,,,,,,,,,,,,,,,,,,,,,,,,,,,,,,,,,,,,,,,,,,,,,,,,,,,,,,,,,,,,,,,,,,,,,,,,,,,,,,,,,,,,,,,,,,,,,,,,,,,,,,,,,,,,,,,,,,,,,,,,,,,,,,,,,,,,,,,,,,,,63.78,64.22,63.45,63.98,705410.0,,,,,,,,,,,,,,,,,,,,,,,,,,,,,,,,,,,,,,,,,,,,,,,,,,,,,,,,,,,,,,,,,,,,,,,,,,,,,,,,,,,,,,,,,,,,,,,,,,,,,,,,,,,,,,,,,,,,,,,,,,,,,,,,,,,,,,,,,,,,,,,,,,,,,,,,,,,,,,,,,,,,,,,,,,,,,,,,,,,,,,,,,,,,,,,,,,,,,,,,,,,,,,,,,,,,,,,,,,,,,,,,,,,,,,,,,,,,,,,,,,,,,,,,,,,,,,,,,,,,,,,,,,,,,,,,,,,,,,,,,,,,,,,,,,,,,,,
177,,,,,,,,,,,,,,,,,,,,,,,,,,,,,,,,,,,,,,,,,,,,,,,,,,,,,,,,,,,,,,,,,,,,,,,,,,,,,,,,,,,,,,,,,,,,,,,,,,,,,,,,,,,,,,,,,,,,,,,,,,,,,,,,,,,,,,,,,,,,,,,,,,,,,,,,,,,,,,,,,,,,,,,,,,,,,,,,63.55,64.07,63.43,63.8,410898.0,,,,,,,,,,,,,,,,,,,,,,,,,,,,,,,,,,,,,,,,,,,,,,,,,,,,,,,,,,,,,,,,,,,,,,,,,,,,,,,,,,,,,,,,,,,,,,,,,,,,,,,,,,,,,,,,,,,,,,,,,,,,,,,,,,,,,,,,,,,,,,,,,,,,,,,,,,,,,,,,,,,,,,,,,,,,,,,,,,,,,,,,,,,,,,,,,,,,,,,,,,,,,,,,,,,,,,,,,,,,,,,,,,,,,,,,,,,,,,,,,,,,,,,,,,,,,,,,,,,,,,,,,,,,,,,,,,,,,,,,,,,,,,,,,,,,,,,
180,,,,,,,,,,,,,,,,,,,,,,,,,,,,,,,,,,,,,,,,,,,,,,,,,,,,,,,,,,,,,,,,,,,,,,,,,,,,,,,,,,,,,,,,,,,,,,,,,,,,,,,,,,,,,,,,,,,,,,,,,,,,,,,,,,,,,,,,,,,,,,,,,,,,,,,,,,,,,,,,,,,,,,,,,,,,,,,,63.27,64.38,62.93,64.01,507228.0,,,,,,,,,,,,,,,,,,,,,,,,,,,,,,,,,,,,,,,,,,,,,,,,,,,,,,,,,,,,,,,,,,,,,,,,,,,,,,,,,,,,,,,,,,,,,,,,,,,,,,,,,,,,,,,,,,,,,,,,,,,,,,,,,,,,,,,,,,,,,,,,,,,,,,,,,,,,,,,,,,,,,,,,,,,,,,,,,,,,,,,,,,,,,,,,,,,,,,,,,,,,,,,,,,,,,,,,,,,,,,,,,,,,,,,,,,,,,,,,,,,,,,,,,,,,,,,,,,,,,,,,,,,,,,,,,,,,,,,,,,,,,,,,,,,,,,,
181,,,,,,,,,,,,,,,,,,,,,,,,,,,,,,,,,,,,,,,,,,,,,,,,,,,,,,,,,,,,,,,,,,,,,,,,,,,,,,,,,,,,,,,,,,,,,,,,,,,,,,,,,,,,,,,,,,,,,,,,,,,,,,,,,,,,,,,,,,,,,,,,,,,,,,,,,,,,,,,,,,,,,,,,,,,,,,,,61.14,61.34,59.9,60.22,594576.0,,,,,,,,,,,,,,,,,,,,,,,,,,,,,,,,,,,,,,,,,,,,,,,,,,,,,,,,,,,,,,,,,,,,,,,,,,,,,,,,,,,,,,,,,,,,,,,,,,,,,,,,,,,,,,,,,,,,,,,,,,,,,,,,,,,,,,,,,,,,,,,,,,,,,,,,,,,,,,,,,,,,,,,,,,,,,,,,,,,,,,,,,,,,,,,,,,,,,,,,,,,,,,,,,,,,,,,,,,,,,,,,,,,,,,,,,,,,,,,,,,,,,,,,,,,,,,,,,,,,,,,,,,,,,,,,,,,,,,,,,,,,,,,,,,,,,,,
182,,,,,,,,,,,,,,,,,,,,,,,,,,,,,,,,,,,,,,,,,,,,,,,,,,,,,,,,,,,,,,,,,,,,,,,,,,,,,,,,,,,,,,,,,,,,,,,,,,,,,,,,,,,,,,,,,,,,,,,,,,,,,,,,,,,,,,,,,,,,,,,,,,,,,,,,,,,,,,,,,,,,,,,,,,,,,,,,61.54,62.51,60.42,60.54,788867.0,,,,,,,,,,,,,,,,,,,,,,,,,,,,,,,,,,,,,,,,,,,,,,,,,,,,,,,,,,,,,,,,,,,,,,,,,,,,,,,,,,,,,,,,,,,,,,,,,,,,,,,,,,,,,,,,,,,,,,,,,,,,,,,,,,,,,,,,,,,,,,,,,,,,,,,,,,,,,,,,,,,,,,,,,,,,,,,,,,,,,,,,,,,,,,,,,,,,,,,,,,,,,,,,,,,,,,,,,,,,,,,,,,,,,,,,,,,,,,,,,,,,,,,,,,,,,,,,,,,,,,,,,,,,,,,,,,,,,,,,,,,,,,,,,,,,,,,
183,,,,,,,,,,,,,,,,,,,,,,,,,,,,,,,,,,,,,,,,,,,,,,,,,,,,,,,,,,,,,,,,,,,,,,,,,,,,,,,,,,,,,,,,,,,,,,,,,,,,,,,,,,,,,,,,,,,,,,,,,,,,,,,,,,,,,,,,,,,,,,,,,,,,,,,,,,,,,,,,,,,,,,,,,,,,,,,,61.19,62.11,60.98,61.97,529115.0,,,,,,,,,,,,,,,,,,,,,,,,,,,,,,,,,,,,,,,,,,,,,,,,,,,,,,,,,,,,,,,,,,,,,,,,,,,,,,,,,,,,,,,,,,,,,,,,,,,,,,,,,,,,,,,,,,,,,,,,,,,,,,,,,,,,,,,,,,,,,,,,,,,,,,,,,,,,,,,,,,,,,,,,,,,,,,,,,,,,,,,,,,,,,,,,,,,,,,,,,,,,,,,,,,,,,,,,,,,,,,,,,,,,,,,,,,,,,,,,,,,,,,,,,,,,,,,,,,,,,,,,,,,,,,,,,,,,,,,,,,,,,,,,,,,,,,,
184,,,,,,,,,,,,,,,,,,,,,,,,,,,,,,,,,,,,,,,,,,,,,,,,,,,,,,,,,,,,,,,,,,,,,,,,,,,,,,,,,,,,,,,,,,,,,,,,,,,,,,,,,,,,,,,,,,,,,,,,,,,,,,,,,,,,,,,,,,,,,,,,,,,,,,,,,,,,,,,,,,,,,,,,,,,,,,,,60.97,61.53,60.55,60.94,685279.0,,,,,,,,,,,,,,,,,,,,,,,,,,,,,,,,,,,,,,,,,,,,,,,,,,,,,,,,,,,,,,,,,,,,,,,,,,,,,,,,,,,,,,,,,,,,,,,,,,,,,,,,,,,,,,,,,,,,,,,,,,,,,,,,,,,,,,,,,,,,,,,,,,,,,,,,,,,,,,,,,,,,,,,,,,,,,,,,,,,,,,,,,,,,,,,,,,,,,,,,,,,,,,,,,,,,,,,,,,,,,,,,,,,,,,,,,,,,,,,,,,,,,,,,,,,,,,,,,,,,,,,,,,,,,,,,,,,,,,,,,,,,,,,,,,,,,,,
185,,,,,,,,,,,,,,,,,,,,,,,,,,,,,,,,,,,,,,,,,,,,,,,,,,,,,,,,,,,,,,,,,,,,,,,,,,,,,,,,,,,,,,,,,,,,,,,,,,,,,,,,,,,,,,,,,,,,,,,,,,,,,,,,,,,,,,,,,,,,,,,,,,,,,,,,,,,,,,,,,,,,,,,,,,,,,,,,61.65,62.215,61.175,61.37,1182675.0,,,,,,,,,,,,,,,,,,,,,,,,,,,,,,,,,,,,,,,,,,,,,,,,,,,,,,,,,,,,,,,,,,,,,,,,,,,,,,,,,,,,,,,,,,,,,,,,,,,,,,,,,,,,,,,,,,,,,,,,,,,,,,,,,,,,,,,,,,,,,,,,,,,,,,,,,,,,,,,,,,,,,,,,,,,,,,,,,,,,,,,,,,,,,,,,,,,,,,,,,,,,,,,,,,,,,,,,,,,,,,,,,,,,,,,,,,,,,,,,,,,,,,,,,,,,,,,,,,,,,,,,,,,,,,,,,,,,,,,,,,,,,,,,,,,,,,,
186,,,,,,,,,,,,,,,,,,,,,,,,,,,,,,,,,,,,,,,,,,,,,,,,,,,,,,,,,,,,,,,,,,,,,,,,,,,,,,,,,,,,,,,,,,,,,,,,,,,,,,,,,,,,,,,,,,,,,,,,,,,,,,,,,,,,,,,,,,,,,,,,,,,,,,,,,,,,,,,,,,,,,,,,,,,,,,,,62.41,62.73,61.88,62.33,601784.0,,,,,,,,,,,,,,,,,,,,,,,,,,,,,,,,,,,,,,,,,,,,,,,,,,,,,,,,,,,,,,,,,,,,,,,,,,,,,,,,,,,,,,,,,,,,,,,,,,,,,,,,,,,,,,,,,,,,,,,,,,,,,,,,,,,,,,,,,,,,,,,,,,,,,,,,,,,,,,,,,,,,,,,,,,,,,,,,,,,,,,,,,,,,,,,,,,,,,,,,,,,,,,,,,,,,,,,,,,,,,,,,,,,,,,,,,,,,,,,,,,,,,,,,,,,,,,,,,,,,,,,,,,,,,,,,,,,,,,,,,,,,,,,,,,,,,,,
187,,,,,,,,,,,,,,,,,,,,,,,,,,,,,,,,,,,,,,,,,,,,,,,,,,,,,,,,,,,,,,,,,,,,,,,,,,,,,,,,,,,,,,,,,,,,,,,,,,,,,,,,,,,,,,,,,,,,,,,,,,,,,,,,,,,,,,,,,,,,,,,,,,,,,,,,,,,,,,,,,,,,,,,,,,,,,,,,63.44,63.8,62.71,62.79,536809.0,,,,,,,,,,,,,,,,,,,,,,,,,,,,,,,,,,,,,,,,,,,,,,,,,,,,,,,,,,,,,,,,,,,,,,,,,,,,,,,,,,,,,,,,,,,,,,,,,,,,,,,,,,,,,,,,,,,,,,,,,,,,,,,,,,,,,,,,,,,,,,,,,,,,,,,,,,,,,,,,,,,,,,,,,,,,,,,,,,,,,,,,,,,,,,,,,,,,,,,,,,,,,,,,,,,,,,,,,,,,,,,,,,,,,,,,,,,,,,,,,,,,,,,,,,,,,,,,,,,,,,,,,,,,,,,,,,,,,,,,,,,,,,,,,,,,,,,
188,,,,,,,,,,,,,,,,,,,,,,,,,,,,,,,,,,,,,,,,,,,,,,,,,,,,,,,,,,,,,,,,,,,,,,,,,,,,,,,,,,,,,,,,,,,,,,,,,,,,,,,,,,,,,,,,,,,,,,,,,,,,,,,,,,,,,,,,,,,,,,,,,,,,,,,,,,,,,,,,,,,,,,,,,,,,,,,,64.59,64.765,63.895,64.69,737410.0,,,,,,,,,,,,,,,,,,,,,,,,,,,,,,,,,,,,,,,,,,,,,,,,,,,,,,,,,,,,,,,,,,,,,,,,,,,,,,,,,,,,,,,,,,,,,,,,,,,,,,,,,,,,,,,,,,,,,,,,,,,,,,,,,,,,,,,,,,,,,,,,,,,,,,,,,,,,,,,,,,,,,,,,,,,,,,,,,,,,,,,,,,,,,,,,,,,,,,,,,,,,,,,,,,,,,,,,,,,,,,,,,,,,,,,,,,,,,,,,,,,,,,,,,,,,,,,,,,,,,,,,,,,,,,,,,,,,,,,,,,,,,,,,,,,,,,,
189,,,,,,,,,,,,,,,,,,,,,,,,,,,,,,,,,,,,,,,,,,,,,,,,,,,,,,,,,,,,,,,,,,,,,,,,,,,,,,,,,,,,,,,,,,,,,,,,,,,,,,,,,,,,,,,,,,,,,,,,,,,,,,,,,,,,,,,,,,,,,,,,,,,,,,,,,,,,,,,,,,,,,,,,,,,,,,,,63.91,64.56,63.48,63.86,982257.0,,,,,,,,,,,,,,,,,,,,,,,,,,,,,,,,,,,,,,,,,,,,,,,,,,,,,,,,,,,,,,,,,,,,,,,,,,,,,,,,,,,,,,,,,,,,,,,,,,,,,,,,,,,,,,,,,,,,,,,,,,,,,,,,,,,,,,,,,,,,,,,,,,,,,,,,,,,,,,,,,,,,,,,,,,,,,,,,,,,,,,,,,,,,,,,,,,,,,,,,,,,,,,,,,,,,,,,,,,,,,,,,,,,,,,,,,,,,,,,,,,,,,,,,,,,,,,,,,,,,,,,,,,,,,,,,,,,,,,,,,,,,,,,,,,,,,,,
190,,,,,,,,,,,,,,,,,,,,,,,,,,,,,,,,,,,,,,,,,,,,,,,,,,,,,,,,,,,,,,,,,,,,,,,,,,,,,,,,,,,,,,,,,,,,,,,,,,,,,,,,,,,,,,,,,,,,,,,,,,,,,,,,,,,,,,,,,,,,,,,,,,,,,,,,,,,,,,,,,,,,,,,,,,,,,,,,68.14,68.96,67.78,68.67,5090344.0,,,,,,,,,,,,,,,,,,,,,,,,,,,,,,,,,,,,,,,,,,,,,,,,,,,,,,,,,,,,,,,,,,,,,,,,,,,,,,,,,,,,,,,,,,,,,,,,,,,,,,,,,,,,,,,,,,,,,,,,,,,,,,,,,,,,,,,,,,,,,,,,,,,,,,,,,,,,,,,,,,,,,,,,,,,,,,,,,,,,,,,,,,,,,,,,,,,,,,,,,,,,,,,,,,,,,,,,,,,,,,,,,,,,,,,,,,,,,,,,,,,,,,,,,,,,,,,,,,,,,,,,,,,,,,,,,,,,,,,,,,,,,,,,,,,,,,,
191,,,,,,,,,,,,,,,,,,,,,,,,,,,,,,,,,,,,,,,,,,,,,,,,,,,,,,,,,,,,,,,,,,,,,,,,,,,,,,,,,,,,,,,,,,,,,,,,,,,,,,,,,,,,,,,,,,,,,,,,,,,,,,,,,,,,,,,,,,,,,,,,,,,,,,,,,,,,,,,,,,,,,,,,,,,,,,,,69.79,71.91,69.66,71.74,3130623.0,,,,,,,,,,,,,,,,,,,,,,,,,,,,,,,,,,,,,,,,,,,,,,,,,,,,,,,,,,,,,,,,,,,,,,,,,,,,,,,,,,,,,,,,,,,,,,,,,,,,,,,,,,,,,,,,,,,,,,,,,,,,,,,,,,,,,,,,,,,,,,,,,,,,,,,,,,,,,,,,,,,,,,,,,,,,,,,,,,,,,,,,,,,,,,,,,,,,,,,,,,,,,,,,,,,,,,,,,,,,,,,,,,,,,,,,,,,,,,,,,,,,,,,,,,,,,,,,,,,,,,,,,,,,,,,,,,,,,,,,,,,,,,,,,,,,,,,
192,,,,,,,,,,,,,,,,,,,,,,,,,,,,,,,,,,,,,,,,,,,,,,,,,,,,,,,,,,,,,,,,,,,,,,,,,,,,,,,,,,,,,,,,,,,,,,,,,,,,,,,,,,,,,,,,,,,,,,,,,,,,,,,,,,,,,,,,,,,,,,,,,,,,,,,,,,,,,,,,,,,,,,,,,,,,,,,,69.07,70.09,68.73,69.77,3057558.0,,,,,,,,,,,,,,,,,,,,,,,,,,,,,,,,,,,,,,,,,,,,,,,,,,,,,,,,,,,,,,,,,,,,,,,,,,,,,,,,,,,,,,,,,,,,,,,,,,,,,,,,,,,,,,,,,,,,,,,,,,,,,,,,,,,,,,,,,,,,,,,,,,,,,,,,,,,,,,,,,,,,,,,,,,,,,,,,,,,,,,,,,,,,,,,,,,,,,,,,,,,,,,,,,,,,,,,,,,,,,,,,,,,,,,,,,,,,,,,,,,,,,,,,,,,,,,,,,,,,,,,,,,,,,,,,,,,,,,,,,,,,,,,,,,,,,,,
193,,,,,,,,,,,,,,,,,,,,,,,,,,,,,,,,,,,,,,,,,,,,,,,,,,,,,,,,,,,,,,,,,,,,,,,,,,,,,,,,,,,,,,,,,,,,,,,,,,,,,,,,,,,,,,,,,,,,,,,,,,,,,,,,,,,,,,,,,,,,,,,,,,,,,,,,,,,,,,,,,,,,,,,,,,,,,,,,70.5,70.64,68.56,68.74,1292235.0,,,,,,,,,,,,,,,,,,,,,,,,,,,,,,,,,,,,,,,,,,,,,,,,,,,,,,,,,,,,,,,,,,,,,,,,,,,,,,,,,,,,,,,,,,,,,,,,,,,,,,,,,,,,,,,,,,,,,,,,,,,,,,,,,,,,,,,,,,,,,,,,,,,,,,,,,,,,,,,,,,,,,,,,,,,,,,,,,,,,,,,,,,,,,,,,,,,,,,,,,,,,,,,,,,,,,,,,,,,,,,,,,,,,,,,,,,,,,,,,,,,,,,,,,,,,,,,,,,,,,,,,,,,,,,,,,,,,,,,,,,,,,,,,,,,,,,,
194,,,,,,,,,,,,,,,,,,,,,,,,,,,,,,,,,,,,,,,,,,,,,,,,,,,,,,,,,,,,,,,,,,,,,,,,,,,,,,,,,,,,,,,,,,,,,,,,,,,,,,,,,,,,,,,,,,,,,,,,,,,,,,,,,,,,,,,,,,,,,,,,,,,,,,,,,,,,,,,,,,,,,,,,,,,,,,,,70.55,71.65,70.055,70.98,794540.0,,,,,,,,,,,,,,,,,,,,,,,,,,,,,,,,,,,,,,,,,,,,,,,,,,,,,,,,,,,,,,,,,,,,,,,,,,,,,,,,,,,,,,,,,,,,,,,,,,,,,,,,,,,,,,,,,,,,,,,,,,,,,,,,,,,,,,,,,,,,,,,,,,,,,,,,,,,,,,,,,,,,,,,,,,,,,,,,,,,,,,,,,,,,,,,,,,,,,,,,,,,,,,,,,,,,,,,,,,,,,,,,,,,,,,,,,,,,,,,,,,,,,,,,,,,,,,,,,,,,,,,,,,,,,,,,,,,,,,,,,,,,,,,,,,,,,,,
195,,,,,,,,,,,,,,,,,,,,,,,,,,,,,,,,,,,,,,,,,,,,,,,,,,,,,,,,,,,,,,,,,,,,,,,,,,,,,,,,,,,,,,,,,,,,,,,,,,,,,,,,,,,,,,,,,,,,,,,,,,,,,,,,,,,,,,,,,,,,,,,,,,,,,,,,,,,,,,,,,,,,,,,,,,,,,,,,70.28,70.99,70.24,70.56,521586.0,,,,,,,,,,,,,,,,,,,,,,,,,,,,,,,,,,,,,,,,,,,,,,,,,,,,,,,,,,,,,,,,,,,,,,,,,,,,,,,,,,,,,,,,,,,,,,,,,,,,,,,,,,,,,,,,,,,,,,,,,,,,,,,,,,,,,,,,,,,,,,,,,,,,,,,,,,,,,,,,,,,,,,,,,,,,,,,,,,,,,,,,,,,,,,,,,,,,,,,,,,,,,,,,,,,,,,,,,,,,,,,,,,,,,,,,,,,,,,,,,,,,,,,,,,,,,,,,,,,,,,,,,,,,,,,,,,,,,,,,,,,,,,,,,,,,,,,
196,,,,,,,,,,,,,,,,,,,,,,,,,,,,,,,,,,,,,,,,,,,,,,,,,,,,,,,,,,,,,,,,,,,,,,,,,,,,,,,,,,,,,,,,,,,,,,,,,,,,,,,,,,,,,,,,,,,,,,,,,,,,,,,,,,,,,,,,,,,,,,,,,,,,,,,,,,,,,,,,,,,,,,,,,,,,,,,,72.51,72.74,70.12,70.19,1587834.0,,,,,,,,,,,,,,,,,,,,,,,,,,,,,,,,,,,,,,,,,,,,,,,,,,,,,,,,,,,,,,,,,,,,,,,,,,,,,,,,,,,,,,,,,,,,,,,,,,,,,,,,,,,,,,,,,,,,,,,,,,,,,,,,,,,,,,,,,,,,,,,,,,,,,,,,,,,,,,,,,,,,,,,,,,,,,,,,,,,,,,,,,,,,,,,,,,,,,,,,,,,,,,,,,,,,,,,,,,,,,,,,,,,,,,,,,,,,,,,,,,,,,,,,,,,,,,,,,,,,,,,,,,,,,,,,,,,,,,,,,,,,,,,,,,,,,,,
197,,,,,,,,,,,,,,,,,,,,,,,,,,,,,,,,,,,,,,,,,,,,,,,,,,,,,,,,,,,,,,,,,,,,,,,,,,,,,,,,,,,,,,,,,,,,,,,,,,,,,,,,,,,,,,,,,,,,,,,,,,,,,,,,,,,,,,,,,,,,,,,,,,,,,,,,,,,,,,,,,,,,,,,,,,,,,,,,72.36,73.27,72.09,72.85,894642.0,,,,,,,,,,,,,,,,,,,,,,,,,,,,,,,,,,,,,,,,,,,,,,,,,,,,,,,,,,,,,,,,,,,,,,,,,,,,,,,,,,,,,,,,,,,,,,,,,,,,,,,,,,,,,,,,,,,,,,,,,,,,,,,,,,,,,,,,,,,,,,,,,,,,,,,,,,,,,,,,,,,,,,,,,,,,,,,,,,,,,,,,,,,,,,,,,,,,,,,,,,,,,,,,,,,,,,,,,,,,,,,,,,,,,,,,,,,,,,,,,,,,,,,,,,,,,,,,,,,,,,,,,,,,,,,,,,,,,,,,,,,,,,,,,,,,,,,
198,,,,,,,,,,,,,,,,,,,,,,,,,,,,,,,,,,,,,,,,,,,,,,,,,,,,,,,,,,,,,,,,,,,,,,,,,,,,,,,,,,,,,,,,,,,,,,,,,,,,,,,,,,,,,,,,,,,,,,,,,,,,,,,,,,,,,,,,,,,,,,,,,,,,,,,,,,,,,,,,,,,,,,,,,,,,,,,,72.07,72.51,71.14,71.95,933907.0,,,,,,,,,,,,,,,,,,,,,,,,,,,,,,,,,,,,,,,,,,,,,,,,,,,,,,,,,,,,,,,,,,,,,,,,,,,,,,,,,,,,,,,,,,,,,,,,,,,,,,,,,,,,,,,,,,,,,,,,,,,,,,,,,,,,,,,,,,,,,,,,,,,,,,,,,,,,,,,,,,,,,,,,,,,,,,,,,,,,,,,,,,,,,,,,,,,,,,,,,,,,,,,,,,,,,,,,,,,,,,,,,,,,,,,,,,,,,,,,,,,,,,,,,,,,,,,,,,,,,,,,,,,,,,,,,,,,,,,,,,,,,,,,,,,,,,,
199,,,,,,,,,,,,,,,,,,,,,,,,,,,,,,,,,,,,,,,,,,,,,,,,,,,,,,,,,,,,,,,,,,,,,,,,,,,,,,,,,,,,,,,,,,,,,,,,,,,,,,,,,,,,,,,,,,,,,,,,,,,,,,,,,,,,,,,,,,,,,,,,,,,,,,,,,,,,,,,,,,,,,,,,,,,,,,,,71.22,71.799,70.62,71.17,1088536.0,,,,,,,,,,,,,,,,,,,,,,,,,,,,,,,,,,,,,,,,,,,,,,,,,,,,,,,,,,,,,,,,,,,,,,,,,,,,,,,,,,,,,,,,,,,,,,,,,,,,,,,,,,,,,,,,,,,,,,,,,,,,,,,,,,,,,,,,,,,,,,,,,,,,,,,,,,,,,,,,,,,,,,,,,,,,,,,,,,,,,,,,,,,,,,,,,,,,,,,,,,,,,,,,,,,,,,,,,,,,,,,,,,,,,,,,,,,,,,,,,,,,,,,,,,,,,,,,,,,,,,,,,,,,,,,,,,,,,,,,,,,,,,,,,,,,,,,
200,,,,,,,,,,,,,,,,,,,,,,,,,,,,,,,,,,,,,,,,,,,,,,,,,,,,,,,,,,,,,,,,,,,,,,,,,,,,,,,,,,,,,,,,,,,,,,,,,,,,,,,,,,,,,,,,,,,,,,,,,,,,,,,,,,,,,,,,,,,,,,,,,,,,,,,,,,,,,,,,,,,,,,,,,,,,,,,,71.16,71.23,69.09,69.62,657485.0,,,,,,,,,,,,,,,,,,,,,,,,,,,,,,,,,,,,,,,,,,,,,,,,,,,,,,,,,,,,,,,,,,,,,,,,,,,,,,,,,,,,,,,,,,,,,,,,,,,,,,,,,,,,,,,,,,,,,,,,,,,,,,,,,,,,,,,,,,,,,,,,,,,,,,,,,,,,,,,,,,,,,,,,,,,,,,,,,,,,,,,,,,,,,,,,,,,,,,,,,,,,,,,,,,,,,,,,,,,,,,,,,,,,,,,,,,,,,,,,,,,,,,,,,,,,,,,,,,,,,,,,,,,,,,,,,,,,,,,,,,,,,,,,,,,,,,,
201,,,,,,,,,,,,,,,,,,,,,,,,,,,,,,,,,,,,,,,,,,,,,,,,,,,,,,,,,,,,,,,,,,,,,,,,,,,,,,,,,,,,,,,,,,,,,,,,,,,,,,,,,,,,,,,,,,,,,,,,,,,,,,,,,,,,,,,,,,,,,,,,,,,,,,,,,,,,,,,,,,,,,,,,,,,,,,,,70.46,70.93,69.05,69.54,883405.0,,,,,,,,,,,,,,,,,,,,,,,,,,,,,,,,,,,,,,,,,,,,,,,,,,,,,,,,,,,,,,,,,,,,,,,,,,,,,,,,,,,,,,,,,,,,,,,,,,,,,,,,,,,,,,,,,,,,,,,,,,,,,,,,,,,,,,,,,,,,,,,,,,,,,,,,,,,,,,,,,,,,,,,,,,,,,,,,,,,,,,,,,,,,,,,,,,,,,,,,,,,,,,,,,,,,,,,,,,,,,,,,,,,,,,,,,,,,,,,,,,,,,,,,,,,,,,,,,,,,,,,,,,,,,,,,,,,,,,,,,,,,,,,,,,,,,,,
202,,,,,,,,,,,,,,,,,,,,,,,,,,,,,,,,,,,,,,,,,,,,,,,,,,,,,,,,,,,,,,,,,,,,,,,,,,,,,,,,,,,,,,,,,,,,,,,,,,,,,,,,,,,,,,,,,,,,,,,,,,,,,,,,,,,,,,,,,,,,,,,,,,,,,,,,,,,,,,,,,,,,,,,,,,,,,,,,71.34,72.2195,69.14,69.72,1324527.0,,,,,,,,,,,,,,,,,,,,,,,,,,,,,,,,,,,,,,,,,,,,,,,,,,,,,,,,,,,,,,,,,,,,,,,,,,,,,,,,,,,,,,,,,,,,,,,,,,,,,,,,,,,,,,,,,,,,,,,,,,,,,,,,,,,,,,,,,,,,,,,,,,,,,,,,,,,,,,,,,,,,,,,,,,,,,,,,,,,,,,,,,,,,,,,,,,,,,,,,,,,,,,,,,,,,,,,,,,,,,,,,,,,,,,,,,,,,,,,,,,,,,,,,,,,,,,,,,,,,,,,,,,,,,,,,,,,,,,,,,,,,,,,,,,,,,,,
203,,,,,,,,,,,,,,,,,,,,,,,,,,,,,,,,,,,,,,,,,,,,,,,,,,,,,,,,,,,,,,,,,,,,,,,,,,,,,,,,,,,,,,,,,,,,,,,,,,,,,,,,,,,,,,,,,,,,,,,,,,,,,,,,,,,,,,,,,,,,,,,,,,,,,,,,,,,,,,,,,,,,,,,,,,,,,,,,78.16,78.96,73.05,73.82,2512695.0,,,,,,,,,,,,,,,,,,,,,,,,,,,,,,,,,,,,,,,,,,,,,,,,,,,,,,,,,,,,,,,,,,,,,,,,,,,,,,,,,,,,,,,,,,,,,,,,,,,,,,,,,,,,,,,,,,,,,,,,,,,,,,,,,,,,,,,,,,,,,,,,,,,,,,,,,,,,,,,,,,,,,,,,,,,,,,,,,,,,,,,,,,,,,,,,,,,,,,,,,,,,,,,,,,,,,,,,,,,,,,,,,,,,,,,,,,,,,,,,,,,,,,,,,,,,,,,,,,,,,,,,,,,,,,,,,,,,,,,,,,,,,,,,,,,,,,,
204,,,,,,,,,,,,,,,,,,,,,,,,,,,,,,,,,,,,,,,,,,,,,,,,,,,,,,,,,,,,,,,,,,,,,,,,,,,,,,,,,,,,,,,,,,,,,,,,,,,,,,,,,,,,,,,,,,,,,,,,,,,,,,,,,,,,,,,,,,,,,,,,,,,,,,,,,,,,,,,,,,,,,,,,,,,,,,,,77.33,78.11,75.48,77.89,1534354.0,,,,,,,,,,,,,,,,,,,,,,,,,,,,,,,,,,,,,,,,,,,,,,,,,,,,,,,,,,,,,,,,,,,,,,,,,,,,,,,,,,,,,,,,,,,,,,,,,,,,,,,,,,,,,,,,,,,,,,,,,,,,,,,,,,,,,,,,,,,,,,,,,,,,,,,,,,,,,,,,,,,,,,,,,,,,,,,,,,,,,,,,,,,,,,,,,,,,,,,,,,,,,,,,,,,,,,,,,,,,,,,,,,,,,,,,,,,,,,,,,,,,,,,,,,,,,,,,,,,,,,,,,,,,,,,,,,,,,,,,,,,,,,,,,,,,,,,
205,,,,,,,,,,,,,,,,,,,,,,,,,,,,,,,,,,,,,,,,,,,,,,,,,,,,,,,,,,,,,,,,,,,,,,,,,,,,,,,,,,,,,,,,,,,,,,,,,,,,,,,,,,,,,,,,,,,,,,,,,,,,,,,,,,,,,,,,,,,,,,,,,,,,,,,,,,,,,,,,,,,,,,,,,,,,,,,,78.89,80.32,78.27,78.36,1684596.0,,,,,,,,,,,,,,,,,,,,,,,,,,,,,,,,,,,,,,,,,,,,,,,,,,,,,,,,,,,,,,,,,,,,,,,,,,,,,,,,,,,,,,,,,,,,,,,,,,,,,,,,,,,,,,,,,,,,,,,,,,,,,,,,,,,,,,,,,,,,,,,,,,,,,,,,,,,,,,,,,,,,,,,,,,,,,,,,,,,,,,,,,,,,,,,,,,,,,,,,,,,,,,,,,,,,,,,,,,,,,,,,,,,,,,,,,,,,,,,,,,,,,,,,,,,,,,,,,,,,,,,,,,,,,,,,,,,,,,,,,,,,,,,,,,,,,,,
206,,,,,,,,,,,,,,,,,,,,,,,,,,,,,,,,,,,,,,,,,,,,,,,,,,,,,,,,,,,,,,,,,,,,,,,,,,,,,,,,,,,,,,,,,,,,,,,,,,,,,,,,,,,,,,,,,,,,,,,,,,,,,,,,,,,,,,,,,,,,,,,,,,,,,,,,,,,,,,,,,,,,,,,,,,,,,,,,79.0,80.03,77.87,78.49,1361287.0,,,,,,,,,,,,,,,,,,,,,,,,,,,,,,,,,,,,,,,,,,,,,,,,,,,,,,,,,,,,,,,,,,,,,,,,,,,,,,,,,,,,,,,,,,,,,,,,,,,,,,,,,,,,,,,,,,,,,,,,,,,,,,,,,,,,,,,,,,,,,,,,,,,,,,,,,,,,,,,,,,,,,,,,,,,,,,,,,,,,,,,,,,,,,,,,,,,,,,,,,,,,,,,,,,,,,,,,,,,,,,,,,,,,,,,,,,,,,,,,,,,,,,,,,,,,,,,,,,,,,,,,,,,,,,,,,,,,,,,,,,,,,,,,,,,,,,,
207,,,,,,,,,,,,,,,,,,,,,,,,,,,,,,,,,,,,,,,,,,,,,,,,,,,,,,,,,,,,,,,,,,,,,,,,,,,,,,,,,,,,,,,,,,,,,,,,,,,,,,,,,,,,,,,,,,,,,,,,,,,,,,,,,,,,,,,,,,,,,,,,,,,,,,,,,,,,,,,,,,,,,,,,,,,,,,,,79.0,80.46,78.34,79.22,1029169.0,,,,,,,,,,,,,,,,,,,,,,,,,,,,,,,,,,,,,,,,,,,,,,,,,,,,,,,,,,,,,,,,,,,,,,,,,,,,,,,,,,,,,,,,,,,,,,,,,,,,,,,,,,,,,,,,,,,,,,,,,,,,,,,,,,,,,,,,,,,,,,,,,,,,,,,,,,,,,,,,,,,,,,,,,,,,,,,,,,,,,,,,,,,,,,,,,,,,,,,,,,,,,,,,,,,,,,,,,,,,,,,,,,,,,,,,,,,,,,,,,,,,,,,,,,,,,,,,,,,,,,,,,,,,,,,,,,,,,,,,,,,,,,,,,,,,,,,
208,,,,,,,,,,,,,,,,,,,,,,,,,,,,,,,,,,,,,,,,,,,,,,,,,,,,,,,,,,,,,,,,,,,,,,,,,,,,,,,,,,,,,,,,,,,,,,,,,,,,,,,,,,,,,,,,,,,,,,,,,,,,,,,,,,,,,,,,,,,,,,,,,,,,,,,,,,,,,,,,,,,,,,,,,,,,,,,,81.63,82.67,79.0,79.31,1258029.0,,,,,,,,,,,,,,,,,,,,,,,,,,,,,,,,,,,,,,,,,,,,,,,,,,,,,,,,,,,,,,,,,,,,,,,,,,,,,,,,,,,,,,,,,,,,,,,,,,,,,,,,,,,,,,,,,,,,,,,,,,,,,,,,,,,,,,,,,,,,,,,,,,,,,,,,,,,,,,,,,,,,,,,,,,,,,,,,,,,,,,,,,,,,,,,,,,,,,,,,,,,,,,,,,,,,,,,,,,,,,,,,,,,,,,,,,,,,,,,,,,,,,,,,,,,,,,,,,,,,,,,,,,,,,,,,,,,,,,,,,,,,,,,,,,,,,,,
209,,,,,,,,,,,,,,,,,,,,,,,,,,,,,,,,,,,,,,,,,,,,,,,,,,,,,,,,,,,,,,,,,,,,,,,,,,,,,,,,,,,,,,,,,,,,,,,,,,,,,,,,,,,,,,,,,,,,,,,,,,,,,,,,,,,,,,,,,,,,,,,,,,,,,,,,,,,,,,,,,,,,,,,,,,,,,,,,81.93,82.99,81.5,81.94,763925.0,,,,,,,,,,,,,,,,,,,,,,,,,,,,,,,,,,,,,,,,,,,,,,,,,,,,,,,,,,,,,,,,,,,,,,,,,,,,,,,,,,,,,,,,,,,,,,,,,,,,,,,,,,,,,,,,,,,,,,,,,,,,,,,,,,,,,,,,,,,,,,,,,,,,,,,,,,,,,,,,,,,,,,,,,,,,,,,,,,,,,,,,,,,,,,,,,,,,,,,,,,,,,,,,,,,,,,,,,,,,,,,,,,,,,,,,,,,,,,,,,,,,,,,,,,,,,,,,,,,,,,,,,,,,,,,,,,,,,,,,,,,,,,,,,,,,,,,
210,,,,,,,,,,,,,,,,,,,,,,,,,,,,,,,,,,,,,,,,,,,,,,,,,,,,,,,,,,,,,,,,,,,,,,,,,,,,,,,,,,,,,,,,,,,,,,,,,,,,,,,,,,,,,,,,,,,,,,,,,,,,,,,,,,,,,,,,,,,,,,,,,,,,,,,,,,,,,,,,,,,,,,,,,,,,,,,,81.78,82.3536,81.041,82.07,1335201.0,,,,,,,,,,,,,,,,,,,,,,,,,,,,,,,,,,,,,,,,,,,,,,,,,,,,,,,,,,,,,,,,,,,,,,,,,,,,,,,,,,,,,,,,,,,,,,,,,,,,,,,,,,,,,,,,,,,,,,,,,,,,,,,,,,,,,,,,,,,,,,,,,,,,,,,,,,,,,,,,,,,,,,,,,,,,,,,,,,,,,,,,,,,,,,,,,,,,,,,,,,,,,,,,,,,,,,,,,,,,,,,,,,,,,,,,,,,,,,,,,,,,,,,,,,,,,,,,,,,,,,,,,,,,,,,,,,,,,,,,,,,,,,,,,,,,,,,
211,,,,,,,,,,,,,,,,,,,,,,,,,,,,,,,,,,,,,,,,,,,,,,,,,,,,,,,,,,,,,,,,,,,,,,,,,,,,,,,,,,,,,,,,,,,,,,,,,,,,,,,,,,,,,,,,,,,,,,,,,,,,,,,,,,,,,,,,,,,,,,,,,,,,,,,,,,,,,,,,,,,,,,,,,,,,,,,,83.17,85.76,82.33,85.07,1391872.0,,,,,,,,,,,,,,,,,,,,,,,,,,,,,,,,,,,,,,,,,,,,,,,,,,,,,,,,,,,,,,,,,,,,,,,,,,,,,,,,,,,,,,,,,,,,,,,,,,,,,,,,,,,,,,,,,,,,,,,,,,,,,,,,,,,,,,,,,,,,,,,,,,,,,,,,,,,,,,,,,,,,,,,,,,,,,,,,,,,,,,,,,,,,,,,,,,,,,,,,,,,,,,,,,,,,,,,,,,,,,,,,,,,,,,,,,,,,,,,,,,,,,,,,,,,,,,,,,,,,,,,,,,,,,,,,,,,,,,,,,,,,,,,,,,,,,,,
212,,,,,,,,,,,,,,,,,,,,,,,,,,,,,,,,,,,,,,,,,,,,,,,,,,,,,,,,,,,,,,,,,,,,,,,,,,,,,,,,,,,,,,,,,,,,,,,,,,,,,,,,,,,,,,,,,,,,,,,,,,,,,,,,,,,,,,,,,,,,,,,,,,,,,,,,,,,,,,,,,,,,,,,,,,,,,,,,81.81,83.6512,81.69,82.92,606239.0,,,,,,,,,,,,,,,,,,,,,,,,,,,,,,,,,,,,,,,,,,,,,,,,,,,,,,,,,,,,,,,,,,,,,,,,,,,,,,,,,,,,,,,,,,,,,,,,,,,,,,,,,,,,,,,,,,,,,,,,,,,,,,,,,,,,,,,,,,,,,,,,,,,,,,,,,,,,,,,,,,,,,,,,,,,,,,,,,,,,,,,,,,,,,,,,,,,,,,,,,,,,,,,,,,,,,,,,,,,,,,,,,,,,,,,,,,,,,,,,,,,,,,,,,,,,,,,,,,,,,,,,,,,,,,,,,,,,,,,,,,,,,,,,,,,,,,,
213,,,,,,,,,,,,,,,,,,,,,,,,,,,,,,,,,,,,,,,,,,,,,,,,,,,,,,,,,,,,,,,,,,,,,,,,,,,,,,,,,,,,,,,,,,,,,,,,,,,,,,,,,,,,,,,,,,,,,,,,,,,,,,,,,,,,,,,,,,,,,,,,,,,,,,,,,,,,,,,,,,,,,,,,,,,,,,,,78.46,82.05,78.26,80.77,1346247.0,,,,,,,,,,,,,,,,,,,,,,,,,,,,,,,,,,,,,,,,,,,,,,,,,,,,,,,,,,,,,,,,,,,,,,,,,,,,,,,,,,,,,,,,,,,,,,,,,,,,,,,,,,,,,,,,,,,,,,,,,,,,,,,,,,,,,,,,,,,,,,,,,,,,,,,,,,,,,,,,,,,,,,,,,,,,,,,,,,,,,,,,,,,,,,,,,,,,,,,,,,,,,,,,,,,,,,,,,,,,,,,,,,,,,,,,,,,,,,,,,,,,,,,,,,,,,,,,,,,,,,,,,,,,,,,,,,,,,,,,,,,,,,,,,,,,,,,
214,,,,,,,,,,,,,,,,,,,,,,,,,,,,,,,,,,,,,,,,,,,,,,,,,,,,,,,,,,,,,,,,,,,,,,,,,,,,,,,,,,,,,,,,,,,,,,,,,,,,,,,,,,,,,,,,,,,,,,,,,,,,,,,,,,,,,,,,,,,,,,,,,,,,,,,,,,,,,,,,,,,,,,,,,,,,,,,,80.09,82.7,79.31,79.31,1033506.0,,,,,,,,,,,,,,,,,,,,,,,,,,,,,,,,,,,,,,,,,,,,,,,,,,,,,,,,,,,,,,,,,,,,,,,,,,,,,,,,,,,,,,,,,,,,,,,,,,,,,,,,,,,,,,,,,,,,,,,,,,,,,,,,,,,,,,,,,,,,,,,,,,,,,,,,,,,,,,,,,,,,,,,,,,,,,,,,,,,,,,,,,,,,,,,,,,,,,,,,,,,,,,,,,,,,,,,,,,,,,,,,,,,,,,,,,,,,,,,,,,,,,,,,,,,,,,,,,,,,,,,,,,,,,,,,,,,,,,,,,,,,,,,,,,,,,,,
215,,,,,,,,,,,,,,,,,,,,,,,,,,,,,,,,,,,,,,,,,,,,,,,,,,,,,,,,,,,,,,,,,,,,,,,,,,,,,,,,,,,,,,,,,,,,,,,,,,,,,,,,,,,,,,,,,,,,,,,,,,,,,,,,,,,,,,,,,,,,,,,,,,,,,,,,,,,,,,,,,,,,,,,,,,,,,,,,79.13,80.85,78.85,80.08,508590.0,,,,,,,,,,,,,,,,,,,,,,,,,,,,,,,,,,,,,,,,,,,,,,,,,,,,,,,,,,,,,,,,,,,,,,,,,,,,,,,,,,,,,,,,,,,,,,,,,,,,,,,,,,,,,,,,,,,,,,,,,,,,,,,,,,,,,,,,,,,,,,,,,,,,,,,,,,,,,,,,,,,,,,,,,,,,,,,,,,,,,,,,,,,,,,,,,,,,,,,,,,,,,,,,,,,,,,,,,,,,,,,,,,,,,,,,,,,,,,,,,,,,,,,,,,,,,,,,,,,,,,,,,,,,,,,,,,,,,,,,,,,,,,,,,,,,,,,
216,,,,,,,,,,,,,,,,,,,,,,,,,,,,,,,,,,,,,,,,,,,,,,,,,,,,,,,,,,,,,,,,,,,,,,,,,,,,,,,,,,,,,,,,,,,,,,,,,,,,,,,,,,,,,,,,,,,,,,,,,,,,,,,,,,,,,,,,,,,,,,,,,,,,,,,,,,,,,,,,,,,,,,,,,,,,,,,,79.08,79.61,77.54,78.66,628834.0,,,,,,,,,,,,,,,,,,,,,,,,,,,,,,,,,,,,,,,,,,,,,,,,,,,,,,,,,,,,,,,,,,,,,,,,,,,,,,,,,,,,,,,,,,,,,,,,,,,,,,,,,,,,,,,,,,,,,,,,,,,,,,,,,,,,,,,,,,,,,,,,,,,,,,,,,,,,,,,,,,,,,,,,,,,,,,,,,,,,,,,,,,,,,,,,,,,,,,,,,,,,,,,,,,,,,,,,,,,,,,,,,,,,,,,,,,,,,,,,,,,,,,,,,,,,,,,,,,,,,,,,,,,,,,,,,,,,,,,,,,,,,,,,,,,,,,,
217,,,,,,,,,,,,,,,,,,,,,,,,,,,,,,,,,,,,,,,,,,,,,,,,,,,,,,,,,,,,,,,,,,,,,,,,,,,,,,,,,,,,,,,,,,,,,,,,,,,,,,,,,,,,,,,,,,,,,,,,,,,,,,,,,,,,,,,,,,,,,,,,,,,,,,,,,,,,,,,,,,,,,,,,,,,,,,,,78.54,79.05,77.25,78.93,961130.0,,,,,,,,,,,,,,,,,,,,,,,,,,,,,,,,,,,,,,,,,,,,,,,,,,,,,,,,,,,,,,,,,,,,,,,,,,,,,,,,,,,,,,,,,,,,,,,,,,,,,,,,,,,,,,,,,,,,,,,,,,,,,,,,,,,,,,,,,,,,,,,,,,,,,,,,,,,,,,,,,,,,,,,,,,,,,,,,,,,,,,,,,,,,,,,,,,,,,,,,,,,,,,,,,,,,,,,,,,,,,,,,,,,,,,,,,,,,,,,,,,,,,,,,,,,,,,,,,,,,,,,,,,,,,,,,,,,,,,,,,,,,,,,,,,,,,,,
218,,,,,,,,,,,,,,,,,,,,,,,,,,,,,,,,,,,,,,,,,,,,,,,,,,,,,,,,,,,,,,,,,,,,,,,,,,,,,,,,,,,,,,,,,,,,,,,,,,,,,,,,,,,,,,,,,,,,,,,,,,,,,,,,,,,,,,,,,,,,,,,,,,,,,,,,,,,,,,,,,,,,,,,,,,,,,,,,83.33,83.99,80.12,80.66,1073775.0,,,,,,,,,,,,,,,,,,,,,,,,,,,,,,,,,,,,,,,,,,,,,,,,,,,,,,,,,,,,,,,,,,,,,,,,,,,,,,,,,,,,,,,,,,,,,,,,,,,,,,,,,,,,,,,,,,,,,,,,,,,,,,,,,,,,,,,,,,,,,,,,,,,,,,,,,,,,,,,,,,,,,,,,,,,,,,,,,,,,,,,,,,,,,,,,,,,,,,,,,,,,,,,,,,,,,,,,,,,,,,,,,,,,,,,,,,,,,,,,,,,,,,,,,,,,,,,,,,,,,,,,,,,,,,,,,,,,,,,,,,,,,,,,,,,,,,,
219,,,,,,,,,,,,,,,,,,,,,,,,,,,,,,,,,,,,,,,,,,,,,,,,,,,,,,,,,,,,,,,,,,,,,,,,,,,,,,,,,,,,,,,,,,,,,,,,,,,,,,,,,,,,,,,,,,,,,,,,,,,,,,,,,,,,,,,,,,,,,,,,,,,,,,,,,,,,,,,,,,,,,,,,,,,,,,,,82.32,83.31,81.4,82.83,700241.0,,,,,,,,,,,,,,,,,,,,,,,,,,,,,,,,,,,,,,,,,,,,,,,,,,,,,,,,,,,,,,,,,,,,,,,,,,,,,,,,,,,,,,,,,,,,,,,,,,,,,,,,,,,,,,,,,,,,,,,,,,,,,,,,,,,,,,,,,,,,,,,,,,,,,,,,,,,,,,,,,,,,,,,,,,,,,,,,,,,,,,,,,,,,,,,,,,,,,,,,,,,,,,,,,,,,,,,,,,,,,,,,,,,,,,,,,,,,,,,,,,,,,,,,,,,,,,,,,,,,,,,,,,,,,,,,,,,,,,,,,,,,,,,,,,,,,,,
220,,,,,,,,,,,,,,,,,,,,,,,,,,,,,,,,,,,,,,,,,,,,,,,,,,,,,,,,,,,,,,,,,,,,,,,,,,,,,,,,,,,,,,,,,,,,,,,,,,,,,,,,,,,,,,,,,,,,,,,,,,,,,,,,,,,,,,,,,,,,,,,,,,,,,,,,,,,,,,,,,,,,,,,,,,,,,,,,82.6,84.0254,81.97,82.3,453645.0,,,,,,,,,,,,,,,,,,,,,,,,,,,,,,,,,,,,,,,,,,,,,,,,,,,,,,,,,,,,,,,,,,,,,,,,,,,,,,,,,,,,,,,,,,,,,,,,,,,,,,,,,,,,,,,,,,,,,,,,,,,,,,,,,,,,,,,,,,,,,,,,,,,,,,,,,,,,,,,,,,,,,,,,,,,,,,,,,,,,,,,,,,,,,,,,,,,,,,,,,,,,,,,,,,,,,,,,,,,,,,,,,,,,,,,,,,,,,,,,,,,,,,,,,,,,,,,,,,,,,,,,,,,,,,,,,,,,,,,,,,,,,,,,,,,,,,,
221,,,,,,,,,,,,,,,,,,,,,,,,,,,,,,,,,,,,,,,,,,,,,,,,,,,,,,,,,,,,,,,,,,,,,,,,,,,,,,,,,,,,,,,,,,,,,,,,,,,,,,,,,,,,,,,,,,,,,,,,,,,,,,,,,,,,,,,,,,,,,,,,,,,,,,,,,,,,,,,,,,,,,,,,,,,,,,,,82.1,82.81,81.42,82.38,446348.0,,,,,,,,,,,,,,,,,,,,,,,,,,,,,,,,,,,,,,,,,,,,,,,,,,,,,,,,,,,,,,,,,,,,,,,,,,,,,,,,,,,,,,,,,,,,,,,,,,,,,,,,,,,,,,,,,,,,,,,,,,,,,,,,,,,,,,,,,,,,,,,,,,,,,,,,,,,,,,,,,,,,,,,,,,,,,,,,,,,,,,,,,,,,,,,,,,,,,,,,,,,,,,,,,,,,,,,,,,,,,,,,,,,,,,,,,,,,,,,,,,,,,,,,,,,,,,,,,,,,,,,,,,,,,,,,,,,,,,,,,,,,,,,,,,,,,,,
222,,,,,,,,,,,,,,,,,,,,,,,,,,,,,,,,,,,,,,,,,,,,,,,,,,,,,,,,,,,,,,,,,,,,,,,,,,,,,,,,,,,,,,,,,,,,,,,,,,,,,,,,,,,,,,,,,,,,,,,,,,,,,,,,,,,,,,,,,,,,,,,,,,,,,,,,,,,,,,,,,,,,,,,,,,,,,,,,81.25,86.0,81.22,83.68,859276.0,,,,,,,,,,,,,,,,,,,,,,,,,,,,,,,,,,,,,,,,,,,,,,,,,,,,,,,,,,,,,,,,,,,,,,,,,,,,,,,,,,,,,,,,,,,,,,,,,,,,,,,,,,,,,,,,,,,,,,,,,,,,,,,,,,,,,,,,,,,,,,,,,,,,,,,,,,,,,,,,,,,,,,,,,,,,,,,,,,,,,,,,,,,,,,,,,,,,,,,,,,,,,,,,,,,,,,,,,,,,,,,,,,,,,,,,,,,,,,,,,,,,,,,,,,,,,,,,,,,,,,,,,,,,,,,,,,,,,,,,,,,,,,,,,,,,,,,
223,,,,,,,,,,,,,,,,,,,,,,,,,,,,,,,,,,,,,,,,,,,,,,,,,,,,,,,,,,,,,,,,,,,,,,,,,,,,,,,,,,,,,,,,,,,,,,,,,,,,,,,,,,,,,,,,,,,,,,,,,,,,,,,,,,,,,,,,,,,,,,,,,,,,,,,,,,,,,,,,,,,,,,,,,,,,,,,,82.37,83.205,81.54,81.92,880520.0,,,,,,,,,,,,,,,,,,,,,,,,,,,,,,,,,,,,,,,,,,,,,,,,,,,,,,,,,,,,,,,,,,,,,,,,,,,,,,,,,,,,,,,,,,,,,,,,,,,,,,,,,,,,,,,,,,,,,,,,,,,,,,,,,,,,,,,,,,,,,,,,,,,,,,,,,,,,,,,,,,,,,,,,,,,,,,,,,,,,,,,,,,,,,,,,,,,,,,,,,,,,,,,,,,,,,,,,,,,,,,,,,,,,,,,,,,,,,,,,,,,,,,,,,,,,,,,,,,,,,,,,,,,,,,,,,,,,,,,,,,,,,,,,,,,,,,,
224,,,,,,,,,,,,,,,,,,,,,,,,,,,,,,,,,,,,,,,,,,,,,,,,,,,,,,,,,,,,,,,,,,,,,,,,,,,,,,,,,,,,,,,,,,,,,,,,,,,,,,,,,,,,,,,,,,,,,,,,,,,,,,,,,,,,,,,,,,,,,,,,,,,,,,,,,,,,,,,,,,,,,,,,,,,,,,,,81.15,81.36,79.8,80.72,993147.0,,,,,,,,,,,,,,,,,,,,,,,,,,,,,,,,,,,,,,,,,,,,,,,,,,,,,,,,,,,,,,,,,,,,,,,,,,,,,,,,,,,,,,,,,,,,,,,,,,,,,,,,,,,,,,,,,,,,,,,,,,,,,,,,,,,,,,,,,,,,,,,,,,,,,,,,,,,,,,,,,,,,,,,,,,,,,,,,,,,,,,,,,,,,,,,,,,,,,,,,,,,,,,,,,,,,,,,,,,,,,,,,,,,,,,,,,,,,,,,,,,,,,,,,,,,,,,,,,,,,,,,,,,,,,,,,,,,,,,,,,,,,,,,,,,,,,,,
225,,,,,,,,,,,,,,,,,,,,,,,,,,,,,,,,,,,,,,,,,,,,,,,,,,,,,,,,,,,,,,,,,,,,,,,,,,,,,,,,,,,,,,,,,,,,,,,,,,,,,,,,,,,,,,,,,,,,,,,,,,,,,,,,,,,,,,,,,,,,,,,,,,,,,,,,,,,,,,,,,,,,,,,,,,,,,,,,79.0,80.02,78.62,79.22,808246.0,,,,,,,,,,,,,,,,,,,,,,,,,,,,,,,,,,,,,,,,,,,,,,,,,,,,,,,,,,,,,,,,,,,,,,,,,,,,,,,,,,,,,,,,,,,,,,,,,,,,,,,,,,,,,,,,,,,,,,,,,,,,,,,,,,,,,,,,,,,,,,,,,,,,,,,,,,,,,,,,,,,,,,,,,,,,,,,,,,,,,,,,,,,,,,,,,,,,,,,,,,,,,,,,,,,,,,,,,,,,,,,,,,,,,,,,,,,,,,,,,,,,,,,,,,,,,,,,,,,,,,,,,,,,,,,,,,,,,,,,,,,,,,,,,,,,,,,
226,,,,,,,,,,,,,,,,,,,,,,,,,,,,,,,,,,,,,,,,,,,,,,,,,,,,,,,,,,,,,,,,,,,,,,,,,,,,,,,,,,,,,,,,,,,,,,,,,,,,,,,,,,,,,,,,,,,,,,,,,,,,,,,,,,,,,,,,,,,,,,,,,,,,,,,,,,,,,,,,,,,,,,,,,,,,,,,,77.92,79.37,77.28,78.98,536667.0,,,,,,,,,,,,,,,,,,,,,,,,,,,,,,,,,,,,,,,,,,,,,,,,,,,,,,,,,,,,,,,,,,,,,,,,,,,,,,,,,,,,,,,,,,,,,,,,,,,,,,,,,,,,,,,,,,,,,,,,,,,,,,,,,,,,,,,,,,,,,,,,,,,,,,,,,,,,,,,,,,,,,,,,,,,,,,,,,,,,,,,,,,,,,,,,,,,,,,,,,,,,,,,,,,,,,,,,,,,,,,,,,,,,,,,,,,,,,,,,,,,,,,,,,,,,,,,,,,,,,,,,,,,,,,,,,,,,,,,,,,,,,,,,,,,,,,,
227,,,,,,,,,,,,,,,,,,,,,,,,,,,,,,,,,,,,,,,,,,,,,,,,,,,,,,,,,,,,,,,,,,,,,,,,,,,,,,,,,,,,,,,,,,,,,,,,,,,,,,,,,,,,,,,,,,,,,,,,,,,,,,,,,,,,,,,,,,,,,,,,,,,,,,,,,,,,,,,,,,,,,,,,,,,,,,,,79.66,80.97,77.1,77.3,885403.0,,,,,,,,,,,,,,,,,,,,,,,,,,,,,,,,,,,,,,,,,,,,,,,,,,,,,,,,,,,,,,,,,,,,,,,,,,,,,,,,,,,,,,,,,,,,,,,,,,,,,,,,,,,,,,,,,,,,,,,,,,,,,,,,,,,,,,,,,,,,,,,,,,,,,,,,,,,,,,,,,,,,,,,,,,,,,,,,,,,,,,,,,,,,,,,,,,,,,,,,,,,,,,,,,,,,,,,,,,,,,,,,,,,,,,,,,,,,,,,,,,,,,,,,,,,,,,,,,,,,,,,,,,,,,,,,,,,,,,,,,,,,,,,,,,,,,,,
228,,,,,,,,,,,,,,,,,,,,,,,,,,,,,,,,,,,,,,,,,,,,,,,,,,,,,,,,,,,,,,,,,,,,,,,,,,,,,,,,,,,,,,,,,,,,,,,,,,,,,,,,,,,,,,,,,,,,,,,,,,,,,,,,,,,,,,,,,,,,,,,,,,,,,,,,,,,,,,,,,,,,,,,,,,,,,,,,81.21,81.95,79.46,80.63,729259.0,,,,,,,,,,,,,,,,,,,,,,,,,,,,,,,,,,,,,,,,,,,,,,,,,,,,,,,,,,,,,,,,,,,,,,,,,,,,,,,,,,,,,,,,,,,,,,,,,,,,,,,,,,,,,,,,,,,,,,,,,,,,,,,,,,,,,,,,,,,,,,,,,,,,,,,,,,,,,,,,,,,,,,,,,,,,,,,,,,,,,,,,,,,,,,,,,,,,,,,,,,,,,,,,,,,,,,,,,,,,,,,,,,,,,,,,,,,,,,,,,,,,,,,,,,,,,,,,,,,,,,,,,,,,,,,,,,,,,,,,,,,,,,,,,,,,,,,
229,,,,,,,,,,,,,,,,,,,,,,,,,,,,,,,,,,,,,,,,,,,,,,,,,,,,,,,,,,,,,,,,,,,,,,,,,,,,,,,,,,,,,,,,,,,,,,,,,,,,,,,,,,,,,,,,,,,,,,,,,,,,,,,,,,,,,,,,,,,,,,,,,,,,,,,,,,,,,,,,,,,,,,,,,,,,,,,,81.53,83.28,81.51,82.37,825885.0,,,,,,,,,,,,,,,,,,,,,,,,,,,,,,,,,,,,,,,,,,,,,,,,,,,,,,,,,,,,,,,,,,,,,,,,,,,,,,,,,,,,,,,,,,,,,,,,,,,,,,,,,,,,,,,,,,,,,,,,,,,,,,,,,,,,,,,,,,,,,,,,,,,,,,,,,,,,,,,,,,,,,,,,,,,,,,,,,,,,,,,,,,,,,,,,,,,,,,,,,,,,,,,,,,,,,,,,,,,,,,,,,,,,,,,,,,,,,,,,,,,,,,,,,,,,,,,,,,,,,,,,,,,,,,,,,,,,,,,,,,,,,,,,,,,,,,,
230,,,,,,,,,,,,,,,,,,,,,,,,,,,,,,,,,,,,,,,,,,,,,,,,,,,,,,,,,,,,,,,,,,,,,,,,,,,,,,,,,,,,,,,,,,,,,,,,,,,,,,,,,,,,,,,,,,,,,,,,,,,,,,,,,,,,,,,,,,,,,,,,,,,,,,,,,,,,,,,,,,,,,,,,,,,,,,,,81.9,82.75,81.45,81.9,623468.0,,,,,,,,,,,,,,,,,,,,,,,,,,,,,,,,,,,,,,,,,,,,,,,,,,,,,,,,,,,,,,,,,,,,,,,,,,,,,,,,,,,,,,,,,,,,,,,,,,,,,,,,,,,,,,,,,,,,,,,,,,,,,,,,,,,,,,,,,,,,,,,,,,,,,,,,,,,,,,,,,,,,,,,,,,,,,,,,,,,,,,,,,,,,,,,,,,,,,,,,,,,,,,,,,,,,,,,,,,,,,,,,,,,,,,,,,,,,,,,,,,,,,,,,,,,,,,,,,,,,,,,,,,,,,,,,,,,,,,,,,,,,,,,,,,,,,,,
231,,,,,,,,,,,,,,,,,,,,,,,,,,,,,,,,,,,,,,,,,,,,,,,,,,,,,,,,,,,,,,,,,,,,,,,,,,,,,,,,,,,,,,,,,,,,,,,,,,,,,,,,,,,,,,,,,,,,,,,,,,,,,,,,,,,,,,,,,,,,,,,,,,,,,,,,,,,,,,,,,,,,,,,,,,,,,,,,81.68,82.36,80.41,81.98,480813.0,,,,,,,,,,,,,,,,,,,,,,,,,,,,,,,,,,,,,,,,,,,,,,,,,,,,,,,,,,,,,,,,,,,,,,,,,,,,,,,,,,,,,,,,,,,,,,,,,,,,,,,,,,,,,,,,,,,,,,,,,,,,,,,,,,,,,,,,,,,,,,,,,,,,,,,,,,,,,,,,,,,,,,,,,,,,,,,,,,,,,,,,,,,,,,,,,,,,,,,,,,,,,,,,,,,,,,,,,,,,,,,,,,,,,,,,,,,,,,,,,,,,,,,,,,,,,,,,,,,,,,,,,,,,,,,,,,,,,,,,,,,,,,,,,,,,,,,
233,,,,,,,,,,,,,,,,,,,,,,,,,,,,,,,,,,,,,,,,,,,,,,,,,,,,,,,,,,,,,,,,,,,,,,,,,,,,,,,,,,,,,,,,,,,,,,,,,,,,,,,,,,,,,,,,,,,,,,,,,,,,,,,,,,,,,,,,,,,,,,,,,,,,,,,,,,,,,,,,,,,,,,,,,,,,,,,,84.2,84.73,82.69,82.84,764701.0,,,,,,,,,,,,,,,,,,,,,,,,,,,,,,,,,,,,,,,,,,,,,,,,,,,,,,,,,,,,,,,,,,,,,,,,,,,,,,,,,,,,,,,,,,,,,,,,,,,,,,,,,,,,,,,,,,,,,,,,,,,,,,,,,,,,,,,,,,,,,,,,,,,,,,,,,,,,,,,,,,,,,,,,,,,,,,,,,,,,,,,,,,,,,,,,,,,,,,,,,,,,,,,,,,,,,,,,,,,,,,,,,,,,,,,,,,,,,,,,,,,,,,,,,,,,,,,,,,,,,,,,,,,,,,,,,,,,,,,,,,,,,,,,,,,,,,,
234,,,,,,,,,,,,,,,,,,,,,,,,,,,,,,,,,,,,,,,,,,,,,,,,,,,,,,,,,,,,,,,,,,,,,,,,,,,,,,,,,,,,,,,,,,,,,,,,,,,,,,,,,,,,,,,,,,,,,,,,,,,,,,,,,,,,,,,,,,,,,,,,,,,,,,,,,,,,,,,,,,,,,,,,,,,,,,,,82.05,84.03,81.55,83.31,330293.0,,,,,,,,,,,,,,,,,,,,,,,,,,,,,,,,,,,,,,,,,,,,,,,,,,,,,,,,,,,,,,,,,,,,,,,,,,,,,,,,,,,,,,,,,,,,,,,,,,,,,,,,,,,,,,,,,,,,,,,,,,,,,,,,,,,,,,,,,,,,,,,,,,,,,,,,,,,,,,,,,,,,,,,,,,,,,,,,,,,,,,,,,,,,,,,,,,,,,,,,,,,,,,,,,,,,,,,,,,,,,,,,,,,,,,,,,,,,,,,,,,,,,,,,,,,,,,,,,,,,,,,,,,,,,,,,,,,,,,,,,,,,,,,,,,,,,,,
235,,,,,,,,,,,,,,,,,,,,,,,,,,,,,,,,,,,,,,,,,,,,,,,,,,,,,,,,,,,,,,,,,,,,,,,,,,,,,,,,,,,,,,,,,,,,,,,,,,,,,,,,,,,,,,,,,,,,,,,,,,,,,,,,,,,,,,,,,,,,,,,,,,,,,,,,,,,,,,,,,,,,,,,,,,,,,,,,81.71,83.91,81.36,82.93,515746.0,,,,,,,,,,,,,,,,,,,,,,,,,,,,,,,,,,,,,,,,,,,,,,,,,,,,,,,,,,,,,,,,,,,,,,,,,,,,,,,,,,,,,,,,,,,,,,,,,,,,,,,,,,,,,,,,,,,,,,,,,,,,,,,,,,,,,,,,,,,,,,,,,,,,,,,,,,,,,,,,,,,,,,,,,,,,,,,,,,,,,,,,,,,,,,,,,,,,,,,,,,,,,,,,,,,,,,,,,,,,,,,,,,,,,,,,,,,,,,,,,,,,,,,,,,,,,,,,,,,,,,,,,,,,,,,,,,,,,,,,,,,,,,,,,,,,,,,
236,,,,,,,,,,,,,,,,,,,,,,,,,,,,,,,,,,,,,,,,,,,,,,,,,,,,,,,,,,,,,,,,,,,,,,,,,,,,,,,,,,,,,,,,,,,,,,,,,,,,,,,,,,,,,,,,,,,,,,,,,,,,,,,,,,,,,,,,,,,,,,,,,,,,,,,,,,,,,,,,,,,,,,,,,,,,,,,,80.06,82.18,79.07,81.9,645432.0,,,,,,,,,,,,,,,,,,,,,,,,,,,,,,,,,,,,,,,,,,,,,,,,,,,,,,,,,,,,,,,,,,,,,,,,,,,,,,,,,,,,,,,,,,,,,,,,,,,,,,,,,,,,,,,,,,,,,,,,,,,,,,,,,,,,,,,,,,,,,,,,,,,,,,,,,,,,,,,,,,,,,,,,,,,,,,,,,,,,,,,,,,,,,,,,,,,,,,,,,,,,,,,,,,,,,,,,,,,,,,,,,,,,,,,,,,,,,,,,,,,,,,,,,,,,,,,,,,,,,,,,,,,,,,,,,,,,,,,,,,,,,,,,,,,,,,,
237,,,,,,,,,,,,,,,,,,,,,,,,,,,,,,,,,,,,,,,,,,,,,,,,,,,,,,,,,,,,,,,,,,,,,,,,,,,,,,,,,,,,,,,,,,,,,,,,,,,,,,,,,,,,,,,,,,,,,,,,,,,,,,,,,,,,,,,,,,,,,,,,,,,,,,,,,,,,,,,,,,,,,,,,,,,,,,,,81.65,82.43,79.49,80.07,868235.0,,,,,,,,,,,,,,,,,,,,,,,,,,,,,,,,,,,,,,,,,,,,,,,,,,,,,,,,,,,,,,,,,,,,,,,,,,,,,,,,,,,,,,,,,,,,,,,,,,,,,,,,,,,,,,,,,,,,,,,,,,,,,,,,,,,,,,,,,,,,,,,,,,,,,,,,,,,,,,,,,,,,,,,,,,,,,,,,,,,,,,,,,,,,,,,,,,,,,,,,,,,,,,,,,,,,,,,,,,,,,,,,,,,,,,,,,,,,,,,,,,,,,,,,,,,,,,,,,,,,,,,,,,,,,,,,,,,,,,,,,,,,,,,,,,,,,,,
238,,,,,,,,,,,,,,,,,,,,,,,,,,,,,,,,,,,,,,,,,,,,,,,,,,,,,,,,,,,,,,,,,,,,,,,,,,,,,,,,,,,,,,,,,,,,,,,,,,,,,,,,,,,,,,,,,,,,,,,,,,,,,,,,,,,,,,,,,,,,,,,,,,,,,,,,,,,,,,,,,,,,,,,,,,,,,,,,82.04,83.15,81.85,82.82,600135.0,,,,,,,,,,,,,,,,,,,,,,,,,,,,,,,,,,,,,,,,,,,,,,,,,,,,,,,,,,,,,,,,,,,,,,,,,,,,,,,,,,,,,,,,,,,,,,,,,,,,,,,,,,,,,,,,,,,,,,,,,,,,,,,,,,,,,,,,,,,,,,,,,,,,,,,,,,,,,,,,,,,,,,,,,,,,,,,,,,,,,,,,,,,,,,,,,,,,,,,,,,,,,,,,,,,,,,,,,,,,,,,,,,,,,,,,,,,,,,,,,,,,,,,,,,,,,,,,,,,,,,,,,,,,,,,,,,,,,,,,,,,,,,,,,,,,,,,
239,,,,,,,,,,,,,,,,,,,,,,,,,,,,,,,,,,,,,,,,,,,,,,,,,,,,,,,,,,,,,,,,,,,,,,,,,,,,,,,,,,,,,,,,,,,,,,,,,,,,,,,,,,,,,,,,,,,,,,,,,,,,,,,,,,,,,,,,,,,,,,,,,,,,,,,,,,,,,,,,,,,,,,,,,,,,,,,,80.17,81.03,79.46,80.92,916434.0,,,,,,,,,,,,,,,,,,,,,,,,,,,,,,,,,,,,,,,,,,,,,,,,,,,,,,,,,,,,,,,,,,,,,,,,,,,,,,,,,,,,,,,,,,,,,,,,,,,,,,,,,,,,,,,,,,,,,,,,,,,,,,,,,,,,,,,,,,,,,,,,,,,,,,,,,,,,,,,,,,,,,,,,,,,,,,,,,,,,,,,,,,,,,,,,,,,,,,,,,,,,,,,,,,,,,,,,,,,,,,,,,,,,,,,,,,,,,,,,,,,,,,,,,,,,,,,,,,,,,,,,,,,,,,,,,,,,,,,,,,,,,,,,,,,,,,,
240,,,,,,,,,,,,,,,,,,,,,,,,,,,,,,,,,,,,,,,,,,,,,,,,,,,,,,,,,,,,,,,,,,,,,,,,,,,,,,,,,,,,,,,,,,,,,,,,,,,,,,,,,,,,,,,,,,,,,,,,,,,,,,,,,,,,,,,,,,,,,,,,,,,,,,,,,,,,,,,,,,,,,,,,,,,,,,,,81.31,81.69,79.64,80.84,793206.0,,,,,,,,,,,,,,,,,,,,,,,,,,,,,,,,,,,,,,,,,,,,,,,,,,,,,,,,,,,,,,,,,,,,,,,,,,,,,,,,,,,,,,,,,,,,,,,,,,,,,,,,,,,,,,,,,,,,,,,,,,,,,,,,,,,,,,,,,,,,,,,,,,,,,,,,,,,,,,,,,,,,,,,,,,,,,,,,,,,,,,,,,,,,,,,,,,,,,,,,,,,,,,,,,,,,,,,,,,,,,,,,,,,,,,,,,,,,,,,,,,,,,,,,,,,,,,,,,,,,,,,,,,,,,,,,,,,,,,,,,,,,,,,,,,,,,,,
242,,,,,,,,,,,,,,,,,,,,,,,,,,,,,,,,,,,,,,,,,,,,,,,,,,,,,,,,,,,,,,,,,,,,,,,,,,,,,,,,,,,,,,,,,,,,,,,,,,,,,,,,,,,,,,,,,,,,,,,,,,,,,,,,,,,,,,,,,,,,,,,,,,,,,,,,,,,,,,,,,,,,,,,,,,,,,,,,82.03,82.9,81.45,81.45,1275084.0,,,,,,,,,,,,,,,,,,,,,,,,,,,,,,,,,,,,,,,,,,,,,,,,,,,,,,,,,,,,,,,,,,,,,,,,,,,,,,,,,,,,,,,,,,,,,,,,,,,,,,,,,,,,,,,,,,,,,,,,,,,,,,,,,,,,,,,,,,,,,,,,,,,,,,,,,,,,,,,,,,,,,,,,,,,,,,,,,,,,,,,,,,,,,,,,,,,,,,,,,,,,,,,,,,,,,,,,,,,,,,,,,,,,,,,,,,,,,,,,,,,,,,,,,,,,,,,,,,,,,,,,,,,,,,,,,,,,,,,,,,,,,,,,,,,,,,,
243,,,,,,,,,,,,,,,,,,,,,,,,,,,,,,,,,,,,,,,,,,,,,,,,,,,,,,,,,,,,,,,,,,,,,,,,,,,,,,,,,,,,,,,,,,,,,,,,,,,,,,,,,,,,,,,,,,,,,,,,,,,,,,,,,,,,,,,,,,,,,,,,,,,,,,,,,,,,,,,,,,,,,,,,,,,,,,,,83.63,84.3,82.156,82.49,1109759.0,,,,,,,,,,,,,,,,,,,,,,,,,,,,,,,,,,,,,,,,,,,,,,,,,,,,,,,,,,,,,,,,,,,,,,,,,,,,,,,,,,,,,,,,,,,,,,,,,,,,,,,,,,,,,,,,,,,,,,,,,,,,,,,,,,,,,,,,,,,,,,,,,,,,,,,,,,,,,,,,,,,,,,,,,,,,,,,,,,,,,,,,,,,,,,,,,,,,,,,,,,,,,,,,,,,,,,,,,,,,,,,,,,,,,,,,,,,,,,,,,,,,,,,,,,,,,,,,,,,,,,,,,,,,,,,,,,,,,,,,,,,,,,,,,,,,,,,
244,,,,,,,,,,,,,,,,,,,,,,,,,,,,,,,,,,,,,,,,,,,,,,,,,,,,,,,,,,,,,,,,,,,,,,,,,,,,,,,,,,,,,,,,,,,,,,,,,,,,,,,,,,,,,,,,,,,,,,,,,,,,,,,,,,,,,,,,,,,,,,,,,,,,,,,,,,,,,,,,,,,,,,,,,,,,,,,,85.67,86.32,84.38,85.27,1129744.0,,,,,,,,,,,,,,,,,,,,,,,,,,,,,,,,,,,,,,,,,,,,,,,,,,,,,,,,,,,,,,,,,,,,,,,,,,,,,,,,,,,,,,,,,,,,,,,,,,,,,,,,,,,,,,,,,,,,,,,,,,,,,,,,,,,,,,,,,,,,,,,,,,,,,,,,,,,,,,,,,,,,,,,,,,,,,,,,,,,,,,,,,,,,,,,,,,,,,,,,,,,,,,,,,,,,,,,,,,,,,,,,,,,,,,,,,,,,,,,,,,,,,,,,,,,,,,,,,,,,,,,,,,,,,,,,,,,,,,,,,,,,,,,,,,,,,,,
245,,,,,,,,,,,,,,,,,,,,,,,,,,,,,,,,,,,,,,,,,,,,,,,,,,,,,,,,,,,,,,,,,,,,,,,,,,,,,,,,,,,,,,,,,,,,,,,,,,,,,,,,,,,,,,,,,,,,,,,,,,,,,,,,,,,,,,,,,,,,,,,,,,,,,,,,,,,,,,,,,,,,,,,,,,,,,,,,86.56,88.52,85.62,86.0,1259504.0,,,,,,,,,,,,,,,,,,,,,,,,,,,,,,,,,,,,,,,,,,,,,,,,,,,,,,,,,,,,,,,,,,,,,,,,,,,,,,,,,,,,,,,,,,,,,,,,,,,,,,,,,,,,,,,,,,,,,,,,,,,,,,,,,,,,,,,,,,,,,,,,,,,,,,,,,,,,,,,,,,,,,,,,,,,,,,,,,,,,,,,,,,,,,,,,,,,,,,,,,,,,,,,,,,,,,,,,,,,,,,,,,,,,,,,,,,,,,,,,,,,,,,,,,,,,,,,,,,,,,,,,,,,,,,,,,,,,,,,,,,,,,,,,,,,,,,,
246,,,,,,,,,,,,,,,,,,,,,,,,,,,,,,,,,,,,,,,,,,,,,,,,,,,,,,,,,,,,,,,,,,,,,,,,,,,,,,,,,,,,,,,,,,,,,,,,,,,,,,,,,,,,,,,,,,,,,,,,,,,,,,,,,,,,,,,,,,,,,,,,,,,,,,,,,,,,,,,,,,,,,,,,,,,,,,,,85.45,87.66,85.33,87.63,1501041.0,,,,,,,,,,,,,,,,,,,,,,,,,,,,,,,,,,,,,,,,,,,,,,,,,,,,,,,,,,,,,,,,,,,,,,,,,,,,,,,,,,,,,,,,,,,,,,,,,,,,,,,,,,,,,,,,,,,,,,,,,,,,,,,,,,,,,,,,,,,,,,,,,,,,,,,,,,,,,,,,,,,,,,,,,,,,,,,,,,,,,,,,,,,,,,,,,,,,,,,,,,,,,,,,,,,,,,,,,,,,,,,,,,,,,,,,,,,,,,,,,,,,,,,,,,,,,,,,,,,,,,,,,,,,,,,,,,,,,,,,,,,,,,,,,,,,,,,
247,,,,,,,,,,,,,,,,,,,,,,,,,,,,,,,,,,,,,,,,,,,,,,,,,,,,,,,,,,,,,,,,,,,,,,,,,,,,,,,,,,,,,,,,,,,,,,,,,,,,,,,,,,,,,,,,,,,,,,,,,,,,,,,,,,,,,,,,,,,,,,,,,,,,,,,,,,,,,,,,,,,,,,,,,,,,,,,,87.83,87.92,85.61,85.63,1013295.0,,,,,,,,,,,,,,,,,,,,,,,,,,,,,,,,,,,,,,,,,,,,,,,,,,,,,,,,,,,,,,,,,,,,,,,,,,,,,,,,,,,,,,,,,,,,,,,,,,,,,,,,,,,,,,,,,,,,,,,,,,,,,,,,,,,,,,,,,,,,,,,,,,,,,,,,,,,,,,,,,,,,,,,,,,,,,,,,,,,,,,,,,,,,,,,,,,,,,,,,,,,,,,,,,,,,,,,,,,,,,,,,,,,,,,,,,,,,,,,,,,,,,,,,,,,,,,,,,,,,,,,,,,,,,,,,,,,,,,,,,,,,,,,,,,,,,,,
248,,,,,,,,,,,,,,,,,,,,,,,,,,,,,,,,,,,,,,,,,,,,,,,,,,,,,,,,,,,,,,,,,,,,,,,,,,,,,,,,,,,,,,,,,,,,,,,,,,,,,,,,,,,,,,,,,,,,,,,,,,,,,,,,,,,,,,,,,,,,,,,,,,,,,,,,,,,,,,,,,,,,,,,,,,,,,,,,88.52,88.7,87.26,87.53,987091.0,,,,,,,,,,,,,,,,,,,,,,,,,,,,,,,,,,,,,,,,,,,,,,,,,,,,,,,,,,,,,,,,,,,,,,,,,,,,,,,,,,,,,,,,,,,,,,,,,,,,,,,,,,,,,,,,,,,,,,,,,,,,,,,,,,,,,,,,,,,,,,,,,,,,,,,,,,,,,,,,,,,,,,,,,,,,,,,,,,,,,,,,,,,,,,,,,,,,,,,,,,,,,,,,,,,,,,,,,,,,,,,,,,,,,,,,,,,,,,,,,,,,,,,,,,,,,,,,,,,,,,,,,,,,,,,,,,,,,,,,,,,,,,,,,,,,,,,
249,,,,,,,,,,,,,,,,,,,,,,,,,,,,,,,,,,,,,,,,,,,,,,,,,,,,,,,,,,,,,,,,,,,,,,,,,,,,,,,,,,,,,,,,,,,,,,,,,,,,,,,,,,,,,,,,,,,,,,,,,,,,,,,,,,,,,,,,,,,,,,,,,,,,,,,,,,,,,,,,,,,,,,,,,,,,,,,,85.72,87.86,85.51,86.96,774001.0,,,,,,,,,,,,,,,,,,,,,,,,,,,,,,,,,,,,,,,,,,,,,,,,,,,,,,,,,,,,,,,,,,,,,,,,,,,,,,,,,,,,,,,,,,,,,,,,,,,,,,,,,,,,,,,,,,,,,,,,,,,,,,,,,,,,,,,,,,,,,,,,,,,,,,,,,,,,,,,,,,,,,,,,,,,,,,,,,,,,,,,,,,,,,,,,,,,,,,,,,,,,,,,,,,,,,,,,,,,,,,,,,,,,,,,,,,,,,,,,,,,,,,,,,,,,,,,,,,,,,,,,,,,,,,,,,,,,,,,,,,,,,,,,,,,,,,,
250,,,,,,,,,,,,,,,,,,,,,,,,,,,,,,,,,,,,,,,,,,,,,,,,,,,,,,,,,,,,,,,,,,,,,,,,,,,,,,,,,,,,,,,,,,,,,,,,,,,,,,,,,,,,,,,,,,,,,,,,,,,,,,,,,,,,,,,,,,,,,,,,,,,,,,,,,,,,,,,,,,,,,,,,,,,,,,,,85.79,86.06,83.91,85.59,928736.0,,,,,,,,,,,,,,,,,,,,,,,,,,,,,,,,,,,,,,,,,,,,,,,,,,,,,,,,,,,,,,,,,,,,,,,,,,,,,,,,,,,,,,,,,,,,,,,,,,,,,,,,,,,,,,,,,,,,,,,,,,,,,,,,,,,,,,,,,,,,,,,,,,,,,,,,,,,,,,,,,,,,,,,,,,,,,,,,,,,,,,,,,,,,,,,,,,,,,,,,,,,,,,,,,,,,,,,,,,,,,,,,,,,,,,,,,,,,,,,,,,,,,,,,,,,,,,,,,,,,,,,,,,,,,,,,,,,,,,,,,,,,,,,,,,,,,,,
251,,,,,,,,,,,,,,,,,,,,,,,,,,,,,,,,,,,,,,,,,,,,,,,,,,,,,,,,,,,,,,,,,,,,,,,,,,,,,,,,,,,,,,,,,,,,,,,,,,,,,,,,,,,,,,,,,,,,,,,,,,,,,,,,,,,,,,,,,,,,,,,,,,,,,,,,,,,,,,,,,,,,,,,,,,,,,,,,87.11,88.0,85.08,85.19,1272697.0,,,,,,,,,,,,,,,,,,,,,,,,,,,,,,,,,,,,,,,,,,,,,,,,,,,,,,,,,,,,,,,,,,,,,,,,,,,,,,,,,,,,,,,,,,,,,,,,,,,,,,,,,,,,,,,,,,,,,,,,,,,,,,,,,,,,,,,,,,,,,,,,,,,,,,,,,,,,,,,,,,,,,,,,,,,,,,,,,,,,,,,,,,,,,,,,,,,,,,,,,,,,,,,,,,,,,,,,,,,,,,,,,,,,,,,,,,,,,,,,,,,,,,,,,,,,,,,,,,,,,,,,,,,,,,,,,,,,,,,,,,,,,,,,,,,,,,,
252,,,,,,,,,,,,,,,,,,,,,,,,,,,,,,,,,,,,,,,,,,,,,,,,,,,,,,,,,,,,,,,,,,,,,,,,,,,,,,,,,,,,,,,,,,,,,,,,,,,,,,,,,,,,,,,,,,,,,,,,,,,,,,,,,,,,,,,,,,,,,,,,,,,,,,,,,,,,,,,,,,,,,,,,,,,,,,,,80.77,87.26,80.65,85.36,1320222.0,,,,,,,,,,,,,,,,,,,,,,,,,,,,,,,,,,,,,,,,,,,,,,,,,,,,,,,,,,,,,,,,,,,,,,,,,,,,,,,,,,,,,,,,,,,,,,,,,,,,,,,,,,,,,,,,,,,,,,,,,,,,,,,,,,,,,,,,,,,,,,,,,,,,,,,,,,,,,,,,,,,,,,,,,,,,,,,,,,,,,,,,,,,,,,,,,,,,,,,,,,,,,,,,,,,,,,,,,,,,,,,,,,,,,,,,,,,,,,,,,,,,,,,,,,,,,,,,,,,,,,,,,,,,,,,,,,,,,,,,,,,,,,,,,,,,,,,
253,,,,,,,,,,,,,,,,,,,,,,,,,,,,,,,,,,,,,,,,,,,,,,,,,,,,,,,,,,,,,,,,,,,,,,,,,,,,,,,,,,,,,,,,,,,,,,,,,,,,,,,,,,,,,,,,,,,,,,,,,,,,,,,,,,,,,,,,,,,,,,,,,,,,,,,,,,,,,,,,,,,,,,,,,,,,,,,,84.18,85.4,82.8477,84.09,1298697.0,,,,,,,,,,,,,,,,,,,,,,,,,,,,,,,,,,,,,,,,,,,,,,,,,,,,,,,,,,,,,,,,,,,,,,,,,,,,,,,,,,,,,,,,,,,,,,,,,,,,,,,,,,,,,,,,,,,,,,,,,,,,,,,,,,,,,,,,,,,,,,,,,,,,,,,,,,,,,,,,,,,,,,,,,,,,,,,,,,,,,,,,,,,,,,,,,,,,,,,,,,,,,,,,,,,,,,,,,,,,,,,,,,,,,,,,,,,,,,,,,,,,,,,,,,,,,,,,,,,,,,,,,,,,,,,,,,,,,,,,,,,,,,,,,,,,,,,
254,,,,,,,,,,,,,,,,,,,,,,,,,,,,,,,,,,,,,,,,,,,,,,,,,,,,,,,,,,,,,,,,,,,,,,,,,,,,,,,,,,,,,,,,,,,,,,,,,,,,,,,,,,,,,,,,,,,,,,,,,,,,,,,,,,,,,,,,,,,,,,,,,,,,,,,,,,,,,,,,,,,,,,,,,,,,,,,,82.37,84.2,82.1,82.55,1179111.0,,,,,,,,,,,,,,,,,,,,,,,,,,,,,,,,,,,,,,,,,,,,,,,,,,,,,,,,,,,,,,,,,,,,,,,,,,,,,,,,,,,,,,,,,,,,,,,,,,,,,,,,,,,,,,,,,,,,,,,,,,,,,,,,,,,,,,,,,,,,,,,,,,,,,,,,,,,,,,,,,,,,,,,,,,,,,,,,,,,,,,,,,,,,,,,,,,,,,,,,,,,,,,,,,,,,,,,,,,,,,,,,,,,,,,,,,,,,,,,,,,,,,,,,,,,,,,,,,,,,,,,,,,,,,,,,,,,,,,,,,,,,,,,,,,,,,,,
256,,,,,,,,,,,,,,,,,,,,,,,,,,,,,,,,,,,,,,,,,,,,,,,,,,,,,,,,,,,,,,,,,,,,,,,,,,,,,,,,,,,,,,,,,,,,,,,,,,,,,,,,,,,,,,,,,,,,,,,,,,,,,,,,,,,,,,,,,,,,,,,,,,,,,,,,,,,,,,,,,,,,,,,,,,,,,,,,85.74,85.99,83.03,83.38,491527.0,,,,,,,,,,,,,,,,,,,,,,,,,,,,,,,,,,,,,,,,,,,,,,,,,,,,,,,,,,,,,,,,,,,,,,,,,,,,,,,,,,,,,,,,,,,,,,,,,,,,,,,,,,,,,,,,,,,,,,,,,,,,,,,,,,,,,,,,,,,,,,,,,,,,,,,,,,,,,,,,,,,,,,,,,,,,,,,,,,,,,,,,,,,,,,,,,,,,,,,,,,,,,,,,,,,,,,,,,,,,,,,,,,,,,,,,,,,,,,,,,,,,,,,,,,,,,,,,,,,,,,,,,,,,,,,,,,,,,,,,,,,,,,,,,,,,,,,
257,,,,,,,,,,,,,,,,,,,,,,,,,,,,,,,,,,,,,,,,,,,,,,,,,,,,,,,,,,,,,,,,,,,,,,,,,,,,,,,,,,,,,,,,,,,,,,,,,,,,,,,,,,,,,,,,,,,,,,,,,,,,,,,,,,,,,,,,,,,,,,,,,,,,,,,,,,,,,,,,,,,,,,,,,,,,,,,,85.68,87.0,84.24,86.58,732730.0,,,,,,,,,,,,,,,,,,,,,,,,,,,,,,,,,,,,,,,,,,,,,,,,,,,,,,,,,,,,,,,,,,,,,,,,,,,,,,,,,,,,,,,,,,,,,,,,,,,,,,,,,,,,,,,,,,,,,,,,,,,,,,,,,,,,,,,,,,,,,,,,,,,,,,,,,,,,,,,,,,,,,,,,,,,,,,,,,,,,,,,,,,,,,,,,,,,,,,,,,,,,,,,,,,,,,,,,,,,,,,,,,,,,,,,,,,,,,,,,,,,,,,,,,,,,,,,,,,,,,,,,,,,,,,,,,,,,,,,,,,,,,,,,,,,,,,,
258,,,,,,,,,,,,,,,,,,,,,,,,,,,,,,,,,,,,,,,,,,,,,,,,,,,,,,,,,,,,,,,,,,,,,,,,,,,,,,,,,,,,,,,,,,,,,,,,,,,,,,,,,,,,,,,,,,,,,,,,,,,,,,,,,,,,,,,,,,,,,,,,,,,,,,,,,,,,,,,,,,,,,,,,,,,,,,,,86.37,86.44,83.04,83.25,1532346.0,,,,,,,,,,,,,,,,,,,,,,,,,,,,,,,,,,,,,,,,,,,,,,,,,,,,,,,,,,,,,,,,,,,,,,,,,,,,,,,,,,,,,,,,,,,,,,,,,,,,,,,,,,,,,,,,,,,,,,,,,,,,,,,,,,,,,,,,,,,,,,,,,,,,,,,,,,,,,,,,,,,,,,,,,,,,,,,,,,,,,,,,,,,,,,,,,,,,,,,,,,,,,,,,,,,,,,,,,,,,,,,,,,,,,,,,,,,,,,,,,,,,,,,,,,,,,,,,,,,,,,,,,,,,,,,,,,,,,,,,,,,,,,,,,,,,,,,
1841,,,,,,,,,,,,,,,,,,,,,,,,,,,,,,,,,,,,,,,,,,,,,,,,,,,,,,,,,,,,,,,,,,,,,,,,,,,,,,,,,,,,,,,,,,,,,,,,,,,,,,,,,,,,,,,,,,,,,,,,,,,,,,,,,,,,,,,,,,,,,,,,,,,,,,,,,,,,,,,,,,,,,,,,,,,,,,,,,,,,,,,,,,,,,,,,,,,,,,,,,,,,,,,,,,,,,,,,,,,,,,,,,,,,,,,,,,,,,,,,,,,,,,,,,,,,,,,,,,,,,,,,,,,,,,,,,,,,,,,,,,,,,,,,,,,,,,,,,,,,,,,,,,,,,,,,,,,,,,,,,,,,,,,,,,,,,,,,,,,,,,,,,,,,,,,,,,,,,,,,,,,,,,,,,,,,,,,,,,,,,,,,,,,,,,,,,,,,,,,,,,,,,,,,,,,,,,,,,,,,,,,,,,,,,,,,,,,,,,,,,,,,,,,,,,,,,,,,,,,,,,,,,,37.8241,38.0535,37.3204,37.7543,3614077.0,,,,,
1842,,,,,,,,,,,,,,,,,,,,,,,,,,,,,,,,,,,,,,,,,,,,,,,,,,,,,,,,,,,,,,,,,,,,,,,,,,,,,,,,,,,,,,,,,,,,,,,,,,,,,,,,,,,,,,,,,,,,,,,,,,,,,,,,,,,,,,,,,,,,,,,,,,,,,,,,,,,,,,,,,,,,,,,,,,,,,,,,,,,,,,,,,,,,,,,,,,,,,,,,,,,,,,,,,,,,,,,,,,,,,,,,,,,,,,,,,,,,,,,,,,,,,,,,,,,,,,,,,,,,,,,,,,,,,,,,,,,,,,,,,,,,,,,,,,,,,,,,,,,,,,,,,,,,,,,,,,,,,,,,,,,,,,,,,,,,,,,,,,,,,,,,,,,,,,,,,,,,,,,,,,,,,,,,,,,,,,,,,,,,,,,,,,,,,,,,,,,,,,,,,,,,,,,,,,,,,,,,,,,,,,,,,,,,,,,,,,,,,,,,,,,,,,,,,,,,,,,,,,,,,,,,,,39.1707,39.5797,37.9039,38.4026,10366734.0,,,,,
1843,,,,,,,,,,,,,,,,,,,,,,,,,,,,,,,,,,,,,,,,,,,,,,,,,,,,,,,,,,,,,,,,,,,,,,,,,,,,,,,,,,,,,,,,,,,,,,,,,,,,,,,,,,,,,,,,,,,,,,,,,,,,,,,,,,,,,,,,,,,,,,,,,,,,,,,,,,,,,,,,,,,,,,,,,,,,,,,,,,,,,,,,,,,,,,,,,,,,,,,,,,,,,,,,,,,,,,,,,,,,,,,,,,,,,,,,,,,,,,,,,,,,,,,,,,,,,,,,,,,,,,,,,,,,,,,,,,,,,,,,,,,,,,,,,,,,,,,,,,,,,,,,,,,,,,,,,,,,,,,,,,,,,,,,,,,,,,,,,,,,,,,,,,,,,,,,,,,,,,,,,,,,,,,,,,,,,,,,,,,,,,,,,,,,,,,,,,,,,,,,,,,,,,,,,,,,,,,,,,,,,,,,,,,,,,,,,,,,,,,,,,,,,,,,,,,,,,,,,,,,,,,,,,36.8865,41.2754,35.0611,39.6096,31696382.0,,,,,
1844,,,,,,,,,,,,,,,,,,,,,,,,,,,,,,,,,,,,,,,,,,,,,,,,,,,,,,,,,,,,,,,,,,,,,,,,,,,,,,,,,,,,,,,,,,,,,,,,,,,,,,,,,,,,,,,,,,,,,,,,,,,,,,,,,,,,,,,,,,,,,,,,,,,,,,,,,,,,,,,,,,,,,,,,,,,,,,,,,,,,,,,,,,,,,,,,,,,,,,,,,,,,,,,,,,,,,,,,,,,,,,,,,,,,,,,,,,,,,,,,,,,,,,,,,,,,,,,,,,,,,,,,,,,,,,,,,,,,,,,,,,,,,,,,,,,,,,,,,,,,,,,,,,,,,,,,,,,,,,,,,,,,,,,,,,,,,,,,,,,,,,,,,,,,,,,,,,,,,,,,,,,,,,,,,,,,,,,,,,,,,,,,,,,,,,,,,,,,,,,,,,,,,,,,,,,,,,,,,,,,,,,,,,,,,,,,,,,,,,,,,,,,,,,,,,,,,,,,,,,,,,,,,,38.6544,39.1338,37.4186,38.2649,14872766.0,,,,,
1845,,,,,,,,,,,,,,,,,,,,,,,,,,,,,,,,,,,,,,,,,,,,,,,,,,,,,,,,,,,,,,,,,,,,,,,,,,,,,,,,,,,,,,,,,,,,,,,,,,,,,,,,,,,,,,,,,,,,,,,,,,,,,,,,,,,,,,,,,,,,,,,,,,,,,,,,,,,,,,,,,,,,,,,,,,,,,,,,,,,,,,,,,,,,,,,,,,,,,,,,,,,,,,,,,,,,,,,,,,,,,,,,,,,,,,,,,,,,,,,,,,,,,,,,,,,,,,,,,,,,,,,,,,,,,,,,,,,,,,,,,,,,,,,,,,,,,,,,,,,,,,,,,,,,,,,,,,,,,,,,,,,,,,,,,,,,,,,,,,,,,,,,,,,,,,,,,,,,,,,,,,,,,,,,,,,,,,,,,,,,,,,,,,,,,,,,,,,,,,,,,,,,,,,,,,,,,,,,,,,,,,,,,,,,,,,,,,,,,,,,,,,,,,,,,,,,,,,,,,,,,,,,,,39.2137,39.4834,38.4247,38.8042,6751088.0,,,,,
1846,,,,,,,,,,,,,,,,,,,,,,,,,,,,,,,,,,,,,,,,,,,,,,,,,,,,,,,,,,,,,,,,,,,,,,,,,,,,,,,,,,,,,,,,,,,,,,,,,,,,,,,,,,,,,,,,,,,,,,,,,,,,,,,,,,,,,,,,,,,,,,,,,,,,,,,,,,,,,,,,,,,,,,,,,,,,,,,,,,,,,,,,,,,,,,,,,,,,,,,,,,,,,,,,,,,,,,,,,,,,,,,,,,,,,,,,,,,,,,,,,,,,,,,,,,,,,,,,,,,,,,,,,,,,,,,,,,,,,,,,,,,,,,,,,,,,,,,,,,,,,,,,,,,,,,,,,,,,,,,,,,,,,,,,,,,,,,,,,,,,,,,,,,,,,,,,,,,,,,,,,,,,,,,,,,,,,,,,,,,,,,,,,,,,,,,,,,,,,,,,,,,,,,,,,,,,,,,,,,,,,,,,,,,,,,,,,,,,,,,,,,,,,,,,,,,,,,,,,,,,,,,,,,38.5046,39.4135,38.5046,38.954,4410848.0,,,,,
1847,,,,,,,,,,,,,,,,,,,,,,,,,,,,,,,,,,,,,,,,,,,,,,,,,,,,,,,,,,,,,,,,,,,,,,,,,,,,,,,,,,,,,,,,,,,,,,,,,,,,,,,,,,,,,,,,,,,,,,,,,,,,,,,,,,,,,,,,,,,,,,,,,,,,,,,,,,,,,,,,,,,,,,,,,,,,,,,,,,,,,,,,,,,,,,,,,,,,,,,,,,,,,,,,,,,,,,,,,,,,,,,,,,,,,,,,,,,,,,,,,,,,,,,,,,,,,,,,,,,,,,,,,,,,,,,,,,,,,,,,,,,,,,,,,,,,,,,,,,,,,,,,,,,,,,,,,,,,,,,,,,,,,,,,,,,,,,,,,,,,,,,,,,,,,,,,,,,,,,,,,,,,,,,,,,,,,,,,,,,,,,,,,,,,,,,,,,,,,,,,,,,,,,,,,,,,,,,,,,,,,,,,,,,,,,,,,,,,,,,,,,,,,,,,,,,,,,,,,,,,,,,,,,38.7743,39.1588,37.7605,38.8442,6534975.0,,,,,
1849,,,,,,,,,,,,,,,,,,,,,,,,,,,,,,,,,,,,,,,,,,,,,,,,,,,,,,,,,,,,,,,,,,,,,,,,,,,,,,,,,,,,,,,,,,,,,,,,,,,,,,,,,,,,,,,,,,,,,,,,,,,,,,,,,,,,,,,,,,,,,,,,,,,,,,,,,,,,,,,,,,,,,,,,,,,,,,,,,,,,,,,,,,,,,,,,,,,,,,,,,,,,,,,,,,,,,,,,,,,,,,,,,,,,,,,,,,,,,,,,,,,,,,,,,,,,,,,,,,,,,,,,,,,,,,,,,,,,,,,,,,,,,,,,,,,,,,,,,,,,,,,,,,,,,,,,,,,,,,,,,,,,,,,,,,,,,,,,,,,,,,,,,,,,,,,,,,,,,,,,,,,,,,,,,,,,,,,,,,,,,,,,,,,,,,,,,,,,,,,,,,,,,,,,,,,,,,,,,,,,,,,,,,,,,,,,,,,,,,,,,,,,,,,,,,,,,,,,,,,,,,,,,,38.3847,39.0839,37.5956,38.8542,5498136.0,,,,,
1850,,,,,,,,,,,,,,,,,,,,,,,,,,,,,,,,,,,,,,,,,,,,,,,,,,,,,,,,,,,,,,,,,,,,,,,,,,,,,,,,,,,,,,,,,,,,,,,,,,,,,,,,,,,,,,,,,,,,,,,,,,,,,,,,,,,,,,,,,,,,,,,,,,,,,,,,,,,,,,,,,,,,,,,,,,,,,,,,,,,,,,,,,,,,,,,,,,,,,,,,,,,,,,,,,,,,,,,,,,,,,,,,,,,,,,,,,,,,,,,,,,,,,,,,,,,,,,,,,,,,,,,,,,,,,,,,,,,,,,,,,,,,,,,,,,,,,,,,,,,,,,,,,,,,,,,,,,,,,,,,,,,,,,,,,,,,,,,,,,,,,,,,,,,,,,,,,,,,,,,,,,,,,,,,,,,,,,,,,,,,,,,,,,,,,,,,,,,,,,,,,,,,,,,,,,,,,,,,,,,,,,,,,,,,,,,,,,,,,,,,,,,,,,,,,,,,,,,,,,,,,,,,,,38.2249,38.6444,37.8054,38.3847,3973402.0,,,,,
1851,,,,,,,,,,,,,,,,,,,,,,,,,,,,,,,,,,,,,,,,,,,,,,,,,,,,,,,,,,,,,,,,,,,,,,,,,,,,,,,,,,,,,,,,,,,,,,,,,,,,,,,,,,,,,,,,,,,,,,,,,,,,,,,,,,,,,,,,,,,,,,,,,,,,,,,,,,,,,,,,,,,,,,,,,,,,,,,,,,,,,,,,,,,,,,,,,,,,,,,,,,,,,,,,,,,,,,,,,,,,,,,,,,,,,,,,,,,,,,,,,,,,,,,,,,,,,,,,,,,,,,,,,,,,,,,,,,,,,,,,,,,,,,,,,,,,,,,,,,,,,,,,,,,,,,,,,,,,,,,,,,,,,,,,,,,,,,,,,,,,,,,,,,,,,,,,,,,,,,,,,,,,,,,,,,,,,,,,,,,,,,,,,,,,,,,,,,,,,,,,,,,,,,,,,,,,,,,,,,,,,,,,,,,,,,,,,,,,,,,,,,,,,,,,,,,,,,,,,,,,,,,,,,38.994,39.1938,37.5765,37.8553,4627557.0,,,,,
1852,,,,,,,,,,,,,,,,,,,,,,,,,,,,,,,,,,,,,,,,,,,,,,,,,,,,,,,,,,,,,,,,,,,,,,,,,,,,,,,,,,,,,,,,,,,,,,,,,,,,,,,,,,,,,,,,,,,,,,,,,,,,,,,,,,,,,,,,,,,,,,,,,,,,,,,,,,,,,,,,,,,,,,,,,,,,,,,,,,,,,,,,,,,,,,,,,,,,,,,,,,,,,,,,,,,,,,,,,,,,,,,,,,,,,,,,,,,,,,,,,,,,,,,,,,,,,,,,,,,,,,,,,,,,,,,,,,,,,,,,,,,,,,,,,,,,,,,,,,,,,,,,,,,,,,,,,,,,,,,,,,,,,,,,,,,,,,,,,,,,,,,,,,,,,,,,,,,,,,,,,,,,,,,,,,,,,,,,,,,,,,,,,,,,,,,,,,,,,,,,,,,,,,,,,,,,,,,,,,,,,,,,,,,,,,,,,,,,,,,,,,,,,,,,,,,,,,,,,,,,,,,,,,37.8853,38.7043,37.6156,38.6644,3432145.0,,,,,
1853,,,,,,,,,,,,,,,,,,,,,,,,,,,,,,,,,,,,,,,,,,,,,,,,,,,,,,,,,,,,,,,,,,,,,,,,,,,,,,,,,,,,,,,,,,,,,,,,,,,,,,,,,,,,,,,,,,,,,,,,,,,,,,,,,,,,,,,,,,,,,,,,,,,,,,,,,,,,,,,,,,,,,,,,,,,,,,,,,,,,,,,,,,,,,,,,,,,,,,,,,,,,,,,,,,,,,,,,,,,,,,,,,,,,,,,,,,,,,,,,,,,,,,,,,,,,,,,,,,,,,,,,,,,,,,,,,,,,,,,,,,,,,,,,,,,,,,,,,,,,,,,,,,,,,,,,,,,,,,,,,,,,,,,,,,,,,,,,,,,,,,,,,,,,,,,,,,,,,,,,,,,,,,,,,,,,,,,,,,,,,,,,,,,,,,,,,,,,,,,,,,,,,,,,,,,,,,,,,,,,,,,,,,,,,,,,,,,,,,,,,,,,,,,,,,,,,,,,,,,,,,,,,,36.9164,38.2049,36.7666,37.7055,4231433.0,,,,,
1854,,,,,,,,,,,,,,,,,,,,,,,,,,,,,,,,,,,,,,,,,,,,,,,,,,,,,,,,,,,,,,,,,,,,,,,,,,,,,,,,,,,,,,,,,,,,,,,,,,,,,,,,,,,,,,,,,,,,,,,,,,,,,,,,,,,,,,,,,,,,,,,,,,,,,,,,,,,,,,,,,,,,,,,,,,,,,,,,,,,,,,,,,,,,,,,,,,,,,,,,,,,,,,,,,,,,,,,,,,,,,,,,,,,,,,,,,,,,,,,,,,,,,,,,,,,,,,,,,,,,,,,,,,,,,,,,,,,,,,,,,,,,,,,,,,,,,,,,,,,,,,,,,,,,,,,,,,,,,,,,,,,,,,,,,,,,,,,,,,,,,,,,,,,,,,,,,,,,,,,,,,,,,,,,,,,,,,,,,,,,,,,,,,,,,,,,,,,,,,,,,,,,,,,,,,,,,,,,,,,,,,,,,,,,,,,,,,,,,,,,,,,,,,,,,,,,,,,,,,,,,,,,,,37.6456,38.0626,36.6667,37.1562,3755207.0,,,,,
1855,,,,,,,,,,,,,,,,,,,,,,,,,,,,,,,,,,,,,,,,,,,,,,,,,,,,,,,,,,,,,,,,,,,,,,,,,,,,,,,,,,,,,,,,,,,,,,,,,,,,,,,,,,,,,,,,,,,,,,,,,,,,,,,,,,,,,,,,,,,,,,,,,,,,,,,,,,,,,,,,,,,,,,,,,,,,,,,,,,,,,,,,,,,,,,,,,,,,,,,,,,,,,,,,,,,,,,,,,,,,,,,,,,,,,,,,,,,,,,,,,,,,,,,,,,,,,,,,,,,,,,,,,,,,,,,,,,,,,,,,,,,,,,,,,,,,,,,,,,,,,,,,,,,,,,,,,,,,,,,,,,,,,,,,,,,,,,,,,,,,,,,,,,,,,,,,,,,,,,,,,,,,,,,,,,,,,,,,,,,,,,,,,,,,,,,,,,,,,,,,,,,,,,,,,,,,,,,,,,,,,,,,,,,,,,,,,,,,,,,,,,,,,,,,,,,,,,,,,,,,,,,,,,38.0651,38.0951,37.296,37.6855,3504361.0,,,,,
1856,,,,,,,,,,,,,,,,,,,,,,,,,,,,,,,,,,,,,,,,,,,,,,,,,,,,,,,,,,,,,,,,,,,,,,,,,,,,,,,,,,,,,,,,,,,,,,,,,,,,,,,,,,,,,,,,,,,,,,,,,,,,,,,,,,,,,,,,,,,,,,,,,,,,,,,,,,,,,,,,,,,,,,,,,,,,,,,,,,,,,,,,,,,,,,,,,,,,,,,,,,,,,,,,,,,,,,,,,,,,,,,,,,,,,,,,,,,,,,,,,,,,,,,,,,,,,,,,,,,,,,,,,,,,,,,,,,,,,,,,,,,,,,,,,,,,,,,,,,,,,,,,,,,,,,,,,,,,,,,,,,,,,,,,,,,,,,,,,,,,,,,,,,,,,,,,,,,,,,,,,,,,,,,,,,,,,,,,,,,,,,,,,,,,,,,,,,,,,,,,,,,,,,,,,,,,,,,,,,,,,,,,,,,,,,,,,,,,,,,,,,,,,,,,,,,,,,,,,,,,,,,,,,37.7055,38.4696,37.6156,38.2649,3105321.0,,,,,
1857,,,,,,,,,,,,,,,,,,,,,,,,,,,,,,,,,,,,,,,,,,,,,,,,,,,,,,,,,,,,,,,,,,,,,,,,,,,,,,,,,,,,,,,,,,,,,,,,,,,,,,,,,,,,,,,,,,,,,,,,,,,,,,,,,,,,,,,,,,,,,,,,,,,,,,,,,,,,,,,,,,,,,,,,,,,,,,,,,,,,,,,,,,,,,,,,,,,,,,,,,,,,,,,,,,,,,,,,,,,,,,,,,,,,,,,,,,,,,,,,,,,,,,,,,,,,,,,,,,,,,,,,,,,,,,,,,,,,,,,,,,,,,,,,,,,,,,,,,,,,,,,,,,,,,,,,,,,,,,,,,,,,,,,,,,,,,,,,,,,,,,,,,,,,,,,,,,,,,,,,,,,,,,,,,,,,,,,,,,,,,,,,,,,,,,,,,,,,,,,,,,,,,,,,,,,,,,,,,,,,,,,,,,,,,,,,,,,,,,,,,,,,,,,,,,,,,,,,,,,,,,,,,,38.9041,39.8829,37.9953,38.3448,5543344.0,,,,,
1858,,,,,,,,,,,,,,,,,,,,,,,,,,,,,,,,,,,,,,,,,,,,,,,,,,,,,,,,,,,,,,,,,,,,,,,,,,,,,,,,,,,,,,,,,,,,,,,,,,,,,,,,,,,,,,,,,,,,,,,,,,,,,,,,,,,,,,,,,,,,,,,,,,,,,,,,,,,,,,,,,,,,,,,,,,,,,,,,,,,,,,,,,,,,,,,,,,,,,,,,,,,,,,,,,,,,,,,,,,,,,,,,,,,,,,,,,,,,,,,,,,,,,,,,,,,,,,,,,,,,,,,,,,,,,,,,,,,,,,,,,,,,,,,,,,,,,,,,,,,,,,,,,,,,,,,,,,,,,,,,,,,,,,,,,,,,,,,,,,,,,,,,,,,,,,,,,,,,,,,,,,,,,,,,,,,,,,,,,,,,,,,,,,,,,,,,,,,,,,,,,,,,,,,,,,,,,,,,,,,,,,,,,,,,,,,,,,,,,,,,,,,,,,,,,,,,,,,,,,,,,,,,,,40.1726,40.1926,38.9241,38.954,5581241.0,,,,,
1859,,,,,,,,,,,,,,,,,,,,,,,,,,,,,,,,,,,,,,,,,,,,,,,,,,,,,,,,,,,,,,,,,,,,,,,,,,,,,,,,,,,,,,,,,,,,,,,,,,,,,,,,,,,,,,,,,,,,,,,,,,,,,,,,,,,,,,,,,,,,,,,,,,,,,,,,,,,,,,,,,,,,,,,,,,,,,,,,,,,,,,,,,,,,,,,,,,,,,,,,,,,,,,,,,,,,,,,,,,,,,,,,,,,,,,,,,,,,,,,,,,,,,,,,,,,,,,,,,,,,,,,,,,,,,,,,,,,,,,,,,,,,,,,,,,,,,,,,,,,,,,,,,,,,,,,,,,,,,,,,,,,,,,,,,,,,,,,,,,,,,,,,,,,,,,,,,,,,,,,,,,,,,,,,,,,,,,,,,,,,,,,,,,,,,,,,,,,,,,,,,,,,,,,,,,,,,,,,,,,,,,,,,,,,,,,,,,,,,,,,,,,,,,,,,,,,,,,,,,,,,,,,,,38.7942,40.8568,38.7343,40.4523,3468136.0,,,,,
1860,,,,,,,,,,,,,,,,,,,,,,,,,,,,,,,,,,,,,,,,,,,,,,,,,,,,,,,,,,,,,,,,,,,,,,,,,,,,,,,,,,,,,,,,,,,,,,,,,,,,,,,,,,,,,,,,,,,,,,,,,,,,,,,,,,,,,,,,,,,,,,,,,,,,,,,,,,,,,,,,,,,,,,,,,,,,,,,,,,,,,,,,,,,,,,,,,,,,,,,,,,,,,,,,,,,,,,,,,,,,,,,,,,,,,,,,,,,,,,,,,,,,,,,,,,,,,,,,,,,,,,,,,,,,,,,,,,,,,,,,,,,,,,,,,,,,,,,,,,,,,,,,,,,,,,,,,,,,,,,,,,,,,,,,,,,,,,,,,,,,,,,,,,,,,,,,,,,,,,,,,,,,,,,,,,,,,,,,,,,,,,,,,,,,,,,,,,,,,,,,,,,,,,,,,,,,,,,,,,,,,,,,,,,,,,,,,,,,,,,,,,,,,,,,,,,,,,,,,,,,,,,,,,37.6556,38.5845,36.3671,38.2549,3794889.0,,,,,
1861,,,,,,,,,,,,,,,,,,,,,,,,,,,,,,,,,,,,,,,,,,,,,,,,,,,,,,,,,,,,,,,,,,,,,,,,,,,,,,,,,,,,,,,,,,,,,,,,,,,,,,,,,,,,,,,,,,,,,,,,,,,,,,,,,,,,,,,,,,,,,,,,,,,,,,,,,,,,,,,,,,,,,,,,,,,,,,,,,,,,,,,,,,,,,,,,,,,,,,,,,,,,,,,,,,,,,,,,,,,,,,,,,,,,,,,,,,,,,,,,,,,,,,,,,,,,,,,,,,,,,,,,,,,,,,,,,,,,,,,,,,,,,,,,,,,,,,,,,,,,,,,,,,,,,,,,,,,,,,,,,,,,,,,,,,,,,,,,,,,,,,,,,,,,,,,,,,,,,,,,,,,,,,,,,,,,,,,,,,,,,,,,,,,,,,,,,,,,,,,,,,,,,,,,,,,,,,,,,,,,,,,,,,,,,,,,,,,,,,,,,,,,,,,,,,,,,,,,,,,,,,,,,,37.4059,38.4538,37.1961,38.1849,3742209.0,,,,,
1862,,,,,,,,,,,,,,,,,,,,,,,,,,,,,,,,,,,,,,,,,,,,,,,,,,,,,,,,,,,,,,,,,,,,,,,,,,,,,,,,,,,,,,,,,,,,,,,,,,,,,,,,,,,,,,,,,,,,,,,,,,,,,,,,,,,,,,,,,,,,,,,,,,,,,,,,,,,,,,,,,,,,,,,,,,,,,,,,,,,,,,,,,,142.8562,143.6435,139.4278,141.0722,2253216.0,,,,,,,,,,,,,,,,,,,,,,,,,,,,,,,,,,,,,,,,,,,,,,,,,,,,,,,,,,,,,,,,,,,,,,,,,,,,,,,,,,,,,,,,,,,,,,,,,,,,,,,,,,,,,,,,,,,,,,,,,,,,,,,,,,,,,,,,,,,,,,,,,,,,,,,,,,,,,,,,,,,,,,,,,,,,,,,,,,,,,,,,,,,,,,,,,,,,,,,,,,,,,,,,,,,,,,,,,,,,,,,,,,,,,,,,,,,,,,,,,,,,,,,,,,,,,,,,,,,,,,,,,,,,,,,,,,,,37.1462,37.5457,36.6468,37.1761,2943710.0,,,,,
1863,,,,,,,,,,,,,,,,,,,,,,,,,,,,,,,,,,,,,,,,,,,,,,,,,,,,,,,,,,,,,,,,,,,,,,,,,,,,,,,,,,,,,,,,,,,,,,,,,,,,,,,,,,,,,,,,,,,,,,,,,,,,,,,,,,,,,,,,,,,,,,,,,,,,,,,,,,,,,,,,,,,,,,,,,,,,,,,,,,,,,,,,,,146.9324,147.8991,143.0455,143.0455,1408463.0,,,,,,,,,,,,,,,,,,,,,,,,,,,,,,,,,,,,,,,,,,,,,,,,,,,,,,,,,,,,,,,,,,,,,,,,,,,,,,,,,,,,,,,,,,,,,,,,,,,,,,,,,,,,,,,,,,,,,,,,,,,,,,,,,,,,,,,,,,,,,,,,,,,,,,,,,,,,,,,,,,,,,,,,,,,,,,,,,,,,,,,,,,,,,,,,,,,,,,,,,,,,,,,,,,,,,,,,,,,,,,,,,,,,,,,,,,,,,,,,,,,,,,,,,,,,,,,,,,,,,,,,,,,,,,,,,,,,36.1873,37.4059,35.8677,36.9764,5153214.0,,,,,
1864,,,,,,,,,,,,,,,,,,,,,,,,,,,,,,,,,,,,,,,,,,,,,,,,,,,,,,,,,,,,,,,,,,,,,,,,,,,,,,,,,,,,,,,,,,,,,,,,,,,,,,,,,,,,,,,,,,,,,,,,,,,,,,,,,,,,,,,,,,,,,,,,,,,,,,,,,,,,,,,,,,,,,,,,,,,,,,,,,,,,,,,,,,147.7396,150.3907,145.867,148.6665,2121093.0,,,,,,,,,,,,,,,,,,,,,,,,,,,,,,,,,,,,,,,,,,,,,,,,,,,,,,,,,,,,,,,,,,,,,,,,,,,,,,,,,,,,,,,,,,,,,,,,,,,,,,,,,,,,,,,,,,,,,,,,,,,,,,,,,,,,,,,,,,,,,,,,,,,,,,,,,,,,,,,,,,,,,,,,,,,,,,,,,,,,,,,,,,,,,,,,,,,,,,,,,,,,,,,,,,,,,,,,,,,,,,,,,,,,,,,,,,,,,,,,,,,,,,,,,,,,,,,,,,,,,,,,,,,,,,,,,,,,35.0986,35.9576,34.1297,35.7179,7474050.0,,,,,
1865,,,,,,,,,,,,,,,,,,,,,,,,,,,,,,,,,,,,,,,,,,,,,,,,,,,,,,,,,,,,,,,,,,,,,,,,,,,,,,,,,,,,,,,,,,,,,,,,,,,,,,,,,,,,,,,,,,,,,,,,,,,,,,,,,,,,,,,,,,,,,,,,,,,,,,,,,,,,,,,,,,,,,,,,,,,,,,,,,,,,,,,,,,144.1219,148.7861,143.7232,148.5369,3187770.0,,,,,,,,,,,,,,,,,,,,,,,,,,,,,,,,,,,,,,,,,,,,,,,,,,,,,,,,,,,,,,,,,,,,,,,,,,,,,,,,,,,,,,,,,,,,,,,,,,,,,,,,,,,,,,,,,,,,,,,,,,,,,,,,,,,,,,,,,,,,,,,,,,,,,,,,,,,,,,,,,,,,,,,,,,,,,,,,,,,,,,,,,,,,,,,,,,,,,,,,,,,,,,,,,,,,,,,,,,,,,,,,,,,,,,,,,,,,,,,,,,,,,,,,,,,,,,,,,,,,,,,,,,,,,,,,,,,,37.0163,37.1048,34.9588,34.9887,8767169.0,,,,,
1866,,,,,,,,,,,,,,,,,,,,,,,,,,,,,,,,,,,,,,,,,,,,,,,,,,,,,,,,,,,,,,,,,,,,,,,,,,,,,,,,,,,,,,,,,,,,,,,,,,,,,,,,,,,,,,,,,,,,,,,,,,,,,,,,,,,,,,,,,,,,,,,,,,,,,,,,,,,,,,,,,,,,,,,,,,,,,,,,,,,,,,,,,,143.5438,144.6552,142.0589,143.6335,1534086.0,,,,,,,,,,,,,,,,,,,,,,,,,,,,,,,,,,,,,,,,,,,,,,,,,,,,,,,,,,,,,,,,,,,,,,,,,,,,,,,,,,,,,,,,,,,,,,,,,,,,,,,,,,,,,,,,,,,,,,,,,,,,,,,,,,,,,,,,,,,,,,,,,,,,,,,,,,,,,,,,,,,,,,,,,,,,,,,,,,,,,,,,,,,,,,,,,,,,,,,,,,,,,,,,,,,,,,,,,,,,,,,,,,,,,,,,,,,,,,,,,,,,,,,,,,,,,,,,,,,,,,,,,,,,,,,,,,,,38.0052,38.5544,36.5075,37.4159,6434411.0,,,,,
1867,115.16,116.35,114.84,116.06,3381477.0,102.3324,104.0952,100.708,101.4056,3623540.0,97.8378,97.8577,97.3729,97.4504,7959567.0,6.6747,6.7246,6.1551,6.1551,31974890.0,71.995,73.6954,70.7023,72.2237,1658286.0,470.7303,482.8003,469.2153,480.8667,396896.0,15.03,15.41,15.03,15.35,11533207.0,41.4788,42.6464,41.2502,42.0551,5773559.0,48.1671,48.1969,48.0478,48.0478,8338966.0,72.4163,72.4361,72.0549,72.2034,4711554.0,31.854,32.0606,31.6572,31.7851,6948552.0,77.2331,77.2628,77.0944,77.1241,1420360.0,331.7128,339.0177,330.0807,334.4198,2490395.0,41.81,43.1099,41.42,42.38,3382512.0,9.73,10.265,9.5,9.79,22207459.0,95.3783,98.5314,95.3287,96.1814,11354768.0,12.9449,13.237,12.7765,13.1033,19106230.0,151.7615,152.5716,150.0918,150.4327,9022758.0,465.4638,478.3289,463.8793,471.8913,1314662.0,33.55,34.3372,33.1826,34.1457,9821128.0,43.78,43.91,43.485,43.52,17870354.0,82.2,82.495,81.9399,82.27,18561447.0,89.8264,89.876,89.6703,89.7967,9328710.0,41.9105,42.2651,41.4968,42.1568,2511431.0,119.9915,123.4449,118.9908,122.013,3549626.0,69.26,69.56,69.07,69.37,2933969.0,49.63,49.855,49.38,49.69,1823900.0,55.22,55.565,55.125,55.25,4062120.0,24.8,24.865,24.35,24.36,16365163.0,37.4132,38.563,36.5669,36.5669,20682687.0,150.13,152.77,147.15,147.15,1742993.0,36.59,36.76,36.04,36.06,37665971.0,54.46,54.72,52.81,53.0,7458180.0,43.21,43.54,42.07,42.18,30784929.0,275.13,275.345,271.55,271.57,13741460.0,,,,,,24.34,25.22,24.205,24.69,9997358.0,143.4342,144.8843,142.597,142.6967,1542469.0,5.7657,5.8656,5.4959,5.5159,38806787.0,56.27,56.3299,55.555,55.57,12053403.0,94.1998,94.2356,93.5938,93.6832,6902748.0,54.05,54.23,53.7302,53.84,9580814.0,51.7057,51.7156,51.6065,51.6362,4300445.0,93.8031,94.3272,93.7536,94.3272,5638541.0,11.3769,11.5865,11.1174,11.2272,22009992.0,26.2547,26.4921,26.0569,26.3141,10449196.0,107.1555,107.1853,106.3419,106.4511,43907986.0,70.8491,72.1117,70.0685,70.2539,2513358.0,92.6283,92.6879,92.2808,92.3503,10203201.0,136.2481,139.2113,134.9455,136.5066,1885377.0,110.7911,113.9357,110.3397,113.0926,7435493.0,45.4373,46.0544,43.7253,43.8646,11811911.0,128.9757,133.2164,128.5546,130.0508,1969695.0,55.0389,55.9067,52.3159,52.4256,2510974.0,246.39,253.53,244.93,249.08,526704.0,92.3366,93.5414,91.4478,91.8823,4146095.0,45.45,46.638,44.96,45.8,11483309.0,25.4796,26.0173,24.8623,25.161,5637630.0,61.2,61.58,60.5,60.57,2587899.0,168.6202,170.8794,168.0332,170.2624,8687661.0,107.8246,110.1633,107.7751,109.9453,2254518.0,91.69,93.9919,90.663,90.8168,2026248.0,67.0203,67.4655,66.8125,66.8422,8866538.0,81.9447,81.9845,81.8553,81.8851,2946843.0,39.93,40.63,39.6212,40.08,13912845.0,30.74,30.9,30.13,30.2,37624032.0,32.7947,32.8047,32.6756,32.6955,10105529.0,26.9469,26.9718,26.6092,26.6589,3972232.0,49.6046,50.2224,49.49,50.033,2375050.0,122.7529,126.3683,121.8565,122.9222,2038482.0,56.924,57.842,56.8697,57.4274,4327427.0,40.4031,41.7103,40.0439,40.3931,4766162.0,108.4523,108.5314,108.1164,108.2051,2152174.0,181.8333,187.6008,180.6997,186.5567,1552913.0,23.51,23.92,23.2931,23.82,2312202.0,9.42,9.535,9.2704,9.28,24075733.0,80.2087,80.2149,79.7739,79.9616,10842454.0,77.6608,77.6806,77.5124,77.552,6706664.0,50.9841,51.2379,50.8497,51.1135,13256180.0,58.5187,58.5434,58.2513,58.3008,13341177.0,70.7034,70.9823,70.4843,70.8329,4384937.0,56.7211,56.7507,55.9892,56.1079,2206548.0,57.9257,57.9553,57.8663,57.8762,2582092.0,167.59,169.3994,167.0531,168.5643,3063565.0,114.7051,115.9311,114.4061,115.7118,1691360.0,45.2242,45.3297,44.8945,44.9744,7420017.0,62.2437,62.463,62.0642,62.2237,4088549.0,125.5424,126.963,125.1947,126.3471,1083364.0,55.68,55.9575,55.0556,55.7593,7911798.0,72.4254,73.4743,71.0212,71.2602,2446246.0,84.4676,85.4529,83.9401,84.587,5141514.0,86.505,88.043,85.9791,86.7928,15371017.0,107.6783,109.8086,106.6428,107.3414,17767836.0,37.4758,38.6244,37.4109,38.0151,2875877.0,45.0342,45.5276,42.9197,42.9596,3845174.0
1868,117.45,117.63,116.12,116.14,1630750.0,103.2493,104.0665,102.2726,103.4187,2998081.0,97.6391,97.7782,97.6093,97.6987,8949789.0,6.6747,6.8046,6.5948,6.7846,19780913.0,75.23,75.58,72.4,74.19,2761852.0,484.2255,486.7372,474.4081,476.4015,565046.0,15.72,15.73,15.25,15.32,19456733.0,42.5719,42.7011,41.6477,41.9558,4683613.0,48.1472,48.1671,48.0876,48.0975,4971721.0,72.2381,72.3569,72.2331,72.3074,5095057.0,32.8577,32.9315,32.1492,32.2279,12619575.0,77.1439,77.2331,77.1439,77.2133,1648450.0,338.0125,340.3512,335.3354,336.1017,1936119.0,42.47,43.13,42.16,42.54,3951411.0,10.39,10.53,9.97,10.0,20320956.0,98.115,98.7992,95.408,96.1219,7626002.0,13.49,13.5,12.96,13.06,9140020.0,155.1305,155.3478,151.1687,152.1369,6671549.0,475.8376,479.6443,468.8121,470.2272,1018178.0,34.55,34.58,33.44,33.61,8375810.0,44.58,44.59,44.26,44.31,21858446.0,83.71,83.73,82.85,83.0,13971270.0,89.9156,90.0147,89.6381,89.6381,4198666.0,42.1863,42.3143,41.748,41.9499,2044311.0,122.7959,123.0436,119.1592,119.9024,3266819.0,70.35,70.39,69.74,69.86,7266232.0,50.27,50.3,49.83,49.86,3501080.0,56.14,56.17,55.66,55.77,2073613.0,25.84,25.925,25.14,25.17,29252666.0,38.6775,38.7771,37.8313,37.9209,15203307.0,153.35,153.84,150.25,152.14,1148135.0,37.66,37.725,37.39,37.6,51075921.0,54.99,55.35,54.45,55.07,4510848.0,43.64,43.87,43.21,43.78,23488090.0,275.24,276.3,274.66,276.27,13364965.0,,,,,,25.07,25.145,24.41,24.6,10480442.0,147.63,147.8592,143.0904,143.9026,1959984.0,5.7357,5.8856,5.6758,5.8456,20164135.0,56.29,56.53,56.1901,56.52,5274121.0,93.8719,94.0443,93.8418,93.9564,4390889.0,55.03,55.065,54.6833,54.75,7360947.0,51.6759,51.8149,51.666,51.7057,3452157.0,94.2678,94.3667,93.9415,93.9415,4565846.0,11.6064,11.6962,11.3618,11.5565,20936685.0,26.8087,26.9076,26.3536,26.5317,8635014.0,107.1059,107.3639,107.0216,107.1555,31358135.0,72.3517,72.7225,71.698,72.059,1941977.0,92.3503,92.7376,92.3304,92.4595,2528175.0,140.3548,140.852,136.2444,136.5563,1708284.0,114.4219,114.8485,111.6442,113.0827,6879448.0,46.0245,46.6118,45.6065,46.4525,10535884.0,131.4943,132.4873,129.9015,131.2852,2111446.0,56.0563,56.7738,55.0589,56.3555,1450610.0,254.12,254.91,248.6,249.24,591037.0,95.2302,95.6746,92.7316,93.2649,2944403.0,46.53,46.72,45.6101,45.75,12177350.0,25.6688,25.9874,25.3582,25.848,3487932.0,63.04,63.12,62.075,62.39,2726797.0,171.8348,172.0637,169.4861,170.0534,7120644.0,110.4804,110.6587,108.5778,108.7561,1446339.0,95.381,95.5199,92.6871,93.0394,1678628.0,68.0393,68.0641,66.9906,67.1489,3572376.0,81.8851,81.9547,81.8752,81.9547,3932537.0,41.1,41.43,40.3,40.4,13049426.0,30.71,30.93,30.5101,30.91,23520653.0,32.7749,32.8146,32.755,32.7947,6830567.0,26.8178,26.884,26.7483,26.788,3937890.0,50.4316,50.5014,49.8039,49.8437,2987460.0,126.6272,127.0057,124.2419,125.4321,1562879.0,58.1677,58.2269,57.2645,57.378,1027063.0,42.12,42.18,40.85,40.86,3704217.0,108.1952,108.3534,108.1557,108.2644,1042876.0,189.2316,190.2757,182.7283,185.6319,1728525.0,23.9,24.18,23.67,23.88,2995589.0,9.81,9.9,9.62,9.65,37639124.0,80.1395,80.2779,80.0605,80.1494,4676172.0,77.6311,77.7172,77.5718,77.7102,3549341.0,51.9596,51.9795,51.422,51.422,14118964.0,58.3503,58.4493,58.3404,58.4295,2796158.0,72.1675,72.1874,71.3807,71.5401,3212506.0,56.4342,56.5777,56.2661,56.3452,2616461.0,57.8762,57.9314,57.8663,57.9257,2380252.0,170.3041,170.5725,167.9578,168.4847,2152254.0,117.0873,117.2369,115.7218,115.8015,2054901.0,46.0334,46.0633,45.7387,45.7736,6944998.0,63.3504,63.3952,62.8319,62.9117,4258333.0,127.4399,127.6833,125.761,126.1285,2300427.0,57.27,57.76,55.8776,56.02,6027627.0,73.521,74.6265,72.0171,74.1285,2504012.0,85.5723,85.6967,84.8159,85.1643,4753687.0,89.065,89.1841,86.5844,86.9813,16011569.0,110.8788,111.1562,107.3216,107.9458,15890063.0,38.954,38.984,37.4858,37.8054,3005547.0,48.6948,49.0838,47.857,48.5951,7071169.0
1869,118.62,119.045,117.56,117.63,1420905.0,104.9236,105.2675,103.6297,103.648,2323337.0,97.7683,98.0067,97.7037,97.8478,10605915.0,7.0844,7.1343,6.6947,6.6947,20163633.0,79.34,79.75,76.17,76.17,2763673.0,491.0828,493.5247,484.6442,484.6442,573595.0,15.61,15.7,15.45,15.45,10570947.0,43.6054,43.7992,42.7905,42.8303,5451463.0,48.2267,48.3459,48.1969,48.2565,3800636.0,72.3371,72.5252,72.2995,72.4163,4773287.0,33.2218,33.2661,32.8282,32.8774,10810798.0,77.1142,77.2133,77.1043,77.1539,1772353.0,340.9981,342.7124,337.3771,338.112,1684083.0,43.33,43.68,42.545,42.57,2481535.0,10.15,10.47,10.1,10.45,16483443.0,98.5215,99.6717,98.1844,98.4124,8031086.0,13.61,13.76,13.5,13.5,8838004.0,156.81,157.5312,154.8785,155.328,7615153.0,480.6707,484.3877,473.8545,475.6682,893001.0,35.11,35.38,34.63,34.63,7566962.0,45.34,45.4,44.74,44.74,37712443.0,84.65,84.78,83.87,83.93,12966764.0,90.1535,90.1733,89.9751,90.0048,6304443.0,42.8462,42.8659,42.2602,42.2848,3082387.0,122.4589,123.5787,122.1914,122.677,3695791.0,71.09,71.245,70.66,70.66,3315500.0,50.71,50.88,50.28,50.28,2388483.0,57.86,57.93,57.11,57.11,3471439.0,26.45,26.62,25.95,25.95,27460562.0,39.3346,39.8125,38.8169,38.8169,12880747.0,154.08,155.97,152.9475,153.35,836240.0,38.55,38.595,37.58,37.595,55266111.0,56.49,56.525,55.11,55.17,4669547.0,44.57,44.63,43.77,43.86,18558839.0,276.73,276.79,275.39,275.54,8583359.0,,,,,,25.22,25.39,25.07,25.16,8335023.0,150.45,151.13,147.91,148.43,2394969.0,5.8756,5.8956,5.7257,5.7457,16904236.0,56.62,56.63,56.3467,56.37,4505515.0,93.9514,94.2346,93.8471,94.0359,6733976.0,55.94,55.98,55.14,55.16,15920162.0,51.6859,52.0035,51.6759,51.805,5526031.0,94.515,94.5348,94.2382,94.2975,3428084.0,11.9956,11.9956,11.6663,11.6763,20205224.0,27.4913,27.5754,26.6801,26.7493,10623719.0,107.3242,107.7111,107.2696,107.4978,17561383.0,73.3275,73.7275,72.2151,72.2151,2365376.0,92.5489,92.7872,92.3701,92.6283,2331464.0,145.3366,146.2713,140.852,140.8918,2324027.0,117.0211,118.3504,113.9259,114.0549,8375083.0,47.2986,47.6121,46.1838,46.4824,11108259.0,128.9159,130.3694,127.0245,129.8915,3702726.0,58.53,58.6896,56.4054,56.4453,1409230.0,257.75,258.865,254.65,254.65,513394.0,97.2151,98.2225,94.9783,95.1018,2878921.0,47.26,47.51,46.51,46.53,10750940.0,26.5848,26.5997,25.8281,25.8281,3270426.0,63.47,63.79,63.39,63.43,4051542.0,174.1537,174.8002,171.7253,171.7253,8485673.0,111.6992,112.165,110.2128,110.6191,1283518.0,97.1174,98.0004,95.9664,96.2144,1497264.0,69.3552,69.4195,68.5835,68.91,5917752.0,81.8553,81.9149,81.8354,81.8652,4582673.0,41.43,41.695,41.03,41.1,11825555.0,30.81,30.85,30.42,30.42,20973689.0,32.7749,32.8444,32.7749,32.8146,7582634.0,26.937,27.086,26.8724,26.9767,1907991.0,50.9697,51.1591,50.3818,50.3818,2780369.0,124.4361,125.437,121.9163,125.3424,1983665.0,58.9771,59.0166,58.3158,58.4441,1084114.0,42.77,43.08,42.385,42.55,2573372.0,108.2249,108.4672,108.1656,108.3238,1838464.0,195.4962,196.6198,188.3863,188.3863,1472541.0,24.64,24.775,24.04,24.04,2917722.0,10.08,10.11,9.87,9.88,34569135.0,80.2285,80.4311,80.1791,80.3372,4887327.0,77.6509,77.7399,77.6321,77.6608,4206484.0,52.5767,52.6464,52.084,52.1188,15984990.0,58.3503,58.4889,58.3206,58.4097,2195024.0,72.9145,73.044,72.2671,72.287,6577441.0,56.6518,57.0079,56.543,56.7804,1713613.0,57.8564,57.9059,57.8465,57.8762,2268873.0,172.5708,172.9816,169.9959,169.9959,1934237.0,118.2535,118.6712,117.1372,117.1372,1370826.0,46.6627,46.7227,46.0334,46.0833,9626772.0,64.1779,64.2477,63.5348,63.5597,5473068.0,128.9797,129.3871,127.1915,127.1915,1032588.0,58.39,58.95,57.0552,57.27,7491733.0,75.7121,75.9113,74.248,74.4074,2702472.0,86.6472,86.9159,85.3932,85.3932,4307615.0,90.484,90.9007,88.9956,88.9956,14880792.0,112.7218,113.4501,110.7103,110.7797,19908789.0,40.0627,41.2014,39.1738,40.0128,11553887.0,52.2058,52.4352,48.4954,48.5652,7151781.0
1870,117.77,118.35,117.31,118.19,2009654.0,105.4618,107.5148,105.0731,107.1361,2753768.0,97.8676,97.9769,97.6391,97.659,9022067.0,7.2243,7.494,7.1743,7.3142,24514825.0,78.5,79.37,77.41,79.0,1934527.0,487.3153,491.2822,484.679,491.1725,513125.0,16.06,16.16,15.86,15.97,15696026.0,43.4265,43.983,43.0986,43.7246,5013705.0,48.2565,48.2664,48.1571,48.1869,4303229.0,72.4163,72.5054,72.2579,72.2678,4196326.0,33.6745,33.6825,33.3021,33.5662,10244239.0,77.1836,77.2133,77.1142,77.1241,1606408.0,335.0965,340.3612,333.7431,340.3612,3310243.0,43.09,43.4799,42.38,43.2,2389936.0,9.68,10.175,9.58,10.17,20010927.0,99.6816,100.0783,97.8968,99.6122,7861631.0,13.61,13.74,13.5,13.74,5070892.0,158.8748,159.1515,156.9137,157.8177,9289469.0,479.4948,484.3478,477.2725,480.4514,931744.0,35.37,35.91,34.82,35.66,7292660.0,45.11,45.28,44.9416,45.25,19974226.0,84.64,84.7701,84.1499,84.58,10513395.0,90.1238,90.2427,89.9305,89.9454,4764693.0,42.7576,43.0038,42.3045,42.8758,2832347.0,121.4581,123.6183,120.8933,123.5737,3028590.0,70.89,71.05,70.43,70.67,3352295.0,50.2,50.49,50.075,50.43,1900828.0,56.97,57.1,56.65,56.89,2871133.0,26.57,26.68,26.315,26.52,26370410.0,39.6631,40.131,39.1006,39.9419,14569882.0,154.28,156.82,152.89,156.74,701581.0,38.49,38.73,38.31,38.71,42261718.0,56.39,57.6499,56.295,57.22,4738560.0,44.85,45.645,44.69,45.44,21782902.0,279.96,280.215,278.97,279.9,9596547.0,,,,,,25.0,25.48,24.625,25.38,12605506.0,152.82,153.09,150.62,152.0,1474642.0,5.8756,6.0655,5.8456,6.0455,23309555.0,57.27,57.33,57.0749,57.28,6110119.0,94.0607,94.2197,93.7974,93.8123,8993542.0,55.69,55.91,55.48,55.9,7478207.0,51.7454,51.7752,51.5767,51.5767,3174787.0,94.3469,94.515,94.2975,94.4557,3055781.0,11.9956,12.295,11.9357,12.2751,19166765.0,27.2242,27.6199,27.1648,27.5012,12056545.0,107.5821,107.8103,107.1753,107.2944,27948148.0,73.2689,73.7861,72.8689,73.6104,1929774.0,92.6383,92.725,92.3639,92.3999,2466165.0,145.1775,147.8822,143.8749,146.8182,2797877.0,117.1699,118.2598,116.35,117.3385,7234853.0,47.5872,48.4482,47.2637,48.1147,12076204.0,129.2246,129.9015,127.8707,129.4137,2168099.0,59.298,61.3427,58.8491,60.5947,1418705.0,257.93,259.15,254.72,258.49,316414.0,96.7905,98.4792,96.4608,97.9064,2728703.0,47.65,47.85,46.93,47.7,8347383.0,26.4852,27.3515,26.4454,27.2469,4718790.0,64.14,64.23,63.25,64.0,3030264.0,173.248,173.9447,172.5115,173.9447,6404509.0,111.4614,112.0461,110.7578,112.0163,692436.0,98.0302,98.5611,96.3037,98.2286,973420.0,70.216,70.2259,69.375,69.6619,5306929.0,81.8553,81.8951,81.8454,81.8454,3438798.0,41.13,41.76,40.8,41.6,14406363.0,30.85,31.15,30.815,31.1,20424556.0,32.8245,32.8742,32.7799,32.7848,5977636.0,26.9767,27.0463,26.7979,26.8178,3165835.0,50.8103,50.9696,50.5711,50.9,2112474.0,126.5774,126.7666,123.6792,124.4361,1914512.0,58.8981,59.1646,58.4934,58.9573,983917.0,42.27,43.3,41.625,43.3,3674667.0,108.3436,108.4523,108.1656,108.1755,1172248.0,193.1793,197.1568,192.2346,196.6,1201909.0,24.45,24.58,24.11,24.45,2464117.0,10.18,10.21,9.955,10.09,37160426.0,80.3866,80.5151,80.1791,80.2285,6429901.0,77.73,77.7696,77.6415,77.7399,2923561.0,52.507,52.5866,52.2233,52.4971,11004080.0,58.4097,58.4791,58.3107,58.3107,1781418.0,73.2033,73.288,72.7302,73.1037,5124688.0,56.7507,56.9139,56.3848,56.3848,1690886.0,57.8762,57.8861,57.8465,57.8564,1975150.0,171.7158,172.4913,171.1293,172.3024,2476770.0,117.4063,117.9944,117.0176,117.9047,1690125.0,46.5428,46.6827,46.373,46.6827,7580768.0,64.0981,64.1578,63.7492,64.0782,4476126.0,128.2943,128.94,127.877,128.7413,751879.0,58.4,58.99,57.97,58.37,5519340.0,75.224,77.1263,74.3671,77.1263,2007157.0,86.4979,87.0055,86.1546,87.0055,5011996.0,90.6328,91.1934,89.9184,90.99,15403262.0,112.6029,113.4947,111.5427,113.0488,15998713.0,41.6509,42.0504,40.0128,40.2525,6683848.0,52.0163,52.9838,51.2882,52.9339,5522656.0
1871,118.73,119.45,117.7,117.96,5359130.0,105.123,105.5415,103.9171,105.5316,2327560.0,98.1557,98.1846,97.6838,97.7782,6764189.0,7.2442,7.3224,7.0281,7.1743,22870458.0,79.49,80.15,78.3,78.62,1984650.0,497.3819,500.5913,483.4182,487.3153,369067.0,16.16,16.28,15.91,15.96,14276990.0,44.3209,44.7879,43.3768,43.3967,6839886.0,48.4055,48.4155,48.2466,48.2863,2974200.0,72.6342,72.6639,72.2876,72.3569,4201613.0,34.0583,34.1075,33.458,33.6942,14017926.0,77.3024,77.3322,77.0944,77.1241,1432449.0,336.9974,340.3612,335.0567,335.3155,2407288.0,44.19,44.34,43.39,43.54,3029765.0,9.56,9.7,9.22,9.61,19141468.0,100.4749,101.7887,99.4238,99.6519,8784655.0,13.89,13.99,13.59,13.61,8217664.0,162.0759,162.56,158.9638,159.028,11503859.0,477.7409,481.139,475.5187,477.0932,841944.0,36.05,36.451,35.25,35.28,10658216.0,45.22,45.38,45.0,45.29,31657452.0,84.89,85.185,84.2773,84.34,16362393.0,90.6193,90.6887,90.0891,90.1337,7578227.0,43.0925,43.2599,42.5901,42.6492,1913989.0,123.8066,124.3665,121.6266,121.6266,3479280.0,71.7,71.875,70.96,71.01,3473227.0,50.14,50.455,49.86,50.06,2183714.0,57.24,57.49,56.725,57.13,2752210.0,26.94,27.115,26.61,26.69,26788694.0,40.2406,40.9126,39.3494,39.6233,17519016.0,154.25,154.325,152.26,154.32,590947.0,38.33,38.7294,38.22,38.72,33290163.0,56.54,56.78,55.7,56.33,3744954.0,45.23,45.275,44.54,44.87,17130740.0,281.11,281.479,279.06,279.85,8822197.0,,,,,,25.08,25.43,25.03,25.09,9792245.0,156.38,157.1,152.8,152.82,2999409.0,5.8256,5.8856,5.6658,5.7957,18091695.0,57.51,57.585,57.0907,57.27,5683752.0,94.3489,94.3737,93.8322,93.9812,5854692.0,55.76,55.99,55.53,55.94,22800352.0,51.8745,51.8844,51.6859,51.7057,1940992.0,94.9106,95.0688,94.3667,94.3667,4234483.0,12.1753,12.2451,11.9008,12.0555,16725068.0,27.5506,27.6397,27.1648,27.3429,11477999.0,108.2171,108.3213,107.4333,107.602,27469802.0,71.8736,73.5226,71.5721,73.2006,2543081.0,92.8567,92.956,92.3503,92.4198,2618943.0,148.7274,149.7615,144.9289,145.6846,3591362.0,118.896,120.2849,115.3048,116.2969,8430838.0,47.7664,48.1446,47.2588,47.627,9701174.0,130.459,130.9267,128.5277,129.7522,1861121.0,60.1059,60.4151,58.4601,59.278,1290516.0,260.88,263.46,258.06,258.14,487180.0,98.8051,99.6347,97.1213,97.3238,3153305.0,47.96,48.475,47.56,47.56,9812668.0,26.4056,26.5649,25.9874,26.2861,2584157.0,63.86,64.055,63.3701,63.565,1669350.0,174.5318,175.3678,173.0092,173.4272,7666295.0,113.1856,113.3937,111.2335,111.5902,990806.0,98.7644,99.6773,97.5638,98.3179,1244334.0,70.7601,71.0223,70.5165,70.7205,5026783.0,81.9745,81.9745,81.8056,81.8354,3886344.0,41.08,41.67,40.9423,41.37,19553862.0,30.75,30.88,30.445,30.68,23258471.0,32.9536,32.9635,32.8096,32.8245,6347672.0,27.086,27.1059,26.8676,26.9469,3785563.0,51.0793,51.2987,50.7007,50.8801,1956414.0,128.0016,128.171,125.7707,126.8065,1979677.0,59.1153,59.2189,58.7345,59.0758,819831.0,42.59,43.14,42.06,42.33,3316888.0,108.8973,108.8973,108.1705,108.2743,1391774.0,197.8429,198.8672,193.3185,194.1836,1026084.0,25.19,25.32,24.54,24.57,2547245.0,10.19,10.22,10.04,10.13,47709118.0,80.7424,80.8215,80.3117,80.357,6021578.0,77.9179,77.9427,77.651,77.6608,5841924.0,52.7459,52.9002,52.3527,52.4075,13407681.0,58.5583,58.5739,58.291,58.3503,2059937.0,73.1734,73.4224,72.6755,72.8199,6413042.0,56.9782,57.0227,56.5332,56.6914,1579144.0,57.9355,57.9454,57.8267,57.8465,2699417.0,172.7597,173.4755,171.3888,171.9346,3914177.0,118.3731,119.0492,117.3764,117.6455,1170651.0,46.6128,46.7776,46.423,46.6727,8008296.0,64.2676,64.5119,63.9087,64.0483,3635003.0,129.3374,129.854,128.1303,128.4631,770555.0,59.32,59.57,58.47,58.72,5173998.0,75.8615,76.0108,74.4273,75.234,1398257.0,86.7865,87.11,85.9655,86.5676,5126788.0,92.1113,92.5181,90.732,90.7519,15871295.0,114.3568,114.7581,112.7912,113.1578,17315001.0,41.571,41.8306,41.1625,41.6509,7697405.0,51.348,52.9489,50.8992,52.8841,3837799.0
1872,118.23,118.855,117.54,117.63,2272500.0,105.0532,105.7608,103.5782,104.4154,1566746.0,98.2153,98.6027,98.1557,98.573,6556791.0,7.0544,7.1643,6.9445,7.0344,20597722.0,77.03,78.52,76.3005,77.41,2009651.0,491.4516,495.5496,488.013,490.8237,436168.0,15.97,16.03,15.7801,15.79,16939897.0,44.4103,44.7184,43.8042,44.3407,6101968.0,48.3757,48.8129,48.3459,48.8129,2750988.0,72.6639,72.9461,72.6381,72.9312,3760920.0,34.196,34.3928,33.8368,33.9205,21305647.0,77.352,77.451,77.3222,77.4411,1698950.0,334.6387,338.1515,332.0114,332.9668,2782873.0,44.85,45.81,43.66,43.66,4191913.0,9.53,9.62,9.27,9.42,16071063.0,101.4466,101.7639,99.989,100.2964,11577818.0,14.03,14.17,13.65,13.76,10225808.0,162.7872,163.3207,160.4556,161.1669,9545886.0,475.3592,478.867,466.4603,474.3428,1153437.0,36.13,36.335,35.55,35.75,6915751.0,44.8,44.87,44.535,44.6,25180928.0,84.18,84.25,83.645,83.67,11820548.0,90.4409,90.8473,90.3765,90.768,8001299.0,43.5653,43.5751,42.8167,42.9447,1884488.0,123.1724,124.3516,121.8891,122.8256,4074876.0,71.32,71.34,70.76,70.77,2640384.0,50.28,50.41,49.92,49.95,2381144.0,56.73,56.87,56.36,56.49,1720063.0,26.58,26.8,26.525,26.8,22603508.0,40.5193,41.3456,40.3849,40.8628,22075622.0,155.53,156.6,152.0,152.89,742113.0,37.23,37.5,37.155,37.26,67297611.0,56.38,56.62,55.38,55.7,2648297.0,45.16,45.335,44.38,44.645,10082891.0,280.75,280.9,279.43,279.49,5863288.0,,,,,,24.99,25.34,24.72,24.89,16371521.0,157.37,157.775,154.86,155.27,1796377.0,5.8456,5.9356,5.5958,5.6558,15433483.0,57.44,57.465,57.16,57.18,5281754.0,94.488,94.8705,94.3737,94.8556,4409137.0,55.27,55.3899,54.98,55.26,6778469.0,51.8745,51.9638,51.8646,51.9638,2407920.0,94.7919,94.9996,94.7227,94.7425,2674319.0,12.295,12.3649,11.9557,11.9856,16261444.0,27.7584,27.8622,27.422,27.4715,8205546.0,108.0584,108.7926,108.0485,108.7827,26937327.0,70.9271,71.4052,70.5271,71.4052,2642576.0,92.956,93.2539,92.9113,93.244,1831139.0,151.094,151.2232,146.848,147.1961,3638827.0,119.5111,120.8404,117.8742,117.8742,7026044.0,47.5374,47.9555,46.9801,47.2787,7056173.0,128.9159,130.0807,127.796,128.9159,2799389.0,60.056,60.5228,58.0013,58.4502,943128.0,261.74,263.95,258.0,258.21,218640.0,99.3977,99.7038,97.8571,98.3706,2753487.0,47.96,48.16,47.17,47.63,9062264.0,26.2861,26.5848,25.5493,25.7883,2299596.0,62.92,63.35,62.64,62.74,2352068.0,173.8053,174.92,173.3276,173.7257,7686180.0,112.7794,113.146,111.4416,112.2244,613089.0,98.4469,99.7169,97.2761,97.7424,1199183.0,71.1856,71.2845,70.4138,70.5227,3981937.0,81.9944,82.0639,81.9845,82.0639,3039391.0,41.28,41.78,40.6,40.76,12753109.0,30.5,30.5385,30.23,30.27,12842059.0,32.9436,33.0379,32.9436,33.033,4686175.0,27.1257,27.384,27.0861,27.374,2735614.0,50.9897,51.2687,50.7405,50.8203,1790842.0,126.1292,128.0265,126.0894,127.4788,1763166.0,59.1252,59.3127,58.4836,58.6908,942136.0,42.48,42.96,41.802,42.09,2535338.0,108.9962,109.2433,108.8478,109.2236,2287121.0,198.3998,198.7478,195.8939,197.1568,1321139.0,25.38,25.775,24.76,24.84,2547584.0,10.14,10.18,10.06,10.11,31148146.0,80.7127,81.226,80.7127,81.0833,5866494.0,77.9179,78.0366,77.913,78.0366,3882778.0,52.3378,52.3826,51.9844,52.0292,8143200.0,58.6177,58.7761,58.5632,58.7564,1294320.0,72.4165,72.5061,71.9683,72.038,3341551.0,57.0969,57.6211,57.0079,57.6211,1801216.0,57.9652,58.0047,57.9454,57.9949,2253589.0,172.4118,173.2469,171.6761,171.9644,2599526.0,117.8648,118.4628,117.1571,117.2967,1589470.0,46.1932,46.2931,45.9934,46.0933,6651903.0,63.7691,63.8389,63.3703,63.4002,2773260.0,128.94,129.5857,128.4631,128.5724,859383.0,59.75,59.8058,58.9083,59.0,5967690.0,75.2639,76.1802,74.3476,74.7659,1309200.0,86.2391,86.9756,86.1197,86.5278,3803072.0,92.4486,92.7562,91.2182,91.6052,16581799.0,114.8423,115.4071,113.1702,113.6731,16230772.0,41.0116,41.491,40.4023,41.2014,6235151.0,46.8995,47.9767,46.5903,47.079,6317220.0
1873,117.98,118.125,117.02,117.18,1582947.0,103.9868,104.1463,102.2926,103.9669,2191686.0,98.0961,98.3892,98.0961,98.3147,5028775.0,6.9145,7.0044,6.7446,6.9045,26921945.0,77.56,77.74,75.13,75.76,4483845.0,491.0131,493.156,481.5544,487.5246,1409530.0,15.75,15.8,15.42,15.51,14020663.0,43.8339,44.4004,43.4116,43.9234,20139231.0,48.3459,48.4254,48.336,48.3757,2523876.0,72.6045,72.7976,72.5847,72.7282,7078526.0,33.9992,34.3338,33.832,34.0779,40923610.0,77.4015,77.4609,77.3766,77.4213,1358146.0,334.171,334.3402,327.6325,329.6229,6766101.0,44.53,45.02,44.02,44.64,2993192.0,9.42,9.48,9.04,9.12,21050808.0,101.0599,102.0911,100.4848,101.5458,55090759.0,14.13,14.17,13.93,13.93,11163647.0,162.7674,162.9008,161.1472,162.5106,21625460.0,470.7852,474.0438,466.6721,471.9511,1685211.0,36.15,36.28,35.7709,35.97,12728244.0,44.58,44.65,44.4,44.44,19403829.0,83.66,83.82,83.37,83.55,18771241.0,90.1733,90.3418,90.0643,90.3418,5559817.0,43.2107,43.5062,42.925,43.4372,3269940.0,124.0345,124.0345,121.8743,122.4193,9750401.0,71.33,71.42,71.045,71.16,3482127.0,50.22,50.23,49.72,49.87,3217687.0,56.86,57.17,56.73,57.17,3722940.0,26.57,26.58,26.31,26.35,19579938.0,40.0713,40.1908,39.0359,39.7826,22336021.0,155.83,155.95,152.79,154.1,809071.0,36.56,36.7,36.36,36.48,51625435.0,55.53,55.73,54.68,55.53,4083342.0,44.5,44.63,43.84,44.54,18163627.0,278.49,279.46,276.59,279.46,9359340.0,,,,,,24.74,25.005,24.515,24.82,56967314.0,156.58,157.0,155.4,156.53,2696276.0,5.7557,5.7757,5.6058,5.6957,22088246.0,56.97,57.155,56.585,57.14,5562191.0,94.4085,94.7264,94.3836,94.637,4919587.0,55.08,55.14,54.845,54.99,5660476.0,51.8943,51.9439,51.8844,51.9439,1735585.0,94.693,94.8018,94.4755,94.8018,3032768.0,12.1353,12.1753,11.9258,12.1303,15992142.0,27.6298,27.7781,27.4616,27.6891,19506438.0,107.9096,108.2469,107.8351,108.1278,26447414.0,69.8148,70.4441,69.0342,70.3222,12985562.0,92.8964,93.1596,92.8866,93.1149,1830956.0,149.1152,151.1934,147.0071,150.2388,6814264.0,119.1837,119.9178,117.3584,118.4,10990077.0,47.1393,47.1393,46.134,46.9004,27911749.0,121.4597,126.0091,119.0307,124.6752,10007352.0,58.3005,58.6497,56.555,58.4003,1204698.0,259.0,260.99,257.61,258.75,480890.0,98.104,99.2199,97.4423,98.8742,9379363.0,47.94,48.13,47.515,47.73,23304423.0,25.6389,26.0471,25.161,25.8281,4101565.0,61.99,62.03,61.4,61.69,3703992.0,173.0092,173.3475,171.4865,172.6409,7787828.0,112.5713,112.9775,111.6596,111.6695,758358.0,99.6276,100.8282,95.252,96.8792,5119651.0,70.2555,70.7601,70.0181,70.6216,3756595.0,82.0441,82.1037,82.0441,82.0838,3172518.0,40.99,41.54,40.76,40.98,73470363.0,30.02,30.25,29.7211,30.21,17198896.0,32.9436,32.9933,32.9369,32.9734,8432172.0,26.9966,27.1803,26.9718,27.1456,2366944.0,50.8502,50.907,50.4315,50.616,1934052.0,122.1752,124.1971,120.5817,123.6991,6338135.0,58.7599,59.1153,58.3256,58.9573,1950281.0,41.47,41.85,40.77,41.75,3531840.0,108.8676,109.2285,108.8676,109.1939,1228410.0,196.2917,197.823,195.2575,197.4551,2054811.0,25.0,25.23,24.72,25.05,3243441.0,10.07,10.09,9.98,10.0,35053391.0,80.6831,80.8709,80.6584,80.8511,3827759.0,77.9674,78.0317,77.9377,77.9971,3281229.0,52.05,52.125,51.84,52.01,8198396.0,58.6177,58.7514,58.6078,58.7068,1603612.0,71.78,71.915,71.54,71.75,3939264.0,56.8002,57.2007,56.7704,57.1464,1577399.0,58.0048,58.0345,57.985,58.0147,1790856.0,171.4872,171.9445,170.4234,171.5667,4108717.0,117.6,117.71,116.66,116.94,905399.0,45.98,46.0769,45.815,45.92,5581426.0,63.46,63.55,63.21,63.29,4668292.0,128.4,128.565,127.49,128.15,2385885.0,59.6,59.88,59.18,59.68,13202493.0,74.6962,74.7759,73.3915,74.6514,3159269.0,85.3832,85.5226,84.3283,85.5226,8404357.0,91.8037,92.3593,91.2232,92.141,18487766.0,114.4459,114.9315,113.3064,114.4459,41102795.0,40.8518,41.1215,40.0328,40.1027,4921650.0,44.346,44.8647,43.5979,44.0468,5335878.0
1874,119.71,119.71,118.9,119.07,3691632.0,103.8274,104.8738,103.3091,103.6779,1934672.0,97.7186,97.9968,97.6789,97.957,4894841.0,6.9545,7.0344,6.8246,6.9145,19099038.0,77.55,79.37,77.22,78.22,1748347.0,506.4718,507.9669,494.1626,498.9368,448252.0,15.99,16.09,15.92,15.94,12584271.0,44.3209,44.8972,44.1519,44.5196,9529018.0,48.2962,48.3459,48.2664,48.3459,2477864.0,72.2876,72.5054,72.2678,72.4757,5637341.0,33.5662,34.1075,33.4186,33.8713,10093051.0,77.2232,77.352,77.2232,77.3222,1734376.0,340.0328,341.5057,337.6642,338.9181,2277496.0,45.74,46.21,45.06,45.36,2388446.0,9.29,9.84,9.18,9.63,20232732.0,101.3276,102.0614,100.7129,101.169,6768289.0,14.3,14.47,14.2,14.22,8902461.0,163.0342,164.4272,162.3377,162.7082,8068002.0,478.289,481.5476,472.5092,474.9806,903919.0,36.96,37.2,36.12,36.25,5722202.0,44.78,44.895,44.66,44.75,20478983.0,83.65,83.83,83.345,83.585,12201774.0,90.1139,90.2477,89.985,90.2031,4259191.0,43.5948,43.8164,43.1417,43.2895,2600232.0,127.1064,128.0205,123.8215,124.1138,3236224.0,71.17,71.21,70.94,71.11,3396853.0,50.38,50.48,50.11,50.11,2253863.0,57.31,57.355,57.04,57.13,1579986.0,26.19,26.495,26.11,26.33,17662663.0,41.4253,42.1222,41.1465,41.3058,21356090.0,155.79,157.71,155.4,156.24,928270.0,36.67,36.94,36.61,36.9,38216057.0,55.22,56.0179,55.17,55.85,2393631.0,44.25,44.76,44.185,44.555,14465094.0,277.25,279.089,276.86,278.91,7870109.0,,,,,,25.6,25.68,24.95,25.11,16666643.0,157.35,158.53,156.475,156.58,2349108.0,5.8656,5.9256,5.6957,5.7807,19168437.0,56.7,57.0881,56.634,57.04,5024523.0,93.862,94.17,93.8349,94.1452,4823901.0,55.25,55.42,55.15,55.385,8589312.0,51.8248,51.8942,51.805,51.8844,2127192.0,95.0589,95.0787,94.8414,94.871,5012735.0,12.1753,12.2751,12.0355,12.1852,15542552.0,28.4014,28.4805,27.7584,27.7781,12508517.0,107.4432,107.7905,107.3589,107.7905,25243281.0,70.2148,70.7417,69.644,70.2539,3432134.0,92.4198,92.7574,92.39,92.7574,1516692.0,147.8424,152.5855,146.7287,150.2885,3087676.0,123.2808,123.8265,121.0289,121.3364,6184381.0,46.6018,47.3981,46.3829,47.0298,10245951.0,126.8254,128.8463,124.934,126.4272,4234146.0,57.5624,58.9488,57.4527,58.4202,831131.0,263.7,264.92,260.81,260.83,391104.0,101.0271,101.4518,98.5286,98.9631,3284740.0,47.92,48.55,47.56,47.62,10159535.0,25.7584,26.1168,25.629,25.7684,1845574.0,62.17,63.195,62.1,62.89,2026111.0,175.69,175.97,174.34,174.64,9323432.0,114.8603,115.2171,113.1658,113.2154,739053.0,98.8636,102.8622,98.2485,100.8282,2368490.0,70.5227,70.5969,70.1566,70.2061,4392195.0,81.9348,82.0043,81.9249,82.0043,2351301.0,41.7,41.8,41.125,41.32,10438915.0,29.96,30.24,29.92,30.13,17493688.0,32.8642,32.9238,32.8543,32.9238,3611377.0,26.7284,26.8625,26.7085,26.8575,2089235.0,51.43,51.5065,51.18,51.28,1854633.0,126.1492,127.3642,124.695,125.0934,2214427.0,59.747,59.9395,59.2239,59.2239,1594397.0,41.91,42.7,41.68,42.31,3109214.0,108.5908,108.7984,108.5349,108.7687,1977537.0,203.8093,204.5849,198.8771,199.245,1259542.0,25.39,25.5799,25.13,25.375,2250823.0,9.94,10.2,9.915,10.14,19496551.0,80.3866,80.6436,80.3668,80.604,4036736.0,77.8487,78.0366,77.8299,78.0366,2125297.0,52.12,52.1999,51.93,52.03,10202103.0,58.3701,58.5187,58.3701,58.5187,2409100.0,71.73,71.95,71.49,71.74,5668001.0,56.2265,56.5233,56.2068,56.5134,1972168.0,57.9059,57.9652,57.9059,57.9652,2671239.0,173.5352,173.8136,172.6007,172.9387,1780847.0,119.09,119.2,118.27,118.27,1425792.0,46.12,46.275,46.06,46.18,6227126.0,63.56,63.71,63.3744,63.71,3859469.0,129.74,129.9887,129.14,129.29,1075267.0,61.09,61.545,60.0,60.06,6314315.0,74.6066,75.4133,74.3875,74.3875,1406105.0,86.54,86.71,85.94,86.25,4602572.0,92.85,93.395,92.07,92.22,11912264.0,114.7432,115.8431,114.5252,114.6243,14207469.0,41.1015,41.9705,40.6221,41.3312,6123095.0,44.7151,45.6826,44.4956,45.6128,4975520.0
1875,119.77,120.015,119.565,119.9,2414019.0,105.0931,106.3887,104.5698,104.9735,2074868.0,97.808,97.9173,97.6987,97.7285,5663057.0,6.8845,7.2742,6.8545,7.2043,17927094.0,77.67,79.93,77.15,77.86,1492426.0,508.8838,511.2859,506.1728,507.3988,433400.0,16.25,16.29,16.1301,16.19,16347734.0,44.8972,44.937,44.4202,44.5643,7541334.0,48.3062,48.3956,48.1969,48.3956,2640576.0,72.3767,72.4558,72.2777,72.2876,6133739.0,33.7434,34.3781,33.6942,34.196,10231035.0,77.2925,77.3322,77.2233,77.2727,2140729.0,340.9782,343.1577,339.1968,341.9336,1678009.0,44.48,45.87,44.05,45.535,2775048.0,9.4,9.66,9.27,9.28,18463083.0,101.6846,102.4778,100.5641,101.7143,6556474.0,14.36,14.57,14.26,14.4,7197152.0,163.9431,165.8005,163.1231,164.0814,7869159.0,477.2626,480.4813,475.4888,480.0329,808229.0,36.97,37.77,36.83,37.26,5934061.0,44.65,44.855,44.61,44.735,29535910.0,84.11,84.32,83.91,84.22,10478188.0,90.2031,90.2923,89.985,89.985,4176201.0,43.7524,43.9888,43.4471,43.7524,2792797.0,126.2245,128.3797,125.9173,127.2352,3337169.0,71.68,71.73,71.17,71.29,12540278.0,50.46,50.485,50.29,50.46,1779605.0,57.07,57.165,56.96,57.0,2309727.0,26.42,26.815,26.345,26.35,27892132.0,42.8191,43.0779,41.9007,42.0126,20804715.0,155.82,158.52,154.83,157.75,820546.0,36.3,36.715,36.25,36.46,32355028.0,56.22,57.35,56.08,56.159,2969972.0,45.02,45.62,44.86,44.87,16156911.0,278.47,279.96,278.27,278.78,5090179.0,,,,,,25.69,26.07,25.54,25.76,9032639.0,158.29,160.08,157.71,157.71,1540658.0,5.8256,6.1754,5.7957,6.0455,17212412.0,56.99,57.2735,56.93,57.02,2805188.0,94.021,94.1253,93.8421,93.862,6825832.0,55.16,55.3767,55.11,55.24,5802320.0,51.8546,51.8943,51.8248,51.8447,2366162.0,94.96,95.1578,94.9106,95.0787,1917952.0,12.2751,12.5609,12.1952,12.3549,14340195.0,28.5201,28.8169,28.342,28.5201,11393868.0,107.5524,107.7707,107.344,107.4432,22743989.0,68.156,70.3709,68.0974,70.2343,3030677.0,92.5985,92.7028,92.4198,92.4297,1767083.0,148.2501,150.5073,147.5739,148.7373,3562062.0,124.2034,125.0467,123.1618,123.9058,4326253.0,47.3284,47.9804,47.0796,47.0895,8070922.0,126.9847,128.1891,126.0443,126.706,2662039.0,59.62,61.1599,58.99,58.99,1627297.0,265.86,267.41,264.21,265.02,235658.0,101.1061,102.3504,100.9086,101.5604,2672886.0,49.01,49.29,48.27,48.36,11109250.0,25.858,26.6744,25.8032,26.2463,2653890.0,62.81,63.31,62.78,62.92,1866537.0,175.27,176.09,174.5301,175.96,4313079.0,115.5936,116.2675,115.0387,116.0297,704207.0,100.6893,101.7311,99.9352,100.3619,2644769.0,71.2647,72.4618,71.0767,71.8583,7373463.0,81.9646,82.0043,81.9447,81.9547,2711641.0,42.28,42.39,41.91,42.0,12757827.0,30.58,30.755,30.515,30.55,19168007.0,32.894,32.9337,32.8654,32.8841,4485127.0,26.7483,26.8178,26.6639,26.6688,1755623.0,51.41,51.565,51.24,51.47,1558152.0,127.4837,128.2307,126.1492,126.8065,1435391.0,60.1616,60.4478,59.8852,59.9938,2096135.0,42.73,42.925,42.38,42.6,2757045.0,108.7687,108.8182,108.5856,108.6303,1165278.0,204.4158,206.9316,203.2425,204.8136,1428310.0,24.87,25.44,24.58,25.43,2563607.0,10.09,10.16,10.05,10.08,27410588.0,80.5151,80.6238,80.3866,80.436,4682320.0,77.9179,77.9575,77.8586,77.8685,6033388.0,52.4,52.51,52.27,52.46,10177483.0,58.4692,58.5088,58.3943,58.3998,2864684.0,72.16,72.46,72.01,72.38,4148921.0,56.2859,56.4244,56.1128,56.1276,1232998.0,57.9454,57.9652,57.9257,57.9355,2950470.0,173.0182,173.9528,172.372,173.7639,2302006.0,119.32,119.55,119.08,119.4,1325162.0,46.07,46.255,46.03,46.12,5974196.0,63.77,63.8999,63.67,63.84,4184060.0,129.18,129.99,128.7765,129.95,1484909.0,60.91,61.665,60.69,61.25,6528856.0,75.6324,76.1503,75.0647,75.6224,1657063.0,86.52,86.9875,86.15,86.81,3811125.0,93.23,94.04,92.95,93.26,11146002.0,115.526,116.5615,114.9045,115.3674,12081795.0,42.9493,43.1391,41.0715,41.0715,6690700.0,43.32,44.85,42.78,43.97,4117241.0
1876,118.45,119.75,118.157,119.53,1724082.0,104.3954,105.7209,103.8573,105.4518,1383291.0,97.5696,97.7583,97.5628,97.7186,6744041.0,6.7846,7.0027,6.7546,6.9145,15013860.0,75.72,78.31,74.255,77.68,1314615.0,503.4419,516.0102,503.088,511.0168,348187.0,16.06,16.3377,16.01,16.18,10841896.0,43.7445,45.0761,43.5706,44.9668,5953036.0,48.3062,48.336,48.2409,48.2962,2882579.0,72.2183,72.3461,72.1787,72.3074,4881976.0,33.8713,34.2797,33.7532,34.0878,10731550.0,77.2529,77.3024,77.2232,77.2628,1170945.0,339.4755,345.6059,337.1666,341.7147,1705089.0,43.25,44.61,42.97,44.45,2640941.0,9.14,9.455,9.085,9.35,17059630.0,102.3291,103.985,101.7441,102.7753,7170916.0,14.24,14.5556,14.2,14.5,7799314.0,165.9487,166.9268,165.2374,165.3559,10077764.0,481.9363,483.2018,475.5187,479.7937,811268.0,37.47,37.85,37.2,37.42,7510443.0,44.38,44.68,44.32,44.62,22050037.0,83.02,83.775,82.875,83.55,17011162.0,89.6877,90.1238,89.6579,90.1238,8930692.0,43.8509,44.1267,43.6736,43.9297,2624359.0,128.0081,129.336,127.1361,127.5821,2716776.0,70.75,71.26,70.68,71.18,8323211.0,49.51,50.2,49.375,50.13,6238651.0,56.81,57.47,56.69,57.47,1797106.0,26.3,26.48,26.19,26.42,18506542.0,41.3058,43.2571,41.1674,43.048,19433672.0,153.28,156.37,152.92,155.88,488248.0,36.27,36.53,36.0401,36.27,31577186.0,55.72,56.66,55.61,56.47,3147941.0,44.67,45.29,44.56,45.22,10133860.0,278.24,279.02,277.78,278.93,3741843.0,,,,,,25.7,26.24,25.64,25.96,8554116.0,160.52,161.63,159.76,159.88,2513636.0,5.7557,5.9056,5.7257,5.8956,12794740.0,56.92,57.085,56.84,57.07,2373410.0,93.8024,93.9564,93.7179,93.862,8281749.0,54.83,55.175,54.7347,55.08,4723303.0,51.8248,51.8745,51.8149,51.8546,1412511.0,94.5052,94.9452,94.3568,94.9205,4132748.0,12.1753,12.3848,12.0955,12.3848,9150528.0,28.1738,28.7773,28.0452,28.7179,11928476.0,107.1158,107.3738,107.0662,107.3738,17115590.0,69.3366,69.3952,68.117,68.1657,3027627.0,92.4694,92.5985,92.3503,92.4992,7985491.0,148.966,153.0183,148.5086,150.0698,1981201.0,121.2273,125.3344,120.6371,124.7689,5085723.0,47.1692,47.836,46.9154,47.6867,6830083.0,126.7259,128.5268,126.0091,126.3177,2340205.0,58.64,60.33,58.38,60.18,797244.0,266.8,271.5,266.01,267.53,425510.0,100.0001,102.3208,99.6347,102.0246,2731725.0,49.75,50.47,49.275,49.52,11294883.0,25.6389,26.077,25.5145,26.0471,2506089.0,62.87,63.055,62.505,63.04,1863110.0,174.94,176.32,174.38,175.62,4641889.0,115.2171,116.6242,114.7712,115.9702,748248.0,96.9388,101.1953,96.0656,101.1953,1940333.0,72.2541,73.0208,71.9276,72.4866,8163168.0,81.9447,81.9804,81.9447,81.9547,3685790.0,42.42,43.35,42.325,42.74,11753128.0,30.53,30.7599,30.48,30.71,13648352.0,32.8642,32.8841,32.8444,32.8742,4527350.0,26.5894,26.6837,26.5496,26.6291,2562915.0,51.39,51.6901,51.2501,51.5,1822373.0,127.8224,129.5852,127.3344,127.5236,1245852.0,60.359,60.5959,60.1122,60.3392,3179670.0,40.12,42.99,40.08,42.68,5899747.0,108.6303,108.8043,108.5809,108.6896,1548137.0,200.9056,206.7526,199.7522,205.8378,1281337.0,24.29,24.83,24.205,24.66,1655638.0,10.13,10.15,10.06,10.09,22941976.0,80.3273,80.4756,80.2878,80.4756,6414106.0,77.8784,77.908,77.8388,77.8982,1407527.0,51.77,52.21,51.665,52.11,15043061.0,58.3998,58.4493,58.3404,58.4097,3168541.0,71.14,71.8766,70.97,71.56,7550789.0,55.9496,56.1573,55.8903,56.0386,2064047.0,57.9355,57.9553,57.9158,57.9355,1498424.0,173.227,174.3803,172.7796,173.4755,2425188.0,118.02,119.3344,117.715,119.09,1211645.0,45.79,46.12,45.73,46.05,9811803.0,63.11,63.59,63.005,63.5,3346262.0,129.31,130.16,128.99,129.41,1139665.0,59.95,61.43,59.645,61.29,8936466.0,74.9551,76.1901,74.7211,76.1005,1035599.0,86.68,87.2,86.26,86.61,4080582.0,93.78,94.82,93.545,94.1,12785834.0,117.1907,118.0924,116.606,116.606,14112756.0,42.9094,43.5586,42.39,43.1491,4237583.0,43.09,44.16,42.42,43.33,4094311.0
1877,118.28,118.9,117.82,118.19,1785623.0,107.465,107.5248,104.9436,105.5316,2170466.0,97.5199,97.5894,97.3709,97.5199,9513010.0,6.9645,7.0944,6.7946,6.9345,14737838.0,74.75,75.34,73.12,74.58,1886877.0,497.1926,500.4019,492.1493,500.4019,337940.0,15.88,15.99,15.76,15.86,11370654.0,43.3569,44.0029,43.0837,43.9631,4462067.0,48.336,48.3622,48.2962,48.3161,2162624.0,72.1886,72.2084,72.1093,72.1688,5568322.0,33.8615,34.2354,33.7975,33.9303,7555693.0,77.3024,77.322,77.2529,77.2628,2782865.0,337.6741,340.3562,335.0169,339.4456,1481115.0,42.63,43.325,42.192,42.94,2260834.0,9.33,9.5,8.72,8.97,24061936.0,101.9523,102.9637,101.3673,102.0316,4712025.0,14.09,14.2751,13.96,14.14,7521458.0,164.6446,166.1957,163.8542,165.2374,6862691.0,478.0498,488.872,477.143,480.2322,1193256.0,36.88,37.49,36.69,37.29,5118726.0,44.6,44.76,44.42,44.42,15749099.0,83.2,83.39,82.845,82.89,10331864.0,89.4894,89.6579,89.4894,89.4994,5748783.0,43.6933,44.0183,43.5653,43.8312,1707492.0,125.5804,127.8892,125.2831,127.7505,2367009.0,70.65,70.84,70.515,70.73,4608563.0,49.2,49.53,49.09,49.29,4459213.0,56.49,56.755,56.38,56.41,2370015.0,26.33,26.505,26.22,26.24,16269558.0,39.8025,40.5243,39.4342,40.5094,18010179.0,157.24,157.29,153.965,154.29,808596.0,36.68,36.84,36.33,36.365,36416787.0,57.46,57.57,56.0948,56.6,4165510.0,45.76,45.895,44.9201,45.22,16699391.0,281.97,282.065,279.5868,280.55,8476335.0,,,,,,25.34,25.79,25.265,25.63,9956780.0,159.07,160.6499,158.17,160.11,2169271.0,5.8756,5.9755,5.7657,5.8456,13738039.0,57.68,57.705,57.2,57.38,5245497.0,93.7229,93.8024,93.6085,93.6931,5085410.0,55.07,55.24,54.83,54.83,5090431.0,51.8546,51.8745,51.8149,51.8348,17023851.0,94.3272,94.5843,94.3272,94.4755,3350070.0,12.4846,12.5844,12.2152,12.3349,15508969.0,27.9265,28.248,27.7687,28.1837,8885233.0,106.9868,107.0265,106.7983,106.9273,22028929.0,69.2293,69.6489,68.4,68.6439,3277971.0,92.3701,92.4496,92.2957,92.4496,1675555.0,146.5199,148.8566,146.0028,148.2103,1579095.0,118.0528,118.8861,116.6044,117.9833,8239623.0,48.1645,48.2541,47.4268,47.5673,11017835.0,126.8951,128.2788,124.3316,125.4317,2156273.0,61.44,61.8871,59.36,60.29,1670582.0,264.81,267.55,263.16,266.27,187387.0,97.4522,100.0099,97.0078,100.0099,2849653.0,49.51,50.17,49.02,49.6,10818036.0,26.3259,26.5002,25.5891,25.9277,3971828.0,62.34,62.6,62.0401,62.3,1888459.0,174.49,175.51,173.61,174.65,5538318.0,113.6712,115.5936,113.2649,114.8603,708559.0,96.0855,96.6609,93.9324,95.1825,1330405.0,72.5113,73.3919,71.9177,72.1255,7774269.0,81.9845,82.0143,81.9646,81.9845,2187930.0,42.1,42.83,41.93,42.38,23868456.0,31.32,31.38,30.68,30.77,34298437.0,32.8543,32.8741,32.8345,32.8444,4733535.0,26.5198,26.5397,26.4304,26.5,4585759.0,51.39,51.59,51.145,51.34,1592516.0,127.4738,129.2167,126.0296,127.1152,1367872.0,60.1714,60.4774,59.9839,60.3096,2704619.0,39.32,39.64,38.86,39.26,3713215.0,108.8577,108.9072,108.6402,108.7193,2945743.0,197.8927,201.0846,196.8983,200.7465,1267514.0,23.64,24.24,23.53,24.24,3892963.0,10.17,10.2,10.06,10.07,20042826.0,80.2878,80.2977,80.1924,80.2977,4023288.0,77.8982,77.9377,77.8488,77.8685,14403226.0,51.83,51.955,51.625,51.71,11063961.0,58.3899,58.4295,58.3405,58.38,2590958.0,71.29,71.4503,70.87,70.87,4031686.0,55.7815,55.8508,55.6282,55.7518,1376803.0,57.9553,57.9751,57.9454,57.9652,1428007.0,172.85,173.76,172.29,173.01,1550334.0,117.89,118.45,117.375,117.8,1074128.0,46.09,46.21,45.77,45.77,5447716.0,63.25,63.425,63.01,63.05,2480703.0,128.87,129.529,128.52,129.16,707827.0,59.43,59.96,59.0046,59.75,5421331.0,76.3096,76.6582,75.244,75.722,1603033.0,86.64,86.94,85.83,86.43,3024619.0,92.87,93.85,92.4976,93.5,9573864.0,116.8141,117.9834,116.1879,117.0222,12740786.0,42.9294,43.3888,42.38,42.9793,3991637.0,44.73,45.21,43.395,43.51,4126345.0
1878,116.24,117.945,116.07,117.83,2029628.0,106.9966,109.9815,106.4126,108.043,2907769.0,98.0862,98.1756,97.813,97.8974,8534084.0,6.7546,7.0544,6.6747,7.0094,21118869.0,72.19,74.955,71.46,74.16,1987816.0,480.6275,496.4351,476.0726,494.2723,460918.0,15.39,15.67,15.34,15.61,14271407.0,42.8104,43.4861,42.4775,43.2973,4460077.0,48.5049,48.5347,48.4353,48.4353,2409762.0,72.6045,72.6342,72.3569,72.446,4850495.0,33.3202,33.6942,33.1923,33.6942,7085569.0,77.5005,77.5204,77.3619,77.3619,1521953.0,328.1102,336.6292,326.478,335.3851,1965493.0,41.83,43.25,41.62,42.28,2481725.0,8.52,9.345,8.48,9.12,31144784.0,101.5061,102.3886,100.7525,101.5755,3745397.0,13.78,14.09,13.76,14.02,7950081.0,164.0913,165.1188,163.3059,164.694,4923025.0,463.69,477.8754,461.1389,475.9272,1183591.0,36.76,36.99,36.46,36.79,4324352.0,43.77,44.22,43.7049,44.17,27866493.0,82.46,82.885,82.29,82.79,14242399.0,89.5886,89.7769,89.4795,89.7769,5205066.0,43.7918,43.9593,43.4865,43.6835,2281925.0,125.4416,125.7984,123.8661,125.3921,2354274.0,69.22,69.595,68.98,69.36,7782264.0,47.82,48.775,47.67,48.67,3115773.0,54.79,55.485,54.665,55.41,3205826.0,25.96,26.19,25.79,26.12,24379593.0,38.2494,40.0912,38.1001,39.7129,20227430.0,155.47,159.38,155.29,157.36,737480.0,35.84,36.125,35.74,36.11,52060187.0,56.85,58.595,56.585,57.85,4242378.0,45.57,46.94,45.44,46.1,21557400.0,284.06,284.64,282.86,283.82,9563660.0,,,,,,25.07,25.56,24.925,25.35,6911090.0,158.45,159.74,157.66,158.59,1819913.0,5.6658,6.0055,5.6158,5.9156,18958814.0,58.13,58.24,57.87,58.05,5060906.0,94.478,94.5371,94.1401,94.17,6224454.0,54.09,54.62,53.9901,54.57,5535430.0,51.9539,51.9737,51.9042,51.9142,7671718.0,94.1492,94.426,93.9909,94.4063,3376854.0,12.4647,12.8688,12.4347,12.5944,19967675.0,28.065,28.1442,27.6792,27.7386,8357277.0,107.6317,107.6814,107.3043,107.4532,27257043.0,68.1267,69.5952,68.0486,69.1805,2586682.0,93.0057,93.0453,92.668,92.7376,1918176.0,143.2882,146.7088,142.5623,146.1719,1689098.0,114.412,118.4794,113.7176,117.7651,7349437.0,47.856,49.2892,47.7564,48.7518,11259024.0,121.4,127.3481,121.3104,126.915,2737242.0,60.94,64.7099,60.67,62.4,2129909.0,261.36,265.73,258.89,263.96,444150.0,97.2547,97.8867,96.0795,97.6003,2167807.0,48.83,49.49,48.23,49.47,7897846.0,25.8181,26.8835,25.6489,26.7043,5039447.0,61.03,62.11,60.86,61.98,4251836.0,171.8,174.445,171.545,174.41,6786802.0,111.1245,113.8198,110.9659,113.5622,843279.0,93.4065,97.1471,93.1684,95.3909,1136313.0,71.9573,72.4421,71.7347,72.4025,6539155.0,82.1335,82.1534,82.054,82.054,4087941.0,41.88,42.55,41.49,42.15,12888622.0,31.0,31.41,30.86,31.39,25160215.0,32.9833,32.9833,32.9139,32.9337,5712211.0,26.8575,26.9072,26.7582,26.7681,3188686.0,50.63,51.335,50.5835,51.27,1655835.0,123.47,128.2208,122.7828,127.5535,2337384.0,59.5101,60.28,59.4213,60.0925,4689778.0,37.45,39.25,37.15,39.01,4462147.0,109.4115,109.5252,109.1742,109.184,1558477.0,196.7093,198.4992,194.8797,197.1369,1307042.0,23.1,23.67,23.02,23.48,2297688.0,10.04,10.165,10.01,10.12,21447082.0,80.7127,80.7424,80.4163,80.5744,6470861.0,78.0762,78.096,77.9377,77.9773,6015699.0,51.24,51.63,51.18,51.62,11998596.0,58.7266,58.7564,58.5603,58.5781,1940118.0,70.98,71.26,70.8201,71.19,6081127.0,56.543,56.6234,56.3156,56.3452,2128757.0,58.0741,58.0741,58.0048,58.0048,2637348.0,170.83,173.04,170.61,172.68,3299526.0,115.82,117.4801,115.66,117.44,2363366.0,45.31,45.79,45.225,45.79,9167669.0,62.51,62.96,62.385,62.96,4341931.0,127.55,129.01,127.24,128.8,1045125.0,59.19,59.48,58.67,59.36,5451720.0,76.5287,77.5469,75.8216,77.0466,2243010.0,85.05,86.88,84.94,86.85,4573827.0,92.43,93.17,91.965,92.82,11124370.0,116.6556,117.3789,116.1651,117.0222,10233433.0,42.9493,44.8171,42.2302,44.7472,10039986.0,41.45,42.6,41.175,42.56,4837146.0
1879,116.39,116.65,114.26,114.98,2622704.0,108.043,108.9101,104.6147,106.7773,3285997.0,98.275,98.4438,98.0564,98.3346,13350746.0,6.6847,6.7546,6.3949,6.7546,19363964.0,72.02,72.8,69.9,70.51,1898438.0,482.5112,486.0046,467.2219,473.521,635607.0,15.36,15.4,14.975,15.05,17801147.0,43.6749,43.7644,42.2688,42.4725,9272159.0,48.5049,48.5844,48.4552,48.5347,4800737.0,72.7332,72.8421,72.555,72.7827,7106111.0,33.2513,33.4727,33.0398,33.1234,6051759.0,77.5402,77.5996,77.4807,77.56,2146887.0,328.2196,330.3892,320.457,324.0696,2837768.0,41.16,41.39,40.44,40.5,4832666.0,8.22,8.38,7.91,8.255,27663018.0,104.1338,104.57,101.1492,101.3574,7906112.0,13.91,14.08,13.58,13.6,7430067.0,165.2769,166.8873,164.1308,164.1901,10675731.0,469.35,472.9043,458.38,460.76,1496676.0,37.4,37.65,36.54,36.56,7085019.0,43.7,43.74,43.155,43.31,25638315.0,81.73,81.875,80.915,81.27,25560626.0,89.7868,89.8165,89.43,89.43,6536488.0,43.6441,44.0479,43.4515,43.7721,3803325.0,127.0767,128.464,125.3326,125.4615,3149140.0,68.56,68.737,67.89,68.23,4204581.0,47.48,47.575,46.67,46.81,3735250.0,54.04,54.13,53.225,53.51,4189412.0,25.85,26.005,25.56,25.74,15634370.0,37.6919,38.0155,36.1687,37.0946,17462465.0,157.56,157.96,154.9499,157.32,757412.0,35.84,35.9,35.37,35.54,29370365.0,57.2,57.28,55.14,57.1,3694396.0,45.97,46.095,44.5,46.0,22217524.0,288.14,288.39,285.85,287.53,13925100.0,,,,,,25.37,25.51,24.8258,24.89,11031355.0,159.73,161.6896,157.99,157.99,2270379.0,5.5558,5.6458,5.291,5.6458,19595043.0,58.96,59.0,58.489,58.83,9362290.0,94.7562,94.94,94.478,94.8754,13255922.0,53.97,54.02,53.3,53.47,10794848.0,51.9836,52.0133,51.934,51.9936,4072806.0,94.2382,94.2777,93.7882,93.813,3886946.0,12.5844,12.6742,12.1952,12.5545,17999911.0,28.2233,28.3717,27.788,27.8078,13867916.0,107.8401,107.9691,107.4566,107.8996,29834513.0,68.6927,69.2781,67.473,67.6876,3708454.0,93.1248,93.3135,92.9213,93.2936,2074397.0,144.8692,145.6747,141.6873,142.4529,2483365.0,115.7413,116.0985,111.2872,112.8049,7616709.0,48.055,48.3586,46.9004,48.274,12190230.0,120.34,120.74,117.115,120.0,2700285.0,62.12,62.39,58.16,62.39,1368087.0,262.12,263.17,256.17,257.52,458539.0,97.9854,98.4693,96.7461,96.9288,3715329.0,49.36,49.7787,48.41,48.41,8510537.0,25.7186,26.0023,24.4341,25.8878,3690184.0,60.08,60.22,58.67,59.09,4722637.0,173.23,173.99,170.165,170.79,10869465.0,111.6992,112.1848,110.0246,110.2326,840031.0,92.7318,93.337,89.4575,90.3803,1155005.0,72.5014,72.6943,71.6407,71.6605,6126727.0,82.1931,82.2328,82.1236,82.203,4593176.0,41.8,42.18,41.27,41.36,13596472.0,30.99,31.02,30.48,30.77,18403275.0,32.9933,33.023,32.9436,33.0131,7300565.0,27.0761,27.1704,26.9072,27.1356,5184147.0,51.07,51.26,50.32,50.35,2570618.0,125.08,125.6,121.24,123.51,1771907.0,59.1646,59.4854,58.8093,58.9376,1573778.0,36.43,36.63,35.14,36.16,4155725.0,109.8465,109.984,109.6933,109.8268,2755569.0,199.3445,200.4085,193.2688,195.526,1734801.0,22.92,22.9464,22.4701,22.74,3496935.0,9.98,10.0,9.76,9.85,28351443.0,80.8017,80.9104,80.5985,80.9104,4174279.0,78.0762,78.1949,78.0267,78.1949,6960795.0,50.83,50.98,50.355,50.57,18049265.0,58.8257,58.9099,58.7118,58.8851,2896147.0,70.21,70.37,69.62,69.865,5724647.0,56.9782,57.181,56.6222,57.1167,2616513.0,58.084,58.1335,58.0543,58.1137,3344086.0,172.74,173.5,170.04,170.04,3605932.0,115.95,116.23,113.8301,114.5,3541594.0,45.26,45.29,44.72,44.94,8140410.0,62.1,62.21,61.455,61.72,4207548.0,128.96,129.42,126.78,126.78,1231431.0,59.76,59.99,58.6,58.7,8266893.0,77.3155,77.7289,75.1344,77.3155,2085491.0,85.98,86.39,84.065,84.75,4440930.0,93.45,94.0,92.1,92.23,14406865.0,117.8446,118.8107,116.715,116.715,21652345.0,42.2102,42.7096,41.0216,41.7008,9067470.0,41.47,41.74,39.93,40.51,3380225.0
1880,116.8,117.12,115.46,116.13,2637395.0,107.8736,109.3386,106.3089,109.0397,2720392.0,98.639,98.8084,98.3024,98.4895,10295171.0,6.6247,6.6947,6.4649,6.6647,19427619.0,71.82,72.54,69.9501,71.73,2010570.0,487.0661,488.5612,477.8566,482.0228,502481.0,15.4,15.52,15.26,15.49,17216483.0,44.5196,44.5395,43.2576,43.4961,6977585.0,48.622,48.6817,48.5921,48.6021,4106048.0,72.9621,73.098,72.7336,72.7435,4667878.0,33.271,33.2809,32.8331,33.0053,5682702.0,77.6193,77.6754,77.5696,77.5696,1945410.0,328.986,330.6168,322.338,325.443,1955410.0,41.8,42.2934,40.5,41.85,3071071.0,8.1,8.27,7.85,8.14,26809501.0,104.5006,104.8179,103.1422,104.0247,6809745.0,14.0,14.02,13.75,13.91,5812192.0,166.4822,166.5711,164.1605,165.2769,6378587.0,478.45,479.5523,466.01,469.36,1253572.0,37.57,37.6,36.82,37.5,5573538.0,43.84,43.96,43.51,43.65,21530331.0,81.85,82.11,81.345,81.78,15153975.0,90.0754,90.2247,89.9161,89.9858,10159097.0,43.9002,43.9888,43.1614,43.6441,2390646.0,128.1271,128.3252,126.1551,126.601,1926719.0,68.2,68.405,67.505,67.83,4730951.0,48.2,48.245,47.42,47.58,4981338.0,54.85,54.97,54.27,54.57,2932493.0,26.14,26.33,25.83,25.89,20282868.0,37.9607,37.9607,37.0299,37.891,13121248.0,157.63,158.77,155.97,157.45,740389.0,35.76,35.89,35.49,35.69,28414046.0,56.91,57.45,56.26,57.11,3142833.0,45.8,46.26,45.34,45.93,17174789.0,287.57,289.13,285.91,288.54,15923553.0,,,,,,25.55,25.645,25.065,25.25,7745354.0,161.29,161.5,158.76,159.96,1566489.0,5.4759,5.6157,5.406,5.5459,22968975.0,58.86,59.15,58.5,59.05,13282041.0,95.0888,95.348,94.9542,94.9592,18128763.0,54.21,54.315,53.78,54.05,11592217.0,52.0262,52.1059,51.9865,52.0163,4291175.0,94.4892,94.519,94.1312,94.1312,3196513.0,12.5744,12.6941,12.3349,12.6243,16142624.0,28.3222,28.347,27.7831,28.065,8692076.0,108.2253,108.4644,108.0461,108.0959,22059217.0,68.3414,68.3804,67.4437,68.1462,3634554.0,93.4645,93.6838,93.32,93.4446,2201298.0,145.8039,146.1221,141.2398,144.9488,1898805.0,114.8187,115.9497,112.635,115.0618,6651029.0,48.065,48.6423,47.5673,48.1396,9317944.0,119.66,120.67,118.3,119.92,1914531.0,61.62,62.85,60.38,61.9,1139953.0,266.11,267.23,260.56,261.34,303068.0,98.262,98.4595,96.4152,97.3139,2037332.0,49.19,49.345,48.6,49.12,5909184.0,25.4896,25.6787,25.0813,25.629,3521546.0,60.23,60.45,59.88,60.36,2471183.0,173.41,173.9,171.26,173.0,6370226.0,112.6208,112.6803,109.7272,111.2137,828609.0,93.1485,93.6744,91.5709,92.2754,1138746.0,72.2739,72.3431,71.6407,71.9771,3645504.0,82.2228,82.2627,82.183,82.2029,4326414.0,42.2,42.45,41.425,41.78,13547384.0,30.63,30.91,30.435,30.87,22261813.0,33.0369,33.0966,33.0268,33.0469,3172243.0,27.2685,27.4131,27.2087,27.2187,3226363.0,51.05,51.21,50.59,50.91,2045945.0,124.0,125.2,122.5,124.1,1217768.0,58.5724,59.5002,58.2812,59.1153,2157859.0,36.72,36.9,35.72,36.17,3876366.0,109.9154,110.2736,109.8457,109.9552,3953270.0,201.9299,202.4718,194.9891,197.1568,1476145.0,23.08,23.31,22.51,22.98,2931893.0,10.1,10.22,10.04,10.06,20845103.0,80.9891,81.1379,80.8601,80.8601,7810861.0,78.1546,78.2142,78.105,78.1348,4431579.0,51.01,51.155,50.6347,50.94,13168541.0,58.9513,59.0506,58.8917,58.8917,3642449.0,70.39,70.6644,70.015,70.49,5567336.0,57.4146,57.6826,57.2657,57.2955,2506390.0,58.1098,58.1494,58.09,58.0999,4246162.0,172.34,173.05,170.86,172.25,4784081.0,116.33,116.63,114.99,115.56,1659534.0,45.41,45.4699,45.05,45.3,13223501.0,62.28,62.46,61.835,62.09,4379772.0,128.68,129.16,127.54,128.53,865806.0,60.57,60.61,59.16,59.53,5774876.0,76.6818,77.57,75.534,77.4802,1853259.0,86.3,86.34,84.99,85.76,6098811.0,94.0,94.085,92.49,93.5,13560608.0,117.9536,118.1914,116.8538,118.132,12425434.0,42.1203,44.1479,41.3371,42.1603,9840975.0,41.21,41.7,40.33,40.99,2685958.0
1881,117.4,117.86,115.66,115.67,2394405.0,107.166,108.0231,104.9784,108.0231,2994916.0,98.5293,98.8882,98.2951,98.8483,8225068.0,6.6847,6.7147,6.4599,6.5748,17152401.0,72.25,73.64,70.33,70.7,1831575.0,492.7274,494.6859,481.5046,481.5046,461048.0,15.74,15.7581,15.25,15.25,20434942.0,44.6389,44.7134,43.7445,43.9134,7060878.0,48.612,48.7116,48.5224,48.7116,3538267.0,72.9025,73.1405,72.7038,73.131,5313061.0,33.271,33.3497,33.0693,33.3104,6099513.0,77.5696,77.6888,77.5099,77.6888,1202022.0,333.0564,334.7383,324.5374,324.5672,1747616.0,42.47,42.63,41.02,41.02,2367765.0,8.73,8.77,7.89,7.93,27709574.0,105.2046,105.3038,103.3603,103.519,6527497.0,14.04,14.06,13.71,13.81,7962717.0,164.4667,165.9586,163.8542,165.3855,7044869.0,470.9,474.49,464.78,473.44,1394743.0,37.92,37.96,37.04,37.04,5355517.0,43.9,44.04,43.705,43.72,18068123.0,82.04,82.13,81.19,81.25,14451646.0,90.0356,90.2148,89.8215,90.2148,4780653.0,44.4616,44.4764,43.5653,43.8017,2239533.0,128.791,129.222,127.1163,127.1163,1827430.0,68.22,68.26,67.315,67.34,3999180.0,48.48,48.725,47.88,47.88,1844384.0,54.63,54.94,54.28,54.32,2237830.0,26.14,26.155,25.86,26.09,10079231.0,38.0304,38.0503,37.2439,37.4331,13166361.0,157.01,157.56,155.715,157.18,589503.0,35.54,35.76,35.4349,35.71,33888379.0,56.73,57.16,56.04,56.62,4072780.0,45.76,46.01,45.12,45.77,15903792.0,288.16,289.03,287.36,288.28,11074787.0,,,,,,25.7,25.74,25.01,25.18,6703414.0,160.02,160.72,158.91,159.48,1479390.0,5.6158,5.6258,5.386,5.4459,20493155.0,58.95,59.14,58.7995,58.97,6634493.0,94.9991,95.4875,94.6951,95.4875,7635866.0,54.27,54.43,54.055,54.17,5632316.0,52.0063,52.076,51.9782,52.076,11157011.0,94.6682,94.6682,94.3003,94.3003,2812996.0,12.8239,12.8239,12.3898,12.6443,15754921.0,28.6091,28.6289,28.0551,28.0749,8662502.0,108.4743,108.5739,107.9166,108.5739,24768960.0,68.9366,69.1122,67.6291,67.6388,2495867.0,93.2652,93.7137,93.1556,93.6838,4220779.0,147.0668,147.2905,143.4572,144.034,1654752.0,118.3206,119.392,112.9735,113.0579,8415251.0,48.5029,48.6224,47.6071,48.4731,9129970.0,123.03,123.445,118.06,118.06,2123571.0,61.6,62.14,59.7779,61.41,959360.0,266.32,267.365,260.79,262.08,185694.0,99.1211,99.3137,96.988,97.0571,2150382.0,49.33,49.36,48.61,48.69,6164727.0,25.858,26.0621,25.2108,25.6489,3051642.0,59.9,60.045,59.335,59.99,2401150.0,174.86,175.39,171.94,171.94,7288592.0,113.6811,113.6811,111.3722,112.056,856745.0,93.6248,93.7438,91.6801,92.196,903482.0,71.9474,72.0463,71.1163,71.6258,3600782.0,82.163,82.2681,82.1331,82.2677,3071588.0,42.19,42.43,41.2,41.62,16509291.0,30.76,30.9651,30.64,30.74,20976578.0,33.0668,33.1066,33.007,33.1066,5758391.0,27.2586,27.5227,27.0642,27.5177,4654862.0,51.28,51.41,50.68,50.68,2041405.0,127.36,127.57,122.36,122.965,1263424.0,59.135,59.362,57.8913,57.9407,1999741.0,37.6,37.68,36.4,36.88,2718073.0,109.7462,110.2537,109.5571,110.2537,1679803.0,204.565,204.9329,197.9997,198.897,972382.0,23.17,23.3,22.61,22.77,1569746.0,10.09,10.11,9.94,10.11,24525657.0,81.0883,81.2272,80.8502,81.1975,4702434.0,78.1546,78.2241,78.0901,78.2142,2798607.0,51.15,51.185,50.53,50.6,11739179.0,58.8917,59.1,58.7724,59.0904,1978324.0,70.62,70.6867,69.83,69.83,4043245.0,57.3649,57.9208,56.9515,57.9109,2241808.0,58.08,58.1595,58.0602,58.1495,3467333.0,173.28,173.55,171.2549,171.37,3737001.0,117.02,117.37,115.24,115.27,1239194.0,45.45,45.585,45.28,45.31,6058615.0,62.44,62.52,61.86,61.89,2678076.0,129.43,129.585,127.89,127.93,846431.0,61.6,61.65,59.91,59.91,6932101.0,77.5102,77.6499,75.5939,76.9912,2028416.0,87.01,87.125,85.5,85.5,5931919.0,94.13,94.21,92.98,93.2,16980299.0,117.587,117.7555,116.5862,117.3096,12614605.0,42.35,42.6996,41.3312,41.6509,6426245.0,40.48,41.23,40.13,41.15,4243451.0
1882,112.91,114.74,112.76,114.1,3714921.0,108.1228,110.6641,101.8042,102.5218,4655727.0,99.0476,99.4065,98.7287,99.1473,9905042.0,6.4349,6.5437,6.0252,6.0952,21784145.0,66.5,69.755,66.15,69.23,3724997.0,454.3047,470.511,453.6668,468.2285,535232.0,14.31,14.64,14.28,14.48,25562225.0,40.6043,42.3384,40.1273,42.0452,11060505.0,48.7913,48.851,48.7614,48.8112,4774028.0,73.28,73.5135,73.1409,73.28,7426162.0,30.8404,32.036,30.7666,31.6768,19511368.0,77.9472,77.9969,77.8677,77.8876,4456119.0,304.2948,323.1441,303.5385,318.1382,4638692.0,40.91,41.81,40.43,40.72,5631432.0,7.26,8.05,7.25,7.98,33488866.0,94.4462,100.584,94.3173,99.4833,13870885.0,12.89,13.51,12.875,13.24,14235890.0,154.2413,159.4083,153.9251,158.1932,15500988.0,447.45,463.69,446.6,456.55,2287976.0,33.16,35.91,33.04,35.41,16227442.0,42.97,43.2885,42.96,42.98,26997523.0,80.32,81.445,80.215,81.24,18718353.0,89.498,89.9659,89.4582,89.7966,7118277.0,44.6586,45.4269,44.0676,44.0676,5855088.0,118.8024,124.1534,118.3862,121.6266,5530585.0,65.41,66.42,65.215,66.1,9542644.0,46.05,46.86,46.03,46.78,3677627.0,53.14,53.92,53.1,53.77,3935227.0,26.33,26.65,26.27,26.33,39374913.0,33.3612,35.8302,33.2716,35.8203,31999802.0,158.72,161.36,150.93,153.21,1171600.0,35.22,35.33,34.92,34.92,41958032.0,56.57,57.77,54.06,54.46,6595026.0,45.72,46.71,43.53,43.86,30543023.0,286.42,289.09,282.45,282.78,20524385.0,,,,,,22.39,24.18,22.35,24.11,20916683.0,148.38,154.14,148.14,152.78,3911632.0,5.346,5.4959,5.1362,5.1362,20719452.0,58.6,59.14,57.79,57.85,12148752.0,95.9759,96.3297,95.8667,96.0955,18188011.0,53.16,53.555,53.13,53.17,10555511.0,52.1856,52.2205,52.0262,52.1557,13053056.0,93.3755,93.9125,93.2164,93.6937,8935568.0,12.6643,12.8489,12.1653,12.2351,23303180.0,27.422,28.342,27.333,27.5605,16703977.0,108.4644,109.1018,108.31,108.6735,41675721.0,61.5795,67.0046,61.3941,66.3606,6910015.0,93.893,94.192,93.8133,94.0126,2367438.0,127.8656,139.8825,126.9706,139.2113,5076207.0,107.0709,110.5034,106.0293,109.2336,15186058.0,48.1048,49.0852,46.353,46.4824,17433069.0,109.79,118.6268,109.54,118.37,4247548.0,61.26,64.0,55.6,56.06,2290445.0,236.83,250.7,235.7477,250.63,1139149.0,91.5466,96.198,91.3688,94.6277,5845681.0,43.9,47.055,43.78,46.5,24998799.0,24.3147,25.1311,23.2294,23.4882,5031029.0,58.43,59.38,58.405,58.59,4258413.0,166.53,170.63,166.46,170.0,15808230.0,114.0676,116.7332,112.6703,112.7298,1831291.0,86.0542,90.1719,85.826,88.9217,2119613.0,69.0287,70.3644,68.8902,69.8994,7322295.0,82.472,82.5119,82.4129,82.4321,6729522.0,39.21,40.3,39.04,39.91,40728763.0,28.89,29.505,28.855,28.949,46008085.0,33.1565,33.2461,33.1266,33.1764,14363792.0,27.428,27.6772,27.428,27.6074,5612562.0,49.14,50.14,49.115,49.94,2984479.0,116.06,122.0597,115.91,121.65,1878302.0,57.9012,59.4311,57.6643,58.9179,2544636.0,34.08,35.823,33.815,35.36,6735554.0,110.4329,110.9105,110.3632,110.6817,3547469.0,179.7053,195.2277,178.9993,191.6579,4023423.0,22.46,22.84,22.05,22.15,3278702.0,9.73,10.12,9.7125,9.98,52912240.0,81.3661,81.6687,81.2669,81.5546,13506385.0,78.3829,78.4524,78.3035,78.4127,12196288.0,50.08,50.77,49.9831,50.64,17045581.0,59.4282,59.5474,59.3388,59.4282,4306547.0,69.61,70.55,69.535,70.37,5361805.0,57.762,58.2385,57.7372,58.0896,2837921.0,58.3085,58.3283,58.2489,58.2787,5208723.0,166.84,170.38,166.75,169.55,5798437.0,112.4,114.29,112.29,113.87,4738206.0,44.63,44.8999,44.572,44.64,11227689.0,61.19,61.86,61.1,61.6,5641265.0,124.11,126.96,124.01,126.36,2107470.0,59.03,60.97,58.48,59.09,11517905.0,78.3485,80.2748,73.5917,74.0568,3417204.0,83.08,84.78,82.86,84.22,9479316.0,86.74,90.34,86.71,89.65,37828922.0,111.404,114.3964,111.2073,113.3262,21204636.0,38.9041,41.4511,38.8841,40.8119,8355834.0,39.32,39.74,38.3,38.43,6264289.0
1883,106.0,109.825,105.995,109.57,6192599.0,99.1433,106.3787,98.5752,104.9535,7710981.0,99.1373,100.2238,99.1174,99.5959,14914282.0,5.5756,6.1348,5.4856,6.0952,26985421.0,58.51,64.98,57.53,63.24,6136899.0,420.7957,438.1682,414.2175,438.1682,828229.0,13.17,13.35,12.71,13.03,21119557.0,35.1884,39.4317,35.0542,39.0441,20974611.0,48.8709,49.0601,48.856,48.9506,5206947.0,73.3396,73.8562,73.2303,73.7171,12677993.0,27.9276,29.4037,27.8095,29.3053,23086487.0,77.9671,78.285,77.9074,78.1559,4176815.0,286.6996,292.8812,280.1524,283.6343,7216842.0,37.83,40.01,36.43,39.62,9420297.0,6.96,7.01,6.172,6.89,39118308.0,85.5618,91.8681,84.8281,91.3228,15158357.0,11.25,12.24,11.105,12.19,16769945.0,141.5558,150.6253,141.0322,149.9288,20374716.0,429.86,438.79,420.04,426.46,3609711.0,29.31,32.29,29.06,32.0,23073652.0,40.58,41.48,40.14,41.35,75852969.0,75.02,77.515,74.97,77.25,40904309.0,88.1938,89.05,88.154,88.9604,15339203.0,42.6985,44.0774,42.4916,43.7623,8368371.0,109.5472,115.5547,108.2044,114.5315,8834855.0,61.51,63.341,61.34,63.09,15532650.0,43.82,44.89,43.44,44.79,5090542.0,51.25,52.62,51.05,52.45,6914085.0,24.5,25.17,24.32,25.1,53970282.0,29.0206,31.181,28.3585,31.0117,44734505.0,145.02,155.97,144.76,155.0,1962735.0,32.74,33.54,32.095,33.28,161349368.0,51.38,54.92,50.83,54.88,13591811.0,41.68,44.57,41.455,44.475,59893455.0,279.72,284.03,278.02,283.64,21517158.0,,,,,,19.98,21.77,19.585,21.35,21921264.0,133.56,144.85,133.44,142.88,3996032.0,4.7165,5.1556,4.6066,5.1212,24460734.0,57.26,58.11,56.89,58.03,16907938.0,96.245,97.1969,96.2351,96.8829,27006541.0,50.26,51.36,49.74,51.32,23054852.0,52.0561,52.2743,51.9864,52.2554,7347715.0,91.9336,92.4407,91.5656,92.2319,27966486.0,11.7661,12.2252,11.337,12.1553,36497157.0,25.0181,26.7988,24.8401,26.4328,29083901.0,108.3449,109.0321,108.066,108.6935,60793779.0,56.5739,59.223,56.1689,59.1498,7972731.0,93.8532,94.7202,93.5841,93.8133,3723645.0,120.3879,125.2902,115.3163,123.9577,5833219.0,99.0354,102.8746,96.5354,100.7318,18876880.0,43.9741,46.781,43.3869,46.6516,21182640.0,103.22,106.605,99.767,106.21,3819982.0,50.58,58.2181,49.94,57.821,2630905.0,207.77,226.46,204.54,224.9,1331443.0,79.8539,88.485,79.4589,87.3495,11054341.0,40.54,42.79,39.6,42.41,44692206.0,21.3973,23.4384,21.0189,23.1497,7602294.0,54.67,56.39,53.96,56.09,8787445.0,157.18,163.1084,156.94,162.85,29019502.0,109.9056,112.7001,109.0435,111.4911,2439436.0,77.7792,81.3214,76.8267,80.9642,2937294.0,63.4486,66.3079,63.226,66.0309,9977728.0,82.4222,82.806,82.4222,82.7212,12599671.0,34.78,37.77,34.0437,37.41,49175034.0,27.08,28.02,26.57,27.96,73174467.0,33.0867,33.2555,33.017,33.2262,7652037.0,27.6871,28.0459,27.6871,27.9263,6683096.0,46.33,48.25,46.27,48.07,9461677.0,109.21,113.3499,105.64,111.16,2181147.0,56.3021,56.8648,55.6013,56.8055,3891280.0,29.96,32.16,29.26,31.82,8959672.0,110.0647,110.9653,110.0249,110.8906,4725968.0,160.285,173.9131,157.5703,173.2021,7805936.0,20.82,21.6864,20.0,21.51,6023719.0,9.08,9.3,8.87,9.29,73667801.0,81.1478,81.6439,80.9395,81.5546,14228383.0,78.2539,78.5517,78.1248,78.4822,5363602.0,46.91,48.36,46.82,48.21,36603376.0,59.5176,59.9747,59.5027,59.8257,6485611.0,65.02,67.1701,64.99,66.99,9346300.0,58.2782,59.0227,58.2434,58.7348,9092697.0,58.3482,58.5373,58.3233,58.4773,6351464.0,156.94,163.8579,156.705,163.49,6873779.0,105.7,109.31,105.59,109.01,6540265.0,42.13,43.06,41.69,42.79,31160859.0,57.45,59.06,57.3349,58.89,9165682.0,117.03,121.795,116.7161,121.42,3536233.0,54.57,58.54,53.545,57.06,18980263.0,70.7632,76.9812,70.7133,76.043,4044575.0,77.88,81.28,77.69,81.09,14694899.0,78.76,84.59,78.76,83.65,50375957.0,103.3878,109.8186,102.8824,108.8624,30841318.0,38.2449,38.5745,35.8277,37.5357,9266915.0,31.52,33.74,29.0,32.9,18271732.0
1884,104.97,108.735,101.25,102.79,10798223.0,99.2928,103.1397,94.4492,95.9242,6021372.0,97.8814,98.9878,97.6821,98.8981,21796534.0,5.4357,5.8953,5.2358,5.4956,16472287.0,58.1,64.3,55.5,56.91,7448009.0,426.5367,439.733,394.8317,409.6227,1146322.0,12.78,13.34,12.14,12.18,19869816.0,35.4865,37.0467,33.3897,34.4033,16798510.0,48.6518,48.9107,48.5722,48.8709,6083518.0,72.4554,73.2104,72.3759,73.1707,14282990.0,26.7369,27.8791,26.0037,26.3728,20036669.0,77.7186,78.0309,77.5894,77.977,16590899.0,278.718,292.9387,266.0191,274.6775,7824699.0,37.16,39.2684,35.0,36.0,6239771.0,7.34,7.825,6.42,6.56,34661938.0,84.947,88.6654,81.0304,83.3011,12870244.0,11.19,11.63,10.51,10.8,14645946.0,138.4635,144.4308,135.6379,137.0606,17816954.0,423.35,441.04,412.3,417.13,3007808.0,28.61,30.16,27.14,28.04,19139780.0,39.07,40.54,38.57,38.84,87724876.0,73.21,76.25,72.145,72.69,63057498.0,86.7702,89.0002,86.6508,87.2481,21774196.0,41.3195,42.4818,39.1329,39.3988,7363360.0,108.0409,112.535,104.315,106.3068,8269748.0,61.32,63.14,59.84,60.18,19735340.0,42.03,43.7,40.49,40.5,7814369.0,50.78,52.4,49.85,50.06,7441002.0,23.95,24.91,23.585,23.81,47094186.0,30.2352,31.5095,27.5372,27.9056,40398821.0,145.45,150.19,140.03,141.48,1431842.0,30.0,32.06,29.625,30.59,210512100.0,50.51,53.83,49.3319,50.26,12534258.0,41.45,43.695,40.26,40.71,33751694.0,273.71,280.14,272.58,278.855,19806990.0,,,,,,19.99,20.83,18.72,19.28,19064658.0,130.59,137.295,127.12,128.02,2970175.0,4.7764,5.1012,4.4567,4.5466,21933671.0,56.1,57.3,55.78,57.04,16100481.0,95.0988,96.3447,94.8795,96.1703,68670638.0,48.48,50.16,47.855,48.06,34504671.0,51.7174,52.1258,51.6277,52.1258,12509584.0,91.0983,92.9479,90.6011,90.6408,39352655.0,11.9557,12.6094,11.0974,11.2871,29733046.0,25.0973,25.8986,23.6827,24.1179,23814418.0,106.2333,107.8369,105.9345,107.3389,62583300.0,55.2273,58.2424,52.7977,54.2126,7519895.0,92.8467,94.0091,92.7271,93.6738,3335408.0,120.9746,127.6866,114.4516,117.4247,4922844.0,100.1167,103.5095,93.5793,95.5037,20721375.0,44.651,46.7511,42.7329,43.3371,22059909.0,104.97,108.0799,97.59,99.22,4103273.0,50.0,55.3817,47.11,48.2,2918833.0,206.09,216.4,194.42,198.76,959439.0,79.9033,82.8067,74.5359,77.0196,11180957.0,38.75,40.8099,37.67,38.93,26817826.0,21.7757,23.0601,20.4613,20.9094,4536201.0,54.56,56.54,53.45,53.93,5487184.0,155.87,161.69,150.35,153.64,34004221.0,108.1814,111.0947,105.1392,105.2482,2057431.0,78.7813,82.2738,74.4752,74.7728,3066278.0,61.6579,63.4387,59.6892,59.7879,14908212.0,82.4321,82.6813,82.2577,82.6315,18363133.0,33.14,35.12,31.86,33.04,36020370.0,27.14,27.835,26.92,27.3,37531574.0,32.748,33.002,32.7181,32.9672,7740756.0,26.9297,27.5185,26.8499,27.4479,14626015.0,45.88,47.48,44.39,45.08,15276710.0,111.04,114.965,103.17,106.15,2911215.0,54.9894,56.4699,54.1602,54.6044,4056224.0,30.34,32.02,28.35,28.79,5631075.0,108.7411,109.9552,108.7013,109.7661,5648026.0,164.352,172.1778,149.1578,155.8401,4884688.0,20.51,21.88,19.5,20.2,4747768.0,8.83,9.2,8.64,8.79,76246990.0,79.9672,80.7707,79.8779,80.7411,15249462.0,77.7178,78.1645,77.6483,78.1248,9945316.0,45.89,47.55,45.1536,45.48,51925415.0,59.0904,59.6351,58.991,59.5574,10466526.0,63.0,65.76,62.26,62.68,31607499.0,56.6403,57.9258,56.5013,57.8116,8852732.0,58.2985,58.4475,58.1595,58.4276,12532522.0,155.66,160.59,150.43,152.95,10121169.0,104.43,108.35,100.89,102.09,5704329.0,40.43,41.87,39.93,40.09,38745444.0,55.89,57.89,55.1195,55.36,20278086.0,116.19,119.8737,112.0542,114.02,4019631.0,54.85,56.905,51.58,52.64,14047510.0,70.5436,73.9371,67.8987,68.3678,2421594.0,76.63,79.87,74.24,76.15,25121946.0,78.25,81.58,74.98,76.21,56953356.0,102.0006,104.8345,97.5614,99.4738,35068450.0,44.4476,44.6873,36.8765,37.4758,24537785.0,23.04,29.17,22.275,25.02,32940981.0
1885,103.59,108.83,102.19,108.33,7824482.0,99.7911,104.0665,98.6948,103.7277,4882695.0,97.3731,98.3698,97.3233,97.7818,13173372.0,5.2358,5.7454,5.1809,5.7454,23587360.0,50.76,60.28,49.4303,60.12,7919026.0,424.6131,449.0072,418.2691,438.8559,661947.0,12.69,13.48,12.5101,13.39,17669871.0,34.781,36.838,34.0356,36.4107,13604621.0,48.7514,48.8908,48.5425,48.8908,9228579.0,72.0381,72.5746,71.9886,72.4455,12629156.0,25.6938,27.4651,25.3346,27.4552,13558213.0,77.6391,77.7484,77.5298,77.5298,9258137.0,272.6273,290.3818,266.9895,288.5009,4989008.0,36.68,38.97,36.01,38.79,4940621.0,6.86,7.725,6.67,7.72,30610478.0,81.9624,87.535,80.5842,86.4146,11509792.0,10.58,11.67,10.45,11.67,17356965.0,135.2822,142.7512,133.247,142.4153,12904424.0,412.99,435.59,406.08,433.46,1816635.0,26.8,29.68,26.41,29.42,17712965.0,38.52,40.25,38.19,40.22,57879101.0,72.96,75.92,72.22,75.83,36425015.0,86.153,87.935,85.9738,87.8653,13280701.0,40.4725,42.3045,39.9898,42.1666,5119520.0,104.0079,110.9938,102.5215,109.7552,5531837.0,61.65,64.44,61.02,64.34,13116011.0,40.95,43.16,40.315,43.16,6265913.0,48.92,51.415,48.49,51.22,9307851.0,23.44,24.645,23.285,24.63,33444636.0,29.0803,31.6339,28.5129,31.5194,35158084.0,143.04,150.6904,142.08,150.5,1237482.0,29.59,31.4,29.205,31.37,121952797.0,50.5,53.36,50.1352,53.14,4999482.0,41.5,43.53,41.175,43.27,22508364.0,275.2,278.32,274.24,277.8665,12639534.0,,,,,,19.26,20.95,18.89,20.67,19438667.0,127.51,135.54,125.64,134.67,2824588.0,4.7065,5.0662,4.6365,5.0662,30749947.0,56.31,56.93,56.11,56.85,11423346.0,94.6203,95.2732,94.5705,94.5954,19508019.0,47.74,49.92,47.29,49.69,20567914.0,51.6377,51.8269,51.5978,51.7971,5383229.0,90.7204,92.5004,90.3127,92.5004,14542797.0,11.9357,12.5445,11.816,12.4347,23145000.0,24.939,26.2448,24.5482,25.9876,16547017.0,104.8887,106.4823,104.5501,106.4126,56747800.0,51.9391,58.1351,51.2268,57.6765,7185390.0,92.2587,93.0659,92.2537,92.4082,3602465.0,117.8821,125.4194,115.6647,123.381,4459670.0,99.5116,106.0888,97.4878,104.3775,10710129.0,44.7505,46.9004,44.1832,46.4227,16266062.0,103.68,110.77,101.55,109.5,3178204.0,50.07,54.9,49.26,53.99,1469609.0,196.72,213.92,193.0,213.6,942661.0,77.7306,83.4486,76.3086,82.8363,6621847.0,36.11,39.825,35.35,39.7,24882071.0,21.6263,23.0003,21.3575,22.7813,5821348.0,52.32,55.52,51.67,55.4,5304051.0,152.93,160.7,150.79,160.33,17732847.0,107.3787,111.3128,106.7445,110.956,4374015.0,75.0407,81.5149,74.2569,81.2817,2010111.0,59.1152,62.8896,58.384,62.4692,9287024.0,82.3823,82.5518,82.2826,82.2826,13086096.0,31.95,34.64,31.52,34.43,31415997.0,27.14,27.7794,26.96,27.63,19629434.0,32.5886,32.8174,32.5637,32.7878,7905812.0,26.4612,26.9496,26.4115,26.6506,6520583.0,45.11,47.37,44.475,47.18,9652408.0,110.23,117.755,108.27,114.96,3012726.0,55.167,56.9437,54.6636,56.1837,2806786.0,29.05,32.6,28.55,32.0,5665454.0,108.4724,109.2934,108.4226,108.97,3549340.0,159.6685,174.0175,156.9041,173.1126,3564138.0,20.26,21.728,19.98,21.47,3350564.0,8.26,9.01,8.17,9.0,68739025.0,79.2826,80.1458,79.1884,79.9672,10492302.0,77.559,77.8618,77.5193,77.7575,11232466.0,45.65,47.52,45.14,47.52,36120626.0,58.9513,59.1689,58.8221,58.8221,16281162.0,62.73,65.13,62.02,65.075,8553488.0,55.6675,56.7197,55.5782,56.1341,3454032.0,58.3085,58.3581,58.1595,58.1595,10644756.0,153.67,160.6867,151.58,160.51,5902611.0,103.16,108.3,101.82,108.04,4175697.0,39.89,41.7,39.53,41.7,21585758.0,55.54,57.81,54.98,57.74,9830572.0,114.78,120.0374,113.2,119.86,2816676.0,54.33,57.43,53.49,56.8,9841563.0,70.4239,73.6975,69.6304,73.5877,2225398.0,74.27,78.66,73.12,78.42,13748677.0,76.44,81.075,75.22,80.66,45269235.0,99.8504,104.6363,98.1064,104.4926,27147750.0,43.9981,45.4464,43.0692,45.1967,9943206.0,22.36,26.52,21.4118,26.41,17755940.0
1886,112.7,113.17,102.92,103.09,10941667.0,105.4419,106.8172,102.4072,104.2659,6743002.0,97.5924,97.6721,96.3165,96.7551,16244396.0,5.9253,6.0152,5.3857,5.4357,32756895.0,60.47,62.09,50.235,50.67,9383367.0,471.4379,474.8068,417.1578,419.7093,907379.0,13.96,14.175,12.33,12.61,20451756.0,38.5075,39.1335,33.8518,34.4133,17307250.0,48.5622,48.861,48.4029,48.6319,6086500.0,72.207,72.2269,71.0152,71.0248,20862040.0,27.4552,27.7364,24.8228,25.2903,18532425.0,77.5497,77.6193,77.1722,77.5497,4280352.0,299.5676,300.4102,267.8404,269.4626,6457333.0,40.05,41.04,36.03,36.49,6838847.0,7.95,8.2,6.8285,6.84,37134134.0,90.7378,91.6897,79.2059,80.4255,17841878.0,12.01,12.19,10.23,10.26,22924588.0,144.2727,145.6954,132.2689,133.3952,16846839.0,452.59,455.67,404.42,407.72,2914695.0,31.07,31.54,25.89,26.05,21581331.0,41.19,41.33,38.46,38.735,71100624.0,78.59,78.86,72.76,73.16,60645131.0,88.373,88.5373,84.4009,85.8743,18436694.0,41.1422,41.4673,39.2018,40.0982,6114955.0,113.0154,114.6306,101.6098,101.6098,9991792.0,66.34,66.49,61.08,61.34,18189338.0,44.79,45.48,39.44,39.67,7227357.0,53.28,53.68,48.76,49.16,9295855.0,24.71,25.06,23.05,23.11,52158323.0,33.5902,34.0283,28.8265,29.7971,38575489.0,150.22,152.5,145.39,148.04,1885030.0,31.68,31.93,30.16,30.68,158084976.0,55.8,56.18,52.13,52.87,12446741.0,44.99,45.325,42.765,43.27,47895578.0,285.38,285.87,281.04,282.22,25342180.0,,,,,,22.07,22.55,18.75,18.86,20574104.0,137.97,139.61,124.43,124.63,2863942.0,5.2761,5.3917,4.8264,4.9063,38926184.0,58.38,58.475,57.5,57.74,19134296.0,94.3213,94.3712,93.3046,93.9226,24170819.0,51.04,51.13,47.57,47.88,28319298.0,51.8867,51.9216,51.3786,51.4384,8344684.0,93.1666,93.2661,89.9,90.2232,16541451.0,12.9936,13.1533,12.3449,12.3748,24879994.0,25.9678,26.3536,24.1278,24.4246,26281170.0,106.6417,106.6815,103.3549,103.6736,77380650.0,58.379,60.1061,49.8705,51.2268,11315862.0,92.2986,92.4979,91.0131,91.3618,3971064.0,130.6796,132.3502,114.7698,114.9786,5604411.0,110.8109,112.9907,97.1108,97.4184,16919463.0,48.5228,48.7119,45.5119,45.9847,24860381.0,115.5,116.77,102.46,103.64,4111087.0,58.31,59.22,53.1,54.28,3161540.0,222.17,225.32,191.21,192.2,956061.0,83.8041,84.9102,74.61,76.4764,7617129.0,40.23,40.82,34.785,35.54,40101195.0,24.3047,24.5526,22.2436,22.6319,7278663.0,55.61,56.03,52.27,52.78,6264681.0,165.16,165.885,150.81,151.24,37769648.0,112.7001,112.9775,105.8824,106.9823,4105753.0,83.7622,84.68,74.2866,77.1938,2247720.0,63.2112,63.7949,57.923,58.9866,11990502.0,82.3325,82.5268,82.0534,82.4421,25590997.0,35.98,36.48,31.11,31.29,45400857.0,28.06,28.24,27.45,27.61,38180143.0,32.8277,32.8277,32.3395,32.4491,10673491.0,26.531,26.5609,25.7586,26.1224,15783551.0,48.48,48.72,44.61,44.65,7267090.0,122.65,123.38,108.74,108.74,3412520.0,56.8055,57.309,54.2885,54.8018,3626332.0,33.4,34.36,28.32,28.86,10539446.0,108.7013,108.7262,107.2683,107.8256,4559104.0,172.675,175.3997,153.2845,156.4168,5629074.0,22.12,22.33,20.105,20.21,5249354.0,8.86,8.92,8.055,8.15,87806159.0,80.0466,80.0763,78.3104,78.3897,18623611.0,77.966,77.966,77.1421,77.1818,10140346.0,49.06,49.225,45.455,45.72,33572594.0,58.6929,58.8221,58.2955,58.683,10769471.0,67.4,67.75,62.55,62.93,11993292.0,55.8462,55.8661,54.1885,54.8337,8975952.0,58.1595,58.3382,57.9956,58.2886,6544679.0,163.87,164.66,151.2391,151.95,5819066.0,111.98,112.64,102.4688,102.92,5328470.0,42.49,42.66,39.825,40.1,29071662.0,59.5,59.72,55.3211,55.66,13549477.0,122.68,123.13,112.94,113.42,4594950.0,56.42,57.16,51.89,53.55,17198786.0,74.476,75.514,71.6715,72.7494,2879247.0,80.76,81.165,73.75,73.86,20220115.0,82.36,83.21,74.49,74.95,59481160.0,104.8345,105.6073,97.2345,98.4631,30063287.0,45.0868,46.1256,42.8794,44.6473,15436311.0,26.8,27.2,23.56,24.52,22796252.0
1887,109.25,110.76,106.44,110.62,10438847.0,111.1724,113.2354,106.1594,107.0265,7419332.0,96.8249,97.5425,96.795,97.3532,9940126.0,6.0152,6.1551,5.8004,5.8753,26358358.0,54.71,57.5,53.55,57.11,5661931.0,455.0123,460.9327,437.5253,457.823,891928.0,13.56,13.9,13.22,13.89,16888025.0,36.4306,37.2554,35.6256,37.1113,12788220.0,48.7216,48.851,48.5622,48.5622,4855950.0,71.6308,72.1374,71.5911,71.9487,8058517.0,25.8119,26.8746,25.497,26.8648,15252607.0,77.4404,77.6391,77.4006,77.4901,2643118.0,287.7744,296.8407,278.4592,295.2584,4116825.0,38.68,39.84,37.77,38.845,4305686.0,7.28,7.66,6.9049,7.61,25605884.0,82.5871,87.9019,80.1181,87.7532,15621870.0,11.1,11.6258,10.74,11.625,10188326.0,133.3557,141.9016,131.8441,141.4965,20991216.0,444.19,449.23,428.53,444.36,1956613.0,27.75,30.055,27.1301,29.81,16787235.0,40.48,40.885,39.83,40.83,44475853.0,77.04,77.485,75.285,77.2,36697619.0,86.6607,87.6861,86.4417,87.6861,10675272.0,41.1915,41.3885,40.2164,41.0733,5464577.0,103.661,110.8254,101.59,109.0021,8314469.0,64.22,65.04,62.72,64.89,11273664.0,43.32,44.355,42.16,44.03,3395887.0,51.82,52.42,50.94,52.28,5704051.0,24.19,24.575,23.67,24.37,31636159.0,31.2108,32.6743,30.0958,32.5747,25658438.0,157.48,159.49,150.54,151.81,1771439.0,31.56,32.07,31.02,31.84,95454024.0,58.23,58.82,55.63,55.765,8964089.0,47.17,47.655,45.16,45.265,36181588.0,292.35,292.86,287.231,288.805,19837799.0,,,,,,20.27,21.21,19.795,21.18,16097939.0,127.16,135.03,125.33,134.5,2355521.0,5.4659,5.5558,5.2461,5.296,31644047.0,59.81,59.92,58.775,59.1,10539319.0,93.7332,94.4708,93.6834,94.2117,12093775.0,50.15,50.64,49.295,50.64,17695397.0,51.6177,51.8768,51.5779,51.7174,4593043.0,91.6551,92.466,91.1579,92.4109,10429746.0,13.6622,13.8717,13.0135,13.1034,24166840.0,25.5128,26.0618,24.8401,25.6216,17628520.0,104.829,105.9246,104.6397,105.5361,55825045.0,53.0221,56.6227,52.0074,56.5543,7793217.0,91.6309,92.4481,91.5412,91.9697,3056437.0,120.8453,129.4665,117.9816,126.3541,3970634.0,105.7317,108.0034,102.5869,107.9042,10956729.0,50.7026,51.3596,48.493,48.6721,23184565.0,109.44,112.555,106.05,112.36,2850975.0,63.95,65.3051,58.8948,58.93,2445498.0,202.68,213.42,198.11,213.11,1447275.0,80.2292,81.8685,77.5726,81.434,5158846.0,36.47,38.68,35.825,38.66,26434133.0,24.7328,25.1012,24.2997,24.3445,5466992.0,54.87,55.3799,53.7425,55.21,4408085.0,159.6,162.3008,155.48,162.15,20112440.0,108.9543,112.4226,107.9435,112.4226,1562466.0,81.2023,82.4227,78.6424,82.3533,2536269.0,59.1449,61.7667,58.3484,61.5194,12826946.0,82.3225,82.4022,82.2766,82.3325,10029548.0,32.54,34.85,31.88,34.78,37839006.0,28.28,28.42,27.805,28.11,23059806.0,32.5786,32.7579,32.5487,32.7081,4914136.0,25.953,26.4014,25.9072,26.2619,6837309.0,47.08,47.72,45.8,47.66,9610485.0,117.49,119.19,112.6,118.7,2123040.0,56.64,57.07,55.505,56.42,2933733.0,31.75,32.74,30.96,32.53,5722751.0,107.4076,108.552,107.3479,108.3729,4609014.0,161.518,168.603,158.6641,168.439,3555470.0,21.59,22.08,21.17,21.91,2572320.0,8.9,9.04,8.665,8.885,70888424.0,79.2032,79.8157,79.0845,79.4612,13459085.0,77.5094,77.8072,77.4498,77.6086,7476429.0,48.09,48.37,47.035,48.26,27617335.0,58.5737,58.8622,58.5439,58.7327,6473778.0,66.51,66.84,64.91,66.33,8281866.0,54.5955,55.5683,54.5162,55.3002,4333738.0,58.1992,58.2548,58.1596,58.1992,5746008.0,159.59,161.78,155.39,161.78,7993691.0,108.86,110.2499,106.06,110.0,3325409.0,41.94,42.3121,41.17,42.12,17617343.0,58.43,58.755,57.25,58.68,6399333.0,119.17,121.1175,116.0788,120.74,1776165.0,55.07,56.085,53.63,55.35,10314382.0,77.7497,78.7278,74.0943,75.1647,3524870.0,78.18,79.5,76.34,79.47,14083846.0,76.98,80.22,75.48,80.22,39523259.0,99.018,102.8329,96.9075,102.7635,33999317.0,40.8218,43.1741,40.4023,40.4023,14535520.0,26.66,27.91,25.27,27.38,14004433.0
1888,111.1,111.84,108.87,109.02,5281643.0,117.2518,118.3381,114.0212,115.8017,7651832.0,96.7252,96.8548,95.8381,96.3464,8437429.0,6.285,6.4948,6.21,6.305,26368513.0,56.67,56.95,52.7801,54.55,3362606.0,467.2219,471.1887,444.6068,450.2382,612195.0,13.94,14.01,13.42,13.54,17124148.0,37.6926,37.8665,35.7846,36.6392,9066414.0,48.6917,49.3688,48.627,49.329,4162864.0,71.5513,71.6805,70.9453,71.2235,7260413.0,26.1661,26.3137,25.3789,25.7233,17251988.0,77.2516,77.4501,77.104,77.3708,3036033.0,292.0438,293.9944,282.7784,287.5654,3197931.0,40.84,41.39,38.59,38.59,4790528.0,7.34,7.41,6.9515,7.29,19347053.0,85.661,86.241,81.7641,82.597,9233806.0,11.4,11.505,10.9201,11.15,7935173.0,133.9979,135.4719,130.4511,133.3853,17224405.0,459.13,463.38,441.5,444.25,1245120.0,28.23,28.43,26.76,27.8,12107677.0,41.75,41.805,40.965,41.115,43956504.0,78.97,79.145,77.225,77.34,28909928.0,86.9693,87.2381,85.8046,86.2028,7298431.0,42.5901,42.7576,41.5067,41.5165,4538948.0,107.5554,108.6256,102.576,104.8799,4992134.0,65.82,65.895,64.315,64.54,6951810.0,45.62,45.81,44.74,45.19,9437821.0,54.31,54.36,52.995,53.16,4797656.0,24.69,24.83,24.08,24.17,25823524.0,33.2019,33.5902,31.7086,31.7783,26250027.0,166.25,167.36,161.5,163.27,2126331.0,32.94,32.985,32.03,32.33,84183938.0,61.22,61.58,60.17,60.41,7848161.0,49.7,50.1451,48.86,48.865,40991534.0,297.93,299.275,296.81,297.96,21080132.0,,,,,,21.07,21.2,20.06,20.39,13608672.0,128.5,130.06,124.335,127.16,2252870.0,5.7757,5.8706,5.6458,5.6758,25532707.0,60.96,61.224,60.73,60.95,10467204.0,93.205,93.4243,92.4873,93.1651,55446575.0,51.66,51.71,50.735,50.91,17740527.0,51.4882,51.5879,51.2989,51.538,5196247.0,91.8739,92.4208,91.0386,91.4364,6063408.0,14.3508,14.5704,14.1712,14.271,24183495.0,26.1855,26.293,25.1467,25.6414,15769117.0,104.8091,105.0083,103.0362,104.1119,41686886.0,55.5103,55.5981,51.5195,52.7294,5784269.0,91.5911,91.601,90.525,90.9234,3162067.0,122.7346,123.0999,117.075,120.0598,2901225.0,107.2594,108.3308,102.0661,102.0661,10573205.0,54.7138,55.5997,53.1313,53.5891,31771665.0,111.24,112.0,107.38,109.71,1779617.0,70.91,72.12,68.62,68.62,2924245.0,210.29,211.07,199.68,203.42,734446.0,81.5327,81.8784,77.8393,80.5847,3777807.0,37.67,37.945,35.665,36.62,17827080.0,25.7684,26.316,25.3517,25.9277,6175092.0,56.86,57.345,55.77,55.8,3932140.0,162.02,162.77,157.69,159.39,11819285.0,112.2442,112.601,109.1426,109.648,1186754.0,83.9706,85.0124,81.9167,82.9288,1845794.0,61.4303,61.7865,59.6791,60.3222,8669771.0,82.173,82.2876,82.1431,82.2726,6586187.0,33.96,34.01,32.1,32.53,20884416.0,29.19,29.37,28.68,28.79,36908492.0,32.4989,32.5388,32.2594,32.469,6498196.0,26.0128,26.1025,25.4646,25.8234,8785476.0,47.86,48.06,46.65,46.92,3181287.0,120.41,121.2,116.29,117.21,1674215.0,58.36,58.53,56.51,56.51,2367535.0,33.6,33.91,32.07,32.39,5399663.0,107.4474,107.4474,105.9546,106.5816,2989303.0,162.6417,163.5963,157.4112,163.1289,2758749.0,22.65,22.835,21.85,21.87,2235972.0,9.22,9.28,8.94,9.01,38903817.0,78.9354,79.0743,78.0424,78.8957,12309829.0,77.3704,77.4442,77.0166,77.4399,4999238.0,49.41,49.5,48.32,48.43,17136390.0,58.2855,58.4012,58.0492,58.3551,6554611.0,68.29,68.4,66.69,66.83,9338959.0,54.7245,54.9429,53.6227,54.2282,7264184.0,58.09,58.1595,58.0651,58.1495,5560086.0,161.83,162.72,158.01,159.24,3828586.0,111.11,111.3202,108.39,109.02,3187197.0,43.1,43.155,42.325,42.55,16757189.0,60.03,60.13,58.8,58.94,5625027.0,121.02,121.63,118.1,118.98,1397685.0,56.39,56.5647,54.19,55.16,7477487.0,81.9715,82.8299,79.2468,79.7059,3609948.0,80.5,81.09,77.96,78.35,8603520.0,78.89,79.48,75.82,77.34,20958409.0,102.1987,102.9815,97.8884,99.3847,22884628.0,40.0128,41.1514,38.3348,41.0516,11746941.0,30.08,30.2,27.78,28.5,8834032.0
1889,112.65,113.65,111.64,113.53,2556885.0,117.9893,118.8463,113.9928,115.1389,3722180.0,97.2933,97.3731,96.9545,97.1239,7940563.0,6.6447,6.7147,6.1751,6.1851,23105250.0,57.39,59.24,56.07,57.95,2745551.0,472.8831,480.5477,469.4844,472.1854,404428.0,14.27,14.51,14.155,14.37,11882277.0,37.5734,38.3087,37.1162,38.2938,6014601.0,48.861,48.8809,48.6917,48.7016,3758659.0,71.9586,72.053,71.7348,71.755,5409343.0,26.481,26.973,26.1268,26.973,13782612.0,77.4901,77.5497,77.351,77.351,2067030.0,296.6915,301.0306,294.293,297.2388,2758813.0,41.31,42.04,40.53,41.94,2997785.0,7.37,7.55,7.16,7.49,15820854.0,85.7205,87.8749,84.8677,87.8523,6537159.0,11.56,11.77,11.33,11.77,10657260.0,133.6916,136.8679,132.4863,136.8136,9628152.0,467.67,472.78,461.465,464.33,1283610.0,28.73,29.24,28.09,29.24,10647575.0,42.13,42.375,41.86,42.03,22549557.0,79.82,80.24,79.17,79.45,15749900.0,87.8753,88.4726,87.5069,88.4726,5177595.0,43.3584,43.4569,42.6443,43.0235,3589638.0,106.6635,110.4885,105.1603,110.1516,4030261.0,66.9,67.23,66.355,66.63,5196246.0,45.77,46.06,45.48,45.73,3887371.0,54.35,54.64,53.985,54.21,3473666.0,25.01,25.14,24.71,25.07,20164597.0,33.6002,34.4862,32.9132,33.9187,19645885.0,168.99,169.87,163.12,164.0,1538935.0,33.37,33.74,33.2015,33.3,51602290.0,62.19,62.33,60.1,60.53,5113030.0,50.02,50.2,48.42,48.95,20729469.0,296.23,296.58,294.53,295.54,12427590.0,,,,,,21.25,21.59,20.97,21.59,10059592.0,127.91,131.63,126.73,131.61,1696835.0,5.8556,5.8756,5.6558,5.6658,21320240.0,60.59,60.685,60.26,60.445,13329830.0,93.9525,94.0472,93.489,93.6136,12630877.0,52.14,52.4155,51.83,52.07,9705645.0,51.7074,51.7572,51.5779,51.5978,3073072.0,92.4109,92.7689,92.1722,92.7689,3731331.0,14.4706,14.6402,13.9516,14.1812,18978003.0,26.5119,26.7543,26.3239,26.7098,11119645.0,105.4565,105.6656,105.0581,105.566,28111924.0,56.0567,57.1691,54.5931,56.8861,4339003.0,92.2488,92.3683,91.8701,91.8701,3490338.0,124.1466,126.732,122.5954,126.2746,2709609.0,108.2415,110.6125,107.681,109.6006,8224466.0,54.5347,54.9726,52.9222,53.4498,14229779.0,110.82,113.85,110.6,113.08,2010608.0,71.73,72.34,67.1501,68.58,1734522.0,210.6,215.91,207.74,215.05,759821.0,82.3425,83.8432,81.2858,83.4486,3239382.0,37.9,38.77,37.405,38.7,12666749.0,27.0627,27.1275,25.4497,25.6787,6879404.0,57.01,57.6624,56.62,57.15,3003691.0,164.09,164.97,162.4702,164.27,14030998.0,114.3351,114.459,112.4028,113.6415,1175403.0,86.9869,88.1279,84.7743,85.1612,2013431.0,61.8755,62.1526,61.1879,62.0981,4860450.0,82.3524,82.3723,82.2228,82.2228,5006340.0,33.92,34.7,33.45,34.7,15477083.0,29.38,29.46,28.88,29.1,29268890.0,32.6484,32.6882,32.5786,32.6284,5311327.0,26.2121,26.3117,26.0129,26.1722,3785868.0,48.41,48.685,47.965,48.58,2743370.0,118.75,122.88,118.55,122.22,1521922.0,59.96,60.04,58.78,59.0,1714173.0,33.73,34.725,33.27,34.1,3699787.0,107.9649,108.209,107.726,108.1042,3639233.0,163.8051,167.5241,162.7212,167.5241,2482392.0,22.84,23.22,22.4759,23.0,1803171.0,9.27,9.44,9.23,9.355,36387232.0,79.4314,79.5604,79.2241,79.2925,6741647.0,77.6781,77.7228,77.3704,77.3704,8126632.0,49.98,50.195,49.545,49.77,9952854.0,58.6631,58.7029,58.4495,58.4743,3500506.0,68.8,69.165,68.22,68.48,9546862.0,55.1613,55.2457,54.7444,55.0422,5965707.0,58.1992,58.229,58.1098,58.1098,9902680.0,163.96,164.64,162.42,163.83,3975642.0,112.16,112.97,111.16,112.64,4323339.0,43.5,43.75,43.265,43.48,7442614.0,60.69,60.99,60.265,60.51,5175588.0,122.3,122.86,121.15,122.28,2951715.0,57.36,57.64,56.7462,57.21,4831622.0,82.1712,83.4686,80.1151,81.2829,2607119.0,81.47,81.83,80.48,81.45,5213244.0,79.17,80.76,78.38,80.76,16374089.0,102.4465,104.1309,101.7831,104.0715,18019969.0,40.8618,41.2214,39.1538,39.8829,4446640.0,31.12,32.2613,30.78,31.05,8988531.0
1890,112.72,113.62,112.55,112.97,2828757.0,120.1619,120.4807,117.9494,119.4343,2707687.0,97.4927,97.6434,97.1937,97.2834,10074372.0,6.5948,6.7346,6.5248,6.6947,18732407.0,54.01,57.64,53.65,56.0,4050777.0,474.8666,480.7321,473.4313,475.1955,372559.0,14.71,14.9398,14.67,14.7,18617592.0,37.9212,38.2713,37.4939,37.5436,5100271.0,48.8311,48.861,48.7713,48.7913,4326696.0,72.1375,72.2617,71.8792,71.8891,5667509.0,26.7762,27.3273,26.7418,26.8353,10145120.0,77.5994,77.6491,77.5398,77.5596,1615288.0,292.0239,300.2842,290.9889,295.4076,3611291.0,40.81,41.97,40.79,41.38,2421737.0,7.16,7.535,7.14,7.35,10854310.0,84.9966,86.9698,84.7487,85.8692,5739945.0,11.33,11.76,11.28,11.55,8644774.0,132.921,134.9858,132.6345,132.7036,9334825.0,461.26,467.13,460.65,464.68,1143636.0,28.53,29.48,28.355,28.55,12112631.0,42.09,42.345,42.08,42.2,18077533.0,80.54,80.905,80.36,80.45,13679843.0,88.1441,88.4527,87.925,88.0445,4518695.0,43.6145,43.9002,43.3199,43.4569,3214459.0,106.505,108.1103,106.1958,106.7626,3192474.0,67.44,67.745,67.21,67.23,3788707.0,46.05,46.42,46.02,46.13,4057552.0,54.38,54.82,54.36,54.82,2366288.0,24.86,25.155,24.82,24.99,18272884.0,33.37,33.805,32.965,33.29,18742021.0,169.24,171.2,167.95,168.6,1020632.0,33.18,33.37,33.0901,33.25,33179984.0,62.97,63.34,62.44,62.84,3346191.0,50.53,50.74,49.9,50.465,14841965.0,297.78,298.02,296.09,296.93,7924134.0,,,,,,21.25,21.6699,21.16,21.22,8528451.0,127.21,128.78,126.9,127.8,1672831.0,5.8856,5.9254,5.8196,5.8856,15950404.0,60.94,60.975,60.58,60.76,4791454.0,94.2316,94.447,93.9276,93.9426,7708183.0,52.1,52.415,52.1,52.26,6997815.0,51.7771,51.8369,51.7074,51.7473,2527930.0,92.6794,92.8435,92.4407,92.5402,4907874.0,14.6203,14.6253,14.291,14.4706,15643843.0,26.9274,27.3132,26.5861,26.6306,12974832.0,106.0242,106.1835,105.4515,105.5063,20502638.0,55.3249,56.2909,55.091,55.7054,4167311.0,92.2886,92.5736,92.0594,92.0594,2879467.0,121.5414,125.0813,121.0044,123.3412,2416189.0,109.5609,111.2548,109.184,109.2137,6004249.0,54.3257,54.903,53.8877,54.7537,12001146.0,110.48,112.77,110.14,110.34,1366607.0,73.26,73.88,71.5,72.92,953466.0,210.28,214.0,209.34,210.2,355096.0,83.1128,84.9951,82.4314,82.6487,3286347.0,37.8,38.628,37.615,37.64,9350335.0,27.3415,27.5407,26.9283,27.232,3476131.0,57.26,57.73,57.08,57.4,2885198.0,163.56,165.47,163.4,164.34,8519390.0,114.1667,115.554,113.9784,114.454,2162593.0,86.1535,87.0167,85.2009,86.3221,1256724.0,62.113,62.7561,61.9151,62.1526,4072956.0,82.3524,82.4122,82.3424,82.3524,3090685.0,33.76,34.37,33.61,33.84,11618864.0,29.41,29.46,29.2,29.36,24273711.0,32.7281,32.7737,32.6782,32.6882,6178058.0,26.3018,26.4014,26.0908,26.1124,1621783.0,48.17,48.69,48.155,48.45,2633384.0,118.24,120.41,117.65,118.66,1073025.0,59.84,60.55,59.72,60.11,1512868.0,33.82,34.24,33.555,33.81,2051798.0,107.9549,108.2286,107.8654,107.9549,2982046.0,167.0965,170.268,162.8704,164.6006,1387392.0,22.73,23.2591,22.645,22.93,1402248.0,9.13,9.335,9.1011,9.31,23790347.0,79.7787,79.8977,79.5207,79.5306,7088526.0,77.7675,77.8567,77.7079,77.7178,4483192.0,50.32,50.565,50.21,50.21,8984311.0,58.7625,58.8817,58.6731,58.6731,6416964.0,69.49,69.85,69.31,69.45,4362591.0,55.34,55.5484,54.9082,54.9727,1228500.0,58.2191,58.2588,58.2091,58.2191,3830129.0,163.25,165.12,163.19,164.22,2834953.0,112.27,113.155,112.09,112.51,1895583.0,43.51,43.76,43.5,43.76,5598498.0,61.02,61.3099,60.92,61.0,3628701.0,121.94,123.32,121.83,122.56,3201437.0,58.54,59.06,57.49,57.64,5440007.0,83.2091,83.4287,81.752,82.9696,1955497.0,80.83,81.89,80.755,81.13,4014356.0,79.05,80.52,79.005,79.1,11083453.0,102.1591,104.4431,102.06,102.6892,13164863.0,41.3412,41.726,40.8019,40.8918,4222612.0,30.66,31.214,30.4412,30.86,3471226.0
1891,110.93,112.52,110.05,111.86,4677776.0,122.1252,125.5137,120.9791,124.7762,5128699.0,97.8017,97.8715,97.403,97.5625,10105021.0,6.6947,6.9145,6.3649,6.8246,22468928.0,52.57,54.84,51.46,53.05,4277295.0,461.6902,474.129,457.0855,470.7203,617397.0,14.56,14.85,14.44,14.69,20201706.0,37.8914,38.5721,37.5187,37.7522,6154382.0,48.9804,48.9904,48.9108,48.9307,3290149.0,72.3362,72.3759,72.0427,72.1872,33963335.0,27.2191,27.7357,27.0257,27.4159,10609041.0,77.7484,77.7857,77.6044,77.6689,34528136.0,288.7497,294.3138,286.2318,291.3074,3017437.0,41.28,42.05,40.44,40.44,3345096.0,7.18,7.43,7.0,7.07,15469397.0,85.6312,87.6143,85.2852,85.6511,6093265.0,11.66,11.83,11.36,11.41,10723293.0,133.7311,135.8948,133.1778,133.7706,8637220.0,452.42,461.585,448.68,458.03,1015573.0,29.3,29.86,28.61,28.62,10498287.0,41.6,42.025,41.4325,41.79,19984742.0,80.23,81.06,79.94,80.55,16542601.0,88.1739,88.3531,87.9499,88.2436,3566850.0,43.9002,44.2597,43.6934,43.8312,3983136.0,108.24,110.16,106.6301,107.15,4270816.0,66.78,67.495,66.505,67.2,7811682.0,44.99,45.59,44.62,45.1,3957581.0,54.06,54.525,53.64,54.05,2059746.0,24.79,25.05,24.68,24.73,13459797.0,33.32,33.98,32.835,33.37,17261124.0,172.58,174.44,170.38,173.93,1478167.0,32.42,32.795,32.22,32.55,50833968.0,65.14,66.18,64.4,65.38,8263847.0,51.91,52.81,51.285,52.307,36630514.0,307.47,308.0599,303.8,304.65,20778079.0,,,,,,21.43,21.885,21.19,21.38,10744780.0,127.95,130.14,127.36,127.96,1710094.0,5.9855,6.2054,5.9056,6.0954,20953229.0,62.93,63.03,62.1635,62.33,11711491.0,94.6403,94.7699,94.1519,94.3512,8708379.0,51.51,52.05,51.33,51.67,9753547.0,51.8967,51.9067,51.7871,51.8369,4630742.0,92.5998,92.8783,92.391,92.6893,2983757.0,14.9995,15.3089,14.7001,15.2091,24704601.0,26.6603,27.1648,26.5267,26.7988,11724158.0,106.4724,106.4823,105.8549,106.1238,24639810.0,54.5833,56.1689,54.1345,55.3347,4007678.0,92.468,92.5876,92.1491,92.2587,3382551.0,123.371,127.1496,122.0286,122.9683,2897300.0,107.0015,109.4369,105.8011,108.7028,6520322.0,55.6893,56.814,55.245,56.2268,18277527.0,108.95,111.605,107.8,109.3,1757729.0,77.25,79.87,75.4901,78.62,2564357.0,211.31,215.56,209.04,210.82,664714.0,83.7449,85.1472,83.1128,83.261,2675742.0,38.45,39.275,37.975,38.0,11399444.0,27.8991,28.4766,27.5407,28.2177,5238460.0,57.16,57.65,56.77,57.15,2896903.0,161.46,164.08,160.21,162.9,10385795.0,114.573,115.1873,113.2154,114.1667,935035.0,85.5184,87.2102,84.7148,86.0642,1701967.0,63.3497,64.2154,63.0925,63.3398,6013438.0,82.4621,82.482,82.4022,82.4421,3179074.0,34.15,34.705,33.79,34.0,13094248.0,29.76,30.02,29.7,29.85,21282458.0,32.8177,32.8376,32.738,32.7779,7933683.0,26.4612,26.4997,26.2121,26.2918,1699038.0,47.44,48.25,47.1099,47.98,4013293.0,117.21,119.78,115.98,117.43,1123456.0,60.44,60.54,59.78,60.11,1988586.0,33.45,33.96,32.695,33.64,4990599.0,108.2535,108.353,107.9002,108.0345,2294430.0,171.7105,173.6067,166.2811,167.1065,2711423.0,22.71,23.3135,22.49,22.49,6430372.0,9.0,9.08,8.93,9.05,25841871.0,80.0862,80.1309,79.7618,79.7787,4659884.0,77.9561,77.961,77.7972,77.8866,5414830.0,50.21,50.69,50.0,50.38,9296832.0,58.9811,59.0308,58.7774,58.8519,2516501.0,69.21,70.0,69.04,69.505,4610231.0,55.6576,55.7519,55.1414,55.3102,2499834.0,58.2985,58.3085,58.2588,58.2787,3483119.0,161.38,163.9777,160.41,163.27,2828504.0,110.6,112.12,109.71,111.43,2762425.0,42.96,43.41,42.82,43.25,7211684.0,60.7,61.3064,60.4717,60.91,3863653.0,120.46,122.3472,119.67,121.55,2986331.0,58.26,59.1959,57.99,58.34,4220774.0,84.5965,86.0329,83.5395,85.6744,2910959.0,80.2,81.45,79.65,80.9,5363333.0,79.7,81.045,79.34,79.54,13665713.0,103.2392,104.6264,102.7487,103.0013,13607024.0,41.7707,42.0804,40.1626,40.3524,5115915.0,28.53,29.6,28.0301,28.9,5195328.0
1893,111.4,112.33,111.0,111.78,2470702.0,121.1186,122.0255,119.6237,121.1784,3553965.0,97.5525,97.7952,97.4927,97.7419,5589431.0,6.5148,6.6547,6.4449,6.5748,17880040.0,52.91,53.87,51.92,53.29,3117675.0,463.0258,470.1821,461.5307,462.5573,492219.0,14.72,14.91,14.625,14.68,17624103.0,38.6665,39.2329,38.3982,38.5274,5548886.0,49.0501,49.09,49.0302,49.0701,7326320.0,72.1772,72.3559,72.1278,72.3163,7613944.0,27.8685,28.2769,27.6717,27.7504,8926536.0,77.7584,77.8081,77.6988,77.7584,1745963.0,292.84,296.2685,290.5013,290.77,2717624.0,41.18,41.69,40.83,41.24,2257474.0,7.3,7.39,7.065,7.14,14954052.0,88.2291,89.7165,86.95,87.069,7804562.0,12.1,12.23,11.76,11.77,9641966.0,136.2109,138.5524,134.808,135.0451,8434434.0,452.07,458.87,451.525,455.31,1044874.0,30.31,30.81,29.685,29.685,10351241.0,41.92,42.23,41.88,42.06,23264393.0,81.1,81.59,80.805,80.96,14072528.0,88.4029,88.5672,88.3531,88.5323,3325421.0,44.6881,45.1264,44.0971,44.1267,4781068.0,110.5,112.68,108.81,109.68,5905456.0,68.07,68.5682,68.045,68.14,4224167.0,44.88,45.37,44.84,45.37,2251856.0,54.31,54.725,54.285,54.68,2558802.0,25.22,25.45,24.77,24.8,26992499.0,32.9,33.58,32.37,33.345,16988032.0,171.09,172.7081,169.96,172.0,1026172.0,32.4,32.985,32.4,32.87,42802634.0,64.12,64.85,63.15,64.52,7032214.0,50.92,51.6,50.365,51.51,25661192.0,306.12,307.13,302.73,306.31,18287825.0,,,,,,22.53,22.68,21.77,21.88,18170420.0,130.64,133.16,129.51,129.77,1091696.0,5.8057,5.9655,5.7657,5.8956,16534036.0,62.63,62.845,61.94,62.675,7502928.0,94.3712,94.6808,94.2814,94.5904,6987171.0,51.97,52.35,51.92,52.19,6588401.0,51.9266,51.9523,51.7074,51.7074,5009570.0,93.1965,93.2164,92.8982,93.0374,2019178.0,14.77,14.9646,14.6303,14.8698,19611485.0,26.8087,27.3775,26.4229,26.4822,22874119.0,106.323,106.567,106.1437,106.4823,11483696.0,55.3932,56.086,54.7883,54.9639,4040272.0,92.1591,92.4148,92.0893,92.3185,2393159.0,127.0005,128.2037,124.8924,124.8924,2387715.0,108.311,109.8642,107.2892,107.6513,5233128.0,54.8233,55.9331,54.5098,55.3409,14385570.0,110.5,112.16,108.9,109.02,2125775.0,74.22,76.44,72.65,76.44,1507766.0,218.84,221.4099,214.1,214.24,542800.0,85.1571,87.0334,84.8262,84.9497,2758018.0,39.71,40.5884,38.8606,38.95,13297471.0,27.0827,27.6303,26.9532,27.6104,3654779.0,58.17,58.71,57.94,58.085,2750782.0,162.66,163.91,161.69,161.83,7874384.0,115.1873,115.6531,114.4045,114.4838,1090937.0,85.5879,86.5801,84.4766,85.5581,1058476.0,64.349,64.9624,63.6267,63.6861,4512623.0,82.492,82.5318,82.4521,82.492,3384180.0,35.11,35.46,34.13,34.55,15923026.0,29.55,29.69,29.17,29.54,13649370.0,32.8476,32.8775,32.8277,32.8576,3332357.0,26.242,26.4264,26.1539,26.3815,2974249.0,47.54,47.9337,47.353,47.38,2548978.0,118.29,120.13,117.73,118.32,1049852.0,60.7,60.87,60.145,60.44,1560389.0,32.91,33.65,32.49,33.5,2714398.0,108.5023,108.562,108.2336,108.2933,1941965.0,173.5899,177.6768,173.212,174.6638,1975797.0,22.87,23.28,22.78,22.83,2482818.0,9.11,9.2,8.98,8.99,26700075.0,80.1061,80.2301,80.0169,80.1755,3593740.0,78.0553,78.0553,77.9263,77.9263,2774464.0,50.75,51.03,50.555,50.57,9870865.0,58.9115,59.0258,58.8618,58.9711,2186186.0,69.93,70.2864,69.52,69.65,4676948.0,55.2109,55.5855,55.0461,55.4889,1404017.0,58.3085,58.3482,58.2886,58.3184,2387961.0,161.76,163.1615,160.722,160.84,2984472.0,111.18,111.9795,110.705,111.23,1728825.0,43.3,43.6362,43.28,43.48,7553722.0,61.32,61.6899,61.155,61.27,3134119.0,120.84,121.8188,120.21,120.21,1159917.0,58.62,60.01,58.41,58.66,6896081.0,83.8479,84.4967,82.7999,84.4567,1746360.0,80.75,81.38,80.335,80.43,4767948.0,81.5,82.755,80.31,80.35,23954393.0,105.9442,107.5594,103.5067,103.7346,17916471.0,41.511,42.35,41.3662,42.3001,3890367.0,28.57,30.0,28.51,29.8,4548763.0
1894,109.6,110.99,108.55,110.76,6984780.0,123.0521,126.3259,120.8695,125.7728,4668868.0,96.9644,97.5126,96.9644,97.2933,7925680.0,6.4549,6.8446,6.295,6.7546,14973212.0,53.02,53.21,50.85,52.5,3122764.0,449.6601,460.1802,444.4784,459.1985,402191.0,14.5,14.73,14.32,14.72,8142591.0,37.5634,38.274,37.156,38.0802,6139079.0,48.9804,49.0864,48.9406,48.9605,4794984.0,71.7798,72.1623,71.7749,72.0183,6092946.0,27.6324,27.652,27.2092,27.5733,8373611.0,77.7286,77.8677,77.7286,77.7683,2165747.0,284.74,291.0,282.4563,289.33,2978308.0,39.61,41.41,38.975,41.22,3145952.0,6.99,7.28,6.8601,7.24,12788529.0,86.8112,87.1185,85.6015,86.5236,6213528.0,11.89,12.0,11.7,12.0,6802839.0,132.1207,134.6499,130.7376,134.3832,9967487.0,441.56,451.86,435.95,450.42,969275.0,29.48,29.75,29.06,29.61,6515423.0,41.91,42.215,41.6112,42.17,16440713.0,80.66,81.56,80.09,81.47,15883913.0,87.3775,88.1113,87.1585,87.9649,5740047.0,44.3138,44.9344,43.9551,44.6684,3450426.0,109.11,109.32,107.41,108.58,3001801.0,67.92,68.3471,67.45,68.29,4567801.0,44.22,44.81,43.92,44.66,2424110.0,54.39,54.9,54.035,54.9,2644481.0,25.2,25.39,24.94,25.28,13594984.0,32.95,33.3,32.1216,33.12,11419918.0,173.18,178.74,170.675,176.36,1384996.0,32.43,32.6,32.12,32.545,39561475.0,65.11,66.8,64.04,66.22,6937832.0,51.66,53.25,50.945,52.66,36299331.0,315.59,316.41,313.945,315.015,20372259.0,,,,,,21.92,22.11,21.635,22.05,14165333.0,126.32,129.235,124.92,128.74,1654684.0,5.9356,6.2004,5.8306,6.0655,19146835.0,64.59,64.72,64.24,64.47,11458557.0,93.8628,94.4359,93.8429,94.0921,4901294.0,51.95,52.29,51.6,52.11,4493765.0,51.8469,52.0063,51.8469,51.9465,2861640.0,92.6297,92.9379,92.4109,92.6893,2340474.0,14.8997,15.4237,14.74,15.1692,20028518.0,25.5128,26.7196,25.1517,26.5713,19053182.0,105.1776,105.9545,105.0879,105.7851,23506711.0,54.9346,55.5688,54.2418,55.4713,3981573.0,91.5213,92.1091,91.5014,91.8551,2060055.0,126.0061,126.3641,123.3014,124.5742,2425136.0,105.4539,107.4677,103.946,107.2792,7784537.0,54.9527,56.8936,54.1664,56.7344,17720561.0,106.67,109.93,105.9201,109.33,1823498.0,76.27,81.0,74.36,79.3,2007011.0,212.98,215.79,209.8,215.79,536809.0,80.8019,84.6633,79.9329,83.9325,3477331.0,39.02,39.1,38.36,39.1,8489087.0,26.8536,28.0485,26.2313,28.0485,5041999.0,58.47,58.55,57.8601,58.44,1859038.0,159.39,161.65,157.71,161.39,6286607.0,114.1667,115.5441,113.5919,114.9495,600060.0,85.9649,86.7488,84.3076,86.2824,1099231.0,63.9631,64.0522,63.2013,63.9829,4498725.0,82.4421,82.5916,82.4421,82.5219,5283681.0,34.62,34.72,34.0,34.72,10698698.0,29.79,30.0079,29.55,29.95,17295370.0,32.738,32.8545,32.7281,32.7978,4644119.0,25.8234,26.1224,25.8035,25.9729,3248068.0,46.62,47.2443,46.18,47.22,2487169.0,113.55,118.06,112.72,117.77,1230253.0,60.82,61.15,60.47,60.67,1344677.0,32.73,33.28,32.16,33.24,2670010.0,107.945,108.6416,107.9052,108.2833,2079171.0,163.6162,171.2779,161.2297,170.7758,2009160.0,22.45,23.14,22.12,22.95,2314355.0,9.12,9.17,9.04,9.13,21868927.0,79.5803,80.0366,79.5604,79.8134,5605354.0,77.9164,78.105,77.9114,78.0355,3531565.0,50.51,51.13,50.17,50.98,13408447.0,58.7724,59.001,58.7626,58.842,2934633.0,69.46,70.397,68.97,70.1,4051600.0,54.3076,54.9528,54.2927,54.6749,1523219.0,58.3382,58.3879,58.3283,58.3382,3015809.0,158.75,161.21,157.09,161.01,3837084.0,109.46,110.9128,108.42,110.71,1751703.0,43.35,43.66,43.0541,43.6,6689438.0,61.1,61.6899,60.69,61.6,3914555.0,118.7,120.3126,117.405,120.08,2204139.0,56.44,58.37,55.56,57.95,5402902.0,84.9757,87.2513,84.1448,86.1684,2028800.0,79.52,80.69,78.78,80.69,3942908.0,79.37,80.41,78.49,80.21,15505960.0,104.3886,104.666,103.1698,104.6462,16926493.0,38.964,40.9017,38.5245,40.8818,6004921.0,28.5,28.99,27.73,28.9,3269824.0
1895,112.07,112.57,110.78,110.78,5348997.0,120.6901,124.3975,119.9426,124.3078,6191074.0,97.1438,97.4528,97.1289,97.2933,6521502.0,6.0852,6.5148,6.0752,6.4948,26341680.0,54.77,55.997,53.335,53.71,2805017.0,466.1056,467.9146,457.7732,457.7732,345869.0,15.23,15.285,14.955,15.02,19996716.0,38.1199,38.5174,36.997,37.6429,10034590.0,49.1099,49.1696,49.08,49.1398,3548166.0,71.909,72.0579,71.899,72.0183,5408208.0,28.4098,28.7689,28.0309,28.1342,17311468.0,77.6888,77.7981,77.6733,77.7584,1705893.0,291.17,293.2336,287.0,287.5,2231223.0,40.18,40.73,39.89,40.19,2580911.0,7.24,7.35,7.03,7.05,16743225.0,89.0025,89.7065,87.0789,88.1399,5556799.0,12.16,12.2901,11.985,12.04,7427856.0,135.6478,136.5715,133.3162,133.6323,7984676.0,454.66,458.25,446.25,446.25,751642.0,31.2,31.545,30.44,30.67,14185977.0,42.54,42.825,42.3401,42.375,25716059.0,82.33,82.7,81.75,81.77,14923224.0,88.2834,88.612,87.9748,88.1242,5868060.0,44.9541,45.3185,44.3434,44.5798,4460108.0,111.32,112.46,110.2101,110.85,2947640.0,69.27,69.61,69.0,69.05,3457905.0,44.33,44.75,43.92,43.92,3072282.0,54.81,55.14,54.635,54.82,3041642.0,25.86,25.91,25.3,25.315,23952300.0,34.06,34.755,33.3,33.42,19264308.0,172.69,176.865,172.5,174.4,1904817.0,33.46,33.75,33.165,33.25,64714595.0,62.63,65.4,62.44,65.35,8876813.0,50.23,51.95,50.015,51.9,38019574.0,311.11,317.63,310.36,317.49,35242287.0,,,,,,20.7,21.0,19.75,20.115,29370128.0,130.38,131.26,127.71,128.5,1431094.0,5.6458,5.9855,5.6258,5.9855,21020154.0,63.66,64.98,63.5003,64.97,21160524.0,93.9326,94.1319,93.9262,94.112,5232965.0,52.73,53.05,52.48,52.57,23010362.0,51.8768,51.9465,51.8469,51.9067,2616670.0,92.9777,93.2313,92.8584,92.9578,2619624.0,14.7001,15.1392,13.9916,15.0245,21338489.0,26.3141,26.4971,25.7403,25.9975,18212105.0,105.4365,105.8051,105.3967,105.7553,20939647.0,56.73,56.9154,55.6859,55.8128,3194387.0,91.7605,92.2089,91.7007,91.8003,3338805.0,130.6498,131.4353,127.4877,128.671,1736236.0,109.5014,109.8189,107.1106,107.1552,6571265.0,54.2859,55.8983,54.0967,55.4703,18218070.0,109.62,109.88,106.57,108.11,1939323.0,72.04,77.18,71.52,77.05,2580672.0,213.62,215.6,208.0,212.83,507250.0,83.0042,83.3888,81.276,82.4314,2884892.0,39.97,40.37,39.2301,39.6,7442120.0,26.0272,27.0279,25.8231,26.7242,4497970.0,59.62,60.08,59.21,59.415,2347721.0,163.32,163.7,160.93,161.19,8645438.0,116.9017,116.9017,114.3649,114.7712,5486237.0,88.4157,89.0705,87.354,87.6418,1023322.0,64.4776,65.0465,64.1758,64.6952,5567277.0,82.472,82.5219,82.4521,82.5019,3521736.0,34.61,34.965,33.825,34.83,18894097.0,29.5,30.15,29.5,29.79,27253642.0,32.7679,32.8078,32.748,32.7779,19969250.0,25.9629,26.1272,25.8633,25.8633,3074468.0,47.71,47.85,47.06,47.11,3628302.0,117.39,117.6605,114.76,115.39,1655207.0,61.96,62.14,61.16,61.31,3207357.0,33.84,34.48,33.1,33.4,3636423.0,108.343,108.4625,108.2087,108.3231,2639755.0,169.9405,171.5017,166.4104,167.1661,1750893.0,22.66,22.95,22.5,22.5,2046841.0,9.44,9.51,9.175,9.19,42473818.0,79.6993,79.8878,79.6547,79.7688,6430710.0,77.9164,78.0256,77.8975,77.9461,2214979.0,51.5,51.7199,51.14,51.22,15400306.0,58.7525,58.8618,58.7476,58.842,3225820.0,70.89,71.16,70.24,70.27,3196313.0,54.6054,54.8933,54.5359,54.7245,2082609.0,58.2985,58.3382,58.2985,58.3382,4360350.0,162.33,162.67,160.05,160.14,2782079.0,111.85,112.385,110.54,110.57,1868732.0,44.03,44.2999,43.815,43.9,8785930.0,62.23,62.505,61.845,61.93,3478851.0,121.06,121.35,119.3,119.51,1367471.0,58.2,58.61,56.92,57.08,6524835.0,83.299,85.8341,82.8898,85.5846,2363578.0,81.38,81.615,80.33,80.33,3647024.0,81.39,81.99,80.05,80.4,11048669.0,107.3116,107.9458,105.1714,105.1714,13147049.0,40.5322,40.8518,39.3436,39.3835,5940847.0,31.21,31.97,30.46,30.68,6758508.0
1896,113.44,115.18,113.17,114.46,2144650.0,117.8398,118.7467,113.3258,113.9231,7322117.0,97.3831,98.1506,97.3332,98.011,13376708.0,6.1951,6.3349,5.9353,5.9453,28001655.0,55.64,59.925,55.37,57.37,3699027.0,470.2917,491.2423,466.4644,479.2969,909134.0,15.64,15.89,15.55,15.66,16071651.0,35.6654,37.9212,35.4964,36.5697,13337748.0,49.0302,49.1846,48.9904,49.1497,4009969.0,72.058,72.6491,72.0282,72.3461,5283133.0,28.1441,29.1084,27.8784,28.951,12702116.0,77.6391,77.8577,77.6094,77.818,4166567.0,295.77,305.36,295.18,301.34,2458327.0,41.97,42.58,41.3,41.6,4548907.0,7.54,7.89,7.45,7.64,16418053.0,89.1711,90.8964,88.3283,90.009,7699684.0,11.97,12.51,11.9,12.3,9895349.0,135.0352,136.8827,133.5236,135.5588,10001966.0,456.44,471.96,454.37,462.95,1025538.0,31.08,32.32,30.7,31.74,9337967.0,43.03,43.52,42.98,43.29,24787365.0,82.66,83.63,82.43,83.12,15223543.0,88.6717,89.6672,88.5622,89.4382,5841835.0,44.9245,45.3087,44.5207,45.0132,4194415.0,111.57,113.67,110.025,112.5,3037950.0,69.48,70.31,69.325,69.96,4085873.0,45.5,46.0,45.34,45.9,4004907.0,55.6,56.235,55.48,55.89,3853644.0,26.31,26.62,26.205,26.44,27029295.0,35.19,36.46,35.06,35.435,21643066.0,170.13,171.99,165.2406,165.955,1796418.0,33.83,34.45,33.83,34.05,52320155.0,60.87,61.82,60.05,60.74,11129690.0,48.73,49.175,47.77,47.93,38934580.0,303.65,304.74,300.59,304.18,25421464.0,,,,,,20.61,21.58,20.26,21.03,22493847.0,130.03,132.17,128.56,131.14,1352830.0,5.8057,5.9356,5.4459,5.4559,24207917.0,62.12,62.34,61.485,62.23,20124304.0,94.0323,94.9094,93.9127,94.725,8041319.0,53.27,53.88,53.22,53.62,8361958.0,51.8569,52.2853,51.8369,52.2853,2658921.0,93.5147,94.4395,93.4749,94.2406,2494785.0,14.3209,14.3858,13.6924,13.8618,36313236.0,26.3141,26.8334,26.1261,26.5614,19540380.0,105.9047,107.2393,105.8847,107.1198,31155877.0,56.3787,59.5754,56.1641,58.5449,3628166.0,92.0594,92.7171,91.7904,92.6872,3675489.0,133.5434,135.8503,131.2564,133.6031,2996333.0,111.416,115.6818,111.0391,112.3486,9243758.0,52.9023,53.2507,51.4001,51.5089,21001602.0,111.93,115.845,111.13,113.59,1726577.0,67.99,69.15,65.11,65.5,2173436.0,209.72,220.0,208.1,216.78,652054.0,83.6066,86.2039,82.9844,84.1498,4243347.0,39.83,41.07,39.49,40.7,10980014.0,25.5692,26.2264,24.9121,25.1411,8040043.0,60.2,61.88,60.16,61.06,3825257.0,164.9,168.49,164.34,166.51,12717544.0,116.7233,118.7746,116.3468,118.1899,1099753.0,91.5312,93.337,90.9954,90.9954,1578364.0,63.8246,65.4076,63.6564,65.4076,5767795.0,82.4122,82.5368,82.3723,82.492,3647401.0,34.03,35.59,33.8,35.13,17255860.0,30.56,30.62,29.71,29.81,31975021.0,32.7779,32.9821,32.7779,32.9472,3597125.0,26.1822,26.6456,26.1124,26.6107,19354278.0,48.14,49.015,47.97,48.51,2685036.0,122.49,127.25,119.5,120.86,2021608.0,61.79,62.66,61.625,62.5,1597759.0,34.88,36.08,34.53,35.06,5116237.0,108.6615,109.3481,108.4824,109.2884,1740529.0,171.3823,177.279,169.6123,174.5644,2833758.0,23.66,24.0,23.38,23.38,3488399.0,9.55,9.78,9.54,9.66,29221613.0,79.868,80.6121,79.8327,80.4633,8394675.0,77.9064,78.1844,77.8866,78.1248,5882485.0,51.65,52.28,51.5139,51.97,10911134.0,58.7426,59.0953,58.6929,59.0208,4258199.0,71.13,71.97,70.925,71.52,4889023.0,55.1017,56.0745,54.9727,55.9355,4849366.0,58.2538,58.3531,58.2389,58.3184,3924521.0,163.35,166.32,162.79,164.85,3442332.0,113.28,114.92,112.92,114.16,3889203.0,44.46,44.9152,44.4101,44.76,8130811.0,62.51,63.26,62.385,62.83,5937653.0,121.86,124.0,121.42,122.78,1093014.0,58.48,59.6529,57.935,58.77,5750664.0,81.3727,81.9216,78.8476,79.7359,4182438.0,81.48,83.47,81.22,82.29,6668545.0,81.24,82.98,80.74,82.1,21608065.0,106.3901,108.3025,105.4983,107.817,14235710.0,41.9405,42.1303,40.8618,41.2913,5835125.0,32.32,33.96,32.2596,32.87,6941813.0
1897,115.51,115.62,113.58,113.93,2877592.0,119.2251,119.5838,117.182,119.0457,3367374.0,97.9213,97.9313,97.6821,97.7419,8524534.0,6.235,6.315,6.1251,6.285,15445076.0,58.17,58.46,55.95,55.95,2274065.0,472.5143,490.9134,459.9859,485.4016,770563.0,15.63,15.7,15.42,15.46,13488994.0,36.1523,36.2219,35.2778,36.0231,9679187.0,49.2393,49.2493,49.0701,49.0701,3474261.0,72.4653,72.4753,72.2802,72.3262,3751673.0,28.5377,28.5869,28.2474,28.3606,5672192.0,77.8279,77.8434,77.7107,77.7683,1467764.0,306.86,308.21,297.07,297.43,2874396.0,43.89,43.98,42.1,42.23,3173838.0,7.91,7.97,7.47,7.575,16708676.0,91.0253,91.4319,89.3744,89.9842,6520274.0,12.11,12.2,12.04,12.17,6721420.0,137.3965,137.7225,135.5648,136.2603,7745778.0,464.51,466.51,456.97,458.52,828436.0,31.47,31.655,30.95,31.49,6477039.0,43.53,43.58,43.1,43.15,28843537.0,83.76,83.79,82.885,83.03,11194210.0,89.6174,89.6274,89.0599,89.1495,3271671.0,45.6633,45.7223,44.895,45.1609,5078460.0,113.46,113.79,111.64,112.83,2075633.0,70.28,70.285,69.43,69.53,2697032.0,46.18,46.26,45.27,45.4,3294593.0,55.95,55.965,55.155,55.21,2849599.0,26.74,26.865,26.36,26.58,20679058.0,37.63,37.81,35.27,35.57,23970933.0,171.36,172.5,169.32,172.5,686479.0,34.11,34.1951,33.74,33.85,36441878.0,62.26,62.45,61.1665,62.25,3626395.0,49.76,49.82,48.795,49.61,22803300.0,308.07,308.495,304.71,306.98,10844971.0,,,,,,21.21,21.335,20.64,20.82,14237374.0,132.38,133.02,130.81,131.6,2478809.0,5.8756,5.9456,5.7657,5.8756,16325796.0,63.04,63.12,62.35,62.805,8467164.0,94.5406,94.5655,94.3114,94.411,7308934.0,53.95,54.01,53.43,53.48,4276790.0,52.0661,52.0759,51.8668,52.0063,2223098.0,94.3202,94.4246,93.7434,93.823,3289549.0,14.6402,14.6402,14.1363,14.5105,18923579.0,26.5812,26.7394,26.2052,26.413,10988217.0,106.9903,107.0501,106.4425,106.6317,23838676.0,57.8131,58.2131,56.1738,56.6031,3932153.0,92.5876,92.6274,91.9,92.4281,3196366.0,136.7652,137.4811,133.2799,134.5079,3061566.0,114.6799,114.9775,110.3546,110.9795,6640749.0,55.4404,55.4803,53.7882,54.4849,15827466.0,115.29,115.75,111.23,111.33,1784225.0,70.65,70.85,68.06,70.4,1272948.0,215.95,216.72,210.22,212.87,409357.0,85.2065,85.8039,83.9621,84.2584,3494576.0,40.37,40.63,39.83,40.045,7860621.0,25.8978,26.0919,25.4696,25.848,3060232.0,61.69,61.84,60.73,60.83,4015697.0,167.69,167.97,164.58,165.21,5767943.0,117.67,117.72,116.34,117.69,973595.0,95.0833,95.6638,92.196,92.9997,1395178.0,64.3589,64.5567,63.9136,64.4479,5482284.0,82.5119,82.5119,82.4521,82.472,3993473.0,34.93,35.09,34.05,34.315,15197190.0,30.56,30.59,30.13,30.31,15405484.0,32.9771,32.9871,32.8803,32.8875,3441145.0,26.4413,26.4566,26.2963,26.3516,3609893.0,48.8,48.88,48.0,48.2,3649136.0,127.38,127.85,121.69,121.74,1352265.0,62.2,62.22,61.75,62.06,2323004.0,36.24,36.85,35.56,35.6,5020903.0,109.2387,109.2387,108.9451,109.0197,1658280.0,176.0062,177.6072,171.3923,171.6707,1330729.0,24.59,24.62,23.94,23.98,2102228.0,9.75,9.82,9.6591,9.71,30354489.0,80.5029,80.5327,80.1656,80.2648,7661692.0,78.2241,78.2241,77.9428,77.9561,3699773.0,52.31,52.32,51.77,51.9,8252264.0,58.9711,58.981,58.8619,58.9016,1966019.0,72.06,72.11,71.38,71.55,2552982.0,55.6278,55.6774,55.3449,55.4789,1745172.0,58.3283,58.3283,58.2985,58.3085,2183206.0,165.08,165.327,162.5,163.19,1916791.0,115.25,115.34,113.26,113.26,3142552.0,45.02,45.07,44.58,44.74,4305155.0,63.31,63.345,62.66,62.86,2921275.0,123.42,123.55,121.3512,121.9,782280.0,59.61,60.11,58.3,58.86,5884896.0,82.0115,82.4406,80.7639,82.4157,1408923.0,83.24,83.3901,81.31,81.61,4997751.0,82.54,82.78,81.29,82.0,10609495.0,107.6386,107.8863,105.9839,106.9847,9849553.0,42.2102,42.3201,41.4811,41.4811,2967181.0,32.97,33.28,31.95,32.3,3190549.0
1898,116.18,116.23,114.95,115.28,2710397.0,118.1088,119.0686,116.0558,116.6139,3215241.0,98.2801,98.3083,98.0458,98.1506,9058952.0,6.1851,6.245,5.9952,6.0452,18116743.0,57.73,58.25,56.65,57.39,3065803.0,464.4012,473.4014,462.6769,468.8963,528397.0,15.82,15.82,15.555,15.57,11103250.0,36.2219,36.2666,35.407,35.7151,7103075.0,49.2095,49.2393,49.1796,49.2095,2827611.0,72.7038,72.7187,72.5349,72.6144,4021898.0,28.7247,28.7296,28.3606,28.3901,5321072.0,77.9571,77.9571,77.8279,77.8577,1995982.0,306.45,307.99,303.91,305.1,2162570.0,43.99,44.18,43.21,43.45,2341129.0,7.91,7.96,7.705,7.8,13653750.0,90.946,91.2335,89.8454,89.885,4736947.0,12.08,12.19,11.9,11.9,7270719.0,137.0606,137.3767,135.5984,136.6654,6878491.0,459.3,465.9618,457.34,464.15,983363.0,31.35,31.52,31.015,31.09,5181495.0,43.45,43.45,43.135,43.22,18363715.0,84.12,84.15,83.48,83.6,10485378.0,89.9758,90.0406,89.6224,89.7568,4015092.0,45.4958,45.7716,45.289,45.6042,3621298.0,113.07,113.53,111.8,112.29,2093425.0,70.77,70.79,70.05,70.21,3110138.0,46.34,46.38,45.86,46.15,2335398.0,55.81,55.815,55.25,55.48,3422873.0,26.94,27.01,26.725,26.79,20177123.0,37.35,37.66,36.8125,37.005,10958833.0,170.09,171.15,167.0225,167.21,637728.0,33.98,34.0571,33.81,33.91,23063231.0,61.04,61.105,60.13,60.25,4373580.0,48.81,48.895,48.08,48.215,19299580.0,304.73,305.37,301.01,301.78,10691590.0,,,,,,20.85,21.095,20.565,20.82,11009077.0,132.34,132.55,130.93,131.18,1097260.0,5.8456,5.9056,5.6358,5.6758,17777177.0,62.34,62.48,61.5801,61.76,7890043.0,94.8994,94.9642,94.6652,94.7998,5341346.0,53.76,53.8,53.43,53.53,7873063.0,52.1657,52.1757,52.0662,52.086,4788071.0,94.4892,94.6433,94.2008,94.2008,2518664.0,14.4606,14.5205,14.1612,14.2061,15376071.0,26.5614,26.6059,26.3042,26.4328,9267333.0,107.558,107.6028,107.2194,107.3987,14575339.0,57.9985,58.4278,55.7689,56.1543,4638648.0,92.9463,92.9762,92.7271,92.8666,1613654.0,136.6657,136.8944,135.025,135.6017,1681151.0,115.0866,116.1679,114.0549,114.789,5013489.0,53.6886,54.1664,53.2308,54.032,12383808.0,115.72,116.26,114.265,114.8,1562687.0,67.98,68.2,65.95,66.1,1025156.0,216.28,217.05,210.86,212.55,322281.0,85.2361,85.4435,84.4362,84.4362,1831805.0,40.36,40.44,39.78,39.95,6409349.0,25.3601,25.6389,24.9419,25.0515,3102478.0,60.56,61.18,60.42,61.16,2695243.0,167.45,167.64,166.04,167.27,5190369.0,117.76,118.02,116.78,117.55,787288.0,93.5454,94.364,92.4292,93.0295,1610129.0,65.1603,65.2889,64.4578,64.6062,3601469.0,82.5817,82.5916,82.5019,82.5318,2260113.0,34.52,35.53,33.625,34.29,23936451.0,30.05,30.1,29.79,29.96,19325993.0,33.0768,33.0768,32.9948,33.0269,2047237.0,26.6008,26.6689,26.531,26.5908,3327531.0,48.8,48.83,48.325,48.68,2749737.0,127.34,127.77,125.755,125.87,775041.0,62.17,62.33,61.88,62.05,3173711.0,35.58,36.19,35.29,35.48,3668027.0,109.2884,109.4377,109.2237,109.4079,1930711.0,176.6228,178.2038,174.3655,174.813,1591367.0,24.45,24.5051,24.2,24.39,1632545.0,9.5,9.59,9.44,9.55,33335108.0,80.8502,80.86,80.5129,80.5129,3913306.0,78.3631,78.3829,78.2191,78.3333,4734384.0,52.43,52.46,52.075,52.23,7631901.0,59.1202,59.1458,58.9961,59.0506,1565896.0,72.36,72.405,71.86,71.94,1952737.0,55.9951,56.1241,55.8263,56.0249,1719353.0,58.378,58.3879,58.3209,58.3482,3068808.0,164.75,164.97,163.34,164.78,2109321.0,115.8,115.87,114.6202,115.07,2300444.0,44.87,44.8851,44.595,44.76,7558086.0,63.36,63.385,62.965,63.04,3611929.0,123.3,123.35,122.14,123.18,756996.0,59.03,59.71,58.39,59.2,4471071.0,81.4925,81.6921,79.6362,79.8556,1464036.0,82.62,82.85,81.95,82.59,4700201.0,82.39,82.46,81.48,81.8,8832390.0,107.5792,107.7625,106.4397,107.1531,11245793.0,42.6297,42.8494,41.9405,42.1503,5065644.0,32.63,32.84,32.1403,32.49,3172300.0
1899,116.4,116.71,115.43,116.39,3091055.0,118.6171,118.6869,115.7867,117.3016,3125082.0,98.5493,98.5791,98.1805,98.2004,4890765.0,6.235,6.245,6.0778,6.1751,18529303.0,58.55,60.31,57.43,57.88,2698960.0,466.8332,471.6472,461.8696,464.8697,457011.0,15.97,16.08,15.83,16.0,9366611.0,35.9834,36.4504,35.7051,36.2716,6833355.0,49.1796,49.1995,49.1198,49.1696,3846172.0,72.8826,72.9109,72.6144,72.6243,4685563.0,28.6656,28.9362,28.5525,28.5869,11226905.0,78.0863,78.1062,77.9074,77.9273,1239292.0,307.06,311.43,303.8501,306.45,2189801.0,45.32,45.455,43.7385,43.85,3309796.0,8.17,8.37,7.98,7.98,14113829.0,92.1458,92.5523,90.8468,90.8468,4667605.0,12.17,12.27,12.05,12.05,7640742.0,138.4141,138.7697,137.0112,137.2977,6715539.0,460.2,465.175,457.08,459.3,755088.0,31.55,31.8,31.255,31.36,5045792.0,43.53,43.585,43.32,43.51,11002235.0,84.68,84.765,84.1547,84.23,10085403.0,90.0754,90.1152,89.6871,89.8265,5043598.0,45.939,45.9981,45.289,45.5549,2553324.0,114.14,114.55,112.7,112.88,1908486.0,71.74,71.855,71.085,71.13,4233947.0,46.47,46.52,46.06,46.46,794022.0,55.65,55.765,55.33,55.33,2014778.0,27.21,27.27,26.94,27.01,25976949.0,37.24,37.9,36.795,37.05,13380757.0,170.85,170.91,167.79,168.58,908375.0,34.0,34.09,33.84,33.95,17029981.0,61.57,61.59,60.13,60.77,4925688.0,49.43,49.43,48.31,48.54,15128271.0,309.07,309.11,302.97,304.15,9375484.0,,,,,,20.65,21.04,20.475,20.78,9449821.0,133.84,134.395,132.04,132.04,2140070.0,5.8656,5.8956,5.7307,5.7957,17124144.0,63.23,63.25,62.0,62.24,7891488.0,95.2782,95.3081,94.7634,94.7898,4950526.0,53.9,53.98,53.645,53.89,6328837.0,52.2554,52.2703,52.1308,52.1856,1939951.0,94.4992,94.5604,94.1859,94.529,3655448.0,14.75,14.77,14.3359,14.4706,20360955.0,26.779,26.8483,26.2745,26.5416,11939338.0,107.807,107.9166,107.4485,107.4584,18297965.0,57.2959,59.3747,56.6519,58.3497,4556694.0,93.1855,93.2309,92.7271,92.8467,5205698.0,136.8049,137.6004,135.2239,136.6757,1868397.0,114.908,116.9615,112.9239,114.9576,4171407.0,53.818,53.8678,52.8526,53.2607,9374191.0,116.57,118.25,115.13,115.77,2270991.0,69.53,69.62,66.57,67.35,1067302.0,214.76,217.71,213.0,216.16,272109.0,86.7767,87.0482,85.0781,85.1472,3578183.0,40.51,40.83,40.175,40.24,5504046.0,25.5792,25.5891,24.9519,25.2904,3651786.0,60.87,60.97,60.455,60.54,1795389.0,167.92,168.68,166.42,167.72,7232054.0,118.58,118.68,117.68,117.8,1006227.0,93.089,94.5277,92.1365,93.5652,1057986.0,65.3186,65.5758,65.0613,65.1207,3709483.0,82.7013,82.7013,82.5817,82.5916,2847008.0,34.1,34.66,33.71,34.49,13252839.0,30.19,30.2,29.83,30.08,18288042.0,33.1365,33.1465,33.0568,33.0568,8300465.0,26.7503,26.7901,26.5313,26.5509,2382828.0,48.94,49.1,48.51,48.92,2979352.0,127.94,129.315,126.1265,127.66,884726.0,62.74,62.9,62.23,62.23,3066710.0,35.38,36.19,35.08,35.24,2031958.0,109.6666,109.6965,109.3282,109.3481,1204849.0,178.2436,178.8402,175.2903,177.2293,1363176.0,25.05,25.13,24.455,24.58,2483084.0,9.6,9.62,9.48,9.51,22812167.0,81.0387,81.0784,80.6716,80.8502,6323259.0,78.5021,78.5219,78.3333,78.3333,4400959.0,52.79,52.83,52.46,52.5,18105021.0,59.309,59.3373,59.0804,59.0804,1749172.0,72.83,72.9,72.375,72.47,2509020.0,56.3028,56.3673,55.8462,55.8462,1064530.0,58.4574,58.4674,58.378,58.3879,3039132.0,165.29,166.03,164.04,165.09,1711649.0,116.13,116.35,115.06,116.0,5356414.0,44.99,45.05,44.77,45.0,5881012.0,63.73,63.77,63.3737,63.55,3023079.0,123.76,124.15,122.69,123.45,988471.0,59.66,59.87,58.385,58.85,5088929.0,81.9117,81.9516,80.0552,81.0533,1704901.0,82.77,83.35,81.96,82.73,3889777.0,82.97,83.195,82.19,82.3,8218355.0,107.6386,108.2527,106.6973,107.7575,13890869.0,43.199,43.5386,42.5323,42.7745,4858383.0,32.62,32.96,32.22,32.525,2999763.0
1900,116.99,117.2358,116.0,116.19,3759846.0,115.9761,118.4876,115.6771,117.5458,2927239.0,98.7885,98.7885,98.4296,98.4396,6731098.0,6.245,6.3549,6.1551,6.1951,17391334.0,59.46,59.955,58.655,58.84,2826316.0,470.0924,470.5907,459.0091,462.7666,524639.0,16.13,16.1756,15.935,16.07,14447931.0,35.6952,35.9337,35.2629,35.8045,7427987.0,49.2194,49.2194,49.09,49.1398,3330713.0,73.0714,73.0813,72.8031,72.8131,3790701.0,27.6225,28.1342,27.4257,27.6619,16423332.0,78.1757,78.1757,78.0366,78.0565,1452851.0,307.4,308.67,302.91,305.0,2651012.0,45.42,45.98,44.8401,45.32,2708171.0,8.41,8.42,8.035,8.1,13374275.0,91.1046,91.8285,89.6305,90.2321,4828811.0,12.12,12.24,11.9735,12.02,12562990.0,137.6237,138.3252,136.9025,137.021,7343820.0,460.64,462.895,452.41,457.42,799645.0,31.3,31.44,30.79,31.0,4949478.0,43.65,43.76,43.56,43.59,12809121.0,84.85,85.03,84.5627,84.59,8303750.0,90.1949,90.2148,89.7668,89.8763,5574114.0,45.939,46.1459,45.8602,45.8898,2397375.0,112.93,114.04,112.0,113.19,2323709.0,72.02,72.155,71.5401,71.68,3204661.0,47.15,47.24,46.87,47.05,2227315.0,56.1,56.21,55.885,55.99,1850030.0,27.36,27.52,27.12,27.2,19284435.0,37.17,37.5506,36.74,37.37,11269566.0,168.94,171.12,168.35,170.09,738513.0,33.8,33.95,33.8,33.85,19920830.0,60.65,61.645,60.59,60.96,2924910.0,48.48,49.21,48.4,48.78,13110175.0,306.06,306.95,304.0,305.81,6852106.0,,,,,,20.51,20.645,20.185,20.5,11024643.0,132.54,133.72,132.1,132.1,1905946.0,5.7957,5.9555,5.7557,5.8456,15268177.0,62.64,62.795,62.237,62.58,7537633.0,95.6071,95.6171,95.2184,95.2284,5350357.0,54.1,54.215,54.0,54.0,4105009.0,52.3052,52.3103,52.2155,52.2554,3059794.0,94.7378,94.7875,94.2655,94.3401,10706376.0,14.5604,14.7301,14.4307,14.5604,13903055.0,26.9175,27.0313,26.5515,26.5812,10926980.0,108.056,108.066,107.6178,107.6277,19346195.0,57.4033,57.5301,56.3787,56.7885,4035147.0,93.4346,93.4545,93.0261,93.036,2683981.0,137.5308,137.8788,135.1145,135.5222,1747586.0,115.285,115.538,113.3208,114.4616,4690193.0,52.7132,53.6986,52.5341,53.4398,10496199.0,118.77,119.14,112.99,115.11,3053466.0,67.0,69.07,66.8,67.94,740905.0,215.43,217.08,212.105,215.88,384302.0,86.7668,87.0927,85.5027,86.036,3491256.0,40.35,40.545,39.81,39.89,6906813.0,25.161,25.6987,25.0415,25.3701,4139990.0,60.88,61.58,60.8396,61.5,2033426.0,168.9,169.32,167.12,167.45,5877302.0,119.9,119.9,118.3901,118.47,789289.0,92.1464,93.8722,92.0769,92.9203,1178332.0,64.814,65.2048,64.5666,64.626,2991794.0,82.7511,82.7611,82.6714,82.6814,3832178.0,34.11,34.2875,33.25,33.79,14629830.0,29.83,30.5,29.82,30.45,24967338.0,33.1764,33.183,33.1066,33.1266,11537992.0,26.9596,26.9795,26.7204,26.7204,2689684.0,49.19,49.2969,48.72,48.76,1618127.0,129.28,129.63,125.48,128.2,1307065.0,63.27,63.41,62.56,62.56,3024273.0,35.23,36.11,35.18,35.5,1911444.0,109.8557,109.8756,109.6069,109.6168,1106091.0,177.11,178.1939,174.1666,175.9863,1810011.0,25.13,25.485,25.02,25.19,1404469.0,9.6,9.63,9.55,9.61,24683288.0,81.1875,81.2173,80.8998,80.9494,6805396.0,78.5616,78.5814,78.4624,78.5021,2663924.0,52.95,53.03,52.745,52.81,11431102.0,59.4481,59.458,59.2908,59.299,2156466.0,72.98,73.095,72.74,72.795,2118104.0,56.7396,56.7594,56.2334,56.273,1207911.0,58.4872,58.5071,58.4475,58.4475,6962338.0,166.26,166.62,164.7085,164.87,2516170.0,116.66,116.88,115.815,115.87,2407584.0,45.15,45.205,45.03,45.07,5248800.0,63.93,64.035,63.72,63.74,2903467.0,124.31,124.6,123.163,123.27,1021012.0,59.67,59.99,59.0537,59.08,4770022.0,81.6721,82.0913,81.0334,81.1531,1597960.0,83.46,83.81,82.54,82.94,4763437.0,82.73,83.03,81.88,82.04,9921658.0,107.3711,107.8367,106.54,106.7568,9483135.0,43.7584,43.9382,43.0697,43.0992,3512832.0,32.17,32.51,32.09,32.32,1682354.0
1901,116.99,117.38,114.85,115.86,4055104.0,117.182,117.3116,115.5974,115.9362,2855212.0,98.6988,98.8433,98.564,98.6689,7370375.0,6.255,6.285,6.0952,6.1151,15988237.0,58.55,58.68,56.21,57.0,6029819.0,469.4645,469.9528,455.3512,460.4742,480159.0,16.06,16.115,15.52,15.59,18129810.0,35.1784,35.3076,34.3437,35.2083,10530942.0,49.3389,49.3588,49.2194,49.2692,3623394.0,73.0217,73.0962,72.8926,73.0217,8020986.0,27.0222,27.6914,26.7713,27.6914,13189777.0,78.285,78.285,78.1059,78.1857,1289697.0,309.27,316.05,302.175,315.21,5124833.0,45.15,45.43,43.83,44.82,3501239.0,8.24,8.275,7.93,8.05,15215268.0,88.3679,89.9842,87.3268,89.9643,8415290.0,11.77,12.075,11.643,11.9,12562924.0,134.4227,136.4875,132.5258,136.3393,13858040.0,463.56,465.29,452.0,460.45,1326139.0,30.41,30.99,29.945,30.76,7573400.0,43.76,43.83,43.405,43.59,20928833.0,84.75,85.01,83.8601,84.28,24147911.0,89.5577,89.8016,89.3586,89.3586,12070485.0,45.9883,46.1508,45.4958,45.8307,3312364.0,110.33,112.0,108.5418,112.0,5383379.0,71.43,71.625,70.565,70.83,5619263.0,47.48,47.6,46.75,47.01,2900477.0,56.19,56.32,55.695,56.0,2479058.0,27.04,27.11,26.7945,26.97,29967336.0,36.03,36.17,34.45,34.89,15777364.0,171.78,172.14,168.0,168.0,661953.0,33.86,33.94,33.59,33.89,29034661.0,61.4,61.42,60.05,60.05,3325949.0,49.01,49.025,47.99,48.0,15832345.0,303.77,306.065,303.44,304.605,8331894.0,,,,,,19.82,20.16,19.59,20.09,15072415.0,129.05,131.59,127.25,129.94,2480716.0,5.7157,5.7357,5.5858,5.7157,26395569.0,62.17,62.62,62.09,62.34,8244848.0,95.7566,95.8426,95.4875,95.5872,13923349.0,54.17,54.28,53.74,53.95,11891258.0,52.2952,52.3351,52.2653,52.2952,8501538.0,94.1809,94.2903,94.0069,94.2804,3607475.0,14.7301,14.78,14.3808,14.4406,20389404.0,26.3,26.67,25.9543,26.52,15398226.0,107.5481,107.8568,107.3738,107.6975,35129283.0,56.7983,56.9154,55.803,56.3007,3434498.0,93.4645,93.5207,93.2154,93.3051,7251242.0,136.6359,137.2226,132.2507,134.8858,2549276.0,115.42,115.82,112.03,113.11,6502447.0,52.4345,52.7033,51.9568,52.3648,11113533.0,119.37,119.68,114.79,115.03,2969987.0,68.27,68.47,65.74,65.74,937149.0,209.06,211.91,206.42,211.91,710461.0,81.1377,83.3252,79.7946,83.2017,7058316.0,39.41,39.655,38.8716,39.64,11058010.0,25.0714,25.1411,24.6741,24.8623,3378090.0,59.4,59.51,58.46,58.69,3442192.0,169.14,169.55,165.39,167.15,7497365.0,119.88,120.11,117.43,118.92,841504.0,88.8225,88.9614,86.4313,87.9493,1918636.0,63.7949,64.626,63.3398,64.6161,4663505.0,82.8608,82.8608,82.7711,82.7811,5104859.0,33.25,33.62,32.63,33.44,21855736.0,29.6,29.81,29.442,29.68,22126718.0,33.1764,33.1913,33.1066,33.1565,10092338.0,26.8101,26.9347,26.7503,26.8699,3880229.0,49.23,49.38,48.27,48.87,2819022.0,129.71,130.18,124.73,124.98,1502347.0,63.78,63.92,62.82,63.13,1842829.0,33.99,34.13,32.92,33.5,5474906.0,109.985,110.0945,109.7064,109.8258,2729564.0,170.9,172.98,167.85,171.9,3170450.0,25.0,25.095,24.47,24.55,1766624.0,9.31,9.43,9.29,9.31,30129691.0,81.1379,81.2173,80.9296,81.0089,8049031.0,78.6013,78.6112,78.5067,78.6013,4122617.0,52.87,52.995,52.29,52.59,10984884.0,59.5872,59.6021,59.4481,59.458,3746500.0,72.91,73.17,72.2,72.59,4028416.0,56.4219,56.68,56.3028,56.5411,2740982.0,58.5766,58.5766,58.517,58.5269,4756035.0,166.48,167.0,163.34,165.47,3442766.0,116.6,116.97,114.48,115.53,2252863.0,45.25,45.35,44.8325,45.095,39652390.0,63.86,64.015,63.235,63.51,3458096.0,124.4,124.675,121.91,123.56,1148873.0,58.57,59.0,57.6,58.67,7482897.0,83.3589,83.3688,81.1631,81.3328,2687839.0,83.89,84.155,82.0351,82.48,4933807.0,80.5,81.515,79.505,81.4,18907144.0,104.666,106.4347,103.1995,106.4347,20379282.0,43.6585,43.7484,42.4,42.7795,4222043.0,32.21,32.45,31.47,32.34,3373763.0
1902,117.42,118.42,117.35,117.97,1376247.0,112.179,114.6107,111.5711,114.3616,4752105.0,98.43,98.873,98.28,98.83,6912635.0,5.8753,6.1001,5.8553,6.1001,19998553.0,59.32,63.455,58.38,61.37,5229821.0,468.9761,476.1971,463.3315,469.1754,345403.0,15.82,15.96,15.77,15.83,13920269.0,35.9635,36.4008,34.8803,34.8903,8903649.0,49.2335,49.4324,49.1737,49.3832,13044423.0,72.8187,73.1277,72.7091,73.0978,6295350.0,27.4355,27.5832,26.8599,27.0321,10188655.0,78.0818,78.3509,78.042,78.2812,1997693.0,313.96,318.89,311.0167,311.375,2961232.0,45.51,46.525,44.52,46.0,4881994.0,8.45,8.655,8.26,8.3,16985027.0,89.885,90.6089,87.5053,87.6838,8027689.0,11.97,12.22,11.72,11.72,14361816.0,134.6203,136.2899,133.494,133.7904,10199849.0,480.02,485.47,464.245,465.0,1855489.0,31.16,31.77,30.27,30.32,8236050.0,43.75,43.96,43.705,43.93,14740506.0,84.48,84.99,84.365,84.98,10070866.0,89.6,89.84,89.43,89.82,4837575.0,45.7814,46.3724,45.6534,45.9095,3167043.0,111.68,113.3,109.27,109.535,4603751.0,71.17,71.615,71.15,71.4,2985744.0,47.82,48.27,47.805,48.27,2409824.0,55.6,56.36,55.575,56.26,2933839.0,26.88,27.075,26.7,27.07,18544416.0,36.41,36.92,35.9,36.04,11614622.0,165.69,168.61,165.42,167.14,1155691.0,33.79,33.94,33.695,33.88,22206255.0,58.73,59.815,58.56,59.815,8162883.0,47.2,47.64,46.89,47.55,27129950.0,297.46,297.94,295.32,297.41,14969062.0,,,,,,19.93,20.35,19.69,19.84,20489404.0,129.79,131.42,127.49,127.68,1543128.0,5.4659,5.5958,5.416,5.5558,25311125.0,60.86,60.9624,60.43,60.85,8245257.0,95.34,95.895,95.15,95.88,13703318.0,54.14,54.43,54.11,54.37,10058403.0,52.22,52.45,52.2,52.36,2691409.0,94.3,94.49,94.185,94.39,3304102.0,14.1812,14.3508,13.9267,14.3409,22627503.0,26.3,26.875,26.02,26.09,13555137.0,107.17,107.76,107.085,107.76,28056353.0,56.8959,57.6082,56.4373,56.6617,3638904.0,93.13,93.78,93.05,93.6,4431470.0,136.9441,140.5935,136.0293,137.5109,2053477.0,116.76,117.82,114.67,115.54,7743772.0,51.2501,51.4043,50.5334,51.2401,12415679.0,119.72,121.88,119.4,120.0,1719074.0,63.22,64.6,62.57,64.37,1510509.0,214.78,216.87,209.02,209.86,667929.0,79.923,82.4808,79.5428,80.1995,5276002.0,40.44,40.82,39.23,39.315,10678163.0,23.9263,24.6134,23.8467,24.4441,4177718.0,58.55,59.65,58.49,59.6,2299488.0,168.91,170.51,168.475,169.14,9380340.0,120.02,120.66,119.5,119.82,721427.0,89.14,90.7523,88.7696,89.1301,1193075.0,64.1115,64.6557,63.6267,63.8345,3931960.0,82.69,82.9,82.66,82.89,5150456.0,33.74,34.245,33.11,33.2,18079864.0,29.39,29.55,29.17,29.41,14830500.0,33.1,33.29,33.06,33.22,3375307.0,26.64,26.84,26.55,26.84,3962644.0,49.34,49.72,49.23,49.42,2925695.0,130.295,132.89,129.26,129.43,1274194.0,63.14,63.99,63.1,63.64,1601298.0,34.2,34.9,33.93,34.11,2601421.0,109.61,110.225,109.46,110.02,2383625.0,162.34,170.93,160.55,169.0,3153189.0,25.31,25.6,25.07,25.38,2573422.0,9.24,9.39,9.18,9.31,18480335.0,80.8442,81.2476,80.7677,81.2326,9265117.0,78.4543,78.7631,78.3995,78.6735,4919460.0,52.65,53.08,52.58,53.05,9317973.0,59.3452,59.6542,59.2699,59.6442,3169390.0,72.65,73.5,72.53,73.345,3294569.0,56.0852,56.4787,55.8795,56.4239,1788678.0,58.4553,58.6048,58.4354,58.5948,4408485.0,166.08,167.2994,165.3701,166.01,2155267.0,117.02,117.9599,116.87,117.67,1487556.0,45.23,45.51,45.21,45.46,10333951.0,63.7,64.13,63.6363,63.985,2552494.0,123.96,124.96,123.535,124.15,1109359.0,58.8,59.79,58.12,58.21,6782919.0,80.9535,81.5124,80.2549,81.0733,1923516.0,83.52,84.1361,82.895,82.94,5604229.0,80.8,81.86,79.84,79.84,18157210.0,104.8146,105.9442,104.0219,104.1359,18610256.0,43.4088,44.6585,43.1491,44.3277,6161208.0,32.04,32.47,31.77,32.31,2496652.0
1903,119.41,119.66,118.78,119.0,1843976.0,110.7439,114.1124,109.5878,113.6141,4222852.0,97.95,98.3417,97.82,98.06,9879165.0,5.9053,6.0152,5.7454,5.9553,21397792.0,60.3,62.06,58.6301,60.47,3471787.0,482.88,484.1458,474.9762,478.4148,341533.0,16.25,16.36,16.07,16.2,15216573.0,36.8678,36.9175,35.9536,36.5101,7294623.0,49.1238,49.2236,49.0839,49.1737,3713938.0,72.4599,72.6094,72.3652,72.4699,6960790.0,27.6717,27.7258,27.0714,27.5143,10605494.0,77.8924,78.022,77.8326,77.9921,2949970.0,323.68,324.67,318.48,318.48,3765238.0,47.01,47.74,46.25,46.5,4139335.0,8.88,9.185,8.56,8.65,22685305.0,90.6386,91.6599,88.943,90.9857,6895606.0,12.04,12.19,11.815,12.17,14618651.0,136.8333,138.0979,133.662,136.2158,12393235.0,481.67,492.31,480.68,487.13,1108818.0,31.44,31.86,30.98,31.66,6604307.0,45.0,45.17,44.835,45.15,33945930.0,86.1,86.295,85.81,85.96,14798549.0,89.36,89.5799,89.315,89.54,3303063.0,46.1557,46.2344,45.7716,46.2247,3025586.0,110.86,112.14,108.01,111.12,6415038.0,71.89,72.02,71.505,71.62,4918891.0,50.95,51.25,50.745,51.2,5652530.0,57.71,58.1,57.565,58.0,4272089.0,27.12,27.28,27.02,27.2,13493859.0,37.6,37.99,37.01,37.615,11932244.0,164.92,167.67,163.5,167.67,731115.0,34.91,34.99,34.6247,34.96,59597561.0,58.71,60.21,58.38,59.93,3769691.0,47.08,48.11,46.73,47.85,14244054.0,297.98,300.85,297.03,300.17,8678366.0,,,,,,20.6,20.65,19.865,20.25,11330225.0,132.31,133.305,129.21,131.64,1729591.0,4.5366,5.4759,4.5266,5.356,51731715.0,60.97,61.55,60.77,61.43,6921478.0,94.7,94.99,94.54,94.85,9331620.0,55.71,55.88,55.5217,55.855,7959112.0,52.12,52.2099,52.1,52.17,2010837.0,94.57,94.65,94.355,94.6,2085891.0,14.0415,14.4207,13.8419,14.3808,15361220.0,26.83,26.885,26.445,26.63,10497860.0,106.91,107.04,106.7,106.84,20302141.0,56.9642,58.018,56.6812,57.5008,3085283.0,92.62,92.9523,92.505,92.72,3927773.0,140.7526,141.3691,136.5265,139.0621,1944833.0,120.22,120.505,118.46,119.3,6894525.0,51.2899,52.2255,50.9216,51.9269,8805848.0,122.97,123.95,120.28,120.82,2085687.0,63.04,65.75,62.14,64.96,1092656.0,220.36,220.97,214.85,218.0,704918.0,81.75,82.145,79.9329,81.1772,5505882.0,40.61,41.16,39.75,40.9,10594792.0,23.4384,24.4142,23.2094,24.2947,4634942.0,59.7,60.1428,59.53,59.97,2176966.0,171.89,172.29,170.59,171.02,6865222.0,121.27,121.73,120.79,121.36,863930.0,90.14,90.9,89.27,90.71,796239.0,65.932,66.4464,65.1603,66.4069,6608961.0,82.53,82.6475,82.5,82.62,4556135.0,34.73,34.76,33.81,34.21,13305027.0,29.12,29.645,29.04,29.62,14040923.0,33.02,33.0665,32.98,33.02,8151480.0,26.4,26.49,26.33,26.38,4720767.0,49.83,49.965,49.53,49.75,2782337.0,134.94,135.245,131.49,132.32,1021062.0,63.96,64.175,63.54,63.77,1352977.0,35.47,35.565,34.62,35.09,3019498.0,109.04,109.395,108.99,109.37,1794176.0,161.87,166.67,159.63,163.86,3157523.0,25.84,26.0894,25.74,25.74,3360007.0,9.37,9.52,9.32,9.44,21566811.0,80.6251,80.7645,80.4857,80.5056,5290978.0,78.3248,78.4642,78.255,78.4642,6176522.0,53.61,53.76,53.46,53.54,9884449.0,59.0561,59.2038,58.9714,59.1458,3145722.0,74.18,74.395,73.9,73.9,3480560.0,55.5274,55.7316,55.4178,55.5373,1705276.0,58.3357,58.4215,58.3258,58.4105,4086954.0,168.55,169.02,167.485,168.01,2183041.0,119.06,119.23,118.34,118.62,1592710.0,46.44,46.55,46.285,46.415,10651035.0,65.03,65.125,64.83,64.95,3696745.0,125.9,126.185,124.94,125.48,864509.0,60.0,60.09,59.07,59.59,4560940.0,80.684,82.1412,79.9455,81.8418,1389229.0,84.93,85.285,84.215,84.52,4286186.0,81.98,82.39,80.315,81.78,16019402.0,105.2407,108.0053,103.5959,106.7369,16581870.0,43.9981,44.2977,42.4399,43.3089,6739611.0,35.13,35.38,34.4,35.29,6173453.0
1904,118.48,119.175,118.0,118.36,3736576.0,118.7268,118.9161,115.4306,116.006,5477137.0,98.02,98.02,97.65,97.78,11730109.0,6.3849,6.3949,6.0452,6.1851,25243307.0,57.49,58.67,56.77,56.77,2475517.0,475.66,481.09,471.76,471.76,331093.0,16.11,16.2151,16.02,16.04,12784076.0,36.4,36.9,36.22,36.8,9078297.0,49.1338,49.1387,49.034,49.0739,3428151.0,72.5197,72.5297,72.2606,72.3204,6994010.0,27.9473,28.3606,27.8833,28.0949,18875449.0,77.9722,77.9921,77.8924,77.9124,2609323.0,320.89,324.1,319.85,321.55,1724184.0,48.15,48.48,45.42,45.49,5743344.0,8.61,8.75,8.515,8.56,10761802.0,86.8905,88.8092,86.8409,87.773,8902397.0,11.84,12.115,11.67,11.8,14871911.0,133.9682,135.6576,133.415,134.7092,9916241.0,475.3,481.77,475.01,478.05,887768.0,30.59,31.24,30.52,30.93,9491053.0,45.16,45.335,44.975,45.0,17418668.0,86.14,86.44,86.05,86.21,8661737.0,89.55,89.62,89.1699,89.49,7230473.0,45.4663,46.2542,45.3776,45.9095,2821380.0,108.72,110.2265,107.8925,109.49,4504985.0,72.43,72.69,72.3,72.3,3265337.0,51.56,51.93,51.27,51.4,3630486.0,58.5,58.61,57.65,57.65,3430086.0,26.61,26.7,26.49,26.62,11184974.0,37.92,38.285,37.14,37.185,9778674.0,171.82,172.0,167.5,170.02,893701.0,35.27,35.4652,35.16,35.19,36558769.0,64.64,64.77,62.4,62.84,9386583.0,50.79,50.83,49.365,49.91,31154998.0,315.48,315.62,311.4,313.12,11445270.0,,,,,,19.44,20.115,19.36,20.0,16541736.0,128.87,131.02,128.43,130.05,1364178.0,4.9263,4.9463,4.6465,4.9163,32891206.0,64.57,64.59,63.73,64.06,8319154.0,94.77,94.79,94.4041,94.49,6081225.0,55.88,56.09,55.57,55.57,6986587.0,52.21,52.22,52.1301,52.19,2633357.0,94.48,94.545,94.295,94.41,2333497.0,15.1692,15.2191,14.7251,14.8149,28157718.0,27.21,27.38,26.73,26.85,19004712.0,106.97,106.98,106.37,106.46,29906476.0,54.5346,55.4615,54.4467,54.7395,3071523.0,92.8,92.8,92.36,92.5,4561149.0,143.7357,145.5255,141.1105,143.9047,3304165.0,118.33,119.15,117.211,117.81,5739743.0,54.3555,54.4849,53.0039,53.5194,13642007.0,116.85,120.13,116.74,119.03,2378481.0,73.14,73.21,69.225,70.725,1556302.0,215.04,219.38,214.81,218.06,671237.0,79.29,80.45,78.57,80.1,3996410.0,39.28,39.855,38.97,39.31,9333604.0,24.932,24.9618,23.9462,24.3545,4320856.0,59.8,60.18,59.67,60.13,2039029.0,170.05,171.38,169.48,169.92,5246357.0,120.16,121.225,120.08,120.81,605886.0,90.52,90.7173,88.1,88.57,1034340.0,64.4083,65.4472,64.3737,65.2493,3867828.0,82.59,82.61,82.57,82.59,3476314.0,33.58,34.315,33.43,34.1,17481523.0,30.22,30.24,30.0,30.2,17870815.0,33.07,33.07,32.98,33.0,4280256.0,26.34,26.34,26.0901,26.14,5582945.0,49.19,49.59,49.08,49.25,2614573.0,131.17,133.14,131.07,132.47,905947.0,63.45,63.86,63.25,63.86,1141125.0,35.1,35.32,34.63,34.77,2312800.0,109.26,109.28,108.89,108.97,1772158.0,157.32,158.55,154.45,157.48,2927319.0,26.39,26.4572,25.2008,25.23,4911499.0,9.31,9.395,9.3,9.345,17114056.0,80.7147,80.7346,80.4159,80.5753,6273816.0,78.4244,78.4344,78.3248,78.4244,5494598.0,53.7,53.8498,53.635,53.69,17269093.0,59.1259,59.1259,58.9864,59.0362,1420966.0,74.09,74.39,74.005,74.155,3118393.0,55.4078,55.4178,54.9124,55.0592,1635964.0,58.3955,58.3955,58.3656,58.3955,4790394.0,166.57,167.82,166.198,166.76,3458996.0,118.13,118.85,117.77,117.98,5454584.0,46.58,46.7472,46.42,46.42,10111638.0,65.16,65.34,65.04,65.26,4575014.0,124.55,125.385,124.0601,124.56,1254950.0,58.7,59.405,56.855,59.19,13644587.0,85.5945,85.7143,83.6084,84.6064,2049265.0,83.69,84.4,83.465,84.02,3055580.0,80.52,81.22,80.07,80.86,11497731.0,103.7544,105.0128,102.5356,102.9419,16303449.0,42.2102,43.0692,42.0504,42.4499,2420452.0,36.22,36.8699,35.97,36.08,7377676.0
1905,118.58,119.0,117.82,118.28,3965509.0,116.9029,117.8497,115.2585,116.2352,3161040.0,98.17,98.3395,98.0907,98.16,6556985.0,6.255,6.345,6.0752,6.1951,21943299.0,56.06,58.0,55.64,58.0,2895567.0,480.8,483.71,476.55,479.16,429029.0,15.95,16.135,15.88,15.99,12556442.0,36.31,36.79,36.15,36.61,7172253.0,49.2934,49.3134,49.1338,49.1338,3540647.0,72.6593,72.7262,72.5496,72.5596,4358160.0,27.6816,27.8685,27.5438,27.839,10024633.0,78.0121,78.0519,77.8602,77.9921,1743709.0,320.29,322.8,318.11,322.74,1555975.0,49.74,49.97,47.87,48.0,5395819.0,8.49,8.67,8.29,8.64,20927223.0,86.9698,87.5747,86.1468,87.4557,9202605.0,11.76,11.99,11.6,11.9,16963999.0,134.1559,134.6598,133.0,134.4326,8423485.0,472.4,477.405,469.26,475.09,1011256.0,30.29,30.815,29.7,30.41,13901202.0,44.64,44.83,44.52,44.82,23390689.0,85.85,86.185,85.59,85.93,8536595.0,89.9,90.03,89.65,90.0,4383445.0,45.9883,46.2345,45.4466,45.4564,2548737.0,107.97,109.34,107.055,109.34,4013510.0,71.98,72.27,71.775,71.93,4633253.0,51.0,51.34,50.44,50.91,3916582.0,57.79,58.06,57.52,58.04,3568983.0,26.4,26.6,26.28,26.6,16053131.0,37.02,37.77,36.64,37.51,11880029.0,170.22,171.34,168.405,169.5,835556.0,34.47,34.76,34.47,34.74,44473398.0,62.87,63.71,62.41,63.01,5138884.0,49.82,50.28,49.29,49.54,22427311.0,310.75,313.26,310.08,312.1,7909976.0,,,,,,19.36,19.63,19.22,19.55,19333633.0,129.09,129.62,128.13,129.02,842374.0,4.8764,4.9963,4.8164,4.8464,21652599.0,63.61,64.1,63.45,63.87,7995319.0,95.02,95.14,94.85,94.87,9471305.0,55.24,55.5,55.11,55.485,8040335.0,52.21,52.25,52.15,52.2,4084250.0,94.5,94.66,94.36,94.57,2732706.0,15.5783,15.9276,14.7301,14.8398,31101707.0,27.62,27.77,27.23,27.28,13833704.0,107.19,107.3,107.0,107.19,19892885.0,54.2613,54.9834,53.8223,54.9834,3232532.0,93.05,93.17,92.88,92.94,4508921.0,143.8749,145.2173,141.9259,144.3721,3135366.0,119.1,120.0,118.2,118.33,4680598.0,53.7384,54.0768,52.9662,53.1661,11140005.0,115.15,118.05,114.01,118.05,2929491.0,70.53,71.69,68.77,69.79,1092186.0,213.19,216.03,211.795,216.03,597298.0,80.25,80.63,79.06,79.49,3285167.0,39.01,39.5216,38.715,39.49,12673146.0,24.464,24.8523,24.0707,24.225,3908171.0,60.02,60.97,59.74,60.17,3176373.0,171.17,171.73,169.96,170.6,6914370.0,120.19,120.96,119.93,120.03,692909.0,87.46,89.7,86.59,89.4,1326308.0,64.3589,64.7645,64.1214,64.7051,3616908.0,82.62,82.66,82.56,82.59,2523392.0,33.5,33.74,33.23,33.56,12126086.0,29.49,29.87,29.32,29.77,14119054.0,33.1,33.12,33.06,33.09,3166452.0,26.45,26.53,26.42,26.43,3086286.0,49.46,49.66,49.15,49.39,1939246.0,130.7,131.975,129.4,131.345,1549702.0,63.13,63.98,63.13,63.5,1294275.0,33.99,35.0,33.58,34.7,2929223.0,109.37,109.63,109.26,109.41,2185866.0,158.89,160.515,156.88,158.26,2235951.0,26.77,26.935,26.32,26.44,2640826.0,9.22,9.34,9.17,9.32,20663528.0,80.8741,80.9388,80.7147,80.7147,3107532.0,78.4642,78.4941,78.3845,78.4842,2894328.0,53.51,53.7266,53.35,53.61,10961603.0,59.2056,59.2654,59.116,59.1359,4525841.0,73.87,74.1558,73.665,73.98,4005956.0,55.6469,55.8262,55.5921,55.6569,2184438.0,58.4155,58.4354,58.3688,58.4055,3027034.0,167.61,168.315,166.78,167.2,2876284.0,118.21,118.61,117.4444,118.14,2985081.0,46.0,46.2986,45.93,46.24,6294812.0,64.78,65.01,64.6035,64.84,2928777.0,125.24,125.7384,124.5101,124.87,939866.0,58.94,59.4,58.33,59.15,7947374.0,84.7761,85.2352,83.4587,83.6882,1698597.0,83.23,83.96,82.91,83.78,4373235.0,80.55,80.9553,79.94,80.7,11224120.0,103.6553,104.3291,103.1202,104.0319,12335924.0,40.4822,42.2801,40.3624,42.2102,3887046.0,33.86,34.7085,33.83,34.56,5711383.0
1906,118.97,119.89,118.54,119.03,2864521.0,114.2719,116.8778,113.8732,116.0259,2512697.0,97.66,98.23,97.65,98.21,7814291.0,5.5056,6.3416,5.4956,6.265,32855049.0,57.44,58.75,56.5,57.01,3404193.0,489.0,494.03,482.0,484.28,390303.0,16.35,16.41,16.1901,16.335,14965669.0,36.25,37.35,36.19,36.76,15274171.0,49.0539,49.2934,49.039,49.2435,3022797.0,72.2705,72.6792,72.2656,72.6194,4283210.0,28.1342,28.2818,27.6779,27.6963,11924299.0,77.8127,78.042,77.7829,77.9921,1572484.0,324.25,328.87,322.9,324.88,2553435.0,49.24,50.97,49.15,50.41,4566296.0,7.15,7.9,6.95,7.8,56493476.0,88.0705,91.4814,87.9416,88.6059,15884530.0,12.76,12.92,11.96,12.0,17885817.0,135.3909,137.2186,134.8278,135.0402,8669305.0,489.99,494.189,476.51,477.91,1568789.0,31.93,32.29,30.75,30.87,10247455.0,44.61,44.865,44.56,44.79,17573746.0,85.55,86.09,85.5,86.085,12228336.0,89.54,89.95,89.525,89.95,5234514.0,45.092,46.3464,45.0723,46.0671,3833011.0,109.71,112.12,108.61,109.04,6135469.0,71.83,72.325,71.8,72.04,3117927.0,51.16,51.555,50.845,51.1,2671567.0,57.2,57.98,57.19,57.79,3337070.0,27.48,27.67,27.095,27.14,36672179.0,37.48,37.96,36.84,37.155,9814617.0,165.25,170.08,165.02,170.08,1044595.0,35.0,35.15,34.73,35.01,37731301.0,61.92,63.56,61.83,63.26,5785998.0,48.88,50.05,48.72,49.85,20400392.0,304.63,310.48,303.05,309.76,11927583.0,,,,,,20.24,20.46,19.58,19.65,20541286.0,130.88,132.44,129.87,129.99,1534459.0,4.9163,5.0362,4.9063,4.9563,20146096.0,62.34,63.53,62.02,63.375,9265043.0,94.28,94.975,94.26,94.96,6409030.0,55.17,55.495,55.12,55.43,7184219.0,52.1,52.29,52.1,52.26,2853550.0,94.53,94.855,94.465,94.76,2892277.0,14.74,15.5185,14.7051,15.4686,22546915.0,27.04,27.865,27.02,27.85,14765191.0,106.65,107.43,106.65,107.35,25149707.0,55.8323,56.8471,54.7004,54.8663,2816284.0,92.48,93.4199,92.45,93.08,2597365.0,149.1251,150.8951,144.4615,144.4615,2643939.0,121.88,123.26,119.99,119.99,6449297.0,52.5838,53.9474,52.4843,53.5393,9817451.0,115.49,117.16,114.49,116.04,2084151.0,67.58,70.9899,67.255,70.41,1000159.0,219.35,222.87,215.3,216.48,700747.0,82.25,83.03,80.77,81.25,4869115.0,41.44,41.85,39.65,40.08,22520541.0,25.4398,26.4056,25.1411,25.4497,6090581.0,59.18,59.61,58.985,59.57,2649426.0,172.61,174.265,171.79,172.24,5238818.0,119.83,121.2086,119.5893,120.3,2021295.0,88.08,88.88,87.12,87.25,984339.0,64.3885,64.8437,64.2006,64.2797,3656209.0,82.45,82.602,82.44,82.59,3566013.0,34.32,34.985,33.91,34.0,14025416.0,29.46,29.7798,29.36,29.6,13209301.0,32.99,33.13,32.99,33.13,4548348.0,26.17,26.48,26.16,26.47,2674571.0,49.72,50.2277,49.54,49.74,2386445.0,129.63,132.23,129.29,132.23,1303525.0,63.05,63.6091,62.95,62.95,1085672.0,34.71,34.94,33.93,34.33,3356765.0,108.98,109.45,108.905,109.44,1132490.0,160.05,163.29,158.25,159.99,2755454.0,26.68,27.29,26.63,27.17,2266870.0,9.3,9.43,9.27,9.31,28406006.0,80.5554,81.0633,80.5355,81.0633,5674125.0,78.2849,78.5838,78.26,78.5041,4475236.0,53.33,53.74,53.33,53.74,12892286.0,58.8668,59.1658,58.8405,59.1658,1853298.0,73.6,74.17,73.58,74.17,2735291.0,55.0592,55.7166,55.0392,55.6768,1221461.0,58.3059,58.3856,58.2761,58.3756,1914311.0,168.31,169.94,167.83,168.36,2677039.0,118.62,119.5464,118.22,118.89,1578175.0,45.92,46.2098,45.91,46.14,11808718.0,64.61,64.9904,64.605,64.9,2429943.0,125.87,127.03,125.355,125.73,1259540.0,57.06,59.7375,57.04,59.42,8777719.0,82.3009,84.4767,82.3009,83.9976,1782876.0,84.34,85.165,83.6,83.81,4031577.0,81.61,82.72,81.16,81.29,15282937.0,105.102,106.405,104.3787,104.3787,19196548.0,41.3712,42.0304,40.7369,40.8618,3884463.0,35.26,35.77,34.55,35.3,4333355.0
1907,119.13,119.68,118.86,119.43,1836548.0,116.9229,117.1322,113.953,115.114,2384329.0,97.76,97.97,97.74,97.86,5739278.0,5.8953,5.8953,5.4956,5.6255,21791664.0,57.93,58.6199,57.07,57.71,2163324.0,492.18,494.52,489.0701,491.67,394125.0,16.53,16.55,16.3646,16.435,15504291.0,36.49,36.88,36.37,36.88,8993917.0,49.0739,49.0938,49.034,49.0439,2259682.0,72.3303,72.4998,72.3204,72.3652,3730810.0,29.2954,29.3446,28.7542,28.9215,19497570.0,77.8426,77.9423,77.8326,77.9024,1526464.0,325.62,327.74,323.31,325.65,1646273.0,50.73,50.94,48.805,49.41,5168006.0,7.0,7.2259,6.92,7.2,34646980.0,87.8424,90.3015,87.5549,90.123,7569266.0,13.24,13.3,12.88,13.0,15522978.0,136.8234,137.6929,136.0429,137.2285,5965723.0,492.6,493.93,489.1219,490.72,653569.0,32.53,32.79,32.04,32.54,6843367.0,44.91,45.155,44.825,45.1,16091123.0,85.97,86.21,85.74,86.21,9148988.0,89.68,89.76,89.61,89.68,3615836.0,45.4072,45.9194,44.9197,45.7224,4542264.0,111.12,111.15,109.52,110.48,4080006.0,72.01,72.32,71.745,72.32,2150814.0,51.75,52.05,51.67,51.91,3268660.0,57.69,57.74,57.445,57.6,2223914.0,27.56,27.68,27.47,27.53,17650664.0,37.86,38.03,37.365,37.83,7306047.0,169.23,170.0,164.88,168.85,1012566.0,34.83,35.185,34.825,35.13,30396685.0,64.33,64.48,62.44,62.92,4872982.0,50.37,50.47,49.105,49.615,20695291.0,306.84,308.57,306.0101,307.79,6913131.0,,,,,,20.36,20.69,20.19,20.57,11808299.0,132.37,132.905,131.25,132.41,962172.0,5.1462,5.2261,4.9263,4.9863,28576786.0,62.77,63.125,62.62,62.98,4985276.0,94.35,94.6055,94.32,94.445,3698699.0,55.53,55.8584,55.445,55.77,8589064.0,52.13,52.2196,52.13,52.2,1813919.0,94.55,94.77,94.55,94.7,2810777.0,15.0295,15.0394,14.6203,14.9396,19492085.0,27.31,27.43,26.96,27.31,8832713.0,106.61,107.0274,106.58,106.93,18254752.0,55.5493,57.052,55.3347,56.2421,3749560.0,92.68,92.85,92.33,92.33,2472554.0,150.0399,151.4619,148.802,150.9349,1567501.0,121.7,123.23,121.465,122.49,4240108.0,53.7285,53.8579,52.7232,53.2208,8153786.0,115.22,116.8099,114.25,115.9,1715329.0,71.69,71.9899,68.3,69.46,1012811.0,221.87,224.07,220.68,222.55,303755.0,82.3,83.935,82.07,83.59,2885339.0,42.16,42.335,41.44,41.97,11651259.0,27.0926,27.1011,25.5991,25.7684,6555878.0,59.98,60.04,59.4398,59.69,1262388.0,172.57,173.2991,172.105,173.03,3460242.0,120.28,120.62,119.77,120.62,1540197.0,89.38,89.44,88.13,89.0,1022848.0,65.4472,65.467,64.8043,65.18,4584444.0,82.49,82.57,82.49,82.53,2009581.0,34.55,34.98,34.355,34.76,7407363.0,29.8,29.89,29.65,29.7,8963013.0,33.0,33.0766,32.995,33.07,2341773.0,26.21,26.27,26.16,26.18,2650906.0,49.71,49.93,49.605,49.91,2120724.0,130.51,131.035,128.51,130.07,753897.0,63.18,63.4,62.79,63.35,921395.0,35.73,35.87,35.015,35.09,3074554.0,109.08,109.3299,109.01,109.18,867220.0,159.56,162.25,158.49,161.03,1653466.0,27.16,27.215,26.4633,26.71,2465134.0,9.36,9.39,9.305,9.35,19632067.0,80.5454,80.7992,80.5255,80.7147,2922547.0,78.3148,78.4443,78.3048,78.3148,2158507.0,53.68,53.79,53.505,53.79,11729543.0,58.8967,59.0361,58.8867,58.9565,1779245.0,74.09,74.25,73.875,74.19,4873990.0,55.1488,55.2833,55.0592,55.1189,877012.0,58.3158,58.3756,58.3158,58.3557,2199690.0,168.03,168.8501,167.83,168.83,1991459.0,118.79,119.405,118.525,119.25,3546612.0,46.25,46.52,46.17,46.45,6544513.0,64.97,65.2,64.845,65.15,2604007.0,125.74,126.3232,125.4856,126.25,1196462.0,57.66,58.015,57.18,57.86,3845757.0,85.6045,86.383,82.5305,83.8379,2631889.0,84.56,84.675,84.08,84.35,3180016.0,82.43,82.835,81.76,82.6,9996574.0,106.3307,106.7617,105.4092,106.1622,10992080.0,42.38,42.7596,41.1315,41.8506,4327243.0,34.86,35.835,34.78,35.65,2675445.0
1908,122.03,122.04,120.98,121.745,3858014.0,106.0996,110.5246,104.7642,110.116,7488211.0,97.43,97.6599,97.33,97.45,10768258.0,5.8254,5.9053,5.6305,5.7654,31721950.0,61.57,63.64,60.8001,62.6,3994589.0,515.72,517.15,510.005,511.71,595294.0,16.7,16.85,16.57,16.77,12954637.0,37.62,38.36,37.16,38.19,7868799.0,48.8643,48.9142,48.8444,48.8544,2936968.0,72.0812,72.2107,72.0612,72.0612,6983151.0,29.7087,30.1122,29.5464,29.9154,11716203.0,77.6433,77.709,77.6134,77.6433,2504326.0,342.55,351.0,339.73,343.11,4592046.0,51.16,52.6,50.7023,52.45,5117732.0,7.51,7.59,7.17,7.38,40556326.0,91.4914,93.4249,91.3079,92.6019,8799567.0,13.71,14.1,13.62,13.86,18456121.0,139.9158,141.9806,138.8784,140.7358,8028200.0,495.62,514.0,493.96,507.74,1597239.0,33.55,34.65,33.3516,34.2,8035649.0,45.88,46.02,45.71,46.02,26843541.0,86.41,86.42,85.65,86.09,12602562.0,90.2,90.26,90.07,90.21,6084772.0,43.8805,45.5451,43.2058,45.3087,7929620.0,114.06,117.17,113.96,116.05,3983571.0,72.8,72.83,72.26,72.46,3030845.0,52.95,53.045,52.5,52.75,3704293.0,58.04,58.09,57.76,58.05,3014100.0,27.49,27.725,27.35,27.685,24174150.0,39.11,40.59,38.92,40.11,15649530.0,158.67,163.07,157.3,162.16,1376872.0,36.04,36.12,35.755,36.07,55941132.0,59.12,61.31,58.91,61.235,12258875.0,46.62,48.08,46.345,48.055,42761575.0,298.19,299.47,296.82,298.33,14375881.0,,,,,,21.25,22.195,21.04,21.71,15483464.0,135.21,137.55,134.06,137.09,1226708.0,4.9863,5.1661,4.9263,4.9863,27289850.0,61.0,61.2699,60.7499,61.07,11144145.0,93.75,93.97,93.73,93.73,9483851.0,56.75,56.9,56.51,56.9,23528838.0,52.09,52.15,52.05,52.15,3807532.0,95.65,95.67,95.23,95.49,5212111.0,13.6722,14.3409,13.5525,14.256,28179299.0,27.31,27.85,26.9,27.84,13049856.0,106.59,106.83,106.485,106.59,28270873.0,59.2084,61.0282,59.0327,59.1596,4294159.0,92.16,92.46,92.145,92.33,2460966.0,157.2491,160.4808,155.33,158.0645,3419190.0,127.06,129.2,126.44,127.42,9162496.0,50.5434,51.5288,49.767,50.7823,19116059.0,120.12,122.4,119.335,120.48,2250329.0,61.04,65.23,60.3501,65.23,2318885.0,230.61,238.22,229.07,233.37,762100.0,85.04,86.75,84.17,85.29,3386700.0,43.86,44.93,43.71,44.12,17874190.0,22.7216,25.39,22.6519,24.9419,20732540.0,61.41,62.275,61.2,62.02,2801447.0,177.3,177.51,176.04,177.26,8903712.0,120.86,121.36,120.32,121.04,2322734.0,92.26,94.2,91.29,92.88,1381353.0,65.6747,66.3772,65.4373,65.9715,5277867.0,82.34,82.3889,82.32,82.33,4386604.0,35.85,36.87,35.655,35.955,12104265.0,29.63,29.7403,29.425,29.67,14641979.0,32.96,33.0,32.93,32.95,7518434.0,25.98,26.11,25.96,26.0,10071599.0,51.04,51.04,50.68,50.98,2258911.0,136.53,138.175,134.41,136.1,1562938.0,63.28,63.95,63.11,63.95,1329414.0,37.67,38.88,37.44,37.98,6515144.0,108.23,108.665,108.21,108.49,1481012.0,166.19,170.86,163.81,166.11,2520115.0,27.29,27.82,27.1714,27.71,2211863.0,9.6,9.77,9.54,9.71,25166454.0,80.4657,80.5653,80.3562,80.396,7756762.0,78.2451,78.3048,78.1854,78.3048,4019880.0,53.94,53.94,53.52,53.77,12162107.0,58.5877,58.6973,58.5777,58.5877,2660099.0,74.25,74.255,73.52,73.98,6358598.0,54.6607,54.9496,54.6159,54.7205,1723296.0,58.2062,58.2461,58.1962,58.2162,12751003.0,171.54,171.78,170.5,171.53,2356614.0,121.73,121.73,120.64,121.5,2741854.0,47.29,47.42,47.1141,47.3,8861984.0,65.61,65.62,65.235,65.56,4785085.0,128.77,128.905,127.88,128.52,1268890.0,57.13,58.93,56.42,58.81,6472946.0,78.8276,81.8118,78.4184,81.5823,2898137.0,86.52,87.48,86.08,86.865,4399501.0,84.58,85.87,83.96,85.48,16305028.0,108.1638,109.4321,107.3315,109.2637,14244559.0,42.02,43.17,41.46,43.09,3676575.0,38.33,38.67,37.555,38.49,8000957.0
1909,122.68,123.08,121.9,121.93,2243145.0,106.6378,106.7773,104.804,105.7409,3107339.0,97.33,97.55,97.24,97.5,6305463.0,5.7954,5.9103,5.6555,5.8603,22943758.0,61.86,62.35,60.97,61.58,3563888.0,519.69,523.78,514.035,516.21,393159.0,17.0,17.07,16.83,16.86,12880292.0,38.18,38.325,37.47,37.94,6701265.0,48.8244,48.8895,48.8045,48.8893,3749128.0,72.0513,72.1858,71.9616,72.0612,5610253.0,30.0728,30.3287,29.4858,29.5808,10855516.0,77.6532,77.722,77.6135,77.7031,2215081.0,352.54,355.33,348.0672,348.93,4132547.0,51.96,52.48,51.09,51.1,4568000.0,7.58,7.96,7.46,7.755,30782506.0,93.3753,94.2776,91.5112,91.9475,8293827.0,13.93,14.025,13.545,13.8,11249101.0,140.637,141.5064,139.2242,139.8269,8536797.0,498.57,501.655,492.97,496.02,1500145.0,34.29,34.605,33.6,33.75,7415712.0,45.96,46.13,45.535,45.565,23970298.0,86.52,86.73,86.2,86.295,13242907.0,90.28,90.45,90.2201,90.42,4821761.0,43.9002,44.2351,43.6835,44.1169,11784856.0,116.65,117.769,113.97,114.63,4113071.0,72.25,72.475,71.855,71.91,3858871.0,53.28,53.6,52.545,52.61,5297148.0,58.12,58.35,57.45,57.48,3024398.0,28.33,28.45,27.8,27.89,41363048.0,39.47,39.91,39.07,39.325,11879560.0,158.02,159.255,155.6201,159.05,1021381.0,35.74,35.95,35.485,35.61,34713583.0,59.31,59.72,58.69,59.3,4870081.0,46.54,46.75,46.16,46.72,22356323.0,299.46,300.3,297.24,299.02,10233603.0,,,,,,21.31,21.52,21.24,21.3,10569164.0,135.7,136.835,134.59,135.56,1302191.0,4.9363,5.1062,4.8963,5.0063,17557719.0,61.28,61.435,60.825,61.18,9535045.0,93.68,93.92,93.53,93.87,13166804.0,56.88,57.06,56.36,56.42,12437940.0,52.13,52.17,52.1,52.17,2895879.0,95.8,95.965,95.59,95.66,6494801.0,13.7321,13.8568,13.6323,13.7321,20597815.0,27.5,27.73,27.33,27.4,13914395.0,106.68,106.82,106.47,106.69,32005730.0,58.8766,59.7158,58.4961,59.1303,3191061.0,92.07,92.44,91.98,92.44,2925685.0,161.9226,163.9312,156.8215,158.3429,4014902.0,129.35,130.11,127.23,127.76,6086696.0,49.8367,50.4538,49.3987,50.1552,16694881.0,118.96,121.37,118.72,120.84,1929124.0,60.89,61.31,59.8514,61.23,908539.0,231.5,234.065,230.92,232.77,533884.0,86.51,87.98,84.99,85.3,3357973.0,44.39,44.685,43.675,43.94,12907891.0,22.9306,23.3538,22.8013,23.0651,13273318.0,62.27,62.495,61.7792,61.95,2407610.0,177.7,178.52,177.22,177.43,8960433.0,121.8,121.9,120.6601,121.3,820983.0,93.29,94.04,92.26,92.46,768116.0,66.8917,67.1489,65.8429,66.0507,3697647.0,82.32,82.39,82.3,82.39,4241391.0,36.11,36.44,35.755,36.06,9218242.0,29.93,30.005,29.6148,29.69,13094082.0,33.01,33.03,32.97,33.01,8983958.0,25.87,25.98,25.7743,25.95,5665290.0,50.83,51.06,50.815,50.95,4802167.0,135.42,137.71,135.3,137.71,1588418.0,63.94,64.025,63.245,63.38,1501496.0,37.97,38.8,37.77,37.77,3793822.0,108.49,108.49,108.075,108.22,2724232.0,169.5,173.62,166.8,166.8,2111443.0,27.84,28.0,27.3,27.34,3082168.0,9.88,9.92,9.65,9.66,30990519.0,80.5554,80.6421,80.4359,80.5653,15256443.0,78.3148,78.3596,78.2152,78.3148,4152000.0,54.03,54.16,53.81,53.86,9975775.0,58.5777,58.6923,58.5225,58.6774,4547550.0,74.55,74.7,74.23,74.43,4512990.0,54.4316,54.6706,54.2373,54.581,2722667.0,58.2062,58.2461,58.1863,58.2361,4013171.0,170.7,171.51,170.69,171.32,2492075.0,122.33,122.73,121.55,121.69,2485566.0,47.37,47.53,47.01,47.07,8319515.0,65.74,65.925,65.41,65.445,3270442.0,128.36,128.985,128.195,128.5,930907.0,58.07,58.375,57.295,57.55,6708242.0,78.3585,79.4814,77.5102,78.9973,1931226.0,86.09,86.74,86.06,86.56,3419523.0,85.77,86.445,84.66,85.0,14515784.0,108.4611,109.5015,108.0251,108.3223,13350836.0,41.79,42.525,41.46,42.25,2891005.0,37.43,38.0875,36.58,36.91,4704484.0
1910,122.79,123.17,122.46,122.99,1840945.0,104.4253,104.9635,103.0301,104.4054,4786624.0,97.05,97.34,97.01,97.28,7350713.0,5.6255,5.7254,5.5156,5.6955,21358179.0,61.08,62.79,60.46,62.485,3093852.0,521.67,525.56,519.045,520.2,566993.0,17.23,17.31,17.06,17.09,21093634.0,37.84,38.35,37.77,37.96,5939019.0,48.7346,48.8045,48.7047,48.7646,3281061.0,71.8021,72.0512,71.7722,72.0014,6426742.0,29.876,30.0581,29.7382,30.0138,15045936.0,77.5237,77.673,77.5237,77.6433,3308248.0,349.66,352.43,348.7807,351.72,2052201.0,53.3,53.48,51.82,52.06,4819920.0,7.54,7.85,7.4043,7.62,22219058.0,91.7888,93.0283,91.5905,92.2251,7605184.0,13.81,13.965,13.67,13.69,10375436.0,139.9652,140.5184,139.0315,140.0541,6453620.0,497.5,501.02,496.06,498.77,1601205.0,33.96,34.2,33.74,34.05,6172211.0,46.31,46.46,46.25,46.41,22561715.0,86.1,86.83,86.035,86.805,10173345.0,89.98,90.21,89.87,90.2,3366711.0,44.1957,44.2449,43.654,44.0283,3895132.0,115.59,116.2,114.6,115.28,3878579.0,71.45,72.415,71.31,72.37,17474875.0,53.77,53.98,53.52,53.98,4083444.0,58.61,59.19,58.46,59.15,4423023.0,28.2,28.415,28.11,28.25,33201122.0,39.06,39.24,38.85,39.085,10292839.0,155.57,156.57,153.96,155.815,971953.0,36.31,36.455,36.15,36.39,35247785.0,57.88,58.26,57.4,57.975,7900770.0,45.55,45.66,45.1,45.505,26797018.0,293.16,294.8,291.96,293.67,14800596.0,,,,,,21.23,21.475,21.08,21.15,8352827.0,134.79,135.53,134.12,134.97,1070509.0,4.7864,4.8814,4.6765,4.8264,21146285.0,59.97,60.31,59.74,60.09,10171773.0,93.33,93.71,93.27,93.64,6994690.0,57.29,57.47,57.2,57.43,9672625.0,52.04,52.1499,52.04,52.13,3532863.0,95.45,95.76,95.4,95.53,3307530.0,13.4626,13.5026,13.2531,13.4227,21960615.0,27.46,27.49,27.235,27.365,10651704.0,106.14,106.71,106.1,106.58,25340651.0,57.735,58.6961,57.3545,58.5839,3996457.0,91.66,92.0499,91.65,91.92,2547362.0,162.5988,163.6123,160.2521,160.451,2291227.0,131.04,131.57,129.13,129.36,6273542.0,48.4333,49.0105,48.0451,48.9707,18001207.0,117.1,119.7,116.57,118.69,1864961.0,58.22,58.5,57.1,58.05,1098166.0,231.86,233.54,229.44,229.91,465526.0,86.61,86.73,85.5,86.235,3385540.0,43.82,44.06,43.605,43.88,8668092.0,22.5125,22.617,21.9847,22.383,8169096.0,62.03,62.63,61.945,62.62,1844605.0,176.63,177.6293,176.22,177.55,7785477.0,122.53,122.66,121.61,122.27,1180348.0,93.4,93.69,92.43,93.06,791435.0,66.3772,66.8224,66.2189,66.5948,3339258.0,82.26,82.3499,82.26,82.33,3960282.0,36.01,36.335,35.65,35.7,10519499.0,29.25,29.51,29.16,29.43,14048461.0,32.92,33.01,32.91,33.01,6457800.0,25.72,25.865,25.68,25.83,4488153.0,50.55,50.82,50.44,50.82,3576127.0,133.72,135.8,133.495,134.82,1116756.0,64.21,64.33,63.78,64.02,1708272.0,37.1,37.67,36.92,37.66,3424735.0,108.38,108.5,108.275,108.49,1815233.0,168.58,169.78,167.24,168.85,1810108.0,28.15,28.305,27.86,27.96,2212220.0,9.79,9.93,9.76,9.92,25437270.0,80.2566,80.5952,80.2415,80.5952,13852285.0,78.1654,78.3329,78.1654,78.2949,3915511.0,53.81,54.225,53.76,54.21,11755427.0,58.4382,58.5976,58.4033,58.5677,3241901.0,74.38,74.88,74.285,74.84,4792248.0,54.1227,54.4216,54.0331,54.3419,3209038.0,58.1464,58.2128,58.1464,58.1962,3071872.0,169.46,170.66,169.25,170.66,2811109.0,122.33,122.74,122.04,122.65,1765678.0,47.76,47.855,47.67,47.84,9528860.0,65.69,66.0973,65.6228,66.02,3050061.0,127.56,128.2717,127.4,128.25,998889.0,58.2,58.35,57.7,57.98,5167282.0,76.3524,76.6418,75.2745,76.4822,2792752.0,85.3,85.7088,84.84,85.6,3945610.0,85.25,85.58,84.92,85.195,10666327.0,107.49,107.8665,106.945,107.8665,15494932.0,41.68,42.12,41.08,41.77,3032801.0,39.08,39.62,38.68,39.39,4673928.0
1911,123.45,123.4782,122.48,122.66,2172964.0,106.1495,106.2591,104.4468,105.3821,4177073.0,97.6,97.6,97.22,97.31,7638874.0,5.6555,5.6853,5.4906,5.6455,22079508.0,60.32,60.35,58.57,60.02,3244021.0,519.55,520.765,515.66,518.24,298212.0,17.34,17.44,17.2,17.36,14796738.0,37.73,37.75,36.985,37.36,6493664.0,48.9442,49.1338,48.8394,48.8444,4039736.0,72.1908,72.2107,71.9317,72.0114,5659031.0,29.63,29.694,29.1773,29.4037,7271841.0,77.7529,77.7529,77.6134,77.6632,2044706.0,349.81,351.34,348.5,349.44,1580642.0,51.59,52.91,51.1,52.77,5913309.0,7.43,7.47,7.25,7.42,15006758.0,92.1755,92.2945,89.9643,90.1428,6696217.0,13.64,13.65,13.32,13.47,10834004.0,140.5481,140.7457,137.8312,138.3153,7545407.0,516.32,531.54,508.2,517.35,3211792.0,33.4,33.505,32.94,33.2,7155431.0,46.29,46.29,46.035,46.23,21682475.0,87.04,87.1,86.495,86.72,11283163.0,90.28,90.32,89.96,90.15,4056749.0,44.92,44.93,44.11,44.18,3617471.0,115.86,115.98,113.12,113.91,3243833.0,72.3,72.335,71.9,72.05,4360432.0,53.99,54.035,53.605,53.95,2431433.0,58.8,58.93,58.475,58.85,1819207.0,28.01,28.3,27.83,28.22,29819589.0,38.47,38.73,37.57,38.61,13149047.0,159.04,159.12,155.78,157.59,607107.0,35.75,35.88,35.565,35.84,43594767.0,59.21,59.24,57.84,58.6,5814525.0,46.49,46.6,45.605,46.05,23456736.0,297.84,297.9,293.75,294.1,13497735.0,,,,,,21.04,21.07,20.4,20.68,14689393.0,135.07,135.33,132.7475,132.83,1643720.0,4.8264,4.8564,4.7514,4.8264,18614794.0,60.93,60.95,60.105,60.17,6693429.0,93.94,93.99,93.595,93.72,9024884.0,57.3,57.3,57.025,57.29,6707400.0,52.21,52.22,52.115,52.13,1541963.0,95.62,95.62,95.27,95.27,3230124.0,13.7221,13.7321,13.4926,13.5924,19122701.0,28.0,28.03,27.21,27.21,11996795.0,106.9,106.96,106.32,106.385,30008273.0,57.0032,57.2666,56.2421,56.9154,3317550.0,92.33,92.3477,91.91,92.08,2469264.0,164.3588,164.5875,159.9737,160.1129,2300052.0,132.51,133.0286,130.02,130.26,7209516.0,49.6078,49.6376,48.1745,48.7717,13679663.0,115.46,116.01,114.06,115.57,2020132.0,60.67,60.75,58.36,59.54,1379400.0,229.05,229.05,223.86,227.94,536252.0,86.03,86.1,84.7,85.25,3368059.0,43.37,43.41,42.395,43.005,10017111.0,22.7514,22.851,22.2038,22.6021,5251720.0,62.75,62.8,61.94,62.42,3037935.0,178.24,178.28,176.26,176.26,6989259.0,124.78,124.88,122.5,122.5,1727532.0,92.21,92.61,90.91,92.5,1000380.0,66.674,66.7235,65.6055,65.9913,2670456.0,82.42,82.42,82.35,82.38,3449307.0,35.72,35.75,34.99,35.47,11998591.0,29.61,29.62,29.18,29.25,10062161.0,33.06,33.0751,32.97,32.99,9343155.0,25.95,25.995,25.77,25.8,4372277.0,51.02,51.02,50.43,50.44,2504022.0,133.8,134.175,132.26,132.51,816750.0,64.97,64.97,64.14,64.5,1536464.0,36.49,36.67,35.83,36.62,3630091.0,108.69,108.78,108.3899,108.51,1667990.0,166.45,166.7035,164.22,164.81,1905321.0,28.01,28.09,27.5701,27.92,2131299.0,9.81,9.89,9.76,9.81,26677170.0,80.7745,80.7944,80.4209,80.4956,9973096.0,78.4244,78.4344,78.265,78.265,3833296.0,54.38,54.39,54.045,54.16,9895940.0,58.6973,58.7272,58.5677,58.6176,3764070.0,75.12,75.14,74.645,74.81,2900531.0,54.5909,54.7005,54.2224,54.2921,2919228.0,58.266,58.266,58.2162,58.2361,1811940.0,171.44,171.51,169.1001,169.23,2744950.0,123.02,123.05,122.06,122.34,1986785.0,47.68,47.76,47.485,47.76,6978300.0,66.21,66.215,65.82,66.0,4526947.0,129.16,129.16,127.325,127.4,879290.0,58.77,58.869,57.64,57.7,4583218.0,78.618,78.6629,76.542,77.2906,1733613.0,86.17,86.215,85.01,85.07,3557268.0,85.61,85.66,83.96,84.17,14860766.0,108.58,108.65,105.97,106.49,15004291.0,41.2,41.5,40.57,41.3,2826846.0,37.41,37.75,36.755,37.7,4526867.0
1912,124.04,124.07,123.15,123.61,1662294.0,106.0897,106.1096,103.6131,103.648,3868732.0,97.66,97.92,97.62,97.91,5262544.0,5.61,5.62,5.49,5.53,16813332.0,60.21,60.78,57.83,59.91,3821677.0,524.11,524.76,517.01,520.0,338226.0,17.42,17.48,17.33,17.34,13874553.0,37.79,38.5,37.23,37.845,6160894.0,48.9641,49.0839,48.9541,49.004,3406487.0,72.2406,72.435,72.2107,72.3802,5310023.0,29.76,29.86,29.505,29.76,6930393.0,77.7429,77.8725,77.733,77.8625,2263352.0,353.58,354.22,348.24,351.54,2561699.0,51.27,51.66,50.7,51.46,4545856.0,7.61,7.7,7.22,7.35,21598012.0,91.65,92.83,90.7378,92.7804,6696225.0,13.71,13.875,13.54,13.68,12829789.0,140.39,141.2792,139.0029,140.9828,8200079.0,531.48,533.78,515.8,515.8,2322406.0,33.26,33.71,32.87,33.62,6046016.0,46.26,46.3,46.055,46.21,23296896.0,87.24,87.275,86.77,86.94,8372141.0,90.45,90.69,90.26,90.52,3062019.0,44.85,45.04,44.77,44.92,4018657.0,115.5,116.71,114.87,116.51,3406061.0,72.49,72.535,72.145,72.3,1920055.0,54.01,54.12,53.78,54.12,2361906.0,58.79,58.845,58.54,58.76,1250811.0,28.0,28.1,27.62,27.65,21741313.0,38.02,38.12,36.99,38.09,13552195.0,159.27,159.31,155.79,156.47,706960.0,35.64,35.76,35.56,35.715,26772856.0,58.71,58.71,57.46,57.63,5202932.0,46.33,46.35,45.245,45.41,17271971.0,294.24,294.575,291.78,292.62,14173039.0,,,,,,21.25,21.28,20.84,21.155,13167834.0,134.93,135.84,133.5,135.48,1688451.0,4.8664,4.8913,4.7065,4.7165,17541581.0,60.2,60.27,59.71,59.88,8372289.0,93.97,94.33,93.96,94.31,6819224.0,57.31,57.365,57.07,57.25,6742677.0,52.24,52.29,52.21,52.27,2217911.0,95.74,95.83,95.59,95.83,2957904.0,13.6822,13.7121,13.3129,13.4127,17521483.0,28.09,28.23,27.82,28.02,12400008.0,107.1,107.4,106.945,107.39,21888743.0,58.3205,58.4327,56.4958,57.013,6188440.0,92.37,92.66,92.3247,92.61,2498431.0,163.1954,164.7665,161.9226,164.7665,2836148.0,132.18,132.98,131.79,132.28,6303799.0,49.8665,49.8815,48.3835,48.5228,11606145.0,116.16,116.34,113.89,115.1,1833413.0,60.13,60.25,57.4,57.86,1101774.0,228.26,229.54,225.1331,228.52,434700.0,85.67,86.43,84.59,86.19,2983759.0,43.04,43.7955,42.655,43.66,7578976.0,22.6419,22.6519,22.0694,22.2934,7493255.0,62.64,62.67,61.73,61.85,2615573.0,179.99,179.99,177.89,178.42,6304452.0,125.82,126.05,124.67,125.0,2305379.0,90.79,91.47,88.54,91.11,1174710.0,66.62,67.1408,66.37,67.05,2625611.0,82.4,82.49,82.39,82.49,3528567.0,35.77,35.81,35.155,35.67,12627015.0,29.3,29.38,29.095,29.2,9275626.0,33.09,33.145,33.07,33.14,4742699.0,26.01,26.16,25.9601,26.16,5240937.0,51.42,51.42,50.88,51.06,1724582.0,134.78,135.16,132.33,133.8,1096072.0,64.31,64.97,64.21,64.86,2821930.0,35.68,36.3,34.8009,36.0,4972576.0,108.88,109.0,108.7499,108.98,1120872.0,165.69,167.94,164.07,166.69,2084977.0,27.71,28.16,27.5701,28.05,2220237.0,9.8,9.85,9.62,9.68,21490064.0,80.8641,81.128,80.7844,81.0235,8712509.0,78.4543,78.5938,78.4144,78.5041,3140318.0,54.5,54.5254,54.205,54.36,10793710.0,58.7172,58.8817,58.7073,58.8668,1439768.0,75.3,75.335,74.85,75.05,3136559.0,54.6906,55.0492,54.6358,55.0193,2401791.0,58.2461,58.3158,58.2461,58.3158,1643118.0,173.1,173.1,171.08,171.49,1621549.0,123.62,123.64,122.7323,123.015,1314188.0,47.73,47.76,47.53,47.61,5940828.0,66.29,66.32,65.96,66.14,2862100.0,129.95,129.97,128.745,129.07,855812.0,58.79,59.15,58.1375,58.82,5118817.0,78.3485,78.3585,76.6219,77.3505,2163850.0,87.05,87.06,85.68,86.18,3213350.0,85.48,85.85,84.605,85.8,10862912.0,108.19,108.89,107.45,108.65,14042535.0,40.35,41.14,40.24,41.06,4216370.0,36.97,37.36,36.73,37.22,2344796.0
1913,124.43,124.48,123.0,123.08,2018919.0,107.8537,108.4218,106.8172,108.1726,2868723.0,97.63,97.66,97.1,97.14,7232766.0,5.68,5.7,5.5503,5.63,8471147.0,59.24,59.86,57.36,58.48,4076824.0,522.24,524.6,517.835,518.76,337984.0,17.73,17.75,17.43,17.44,17246115.0,37.91,38.03,37.29,37.545,5296001.0,49.024,49.034,48.8643,48.9042,3084951.0,72.2207,72.2406,71.8255,71.9317,5787990.0,29.4,29.47,29.22,29.47,8666259.0,77.8127,77.8127,77.6682,77.6831,1850451.0,352.57,352.96,348.54,349.7,2277960.0,51.18,51.34,50.0328,50.3,3035349.0,7.36,7.5,7.27,7.4,14729015.0,90.41,91.9,90.0,91.75,7190245.0,13.54,13.595,13.35,13.56,5359848.0,138.49,139.52,137.12,139.47,7713568.0,529.83,532.47,521.55,526.01,1273371.0,32.69,32.88,32.39,32.75,5264583.0,46.36,46.37,45.94,45.94,16823034.0,88.07,88.08,87.22,87.24,9062923.0,90.51,90.52,89.82,89.9,3858734.0,44.94,44.95,44.56,44.61,1903928.0,113.95,114.625,112.69,114.25,2864014.0,72.57,72.59,71.9629,72.0,3200856.0,53.82,53.85,53.14,53.14,2878712.0,58.82,58.885,58.24,58.24,1420556.0,28.18,28.35,27.83,27.835,19490725.0,38.8,38.85,37.29,37.4,11107271.0,161.94,162.02,159.35,160.87,613642.0,35.86,35.87,35.46,35.5,19353809.0,60.24,60.27,59.26,59.64,5147251.0,47.34,47.4,46.65,47.1,19577587.0,298.03,298.58,296.482,297.845,11656261.0,,,,,,20.87,21.09,20.7235,21.09,10086942.0,132.79,134.93,131.5208,134.93,1771053.0,4.9363,4.9863,4.8114,4.9263,10247866.0,60.97,61.09,60.67,60.95,5463449.0,93.92,93.94,93.3901,93.43,11705008.0,57.48,57.48,56.955,56.97,4994067.0,52.28,52.29,52.15,52.15,2980737.0,95.68,95.69,95.2796,95.29,2499669.0,13.9317,13.9716,13.6323,13.8718,13837768.0,28.0,28.0364,27.65,27.88,7841468.0,107.11,107.17,106.06,106.16,33615569.0,57.7448,57.9106,56.7983,57.3545,2767035.0,92.31,92.34,91.73,91.73,2712989.0,161.3558,163.1158,159.7947,162.0419,1987756.0,130.84,132.1317,129.07,130.3,7703495.0,50.6927,50.7424,49.762,50.5434,11507057.0,115.82,116.045,113.54,113.96,1630939.0,62.7,62.94,61.01,62.16,1204263.0,224.9,225.57,222.3,225.4,728346.0,84.73,85.07,83.78,84.0,2320855.0,42.31,42.55,41.885,42.53,8309818.0,23.08,23.1198,22.5921,22.9008,4025452.0,62.39,62.41,61.3,61.34,2409297.0,179.97,180.175,178.26,178.36,4145495.0,127.14,127.44,125.2127,125.55,940076.0,91.63,91.74,89.06,89.23,913609.0,66.67,66.67,65.93,66.46,2752064.0,82.43,82.44,82.3743,82.38,2906866.0,35.11,35.47,34.78,35.38,10077256.0,29.42,29.53,29.305,29.43,11078106.0,33.11,33.12,32.97,32.98,6478600.0,25.93,25.94,25.59,25.6,6655511.0,51.49,51.52,51.01,51.07,2352109.0,136.06,136.48,132.01,133.15,1297312.0,64.74,64.8554,64.12,64.32,816578.0,35.99,36.03,35.15,35.15,1813049.0,108.89,108.95,108.395,108.45,2179251.0,164.63,165.63,162.99,163.41,1202743.0,27.81,27.89,27.2601,27.28,2081668.0,9.83,9.86,9.7,9.7,23440087.0,80.9139,80.9338,80.322,80.3861,14709662.0,78.534,78.5439,78.3148,78.3148,2175238.0,54.94,54.94,54.4201,54.44,9975465.0,58.7372,58.7372,58.5328,58.5428,3024152.0,76.27,76.27,75.46,75.51,3941957.0,54.5312,54.571,53.8388,53.8737,3610819.0,58.2859,58.2859,58.2307,58.2461,2058822.0,173.32,173.53,171.84,172.0,1769032.0,123.96,124.0,122.69,122.72,2304026.0,47.93,47.93,47.49,47.51,6980934.0,66.74,66.75,66.155,66.155,3347106.0,130.21,130.3587,128.99,129.06,1009005.0,58.54,58.67,57.97,58.31,4271066.0,80.205,80.2549,78.8476,79.3865,1384230.0,87.27,87.37,86.18,86.56,5083307.0,84.37,84.86,83.745,84.77,12393533.0,106.47,107.57,105.72,107.57,16802719.0,41.62,41.69,39.56,40.08,7705908.0,37.66,37.665,36.37,36.55,2509143.0
1914,124.29,124.39,123.71,124.16,1078896.0,112.189,112.3883,107.8537,107.8636,4861106.0,97.46,97.54,97.28,97.52,7496635.0,5.92,5.93,5.58,5.69,19566022.0,59.32,60.49,58.63,59.12,2416564.0,518.89,522.37,516.46,517.87,422754.0,17.85,17.87,17.72,17.77,12342828.0,37.34,37.89,37.18,37.74,7102829.0,48.9442,48.9442,48.8045,48.8743,9260911.0,72.0911,72.1509,71.9616,72.0612,5810255.0,29.2,29.38,29.054,29.19,5504549.0,77.8127,77.8326,77.7429,77.7728,1625641.0,349.49,352.461,347.485,350.84,2266041.0,52.4,52.61,51.4597,51.7,3041215.0,7.42,7.55,7.29,7.315,14838372.0,89.69,90.43,89.22,90.16,5313223.0,13.28,13.7,13.21,13.69,10467128.0,137.27,138.75,137.03,138.285,6503930.0,526.33,529.745,523.81,527.69,1250532.0,32.17,32.74,32.125,32.71,6277269.0,46.31,46.32,46.125,46.17,20233681.0,88.49,88.53,88.21,88.26,23335474.0,90.37,90.45,90.16,90.16,5181895.0,45.61,45.785,44.88,44.88,4096343.0,112.58,114.32,112.43,114.07,2336476.0,72.99,73.025,72.77,72.84,3722394.0,53.48,53.52,53.23,53.29,4082089.0,58.4,58.475,58.255,58.34,2088421.0,28.16,28.16,27.89,28.12,18484775.0,38.4,38.69,38.08,38.44,7848306.0,164.56,164.59,161.0,161.39,721766.0,36.26,36.26,36.05,36.15,26034547.0,62.27,62.37,60.095,60.25,7655832.0,48.81,48.815,47.26,47.43,26942345.0,303.58,303.6825,298.3,298.35,12850980.0,,,,,,20.48,20.97,20.435,20.9,9841431.0,132.05,133.09,131.84,133.05,1603711.0,5.1262,5.1462,4.8963,4.9363,15118693.0,62.12,62.14,61.045,61.06,21557921.0,93.8,93.87,93.525,93.67,8929552.0,57.42,57.44,57.235,57.29,73197972.0,52.29,52.31,52.225,52.26,3120691.0,95.64,95.685,95.49,95.5,3371757.0,14.3409,14.3508,13.9167,13.9317,28476869.0,27.98,28.18,27.95,28.0,7644465.0,106.85,106.9754,106.605,106.8,23036242.0,57.1008,57.9204,56.8373,57.7057,2633128.0,92.05,92.18,91.9135,92.05,2677042.0,160.62,162.4198,160.2322,161.2365,1431726.0,129.13,130.39,128.12,129.87,5220222.0,52.0563,52.126,50.5583,50.6429,10598948.0,115.0,115.61,114.61,115.61,1198408.0,66.56,66.68,62.75,63.09,1526465.0,222.69,224.91,221.73,224.91,289697.0,83.71,84.71,83.465,84.36,2488609.0,41.9,42.36,41.72,42.31,5922230.0,23.8,23.81,22.93,22.99,5433784.0,62.24,62.65,62.08,62.44,2128096.0,179.5,180.18,178.785,179.485,5888450.0,126.48,127.475,126.26,127.0,1619863.0,91.67,92.1292,91.255,91.65,779404.0,66.62,66.915,66.485,66.65,2523059.0,82.44,82.47,82.41,82.425,3289336.0,34.57,35.07,34.395,35.07,13192072.0,30.13,30.13,29.5,29.53,14474144.0,33.11,33.12,33.05,33.09,6147333.0,25.76,25.8,25.6512,25.76,7063885.0,51.38,51.4899,51.16,51.34,2234069.0,135.38,136.06,134.565,136.04,913658.0,64.8,65.02,64.44,64.74,1465407.0,35.96,36.2,35.7,35.79,2945152.0,108.73,108.785,108.475,108.62,1851626.0,161.93,165.64,161.54,165.55,2133632.0,28.01,28.18,27.71,28.0,2324410.0,9.78,9.82,9.71,9.8,17167930.0,80.8442,80.894,80.6351,80.7745,7923503.0,78.534,78.5539,78.4543,78.4842,3215623.0,55.2,55.215,54.99,55.03,14531376.0,58.7073,58.7372,58.5877,58.6574,1605098.0,76.77,76.8,76.4346,76.47,3120386.0,54.1726,54.2921,53.9733,54.2024,2584384.0,58.2959,58.3059,58.256,58.256,1924866.0,172.98,173.54,172.43,173.03,2637051.0,123.83,123.965,123.32,123.77,1891174.0,47.83,47.84,47.66,47.74,6938802.0,66.95,66.96,66.71,66.79,4745706.0,130.1,130.4583,129.63,129.8,726118.0,58.77,59.165,58.365,58.58,4562403.0,82.8199,82.9297,79.7758,79.7758,1496181.0,87.12,87.28,86.745,87.14,2564304.0,83.59,84.5,83.51,84.31,11391071.0,104.95,106.715,104.775,106.39,12429321.0,41.18,42.1,40.66,42.0,4723000.0,38.85,38.87,38.23,38.54,2508338.0
1915,122.75,124.47,122.56,123.75,6068164.0,115.2386,115.5874,112.5079,114.1623,4254435.0,96.82,97.28,96.7444,97.17,12393433.0,5.96,6.04,5.8306,5.95,20054322.0,56.44,58.97,56.385,58.55,2505973.0,511.12,518.395,510.04,513.87,846595.0,17.57,17.89,17.57,17.85,18457895.0,36.65,37.28,36.6,37.28,7133548.0,48.7246,48.8344,48.7091,48.7845,4797340.0,71.6426,71.9616,71.5677,71.9117,10880393.0,28.88,29.31,28.88,29.31,7379631.0,77.6831,77.7529,77.6532,77.7429,5285437.0,342.51,348.42,341.65,346.64,2093731.0,52.17,53.22,51.8401,52.12,3070290.0,7.0,7.435,7.0,7.3,19217529.0,87.15,89.555,87.04,89.555,8639053.0,13.26,13.58,13.23,13.28,19359714.0,135.56,137.1293,135.49,136.62,9073206.0,514.66,523.005,514.085,519.57,1060330.0,31.5,32.24,31.5,32.0,8370385.0,46.19,46.595,46.12,46.49,25570461.0,87.97,88.89,87.925,88.6,15278897.0,89.54,90.2,89.5,90.1,7544949.0,45.57,46.03,45.035,45.97,5951850.0,111.38,113.18,111.15,112.86,3198507.0,72.31,73.1,72.305,72.75,5208961.0,53.72,54.42,53.605,54.25,3430617.0,59.1,59.92,59.05,59.6,4021102.0,27.67,28.045,27.57,28.0,17088643.0,38.01,38.69,37.84,38.12,11012426.0,165.67,166.92,164.055,165.42,642135.0,36.09,36.55,36.0,36.43,40126831.0,63.18,63.51,62.42,62.42,4222339.0,49.44,49.6993,48.97,49.08,23175371.0,305.82,306.46,303.67,304.55,12414518.0,,,,,,19.9,20.46,19.865,20.34,14240880.0,130.16,131.94,130.11,131.66,907481.0,5.0662,5.2261,5.0063,5.1162,18397204.0,62.59,62.71,62.13,62.31,11393387.0,93.15,93.56,93.03,93.43,11383502.0,57.34,57.8065,57.27,57.71,16511816.0,52.14,52.23,52.13,52.22,7983525.0,95.0,95.4965,94.98,95.36,4321406.0,14.6103,14.7001,14.4007,14.5105,25154644.0,27.47,27.955,27.46,27.87,11807671.0,105.66,106.54,105.57,106.36,35452810.0,55.1785,56.8422,55.1493,56.769,3405038.0,91.41,91.87,91.35,91.65,5582877.0,156.7,159.76,156.63,158.95,2832246.0,125.3,128.64,125.07,128.09,6371712.0,52.3947,52.9372,51.8373,52.4246,12584161.0,111.72,114.75,111.47,113.73,1959423.0,68.4,69.11,67.1201,67.29,1713873.0,216.23,221.6051,216.07,221.01,483461.0,81.83,83.71,81.72,83.15,2725416.0,41.13,41.94,41.105,41.94,11243006.0,24.1,24.3,23.79,23.79,5198802.0,61.98,62.6472,61.97,62.44,2145521.0,175.59,178.36,175.41,178.09,13219693.0,125.82,126.69,125.7,126.24,1104115.0,90.93,92.29,90.41,91.13,984561.0,66.36,67.2,66.345,67.18,3101958.0,82.39,82.42,82.38,82.41,4095605.0,33.87,34.62,33.85,34.33,12564523.0,30.51,30.525,30.1,30.18,19504905.0,32.94,33.05,32.93,33.03,7362262.0,25.35,25.645,25.295,25.55,7810329.0,50.44,51.12,50.39,51.03,2681394.0,132.21,135.58,132.17,133.76,1536367.0,64.78,64.96,64.55,64.72,2114050.0,35.64,36.23,35.615,35.89,1853666.0,108.14,108.565,108.07,108.47,1870063.0,160.37,161.47,159.01,161.38,2399752.0,28.23,28.915,28.15,28.15,3499995.0,9.65,9.78,9.64,9.78,22641956.0,80.1968,80.6351,80.147,80.5155,8730954.0,78.3248,78.4642,78.3048,78.4144,5110186.0,54.9,55.45,54.8749,55.26,16508214.0,58.488,58.6076,58.4282,58.5677,6888158.0,76.37,77.19,76.345,76.945,3415056.0,53.3358,53.9683,53.2162,53.7641,4402061.0,58.266,58.276,58.2361,58.256,2219533.0,169.88,172.19,169.82,171.99,2366860.0,122.28,123.95,122.095,123.38,1696878.0,47.71,48.08,47.63,47.99,8524175.0,66.64,67.26,66.6001,67.075,4124706.0,127.75,129.4492,127.68,129.24,884728.0,57.93,58.75,57.835,58.6,6108644.0,85.1055,85.4149,83.4387,83.4387,2416183.0,85.96,86.895,85.83,86.43,4806549.0,82.05,83.25,82.04,83.09,12849160.0,103.66,104.965,103.64,104.53,16716079.0,42.02,42.94,41.04,41.04,6896073.0,38.26,39.79,38.0201,39.37,4108979.0
1916,122.68,123.305,122.29,122.37,2633529.0,114.2021,115.712,113.4945,114.2519,3324572.0,97.1,97.11,96.66,96.77,6084846.0,5.87,5.94,5.72,5.92,23757615.0,57.94,58.14,55.48,56.47,2905729.0,508.21,513.33,506.85,510.79,487031.0,17.64,17.76,17.425,17.45,15914726.0,36.59,36.805,35.83,36.56,9175076.0,48.7945,48.8244,48.6975,48.7246,3953574.0,71.842,71.8519,71.5255,71.6327,7067214.0,28.94,29.0699,28.41,28.7,7691208.0,77.7629,77.7828,77.6931,77.7429,1798606.0,345.19,347.37,340.59,342.0,2174286.0,52.81,53.3,51.7,51.9,3169655.0,6.97,7.06,6.81,6.95,21874952.0,86.13,86.57,84.86,86.38,6587207.0,13.32,13.43,12.875,13.1,19698303.0,135.29,135.99,133.77,134.99,8877579.0,515.65,519.16,511.35,512.82,949194.0,31.14,31.37,30.62,31.17,6814284.0,46.04,46.15,45.9,45.97,16773041.0,87.92,88.15,87.485,87.625,12787316.0,89.84,89.99,89.45,89.59,6326142.0,45.17,45.8,45.02,45.75,4923739.0,110.79,111.44,108.65,110.41,3050877.0,72.37,72.545,72.125,72.21,2797296.0,53.7,53.91,53.435,53.49,3543557.0,58.29,58.515,58.19,58.26,2981683.0,27.52,28.145,27.4701,27.63,40228482.0,37.7,38.0569,37.35,37.68,9415423.0,164.03,164.95,162.46,164.27,554783.0,35.91,36.005,35.82,35.91,24597708.0,62.82,63.43,62.27,63.12,4012448.0,49.18,49.57,48.7,49.28,16934828.0,303.11,305.28,302.1,305.09,9704165.0,,,,,,19.96,20.065,19.38,19.75,10709029.0,130.02,130.576,128.27,129.24,1551238.0,5.0163,5.0612,4.9263,5.0063,10947862.0,62.03,62.4685,61.825,62.43,8357926.0,93.5,93.54,93.055,93.18,10981598.0,57.19,57.33,57.01,57.14,8947317.0,52.22,52.33,52.1438,52.33,3203322.0,95.16,95.26,94.915,94.96,3929222.0,14.4506,14.6203,14.3009,14.5404,19316662.0,27.34,27.535,27.065,27.39,10493156.0,106.2,106.25,105.39,105.54,34010718.0,54.9639,55.2859,54.1808,54.8663,2617664.0,91.58,91.69,91.19,91.31,2929369.0,158.89,160.58,154.65,156.0,2365372.0,126.26,127.069,124.605,124.605,5689503.0,52.4047,52.7117,51.897,52.3549,8420930.0,110.69,111.63,109.7823,111.19,1527070.0,67.58,68.7199,66.36,67.88,1164092.0,216.08,217.08,210.7,214.92,297590.0,81.37,81.85,80.31,81.4,2558039.0,41.08,41.33,40.155,40.825,8588484.0,23.85,24.1399,23.36,23.625,4108747.0,61.12,61.88,61.11,61.84,4872881.0,175.03,176.03,174.1,175.13,10673604.0,126.52,127.0,124.87,125.66,1211130.0,90.42,90.7,89.19,90.19,882805.0,65.95,66.235,65.4,65.93,3484752.0,82.44,82.45,82.41,82.44,3415968.0,33.75,33.955,33.18,33.58,11507748.0,30.03,30.11,29.78,30.01,15320486.0,33.03,33.04,32.925,32.99,4382793.0,25.48,25.49,25.1701,25.24,6568788.0,50.29,50.555,50.1001,50.36,2718184.0,129.89,131.78,129.5,131.68,1424474.0,66.95,67.6,65.11,65.5,3707869.0,35.47,35.75,35.27,35.36,1980652.0,108.46,108.48,107.98,108.05,2654458.0,159.09,160.09,157.2,159.68,1340766.0,28.52,28.725,27.79,28.05,2807573.0,9.58,9.75,9.55,9.63,34489636.0,80.4857,80.5554,80.0922,80.157,12399227.0,78.4443,78.4642,78.3248,78.3646,4684912.0,54.84,55.0,54.6,54.65,12009278.0,58.6176,58.6375,58.4681,58.5279,3610453.0,76.27,76.4999,75.85,76.04,3795547.0,53.6047,53.6197,52.9721,53.1066,4235661.0,58.276,58.2959,58.256,58.2959,2141893.0,169.18,170.09,168.39,169.43,2346713.0,122.19,122.78,121.83,122.25,1431163.0,47.6,47.72,47.46,47.55,10094767.0,66.53,66.71,66.28,66.42,2780713.0,127.24,127.93,126.64,127.44,847379.0,57.75,58.1,57.22,57.82,6186758.0,84.3969,85.0007,83.8878,84.4268,1255969.0,85.87,86.235,85.24,85.85,3825569.0,81.73,82.195,80.72,81.62,11866125.0,102.97,103.47,101.89,103.06,13417378.0,42.9,43.567,41.59,42.02,9556328.0,37.72,38.035,37.47,37.76,2261076.0
1918,122.3,122.72,121.25,121.29,2805870.0,117.62,118.18,116.41,117.22,3314006.0,97.24,97.38,97.08,97.34,5210517.0,5.89,5.98,5.7648,5.92,23515695.0,57.61,57.9,56.31,56.61,2710552.0,504.46,507.78,499.64,499.64,379427.0,17.65,17.75,17.3307,17.34,14515683.0,36.74,36.815,36.03,36.07,4631992.0,49.004,49.013,48.9342,48.9941,2850454.0,71.9516,72.0513,71.8519,72.0313,4272707.0,29.09,29.14,28.635,28.65,7951216.0,77.8326,77.9223,77.8027,77.8825,1755095.0,343.39,344.94,336.2409,337.63,1936728.0,58.69,58.75,55.11,56.065,13341308.0,6.48,7.12,6.47,6.8,45859383.0,85.19,85.72,84.774,85.04,6789594.0,13.63,13.66,13.14,13.15,12808293.0,136.54,136.79,134.06,134.39,7025946.0,510.06,516.77,508.6925,510.95,850766.0,31.16,31.235,30.61,30.66,7037757.0,46.23,46.3051,45.87,45.91,22018911.0,88.04,88.2,87.15,87.2,16959592.0,89.93,89.99,89.675,89.93,4432902.0,46.06,46.06,45.15,45.21,5087393.0,110.18,110.6,109.31,109.31,1993261.0,73.03,73.14,72.31,72.31,8336325.0,53.52,53.65,53.02,53.16,4506507.0,58.96,59.165,58.525,58.65,3422050.0,27.65,27.65,26.76,26.835,34372772.0,39.02,39.07,37.22,37.22,15295482.0,167.86,168.57,164.74,165.81,483905.0,35.97,36.03,35.76,35.79,27095312.0,64.67,65.01,63.57,64.34,6013237.0,50.53,50.79,49.75,50.35,24171633.0,309.75,310.25,307.47,308.86,13339473.0,,,,,,19.91,19.96,19.42,19.47,8119870.0,131.36,131.4,128.55,128.55,1793670.0,5.1,5.13,5.0,5.06,12675756.0,63.38,63.475,62.92,63.21,7542036.0,93.77,93.92,93.635,93.91,9860808.0,57.45,57.53,56.99,57.07,9284786.0,52.24,52.33,52.21,52.31,1343535.0,95.12,95.1799,94.86,94.89,3067307.0,14.6802,14.8798,14.5903,14.8099,16997579.0,27.86,27.9,27.2,27.26,12400860.0,106.28,106.565,106.09,106.41,21447156.0,54.7687,54.8663,53.9589,54.4321,3017388.0,91.82,91.84,91.56,91.84,2285749.0,159.11,160.1,157.44,157.44,1576925.0,126.07,126.57,123.88,124.1,3361448.0,53.4,53.5493,52.763,53.4,10172305.0,108.49,110.69,106.79,108.79,3908394.0,71.25,71.99,69.171,70.79,1414645.0,216.26,217.005,211.87,212.32,333543.0,81.14,81.5141,80.31,80.31,2115578.0,41.29,41.415,40.41,40.58,6511722.0,24.14,24.4,23.79,24.09,3924044.0,61.58,61.73,60.89,61.17,4512027.0,174.33,174.88,173.0,173.215,11014264.0,128.43,128.73,126.07,126.44,1355606.0,92.34,92.81,89.31,89.31,1072256.0,66.3,66.3,65.38,65.55,3064764.0,82.49,82.57,82.47,82.57,8202293.0,33.66,33.76,33.1,33.12,10467825.0,30.45,30.5,30.02,30.19,15098114.0,33.06,33.1,33.02,33.1,1903630.0,25.55,25.6,25.46,25.59,4628159.0,50.02,50.16,49.68,49.75,3159216.0,125.32,129.12,124.45,127.69,3180825.0,67.7,68.05,66.53,67.01,2348014.0,36.6,36.63,35.15,35.15,2992378.0,108.56,108.66,108.44,108.62,1596853.0,160.46,161.01,157.66,157.66,1475544.0,31.83,32.05,30.16,30.5,13822380.0,9.6,9.6299,9.42,9.43,31061237.0,80.5952,80.7048,80.4949,80.7048,8446789.0,78.4842,78.5539,78.4344,78.534,1837493.0,55.03,55.13,54.445,54.445,12360634.0,58.7372,58.8369,58.6873,58.8369,2098227.0,76.15,76.31,75.36,75.4,3984120.0,53.7342,53.8737,53.5848,53.8388,3110383.0,58.3258,58.3716,58.3059,58.3656,1991257.0,169.04,169.42,167.6328,167.89,2619375.0,121.91,122.29,121.0,121.15,1955883.0,47.8,47.8499,47.415,47.43,7399046.0,66.75,66.88,66.16,66.22,8117893.0,127.09,127.41,126.0,126.14,786096.0,58.99,59.09,57.62,57.7,7191421.0,86.4529,86.9519,85.2352,86.0437,1505297.0,85.7,86.01,85.06,85.22,3671594.0,81.99,82.195,80.98,81.01,11755456.0,103.03,103.47,102.07,102.595,12061606.0,52.01,54.0,43.75,44.25,54155188.0,37.83,38.05,37.22,37.28,2976161.0
1919,124.35,124.39,123.33,123.59,4211063.0,115.90632986375564,117.80986460184484,114.62069645426084,115.00937632224766,2948574.0,97.68,97.74,97.42,97.51,7461471.0,6.17,6.23,5.83,5.86,24448056.0,58.79,58.89,56.67,58.38,3263825.0,517.49,517.96,508.43,512.88,392820.0,17.91,17.96,17.82,17.87,8940811.0,37.23,37.25,36.36,36.95,6790401.0,49.17366681496463,49.19362366026291,49.093839433771514,49.14373154701721,4533809.0,72.29047757386283,72.36024640648616,72.08117107599281,72.13100595643806,6148892.0,29.15,29.255,29.08,29.14,6738121.0,77.90241412455332,77.93231525587032,77.84261186191932,77.88248003700865,1425469.0,351.51,353.34,346.615,349.95,2240068.0,60.47,62.27,59.81,60.65,13926566.0,6.38,6.53,6.04,6.48,53109813.0,85.55,85.7867,84.5598,85.65,7227053.0,13.58,13.83,13.44,13.71,11238654.0,137.83,137.969,136.41,137.38,8348877.0,509.63,514.9412,505.8,512.79,1103534.0,31.35,31.5,30.905,31.5,7347652.0,46.12,46.18,45.97,46.065,26279258.0,89.32,89.46,89.12,89.3,12435731.0,90.48,90.555,90.09,90.09,6079020.0,46.04,46.4599,46.01,46.06,5139061.0,111.23,111.4926,109.43,110.61,2475133.0,74.95,74.975,74.375,74.52,6062666.0,53.58,53.695,53.245,53.44,3897701.0,59.98,59.98,59.765,59.95,2938621.0,27.99,28.13,27.82,27.92,19071633.0,39.64,40.01,39.08,39.14,11247769.0,168.24,169.1,164.51,165.67,745002.0,35.6,35.68,35.52,35.61,32810792.0,63.72,64.44,63.19,63.3,4966111.0,49.77,50.31,49.34,49.41,20431139.0,304.5,304.875,302.74,303.81,9578486.0,,,,,,19.97,20.1,19.71,20.07,18412328.0,132.58,132.69,130.835,131.87,3171116.0,5.22,5.27,5.01,5.02,19008277.0,62.31,62.38,61.9507,62.16,6745338.0,94.16,94.26,93.87,93.975,10834387.0,57.38,57.44,57.1801,57.27,9168552.0,52.34,52.35,52.2721,52.3,3447758.0,95.73,95.74,95.425,95.56,4232671.0,14.480567951318458,14.76997971602434,14.320892494929003,14.330872210953345,25206102.0,28.19,28.28,28.02,28.08,15941719.0,107.24,107.33,106.52,106.92,29208425.0,56.564106921579025,56.69095415117719,55.76399362719064,56.017688086386954,4326774.0,92.15,92.24,91.905,92.02,2979826.0,162.33,163.2,158.95,160.27,2480118.0,129.21,129.53,126.82,127.535,5472473.0,52.71,53.18,52.49,52.55,10620617.0,109.38,109.98,107.8169,109.57,2620552.0,69.06,70.66,67.98,68.04,925830.0,219.99,220.49,215.51,218.53,425367.0,81.74,82.1,80.76,82.0,3064184.0,41.62,41.65,41.06,41.5,7682357.0,24.1,24.56,23.728,23.94,5192819.0,60.8,61.18,60.585,61.08,4492585.0,177.58,177.68,175.48,176.46,8780310.0,128.86,129.42,128.03,128.31,1344909.0,93.16,94.3,92.34,92.34,1021655.0,66.69,66.78,66.37,66.71,2774978.0,82.52,82.53,82.48,82.5,3870296.0,33.93,34.105,33.48,33.97,17574809.0,30.23,30.25,29.98,30.04,12300990.0,33.16,33.18,33.09,33.14,3979693.0,25.86,25.919,25.68,25.75,3825746.0,50.85,50.8801,50.3699,50.53,1912899.0,128.74,128.79,125.19,126.39,2231550.0,68.22,68.74,67.75,68.12,1579117.0,37.86,38.45,37.39,37.975,4758692.0,108.87,108.96,108.665,108.75,2875531.0,161.46,162.66,160.09,162.34,1510846.0,32.97,33.25,32.575,32.8,7235994.0,9.54,9.58,9.48,9.54,22266741.0,81.04340479686738,81.1131238374939,80.7744884973079,80.85416740088108,9197838.0,78.61367593880385,78.64356328233653,78.52401390820579,78.57382614742694,3043481.0,55.8,55.9,55.695,55.87,12582418.0,58.87671985157699,58.90672136279304,58.75711249789172,58.79698161578681,1916584.0,77.06,77.309,76.915,77.225,5451555.0,54.40167333090777,54.54094002073859,54.02312295797707,54.1327033290886,3460948.0,58.33574890859483,58.34571401773535,58.3158186903138,58.325783799454314,2558535.0,171.63,171.675,169.83,170.56,1767521.0,123.89,123.93,122.8875,123.26,2607030.0,47.63,47.68,47.475,47.59,5895605.0,67.4,67.49,67.24,67.35,7352817.0,129.07,129.0751,127.67,128.11,886442.0,60.1,60.41,59.4903,59.98,15273564.0,85.35500000000002,86.28320568288122,84.2970451356408,84.7112444457437,1944925.0,87.2,87.22,86.29,86.56,3449341.0,82.7,82.83,81.95,82.56,9514036.0,103.52,103.855,102.9,103.49,13043604.0,53.04,53.25,51.3,52.02,42843227.0,36.79,36.96,36.48,36.84,2916654.0
1920,123.46,124.28,123.34,123.97,2161825.0,117.47101548616403,117.56071084031484,115.72693915545403,116.09568672251844,2194275.0,97.5,97.6746,97.375,97.56,4909442.0,6.33,6.545,6.0912,6.17,23179471.0,58.05,59.17,57.34,58.6,2430547.0,510.1,518.17,509.57,517.87,409902.0,17.65,17.75,17.555,17.74,11603807.0,36.68,37.65,36.565,37.6,4856395.0,49.19362366026291,49.203602082912056,49.11379627906979,49.14373154701721,3201114.0,72.13100595643806,72.22070874123948,72.05127014772569,72.17087386079425,5214663.0,28.94,29.295,28.85,29.14,6743951.0,77.84261186191932,78.14162317508931,77.81271073060232,77.87251299323631,1717835.0,349.49,352.8,348.86,352.49,1924390.0,60.41,61.25,60.08,60.38,7431255.0,5.94,6.36,5.93,6.28,41276604.0,84.58,86.61,84.28,86.52,6792984.0,13.41,13.66,13.37,13.63,11737280.0,136.02,138.79,135.66,138.78,6876282.0,507.99,511.72,505.845,510.37,740160.0,30.86,31.79,30.83,31.66,6989201.0,45.91,46.015,45.87,45.995,26970520.0,88.29,88.545,88.12,88.45,16812428.0,90.29,90.435,90.125,90.36,4109662.0,45.57,46.0,45.53,45.87,4268276.0,110.45,112.7,110.07,112.7,2260894.0,73.61,73.835,73.51,73.79,5543942.0,53.26,53.45,53.185,53.42,2648895.0,60.75,60.905,60.6,60.62,4630632.0,27.69,27.83,27.525,27.69,14661524.0,38.89,39.52,38.7,39.4,7689498.0,168.5,169.86,166.912,169.1,456701.0,35.24,35.42,35.24,35.42,27161924.0,64.65,64.67,63.86,63.92,3748649.0,50.35,50.36,49.78,49.92,13211031.0,303.81,304.99,303.06,304.64,8803333.0,,,,,,19.86,20.3399,19.82,20.22,20233390.0,131.07,133.5,130.5,133.5,1946605.0,5.26,5.27,5.1,5.14,12706214.0,62.17,62.405,62.02,62.35,11400826.0,93.9,94.0359,93.79,93.965,8591454.0,57.12,57.28,57.1,57.27,7984953.0,52.29,52.4376,52.26,52.3,1566035.0,95.68,95.75,95.52,95.72,4053858.0,14.759999999999998,14.77995943204868,14.520486815415822,14.580365111561864,20814990.0,27.95,28.35,27.8819,28.3,10609640.0,106.98,107.1,106.67,107.03,29079845.0,55.68593379359177,57.208100548769686,55.60299522039298,56.78852894317578,5112670.0,92.06,92.28,91.925,92.1,2750613.0,158.61,163.27,158.33,163.26,1513761.0,127.51,129.42,127.27,129.207,4050892.0,52.85,53.045,52.405,52.92,7595147.0,108.84,110.6,108.43,109.76,1548832.0,70.62,70.75,69.15,69.44,570474.0,218.77,223.93,217.83,223.44,647720.0,80.59,82.38,80.48,82.38,3571121.0,41.12,42.05,41.05,41.83,6722317.0,24.39,24.41,23.99,24.13,3695946.0,59.95,60.29,59.76,60.27,4119016.0,176.07,177.69,175.77,177.56,13696625.0,128.94,129.46,128.41,128.43,1044474.0,91.74,92.72,91.39,92.72,679680.0,66.04,66.705,65.94,66.62,3057082.0,82.46,82.5,82.45,82.5,1972559.0,33.58,34.36,33.47,34.32,11031951.0,29.98,30.225,29.96,30.15,11211747.0,33.12,33.14,33.08,33.14,6124153.0,25.73,25.792,25.64,25.76,4115721.0,50.48,50.9399,50.42,50.9,1874515.0,126.72,129.1,126.63,129.0,1215948.0,68.11,68.6182,68.03,68.24,1705215.0,37.4,37.85,37.0,37.52,2601203.0,108.62,108.79,108.53,108.71,2367927.0,159.34,163.38,159.01,162.44,1287697.0,32.9,33.4,32.54,32.54,5179455.0,9.37,9.46,9.33,9.46,29963477.0,80.88404698972101,81.0433051982379,80.75456877141461,80.90396671561432,9588661.0,78.54393880389426,78.61865716272598,78.49412656467312,78.54393880389426,4238820.0,55.29,55.4464,55.2035,55.37,12534792.0,58.76707977736549,58.81701584752909,58.71724337999662,58.78701433631303,1706886.0,76.31,76.61,76.17,76.52,3237001.0,54.15262703292705,54.26220740403856,53.94372699818083,54.17255073676551,2973839.0,58.305853581173274,58.325783799454314,58.28592336289224,58.3158186903138,1761028.0,170.37,171.88,170.11,171.65,2832907.0,123.04,123.91,122.91,123.91,1893845.0,47.34,47.46,47.31,47.46,15196562.0,66.82,66.985,66.7246,66.94,3286724.0,128.17,129.29,127.95,129.16,785721.0,60.62,60.87,60.12,60.4,8184556.0,86.17,86.2,84.86,85.58,1253533.0,86.01,87.11,85.93,87.1,5298534.0,81.65,83.35,81.44,83.1,14776304.0,102.11,104.43,101.7918,104.29,14292377.0,53.34,53.47,52.7,52.86,11972079.0,35.63,36.14,35.6,36.13,2559388.0
1921,123.91,124.54,123.24,124.54,5597496.0,117.77000000000004,118.54735973597364,116.20531437759163,117.90952610645684,3668640.0,97.86,97.94,97.7,97.74,7724141.0,6.13,6.485,6.11,6.44,15747492.0,57.49,59.03,56.75,58.5,2867531.0,509.92,513.76,507.835,512.68,438312.0,17.8,17.94,17.66,17.92,18591476.0,37.36,37.41,36.62,37.03,5824420.0,49.27345104145604,49.31835394337717,49.19751524509608,49.23353735085948,3087901.0,72.3901473347533,72.45991616737663,72.24064269341758,72.24064269341758,4686425.0,29.17,29.18,28.855,29.0,4851464.0,77.97218343095966,77.99211751850432,77.91238116832565,77.91238116832565,4654380.0,351.79,353.09,348.74,352.2,2290340.0,59.15,61.1821,58.51,60.89,7194631.0,5.9,6.07,5.77,5.86,34809350.0,85.6,85.61,84.335,84.8,7000457.0,13.55,13.5799,13.37,13.55,9169441.0,137.91,137.94,136.1,136.5,7556199.0,503.45,510.5,502.08,510.5,994227.0,31.11,31.161,30.57,31.0,8893343.0,46.08,46.34,45.93,46.32,24292350.0,88.68,88.75,88.2499,88.74,11454353.0,90.6,90.65,90.19,90.19,4568653.0,45.85,45.89,45.47,45.6,2533768.0,109.88,111.03,109.37,110.46,3421596.0,74.03,74.05,73.595,74.03,3182222.0,52.87,53.33,52.54,53.25,4164431.0,61.8,61.96,61.415,61.96,4842258.0,27.7,27.845,27.58,27.76,20187532.0,39.03,39.5,38.73,39.37,8928155.0,168.29,169.325,167.19,168.99,345210.0,35.62,35.86,35.52,35.83,34189301.0,64.58,65.48,64.19,65.14,3403510.0,50.28,50.84,49.94,50.59,11855618.0,305.61,306.89,304.46,305.74,9502412.0,,,,,,20.08,20.12,19.74,20.05,14728700.0,133.62,133.63,130.83,131.09,2482391.0,5.16,5.38,5.155,5.32,11269335.0,62.54,62.8,62.3,62.56,6179611.0,94.29,94.375,94.1,94.145,9681506.0,57.42,57.6302,57.215,57.62,11752500.0,52.37,52.3899,52.315,52.34,1745360.0,95.8,95.89,95.7082,95.89,4426631.0,14.65,14.915,14.64,14.81,22113967.0,27.92,27.98,27.615,27.93,12942485.0,107.46,107.56,107.195,107.33,31012833.0,56.212837670384125,56.944648610373505,55.34442202159673,56.5250770047796,4588595.0,92.43,92.5,92.285,92.35,3001452.0,159.92,160.07,156.3603,158.0,1961172.0,128.16,128.4,126.925,128.1,4337562.0,52.52,53.1,52.375,52.915,9190265.0,108.94,109.28,106.6101,108.87,2437854.0,70.48,72.13,69.6,71.57,631316.0,221.26,221.53,218.0,221.0,388667.0,80.68,80.7,79.24,80.0,3399071.0,41.46,41.51,40.8846,41.39,5928851.0,24.2,24.69,24.09,24.59,3276406.0,60.2,60.3908,59.995,60.3,3401201.0,176.5,176.7599,174.99,176.73,7824208.0,125.0,128.75,124.27,128.67,2218112.0,92.39,93.12,91.81,92.95,1053388.0,66.44,66.5,66.07,66.41,3492256.0,82.55,82.56,82.52,82.52,2154446.0,33.68,33.88,33.33,33.82,9902909.0,30.3,30.32,30.0501,30.29,12212700.0,33.19,33.2099,33.1537,33.18,3549055.0,25.96,26.005,25.82,25.86,5411648.0,50.71,50.75,50.27,50.74,2012911.0,125.15,127.31,123.48,127.31,1161641.0,68.74,68.77,68.08,68.45,1640672.0,37.68,38.13,37.48,37.95,1876562.0,108.93,108.9659,108.645,108.7,1714494.0,158.49,159.335,156.165,158.69,1663708.0,32.26,33.26,32.11,33.02,4304689.0,9.44,9.51,9.41,9.48,26528953.0,81.16292315222714,81.2177023984337,81.01830594224182,81.1131238374939,8205956.0,78.66348817802499,78.68341307371345,78.61367593880385,78.62363838664808,4028524.0,55.51,55.62,55.27,55.56,11628817.0,58.936523528419634,58.97639264631472,58.85678529262944,58.86675257210322,2576089.0,76.7,76.78,76.31,76.75,3368377.0,54.61087222121157,54.71039112188466,54.33692129343278,54.39171147898854,2345480.0,58.35567912687587,58.3756093451569,58.34073146316509,58.35069657230561,1386091.0,171.12,171.18,169.61,170.83,3177116.0,123.54,124.1,122.8,124.1,1701218.0,47.55,47.7599,47.4,47.75,10474568.0,67.11,67.27,66.83,67.27,3750738.0,128.76,128.85,127.64,128.65,857070.0,60.27,60.43,59.58,60.11,6663087.0,86.06,86.865,85.59,86.55,976324.0,86.33,86.48,85.47,86.45,4934786.0,82.26,82.26,81.26,81.78,11896713.0,102.69,102.845,101.75,102.28,13832487.0,53.23,53.6,52.88,53.2,7483587.0,36.7,37.42,36.42,37.32,2747843.0
1922,123.65,123.975,122.56,123.79,8231727.0,117.99,118.84,116.32,117.49,2614996.0,98.1,98.1,97.8,97.86,15488429.0,6.17,6.2,6.0,6.055,17015574.0,55.76,56.69,54.81,56.65,11048682.0,509.24,510.57,505.03,508.25,932956.0,17.83,17.88,17.67,17.72,13084021.0,37.05,37.17,36.53,37.11,11354627.0,49.34330000000003,49.34330000000003,49.11379627906979,49.11379627906979,3054065.0,72.52968499999996,72.53965197608902,72.30044454995188,72.3901473347533,5995815.0,29.1,29.165,28.9254,29.09,5415714.0,78.10175499999997,78.22135952526797,77.98713399661816,78.01205160604897,1742401.0,348.03,353.24,347.02,351.83,4867154.0,58.53,58.92,57.63,58.43,5413277.0,5.83,5.86,5.63,5.81,47846305.0,85.35,86.05,84.54,84.95,20170550.0,13.18,13.525,13.13,13.5,10733790.0,136.7,137.45,135.21,136.88,12858865.0,506.26,513.85,503.11,505.18,1686545.0,30.26,30.84,30.24,30.75,18145623.0,45.52,45.66,45.2301,45.655,42291621.0,88.81,88.9,88.17,88.75,18590171.0,90.6,90.67,90.4343,90.62,8235745.0,46.48,46.565,45.78,45.85,4106329.0,108.57,109.51,107.46,108.5,5536320.0,74.12,74.19,73.535,74.11,5838952.0,52.38,52.54,51.87,52.53,3364462.0,60.63,60.89,60.27,60.79,4386824.0,27.21,27.47,27.0601,27.47,24763857.0,38.48,38.93,37.725,38.84,17241162.0,168.8,170.15,167.0,167.0,734719.0,35.0,35.17,34.79,35.15,62720989.0,65.32,65.34,63.8819,64.02,4415642.0,50.65,50.72,49.72,49.85,16795486.0,303.6,304.02,301.5,303.64,9553260.0,,,,,,19.59,19.92,19.44,19.87,34033612.0,132.19,133.62,130.65,133.62,3570807.0,5.14,5.16,5.03,5.13,11708652.0,62.16,62.215,61.695,62.12,8115913.0,94.57,94.62,94.3,94.36,10268591.0,56.69,56.93,56.3755,56.93,14784072.0,52.45,52.71,52.37,52.71,2536455.0,95.91,95.9401,95.72,95.85,3633966.0,14.75,14.84,14.49,14.62,18073926.0,28.04,28.24,27.79,27.79,15718482.0,107.77,107.77,107.35,107.45,29890796.0,55.11999999999999,55.91035581518852,54.59309612320764,55.37369445919631,5855729.0,92.65,92.65,92.315,92.46,4320515.0,160.74,161.3,159.13,159.78,4475396.0,128.03,128.33,126.35,127.61,6436143.0,52.72,52.73,51.8,52.3,18835557.0,109.36,109.5,106.211,107.75,3548189.0,71.52,71.66,68.93,69.43,793307.0,216.64,219.31,215.1,219.31,558652.0,80.84,80.84,79.08,79.87,8053619.0,40.78,41.15,40.505,41.06,8919917.0,24.39,24.405,23.88,24.06,3225543.0,59.43,59.8,58.96,59.8,6656502.0,176.43,177.01,174.94,176.0,8433619.0,126.66,127.17,124.19,124.88,1359805.0,90.91,91.75,89.57,91.75,1312415.0,66.22,66.58,65.96,66.56,3432207.0,82.65,82.65,82.5735,82.59,4330977.0,33.05,33.5,32.84,33.4,20668670.0,30.0,30.19,29.78,30.12,14305416.0,33.26,33.27,33.19,33.22,5453698.0,26.01,26.055,25.9035,25.96,6634496.0,50.68,50.856,50.29,50.6,2772069.0,123.07,124.82,121.41,124.57,2196537.0,69.05,69.3,68.55,68.57,1635517.0,37.05,37.6,36.54,37.27,2433722.0,109.29,109.3551,108.9,108.96,3950250.0,157.93,158.96,155.4525,157.47,4020354.0,32.01,32.14,31.52,31.7,3531731.0,9.13,9.37,9.11,9.37,41903968.0,81.39200000000002,81.40195986294667,81.13802349486052,81.21272246696037,7893968.0,78.79299999999996,78.79299999999996,78.63360083449231,78.63360083449231,3145764.0,55.58,55.6565,55.18,55.53,14170828.0,59.096,59.10596727947377,58.95147444763029,58.97639264631472,2422598.0,76.76,76.85,76.2499,76.79,5041301.0,54.7603,54.8300329634346,54.50547582790613,54.61087222121157,3092519.0,58.435400000000016,58.435400000000016,58.3756093451569,58.385574454297426,1997876.0,171.39,171.9,170.09,170.79,2774153.0,123.37,123.63,122.2,123.25,1695497.0,47.0,47.19,46.7267,47.12,9403027.0,66.94,67.04,66.505,67.02,3976418.0,129.02,129.37,128.0,128.53,695296.0,60.51,60.7,59.65,59.97,12301674.0,86.75,87.03,85.695,85.89,1866104.0,86.34,86.46,85.22,86.1,6057143.0,81.53,81.955,80.875,81.63,15519308.0,102.3,102.39,101.185,102.16,28645787.0,53.82,54.03,52.84,53.0,19165307.0,34.71,35.298,34.11,35.27,5584701.0
1923,124.57,124.58,123.07,123.66,2623027.0,124.28,124.65,119.77,120.185,4025441.0,97.8421199964642,97.9178693818183,97.55116209245504,97.55116209245504,28390079.0,6.88,6.99,6.39,6.41,41835113.0,55.09,56.4,54.28,56.4,3667112.0,510.13,510.9,500.72,505.02,495247.0,17.93,17.93,17.63,17.81,10041820.0,37.32,37.76,36.82,37.6,6046362.0,49.3,49.32,49.23,49.24,4763671.0,72.37,72.53,72.24,72.35,6888040.0,29.58,29.74,29.19,29.63,8068676.0,78.05,78.11,77.99,78.05,1659563.0,344.67,346.47,339.5,346.47,2552788.0,58.18,59.22,58.18,58.8,3475163.0,7.18,7.52,6.96,7.19,119579783.0,86.72,87.56,85.86,87.05,8634361.0,13.38,13.59,13.21,13.48,10892331.0,137.84,138.69,136.4304,138.49,9076639.0,507.84,509.2775,501.02,506.16,994059.0,31.14,31.25,30.75,31.18,10156893.0,45.85,45.87,45.52,45.69,20576505.0,89.76,89.79,88.67,88.97,25710474.0,90.56522741262926,90.68576675701163,90.35930603264268,90.48486784970768,5414903.0,47.16,47.225,46.345,46.55,4191119.0,111.34,111.81,109.7,111.11,4151461.0,75.04,75.045,74.14,74.43,6737768.0,52.84,52.84,52.22,52.25,2989656.0,61.74,61.74,61.135,61.3,3278815.0,27.27,27.52,27.105,27.48,20035549.0,40.15,40.54,39.59,40.09,15316708.0,178.17,178.395,171.52,172.25,1042462.0,35.35,35.36,35.02,35.14,33125263.0,69.44,69.76,66.65,66.68,10113427.0,53.77,53.83,51.655,51.72,39386811.0,311.67,311.72,308.72,309.21,13593232.0,,,,,,20.01,20.14,19.525,20.11,16272745.0,133.75,134.66,132.22,134.315,2329655.0,5.63,5.73,5.275,5.28,28853834.0,63.77,63.785,63.18,63.285,8006094.0,94.2490785765892,94.44973661060364,94.08855214937763,94.30927598679354,13341850.0,57.16,57.16,56.75,56.92,12787470.0,52.4241171604592,52.594748979668054,52.38396849711595,52.4241171604592,2537559.0,95.9057341708676,95.92584651944073,95.66941407513356,95.83534095086172,3985973.0,15.71,15.8151,15.1,15.11,25900331.0,28.65,28.69,27.82,28.25,16708987.0,107.46519810566988,107.47523501592538,107.08379551596076,107.38490282362584,24225876.0,54.44,55.17,53.91,55.14,5028695.0,92.34404437148378,92.55980148450126,92.24369222589424,92.33400915692482,3200230.0,158.75,163.91,156.02,163.91,2960513.0,128.4,128.47,126.36,127.48,3608056.0,55.58,55.89,53.86,53.9,14953220.0,120.4,125.75,117.89,122.91,7457326.0,80.27,80.5,74.3497,74.56,2136823.0,220.31,222.375,216.92,221.7,604404.0,82.51,82.75,80.46,82.33,4111702.0,41.44,42.035,41.0,41.79,8003732.0,26.16,26.39,24.9041,24.95,8307000.0,59.58,59.64,59.055,59.41,4865445.0,176.57,176.6162,174.27,176.07,12499620.0,127.87,127.96,126.22,126.27,1063091.0,92.45,93.54,91.65,92.96,1143362.0,67.45,67.495,66.82,67.4,3634385.0,82.58157598225718,82.64177394798352,82.57154298796945,82.60665846797647,4010995.0,33.34,33.83,32.91,33.74,12681496.0,31.59,31.6,30.72,30.85,37873272.0,33.2238783169489,33.2339157424223,33.1736911895819,33.2238783169489,2755020.0,25.792042189775263,25.89240033059151,25.69670195599983,25.83218544610176,3712803.0,50.86,50.86,50.29,50.58,2771785.0,135.71,142.42,134.14,135.6,3317759.0,69.3,69.38,68.985,69.11,1582318.0,36.96,37.94,36.42,37.77,3861494.0,108.92218586852982,109.0725616428536,108.75627126419258,108.91516833239471,2797090.0,162.35,162.62,158.15,162.1,1815708.0,31.87,32.24,31.73,31.89,2105294.0,9.27,9.31,9.21,9.245,25068002.0,81.25,81.27,81.0501,81.21,7773047.0,78.75,78.7657,78.67,78.75,6855438.0,56.22,56.23,55.58,55.72,11474843.0,58.96,59.06,58.89,58.98,4649714.0,77.51,77.54,76.55,76.785,5579030.0,54.26,54.47,54.0738,54.35,3014115.0,58.39,58.43,58.38,58.42,3656455.0,171.67,171.73,169.61,171.03,2538218.0,124.19,124.22,122.695,123.21,1823317.0,47.33,47.34,46.99,47.12,16323272.0,67.63,67.64,66.96,67.19,3240129.0,129.41,129.45,127.92,128.885,930321.0,61.27,61.39,60.1801,61.16,11558605.0,91.83,91.88,88.3,88.66,2707797.0,86.85,86.89,86.19,86.88,7905535.0,82.6,83.17,81.65,83.06,16015491.0,103.05,103.85,102.22,103.75,17290462.0,53.53,53.9,53.18,53.45,17534431.0,35.72,35.8,34.83,35.13,2634299.0
1924,124.85,125.06,124.08,124.2,1475680.0,122.51,123.43,120.95,122.69,2875020.0,97.77188877825508,98.07468565904809,97.69162452887323,97.92238424584605,7177836.0,7.05,7.07,6.76,6.81,33524886.0,57.01,57.22,53.7,55.04,2976997.0,513.24,514.44,503.82,508.97,404573.0,17.99,18.05,17.7601,17.79,12663287.0,37.54,37.805,36.89,37.28,5952314.0,49.3,49.34,49.24,49.325,2928706.0,72.29,72.497,72.26,72.44,7437016.0,29.56,29.67,29.125,29.36,6550921.0,78.0,78.09,77.9703,78.07,1503344.0,349.4,350.84,344.9182,346.0,2614301.0,59.68,60.97,58.91,60.71,5818654.0,7.56,7.655,6.71,7.16,100495424.0,87.91,88.6,85.38,86.66,5642890.0,13.57,13.795,13.25,13.38,14261904.0,139.55,140.59,136.6,137.645,9001305.0,513.15,514.675,506.02,506.6,1107674.0,32.01,32.2962,30.8,31.14,6774367.0,45.96,46.01,45.7448,45.84,20943361.0,89.08,89.17,88.625,88.86,11787449.0,90.85653082822002,90.85653082822002,90.71087912042464,90.79626115602883,5761630.0,47.07,47.44,47.0301,47.29,3102635.0,112.82,113.89,110.1729,111.36,3279210.0,74.13,74.29,73.945,74.21,3350696.0,53.15,53.245,52.815,52.86,2516955.0,61.89,62.11,61.68,61.84,3878410.0,27.58,27.645,27.05,27.19,25619804.0,40.24,40.39,39.51,39.69,11741415.0,176.37,177.09,175.22,176.3,599257.0,35.7,35.83,35.615,35.78,32666156.0,68.7,68.73,67.66,68.35,4836706.0,53.09,53.09,52.365,52.86,24482537.0,308.91,309.56,307.15,309.56,9315081.0,,,,,,20.43,20.67,19.64,19.99,16984089.0,135.96,136.63,132.19,133.28,1945252.0,5.77,5.79,5.49,5.58,19660524.0,63.23,63.35,62.85,63.35,7150861.0,94.15878246128268,94.509934020808,94.07851924767692,94.3795062986986,8508947.0,57.26,57.34,57.025,57.14,7214195.0,52.41407999462339,52.47430298963828,52.40404282878758,52.46426582380247,1993856.0,96.1269700051718,96.17725087660456,95.94093078087054,96.0163520880197,3547234.0,15.52,15.58,15.32,15.5,29441007.0,28.56,28.696,28.45,28.66,11723735.0,107.5153826569474,107.80645305435698,107.38490282362584,107.63582558001345,24079999.0,55.7,56.07,53.16,54.44,4052983.0,92.293868298689,92.55980148450126,92.17344572398156,92.4644669461912,2184344.0,161.97,163.74,157.83,159.12,2004856.0,128.68,129.18,127.13,128.12,4145999.0,55.34,55.45,54.18,54.8,10257280.0,122.32,122.44,115.35,119.04,4854658.0,78.28,78.47,76.12,77.65,943682.0,227.36,229.38,216.68,220.0,962664.0,83.24,83.82,81.67,82.63,3902052.0,42.69,43.03,40.96,41.485,12204363.0,26.26,26.285,25.56,25.77,4723727.0,58.85,58.955,57.79,58.08,4297099.0,178.04,178.21,175.93,176.52,9726115.0,127.49,128.315,127.42,127.76,1023934.0,92.5,92.97,90.8129,91.71,1219169.0,67.83,68.195,67.16,67.6,3432185.0,82.56150999368174,82.62170795940807,82.551476999394,82.60164197083262,4456851.0,34.11,34.37,32.83,33.4,16172259.0,31.44,31.47,31.07,31.27,23158775.0,33.2339157424223,33.27406544431589,33.2038034660021,33.253990593369096,4001875.0,25.761934747530393,25.95261521508126,25.71175567712227,25.872328702428263,6741772.0,51.11,51.14,50.67,50.77,2593615.0,136.84,137.11,130.97,135.05,1961092.0,69.96,69.995,69.08,69.08,1838081.0,37.06,37.1,36.21,36.47,2406625.0,108.82193535231396,109.11266184933996,108.70664725866573,109.05251153961044,3669845.0,164.93,166.35,161.975,162.75,1979808.0,32.74,33.22,32.3,33.215,4902351.0,9.31,9.35,9.12,9.19,27835755.0,81.27,81.435,81.1801,81.33,10564375.0,78.73,78.81,78.7,78.75,5371114.0,55.81,55.88,55.54,55.75,16827253.0,58.91,59.05,58.87,59.0,2233355.0,76.85,76.95,76.42,76.62,3371373.0,54.19,54.61,54.12,54.45,1915780.0,58.38,58.42,58.36,58.41,2783310.0,172.58,172.705,170.945,171.31,2694184.0,124.51,124.68,123.68,123.93,1557134.0,47.44,47.4665,47.225,47.305,7926583.0,67.3,67.375,67.005,67.19,11770267.0,130.43,130.48,129.04,129.31,874112.0,61.11,61.45,60.66,61.29,9977668.0,91.71,91.8,89.925,90.92,1571251.0,87.74,87.7699,86.11,86.52,6609119.0,83.58,84.095,81.88,82.66,15176324.0,103.8,104.66,102.21,102.9,19194335.0,53.76,53.83,53.24,53.6,7614120.0,36.92,37.205,36.578,37.06,2239363.0
1925,125.17,125.54,125.04,125.07,2672904.0,123.61,124.04,122.35,122.95,2255930.0,98.35380458627344,98.41400277330982,98.0126815264006,98.072879713437,7761493.0,7.28,7.29,7.06,7.08,36294268.0,59.7,60.156,57.4941,57.77,4078167.0,507.52,514.42,505.98,513.97,641019.0,17.69,17.91,17.69,17.8,14640994.0,37.29,38.08,36.985,37.55,9110993.0,49.33,49.34,49.25,49.26,6347933.0,72.74,72.81,72.51,72.535,8342999.0,28.92,29.59,28.825,29.48,8007194.0,78.19,78.21,78.07,78.1,1662417.0,349.33,351.73,349.33,350.3,1616391.0,59.95,60.07,59.1,59.34,3311161.0,7.54,7.7699,7.29,7.56,54192567.0,85.95,88.87,85.8,87.95,7268039.0,12.98,13.62,12.875,13.57,17517056.0,137.37,140.63,137.33,139.42,8735619.0,507.78,516.73,507.45,514.44,992748.0,31.56,32.485,31.48,32.01,8118074.0,46.53,46.59,46.35,46.4,26497822.0,89.48,89.75,89.23,89.29,11593334.0,91.19805897063678,91.32864326038435,91.10263198966736,91.16792413454118,4655765.0,46.66,47.42,46.66,47.18,3839100.0,110.77,114.53,110.77,112.96,3333941.0,74.08,74.295,73.84,73.92,5388432.0,53.96,54.025,53.63,53.99,3558723.0,63.98,64.075,63.485,63.59,8719989.0,27.44,27.905,27.39,27.74,21661867.0,40.86,41.2,40.37,40.505,10979253.0,177.07,178.36,176.36,177.42,419059.0,36.37,36.385,36.01,36.05,41079486.0,69.23,69.65,68.66,69.17,3795229.0,53.21,53.496,52.87,53.26,18924402.0,310.9,311.88,308.74,309.41,7462529.0,,,,,,20.177902270483703,20.76781095755182,20.006475814412628,20.419916090819346,13250329.0,133.45,137.19,133.45,135.84,1919543.0,6.11,6.14,5.8,5.82,25805513.0,63.62,63.82,63.185,63.31,5773613.0,94.85105267863256,94.93131589223836,94.43970370890293,94.5199669225087,10116188.0,57.97,58.05,57.75,57.83,11067126.0,52.554600316324795,52.554600316324795,52.47430298963828,52.47430298963828,2657285.0,96.34820583947598,96.3884305366222,96.20741939946424,96.22753174803734,2736447.0,15.47,15.6599,15.43,15.6,17337525.0,28.03,28.67,27.92,28.53,11909343.0,108.29826165687663,108.44379685558144,107.91685906716752,108.02726507997804,28006467.0,56.01,56.09,55.43,55.56,3303416.0,92.90601638678513,92.9762628886978,92.49457258986808,92.62503037913446,2816243.0,156.95,162.785,156.811,161.41,2582218.0,128.16,129.42,128.16,128.84,3123273.0,55.28,55.73,55.09,55.4,8566095.0,121.86,123.995,121.035,122.38,2249029.0,78.75,79.5,77.68,78.9,692540.0,224.38,230.65,223.09,228.43,788992.0,80.52,83.87,80.26,82.89,6153216.0,41.91,43.22,41.71,42.66,11577597.0,26.59,26.6698,26.12,26.45,5267733.0,58.55,59.33,58.53,59.08,2604462.0,177.64,178.45,177.57,178.31,6957441.0,127.37,127.98,127.2,127.78,800511.0,93.74,94.36,92.6,93.2,1160505.0,67.27,68.305,67.095,67.99,4117510.0,82.71200490799758,82.72203790228531,82.62170795940807,82.6317409536958,5744832.0,33.52007095343682,34.498243902439036,33.40914412416853,34.16546341463416,13545058.0,31.34,31.43,31.23,31.32,19730517.0,33.344327422629675,33.37443969904987,33.2853073608461,33.304177720736085,3684699.0,26.14329568263213,26.213446023062684,25.922608130977203,25.962651029162885,8163763.0,50.97,51.245,50.97,51.18,1775373.0,134.97,137.28,134.89,136.84,1191746.0,69.58,70.09,69.575,69.98,1392208.0,37.27,37.72,37.0054,37.36,2047100.0,109.24298752042056,109.34323803663642,108.99236122988091,109.05251153961044,2432160.0,160.68,166.61,158.65,164.13,2487505.0,33.08,33.27,32.45,33.16,2625705.0,9.35,9.51,9.35,9.39,31301959.0,81.72,81.77,81.23,81.57,6922668.0,78.91,78.92,78.81,78.87,3336406.0,56.1,56.2582,55.945,56.01,12306397.0,59.19,59.2314,59.025,59.06,2668588.0,77.36,77.615,77.1,77.17,3675958.0,55.02,55.1565,54.56,54.65,2625112.0,58.48,58.49,58.41,58.43,2517313.0,171.69,172.96,171.67,172.85,2570856.0,124.8,125.16,124.7,124.86,1517303.0,47.91,47.975,47.75,47.8,8386197.0,67.74,67.8868,67.56,67.63,8502066.0,129.9,130.907,129.895,130.665,696033.0,60.12,61.215,59.88,61.0,7445056.0,92.75,93.2,91.59,92.14,1747806.0,88.07,88.31,87.7,87.85,6633973.0,81.95,84.19,81.85,83.54,22469608.0,102.3,104.92,102.3,103.915,15648515.0,53.75,53.8591,53.38,53.7,4232603.0,38.84,38.94,37.77,37.855,3624571.0
1926,124.8,125.8,124.46,125.71,3729965.0,122.06,126.65,121.64,125.69,3043269.0,98.10297880695518,98.444101866828,98.09294577578244,98.35380458627344,10456612.0,8.41,8.52,7.765,7.79,58527054.0,58.64,62.1838,57.83,61.0,3632974.0,508.39,511.52,503.37,509.08,531466.0,17.87,17.9497,17.78,17.83,12639044.0,37.15,37.73,37.08,37.51,4732043.0,49.18,49.2699,49.15,49.24,4655511.0,72.6,72.83,72.58,72.76,6620778.0,29.05,29.29,28.995,29.26,6120669.0,78.09,78.21,78.06,78.16,1663710.0,348.96,351.51,345.85,351.0,1753704.0,60.03,60.3525,59.1,59.97,3424064.0,7.1,7.6,7.05,7.55,49719865.0,85.35,86.84,85.231,86.84,5110709.0,13.21,13.38,13.03,13.18,12123008.0,136.9,138.29,136.7,138.15,6350526.0,510.75,514.9035,507.05,510.1,1126141.0,31.42,31.9,31.321,31.89,4918934.0,46.77,46.975,46.65,46.925,26294167.0,89.42,89.86,89.23,89.76,14543140.0,90.9770701726024,91.32864326038435,90.87662071895042,91.31859831501914,6480055.0,46.87,47.01,46.67,46.95,2231909.0,111.03,112.08,110.43,111.92,2697583.0,73.39,73.595,73.19,73.54,5196953.0,53.74,54.245,53.57,54.2,3943774.0,65.36,65.66,65.12,65.33,8432782.0,27.6,27.84,27.52,27.71,29979596.0,41.69,42.61,41.48,41.98,17271403.0,172.49,179.99,172.38,179.5,1182297.0,36.63,36.83,36.43,36.705,43463888.0,70.72,71.84,69.8,70.36,6760906.0,53.15,54.62,52.81,53.75,28643820.0,309.33,312.2,307.6501,311.24,10856012.0,,,,,,20.117398815399795,20.409832181638688,20.06697926949654,20.359412635735435,11488672.0,133.05,134.61,132.61,134.61,2163785.0,6.45,6.9,6.29,6.455,54776402.0,63.29,63.885,62.96,63.71,16522319.0,94.57013143101231,94.97144749904125,94.54003272591017,94.85105267863256,8765989.0,58.25,58.51,58.1243,58.47,6963700.0,52.44419149213084,52.54456315048898,52.44419149213084,52.54456315048898,1697601.0,96.1470823537449,96.45882375662808,96.1018295694554,96.45882375662808,2813293.0,15.46,15.96,15.28,15.73,23441719.0,28.24,28.365,27.92,28.13,10590246.0,107.96704361844502,108.3835753940484,107.90180370178426,108.33840929789864,29760773.0,55.6,56.61,55.45,56.49,3808158.0,92.56481909178072,92.9561924595799,92.56481909178072,92.88594595766725,3516195.0,158.21,159.18,155.93,157.7,1533604.0,130.62,131.05,127.34,128.37,6194188.0,54.51,56.53,54.35,55.73,13477803.0,118.75,122.23,118.14,122.0,2432403.0,78.45,82.8,77.5,80.08,1073395.0,224.36,226.63,223.29,225.56,313069.0,81.19,81.77,80.29,81.35,5371623.0,41.82,42.32,41.7015,42.275,7026625.0,28.6,28.88,27.82,27.85,15872988.0,59.24,59.86,59.1,59.68,2654099.0,177.16,178.3,176.67,177.85,11662921.0,126.96,128.5,126.91,128.27,894953.0,96.07,97.65,95.66,96.75,1673384.0,67.53,68.1,67.38,68.1,3284356.0,82.62170795940807,82.73207089657303,82.62170795940807,82.71200490799758,3165408.0,33.35872283813748,33.80243015521066,33.31838580931265,33.736882483370294,11548462.0,32.45,32.775,32.09,32.625,51938525.0,33.27406544431589,33.354364848103074,33.253990593369096,33.344327422629675,9758081.0,26.14329568263213,26.28008382856467,26.093116612224,26.22358219528512,4159892.0,50.86,51.1799,50.76,51.13,3094178.0,132.1,135.745,131.68,135.25,1284306.0,69.97,69.97,69.56,69.71,2076183.0,38.6,39.14,38.15,38.29,4244180.0,108.92218586852982,109.3632881398796,108.90213576528664,109.2931127785285,2596737.0,164.13,164.975,160.04,161.64,1903618.0,33.17,33.62,32.94,33.33,2464335.0,9.5,9.62,9.47,9.54,32904070.0,81.4,81.79,81.39,81.71,7126563.0,78.77,78.91,78.75,78.88,3090944.0,56.1,56.37,56.0,56.34,14319681.0,59.05,59.24,59.02,59.18,1851091.0,77.44,77.915,77.3,77.71,3834881.0,55.02,55.305,54.91,55.16,1875786.0,58.42,58.49,58.41,58.47,4619609.0,171.32,172.3124,170.95,172.11,1958651.0,124.46,125.3911,124.1335,125.33,1883132.0,48.03,48.27,47.95,48.25,9619055.0,67.83,68.11,67.685,68.04,3755158.0,129.59,130.23,129.3204,130.23,886748.0,60.56,60.82,60.03,60.61,4845059.0,91.59,95.23,90.9,94.59,2643040.0,87.55,88.45,87.35,88.405,7117490.0,81.87,82.6,81.66,82.56,13833664.0,101.83,103.05,101.73,102.98,13942218.0,52.96,54.24,52.68,53.73,14686942.0,39.69,40.36,39.0599,39.94,6121679.0
1927,125.76,126.0,125.38,125.7,1264307.0,117.97,121.94,117.18,121.4,3712899.0,97.60132724831868,97.84713651205055,97.57172980635912,97.7819218094278,6299934.0,8.27,8.49,8.09,8.44,41769883.0,59.83,60.7699,59.29,60.04,2176055.0,518.63,519.545,513.17,516.08,326471.0,18.21,18.23,18.085,18.13,12739102.0,37.9,38.0,37.4,37.57,4268251.0,49.2,49.24,49.17,49.2,7781068.0,72.205,72.49,72.19,72.37,14677575.0,29.29,29.4,29.07,29.09,6988780.0,77.87,77.95,77.86,77.95,2017690.0,353.35,357.44,352.26,353.57,1608073.0,60.42,60.54,59.25,60.03,3328926.0,7.6,7.66,7.1921,7.2,38011121.0,87.22,87.79,86.725,86.75,6042449.0,13.53,13.59,13.2904,13.35,8456752.0,140.21,140.61,138.09,138.09,6563518.0,519.99,526.0,518.02,519.63,1474160.0,32.29,32.43,31.82,31.86,5820696.0,46.92,46.95,46.715,46.81,16629852.0,89.74,89.845,89.5,89.62,10301082.0,90.83644093748964,91.0674746808892,90.79626115602883,91.0674746808892,5160164.0,46.52,46.92,46.41,46.77,2656729.0,114.05,114.7,112.69,112.69,3055903.0,73.82,73.995,73.635,73.9,3500422.0,54.11,54.14,53.9,54.0,2015670.0,65.57,65.58,65.275,65.295,3355662.0,27.72,27.78,27.45,27.68,19984173.0,41.48,42.48,41.475,42.01,8501836.0,167.21,171.99,165.86,171.93,1104827.0,36.59,36.6,36.215,36.33,32956657.0,69.0,70.88,68.8,70.41,6325101.0,51.62,53.09,51.47,53.09,31561993.0,305.18,309.2,305.1,309.09,7787508.0,,,,,,20.692181638696933,20.848482230997032,20.409832181638688,20.409832181638688,9137906.0,136.13,136.64,133.81,134.38,1989268.0,6.27,6.485,6.19,6.47,31545617.0,62.47,63.27,62.44,63.23,6056175.0,93.81766380345812,94.1687150339664,93.78254864750558,94.08353569852729,7624352.0,58.49,58.51,58.225,58.31,6075191.0,52.32374550210107,52.38396849711595,52.31370833626524,52.37393133128013,2762865.0,96.15713852803144,96.30798114232977,96.11691383088524,96.30798114232977,3378305.0,15.09,15.565,15.02,15.46,22397419.0,28.14,28.4296,27.93,28.26,11892258.0,107.31464445183734,107.74623159282396,107.30460754158184,107.61575175950244,31093073.0,56.54,56.94,55.93,56.38,3664016.0,92.07309357839203,92.30490703470386,91.88242450177196,92.24369222589424,2237437.0,160.12,161.56,158.555,159.12,1351716.0,131.82,133.57,130.82,132.08,5004465.0,52.36,54.51,52.26,54.49,13368385.0,121.57,123.07,119.985,120.2,2061380.0,73.96,78.36,73.5104,78.36,1314183.0,229.88,231.28,226.48,226.48,430066.0,81.72,82.535,81.31,82.01,3617321.0,42.54,42.835,42.13,42.13,6850087.0,28.65,29.19,28.25,28.79,10889791.0,59.03,59.33,58.705,59.19,2490807.0,178.69,179.01,178.0116,178.66,7257843.0,127.53,128.14,127.31,127.5,885927.0,95.64,97.0,95.33,96.72,836015.0,68.02,68.22,67.69,67.69,2795023.0,82.48124603937993,82.54144400510627,82.48124603937993,82.52137801653083,1563310.0,34.155379157427944,34.341937915742804,33.661250554323736,33.77217738359203,10410098.0,32.69,32.98,32.5499,32.92,30260243.0,33.15361633863511,33.289121582525986,33.15361633863511,33.1937660405287,3976457.0,25.82214963202014,25.987740564366945,25.812113817938513,25.942579400999634,2744002.0,51.39,51.485,51.19,51.25,4346157.0,133.56,135.0,133.07,133.58,1018735.0,70.39,70.56,69.86,69.95,1674642.0,38.57,39.12,38.5,38.83,3077225.0,108.34073287447784,108.85201050717872,108.34073287447784,108.69160968123336,2031650.0,167.1,167.84,165.19,165.94,1921514.0,33.64,33.65,32.93,33.405,2570961.0,9.49,9.55,9.41,9.51,28727675.0,81.03,81.34,81.0,81.34,6077783.0,78.59,78.68,78.58,78.66,2312220.0,56.28,56.3488,56.13,56.23,9887396.0,58.71,58.835,58.68,58.81,1947138.0,77.65,77.76,77.48,77.48,4009911.0,54.35,54.6846,54.31,54.59,1733603.0,58.32,58.36,58.32,58.35,2806933.0,173.02,173.4,172.42,172.65,2317874.0,125.43,125.65,125.06,125.33,2745695.0,48.24,48.26,48.025,48.11,6974868.0,68.01,68.09,67.84,68.0,4429870.0,130.44,130.9182,130.07,130.25,807480.0,60.56,61.14,60.265,61.1,5273293.0,88.7,91.63,88.38,91.44,2541890.0,87.78,88.445,87.58,88.2,4674236.0,83.41,83.66,82.61,82.61,14278406.0,104.27,104.5,102.675,102.76,15487844.0,53.4,53.89,53.0,53.05,7892584.0,39.53,39.58,38.345,38.73,2830991.0
1928,125.92,126.26,125.67,125.79,1255966.0,118.5,118.91,116.4616,117.75,1606031.0,97.72172362239144,97.86218605880968,97.59129421714594,97.6113602794914,7096604.0,8.33,8.66,8.3,8.49,22795938.0,62.3,63.35,60.47,60.61,3391905.0,518.09,521.525,513.01,521.27,402173.0,18.13,18.2,18.09,18.14,8379753.0,38.33,38.62,37.825,38.25,6845551.0,49.28,49.28,49.1706,49.19,4632278.0,72.32,72.39,72.2,72.2,10147554.0,29.46,29.65,29.145,29.29,6040875.0,77.9,77.9499,77.8799,77.88,8545543.0,358.07,360.46,353.925,355.22,2147099.0,66.91,68.12,63.17,63.2,16021059.0,7.78,7.93,7.615,7.72,43949626.0,88.04,88.81,87.0201,87.8,6212589.0,13.73,13.79,13.51,13.63,10632901.0,140.76,142.14,139.685,140.55,7159471.0,521.68,525.6004,517.6,520.0,1100962.0,32.65,33.0,32.29,32.51,5322303.0,47.32,47.39,47.11,47.17,22715154.0,89.73,90.0,89.555,89.62,9641764.0,91.0674746808892,91.16792413454118,90.8665757735852,91.007205008698,3577564.0,45.82,46.5,45.78,46.41,3472630.0,114.33,115.28,113.18,114.2,3647654.0,73.93,74.13,73.885,74.0,3937883.0,54.71,54.81,54.24,54.33,10128234.0,66.48,66.68,66.16,66.17,5771765.0,27.62,27.695,27.2,27.4,20783099.0,42.34,42.895,41.78,41.975,9938445.0,167.15,168.24,165.9,167.15,748059.0,37.06,37.12,36.845,36.89,30061655.0,69.61,70.035,69.08,69.32,3706698.0,52.13,52.32,51.41,51.67,15247334.0,306.62,307.61,305.06,305.39,7159036.0,,,,,,21.176209279368205,21.337551826258633,20.692181638696933,20.853524185587357,15052252.0,136.63,137.77,135.54,136.35,1340115.0,6.22,6.4597,6.22,6.42,21299016.0,62.74,62.9458,62.43,62.48,4308773.0,93.9882231323704,94.10861795277908,93.81766380345812,93.82268025430848,6061417.0,58.92,59.04,58.7113,58.75,4995535.0,52.37393133128013,52.41407999462339,52.3538569996085,52.37393133128013,2062096.0,96.257700270897,96.31803731661633,96.1470823537449,96.1470823537449,2462759.0,15.08,15.22,14.87,15.09,20402965.0,27.53,28.13,27.42,28.1,12884735.0,107.63582558001345,107.77634232359048,107.33471827234834,107.38490282362584,18850014.0,58.48,59.31,57.15,57.3,6676775.0,92.30390351324796,92.39422044427852,92.10319922206892,92.10319922206892,1766853.0,160.27,162.33,159.74,161.79,1895795.0,131.95,132.9,131.11,132.23,4838689.0,53.28,53.63,52.08,52.355,8173282.0,122.53,123.85,120.0,123.36,1642553.0,75.4,75.92,73.36,73.86,776533.0,233.5,236.3,230.69,231.17,811968.0,81.12,82.48,80.69,82.0,4771162.0,43.24,43.625,42.715,43.0,9766707.0,29.21,29.66,28.81,29.16,7416993.0,59.31,59.44,58.53,58.62,3007984.0,178.72,179.58,178.23,179.13,11541804.0,127.61,127.82,127.1,127.29,1050001.0,96.93,98.59,96.0684,96.38,1037953.0,68.26,68.57,67.385,67.81,2908913.0,82.54144400510627,82.57154298796945,82.5113450222431,82.5113450222431,2166870.0,34.40748558758316,34.8108558758315,34.19571618625278,34.40748558758316,12437707.0,33.39,33.54,33.0,33.1,33931372.0,33.2138408914755,33.2339157424223,33.1736911895819,33.1837286150553,3467937.0,25.852257074265015,25.922507772836383,25.74186311936714,25.751898933448768,4238912.0,51.44,51.6454,51.33,51.48,2743535.0,133.63,135.58,133.515,134.1,1146779.0,70.09,70.71,69.9693,70.2,1397527.0,38.99,39.38,38.71,38.71,3007789.0,108.49110864880164,108.62143431988224,108.35466769623186,108.41090823582896,2846287.0,162.8,169.37,162.73,168.09,1921629.0,35.18,35.6899,34.28,34.28,7088611.0,9.58,9.58,9.42,9.5,33646049.0,81.21,81.285,81.06,81.11,6808359.0,78.67,78.71,78.61,78.61,11543095.0,56.3,56.5,56.19,56.22,11053536.0,58.79,58.84,58.72,58.73,1739704.0,77.65,77.91,77.4,77.4,2786727.0,54.42,54.54,54.18,54.18,1701012.0,58.36,58.38,58.33,58.33,2847307.0,173.1,173.82,172.5601,173.32,2204186.0,125.64,126.0,125.38,125.71,2784408.0,48.59,48.68,48.4,48.46,7797082.0,68.17,68.39,68.04,68.1,3823013.0,130.46,130.98,130.12,130.55,789027.0,59.66,60.705,59.175,60.52,6991808.0,89.13,89.25,87.4,88.88,1585757.0,88.37,88.95,87.89,87.99,5833485.0,83.57,84.44,83.075,83.74,14340165.0,104.97,105.845,103.83,104.33,17087328.0,53.14,53.43,52.92,53.25,3604149.0,40.97,41.22,40.36,40.59,3039129.0
1929,126.52,126.575,125.82,126.09,2072885.0,117.05,119.187,115.735,118.68,2246150.0,97.9424503081915,98.06274635195254,97.8270704497051,98.0427806199188,4990864.0,8.37,8.53,8.2601,8.385,26884274.0,64.2,64.55,62.72,63.21,3023248.0,516.67,519.48,513.255,517.19,455680.0,17.58,17.93,17.56,17.83,11658129.0,39.08,39.31,38.51,38.73,6991681.0,49.38,49.39,49.33,49.35,5673710.0,72.46,72.5565,72.38,72.51,9256974.0,30.23,30.38,29.9025,29.97,12844099.0,77.93,77.99,77.93,77.95,1823666.0,358.57,360.355,356.085,359.44,1894523.0,63.83,66.79,62.59,66.63,10657456.0,8.02,8.09,7.78,7.81,43893425.0,91.18,91.69,89.08,89.33,9687643.0,14.04,14.2,13.8,13.87,13965538.0,143.35,144.94,141.91,142.22,9841523.0,515.82,520.605,508.96,519.93,1294210.0,33.47,33.91,32.985,32.99,6319513.0,47.59,47.63,47.34,47.55,26583556.0,89.85,90.09,89.65,90.05,10254102.0,91.46927249549712,91.46927249549712,91.20810391600196,91.36882304184512,6668161.0,45.85,46.18,45.5658,45.9,3741088.0,117.88,119.52,116.0,116.34,4952225.0,73.88,74.01,73.65,74.01,3281031.0,55.8,55.82,55.13,55.29,9573694.0,66.16,66.22,65.82,65.97,3962634.0,27.72,28.07,27.645,27.8,20745139.0,42.19,42.5,41.91,42.43,9460623.0,164.64,168.235,163.39,167.78,696102.0,37.22,37.225,36.91,37.15,37896307.0,68.51,70.143,68.04,69.88,4233015.0,51.43,52.595,51.12,52.43,17301653.0,306.71,308.6,305.87,308.31,7071702.0,,,,,,21.93250246791707,22.23501974333662,21.377887462981235,21.377887462981235,17767111.0,138.66,140.65,137.7528,138.3,1656571.0,6.13,6.25,6.08,6.24,14976672.0,62.77,63.15,62.6,63.09,4983946.0,94.14874955958196,94.3243253393446,94.04741725240468,94.28921018339209,5579937.0,59.31,59.3465,59.02,59.24,7474709.0,52.40404282878758,52.45422865796665,52.39400566295177,52.45422865796665,2386321.0,96.46887993091464,96.5191608023474,96.20741939946424,96.20741939946424,8874798.0,14.81,15.2,14.71,15.125,18802741.0,27.38,27.88,27.195,27.71,13945829.0,107.8967852466565,108.08748654151108,107.65589940052443,108.04733890048904,20359002.0,60.58,61.25,59.01,59.34,7669340.0,92.5949247354576,92.64510080825237,92.42934369523488,92.58488952089864,2215326.0,162.64,164.56,161.49,161.92,1976107.0,131.82,132.46,131.15,131.6,3816898.0,52.56,53.8,52.305,53.41,10582533.0,124.68,125.56,122.68,123.0,1881831.0,73.34,76.71,72.44,76.1,884579.0,241.42,243.99,235.73,237.02,758162.0,81.72,82.4398,81.26,81.79,3525736.0,44.15507906976743,44.667925581395345,43.551730232558135,43.68245581395348,9153382.0,28.49,29.34,28.18,29.265,6257518.0,59.47,59.525,59.04,59.13,2804770.0,179.61,179.86,178.87,179.16,13056631.0,128.31,128.35,127.7,128.01,1022850.0,97.62,97.77,96.47,97.13,932713.0,70.05,70.425,69.845,69.94,4595217.0,82.54144400510627,82.59160897654489,82.54144400510627,82.57154298796945,2010637.0,35.81928159645234,36.08147228381376,34.63942350332596,34.83102439024391,15648862.0,33.23,33.36,33.01,33.31,29120894.0,33.24395316789569,33.27406544431589,33.2138408914755,33.26402801884249,8532579.0,25.962651029162885,26.06802707701994,25.8873824235507,26.052973355897507,11926718.0,51.75,51.8053,51.44,51.44,2409679.0,133.81,135.19,133.33,133.88,1027639.0,70.73,70.76,70.0,70.0,1847077.0,39.01,39.23,38.57,39.03,2502337.0,108.54123390690955,108.7216848360981,108.46103349393688,108.71165978447652,1757133.0,165.13,166.22,163.43,163.82,1589833.0,34.05,35.4,33.68,35.28,5384110.0,9.66,9.74,9.59,9.6,30561138.0,81.33,81.489,81.235,81.41,6867724.0,78.71,78.79,78.68,78.79,3403509.0,56.43,56.53,56.28,56.5,10079180.0,58.85,58.92,58.8101,58.9,2150527.0,77.79,78.065,77.6343,78.0,5970219.0,54.65,54.85,54.4799,54.83,1292092.0,58.37,58.4,58.37,58.39,2181070.0,174.01,174.25,173.1,173.1,1780722.0,126.24,126.265,125.6,125.93,1676127.0,48.95,48.95,48.7,48.85,6603245.0,68.42,68.5074,68.22,68.5,3411266.0,131.14,131.43,130.59,130.59,757892.0,58.96,60.42,58.48,59.73,6979407.0,88.17,89.44,87.1001,89.4,1633981.0,88.92,88.99,88.36,88.36,3937597.0,85.06,85.61,84.42,84.46,23046119.0,107.22,107.645,105.9272,106.075,17634793.0,53.89,53.92,52.91,53.0,4519809.0,41.54,41.6,40.54,41.34,2902605.0
1930,126.35,126.99,126.02,126.86,2503826.0,118.91,118.94,116.94,117.15,3484745.0,98.2735403368916,98.3036394304098,98.02271455757334,98.11301183812792,5992536.0,8.34,8.56,8.175,8.4,26993730.0,65.08,65.75,63.84,65.61,3823636.0,515.65,519.25,513.505,515.3,335979.0,17.55,17.75,17.55,17.67,10240583.0,39.03,39.305,38.605,39.175,8111975.0,49.37,49.38,49.32,49.33,4413678.0,72.69,72.72,72.515,72.59,8034926.0,30.81,30.8552,30.27,30.44,8810012.0,78.09,78.1,78.02,78.06,1489166.0,363.14,364.29,357.745,360.94,2551804.0,66.33,67.4088,64.1926,64.51,7928270.0,7.37,7.61,7.2177,7.52,43882876.0,93.35,93.815,91.14,91.82,8738497.0,14.32,14.41,13.88,14.13,17893885.0,144.78,145.12,142.61,144.19,9256663.0,520.84,521.61,512.63,518.21,1037093.0,34.47,34.71,33.435,33.77,8716442.0,47.79,47.97,47.73,47.84,28230755.0,89.7,90.16,89.64,90.01,12329627.0,91.74048602035748,91.80577816523127,91.55967700378392,91.55967700378392,6011023.0,45.87,46.05,45.61,46.05,3004048.0,119.92,120.575,117.17,118.95,3893007.0,73.67,74.08,73.645,73.94,3675429.0,55.83,56.12,55.695,56.0,4928051.0,66.99,67.28,66.78,67.03,6496458.0,28.22,28.3,27.6,27.71,26801617.0,41.01,41.6,40.48,41.385,13531012.0,165.0,166.2,163.53,164.72,2310878.0,37.41,37.62,37.36,37.55,31361727.0,68.97,69.15,68.41,68.62,2301587.0,51.94,51.94,51.29,51.51,13531005.0,308.37,308.615,305.85,307.5,9248766.0,,,,,,22.37619447186574,22.466848815399796,21.79132773938795,22.07367719644619,11920150.0,140.58,140.9,138.31,140.0,2460994.0,6.07,6.2,6.01,6.12,16075801.0,63.12,63.15,62.595,62.95,7219434.0,94.54003272591017,94.58016433271304,94.2490785765892,94.32934179019496,6594903.0,59.61,59.765,59.48,59.59,7881276.0,52.50441448714572,52.51445165298154,52.46888292008694,52.50441448714572,1265053.0,96.41859905948186,96.61972254521297,96.41859905948186,96.56944167378018,5528273.0,15.26,15.27,14.83,14.93,22890895.0,27.52,27.66,27.37,27.51,13379138.0,108.2380401953436,108.36852002866516,107.95198825306178,108.07744963125556,20584733.0,61.12,61.22,60.305,61.09,4614166.0,92.936122030462,93.03647417605151,92.69025927376764,92.83576988487246,2643841.0,164.66,166.0,162.56,164.44,2019185.0,131.81,133.45,131.416,132.03,5810214.0,53.31,53.3299,52.42,53.05,11461344.0,117.13,120.4718,116.21,120.0,3617323.0,74.71,74.83,73.04,73.61,562026.0,244.47,245.6199,239.75,242.99,599809.0,82.9,83.56,81.89,82.57,4631950.0,45.09026976744186,45.215967441860464,44.08468837209302,44.617646511627896,9400328.0,28.66,28.81,28.165,28.555,6627740.0,58.83,59.55,58.78,59.39,2685531.0,179.1,180.03,178.52,180.0,11864687.0,127.88,129.04,127.86,128.79,670855.0,96.06,97.6,95.735,97.59,1259661.0,71.02,71.06,69.99,70.34,3906015.0,82.6718729308467,82.6718729308467,82.61167496512034,82.63675745083965,1825674.0,35.990713968957884,36.2478625277162,35.44616407982263,35.95037694013305,14446029.0,32.95,33.04,32.75,32.92,34712147.0,33.33428999715628,33.33428999715628,33.27426619282535,33.31421514620948,5654791.0,26.06300916997913,26.1332598685505,25.942579400999634,25.962651029162885,5015785.0,51.58,51.82,51.39,51.82,3771044.0,130.03,131.9,127.61,131.9,1888169.0,70.26,70.75,70.06,70.7,1881052.0,38.8,39.07,38.16,39.07,2783817.0,108.7216848360981,108.8119103006924,108.4459959165045,108.5211838036664,1820518.0,169.78,170.04,166.635,167.94,2018820.0,35.87,36.14,34.33,34.46,5887424.0,9.61,9.7,9.55,9.66,28707260.0,81.62,81.665,81.43,81.55,7158841.0,78.86,78.86,78.79,78.83,2885993.0,56.42,56.675,56.37,56.57,16068728.0,59.04,59.06,58.92,58.97,2643970.0,77.7,78.155,77.67,77.98,3650067.0,54.85,55.0,54.595,54.66,1989519.0,58.44,58.45,58.41,58.44,2410374.0,173.73,174.38,173.25,174.25,2154006.0,126.0,126.72,125.75,126.61,1978339.0,49.11,49.25,49.025,49.16,8005821.0,68.48,68.7499,68.42,68.65,3667977.0,131.27,131.615,130.8,131.34,766998.0,59.42,59.72,59.03,59.29,6848395.0,89.16,89.16,88.0,88.27,2352967.0,88.04,88.78,87.74,88.69,5153956.0,86.29,86.43,84.8,85.64,24498300.0,109.31,109.39,106.46,107.76,22648191.0,53.48,54.0,53.39,53.83,6151479.0,42.21,42.8899,42.0142,42.61,3627809.0
1931,126.85,126.9,126.13,126.13,1639263.0,122.09,122.84,120.455,120.83,2926822.0,98.63472945910988,98.6447624902826,98.444101866828,98.56449824090076,5726351.0,8.24,8.53,8.23,8.38,26706101.0,62.48,64.23,62.22,64.02,3003324.0,515.55,516.87,507.05,509.72,350269.0,17.76,17.835,17.645,17.7,13347996.0,38.63,39.03,38.42,38.715,4991529.0,49.48,49.49,49.44,49.45,2978717.0,72.96,72.97,72.82,72.9,5950091.0,30.92,31.09,30.72,30.91,7944553.0,78.18,78.2065,78.15,78.2,1419348.0,360.96,362.0,357.87,359.85,1571922.0,66.14,67.25,65.435,65.5,4439140.0,7.18,7.29,7.11,7.28,17469497.0,94.69,94.76,92.13,92.7,7862291.0,14.42,14.46,14.09,14.22,15629779.0,144.97,145.2,143.43,144.5,6999389.0,516.86,520.11,515.0,518.5,797140.0,34.33,34.36,33.67,34.32,6149477.0,47.87,47.895,47.685,47.73,19734396.0,90.39,90.505,90.145,90.2,13288064.0,91.90120514620064,91.90120514620064,91.71035118426188,91.75053096572267,5468098.0,46.81,46.81,46.0,46.15,3059009.0,120.59,120.76,118.46,119.26,3318656.0,74.21,74.31,74.06,74.14,2871310.0,56.74,56.94,56.53,56.53,4948210.0,67.69,67.725,67.39,67.46,4375316.0,28.15,28.25,27.965,28.06,21141164.0,41.18,41.675,40.25,40.4,8750119.0,168.1572712914591,168.2174097922488,165.7366966346737,167.38549386465797,753053.0,37.26,37.335,37.18,37.27,36102240.0,70.61,71.03,69.8322,69.94,5192387.0,53.53,53.7553,52.715,52.8,25699504.0,312.2,313.1,311.15,311.74,11531407.0,,,,,,22.164432379072057,22.224935834155964,21.856873149062185,22.199726061204338,9118455.0,141.14,141.3092,139.16,139.79,1004101.0,5.99,6.17,5.95,6.1,18370704.0,63.89,64.08,63.69,63.78,11874903.0,94.95138169563978,94.95639814649014,94.73537332202322,94.90121718713615,7795449.0,59.67,59.71,59.46,59.53,16322064.0,52.57467464799643,52.58471181383224,52.54456315048898,52.554600316324795,2705412.0,96.53927315092052,96.55938549949362,96.40854288519532,96.40854288519532,3882316.0,15.53,15.72,15.42,15.47,23117963.0,27.66,27.725,27.38,27.66,9233663.0,108.84025481067378,108.84025481067378,108.47390758634792,108.62947969530822,26497297.0,60.13,60.76,59.77,60.33,4090911.0,93.32749539826116,93.32749539826116,93.13180871436158,93.20707282355372,2771212.0,165.07,165.16,161.66,162.7,1726067.0,131.92,132.0,129.8,130.66,4258742.0,55.92,55.96,54.14,54.33,12938854.0,118.45,118.59,115.66,116.04,2132598.0,79.32,79.99,76.98,77.23,1663635.0,243.7,244.15,238.93,241.37,291914.0,82.65,83.57,82.47,82.89,4512587.0,45.00982325581394,45.01987906976744,44.29948055813953,44.71317674418604,9681767.0,28.96,29.33,28.72,28.83,3982790.0,58.68,58.7165,58.04,58.38,2397107.0,179.52,179.545,178.15,178.62,8786000.0,128.82,128.87,128.085,128.34,541644.0,95.94,97.07,94.45,94.49,1283353.0,71.44,71.53,70.9,71.23,3231367.0,82.74210389086076,82.75213688514849,82.71200490799758,82.75213688514849,2612591.0,35.930208425720636,35.995756097560985,35.21422616407983,35.547006651884715,10046733.0,33.06,33.06,32.79,32.85,21111556.0,33.40455197547007,33.40455197547007,33.364402273576474,33.38447712452327,4931683.0,26.35404777834625,26.364083592427868,26.208528474162684,26.293832893856496,4521920.0,51.75,51.75,51.34,51.46,2321707.0,131.85,132.23,129.04,129.61,1068103.0,70.78,70.82,70.21,70.495,1379659.0,37.97,38.85,37.89,38.17,5198364.0,109.03246143636729,109.11266184933996,108.91717334271902,109.02243638474567,2207691.0,169.14,170.27,167.59,168.03,1457800.0,36.01,36.73,35.65,35.8,4325918.0,9.54,9.6,9.48,9.54,23403395.0,81.91,81.91,81.7441,81.82,5284295.0,78.97,78.97,78.92,78.94,2735209.0,56.86,56.9,56.6508,56.73,9588467.0,59.21,59.22,59.1335,59.2,2860194.0,78.42,78.575,78.225,78.265,2894323.0,55.46,55.48,55.15,55.31,1891257.0,58.5,58.51,58.48,58.5,1767484.0,174.75,174.78,173.03,173.56,2323171.0,126.54,126.58,125.8818,126.11,1527763.0,49.12,49.14,48.932,49.0,8442273.0,68.86,68.92,68.64,68.69,3832879.0,131.85,131.885,130.6601,130.97,728220.0,60.08,60.1,59.2272,59.42,5715396.0,90.41,91.28,89.88,90.17,1945640.0,88.41,88.47,87.32,87.72,4329953.0,86.59,86.615,85.26,85.89,17014058.0,109.73,110.19,108.22,108.92,17469408.0,53.71,54.13,53.41,53.45,4967982.0,41.63,41.93,41.38,41.76,2420868.0
1932,125.39,126.26,125.07,125.555,3165891.0,124.46,125.07,122.06,123.3,2990838.0,98.28357336806432,98.48423399151892,98.08291274460971,98.43406883565528,8050549.0,8.34,8.42,8.1,8.275,18790322.0,61.11615948449454,63.40096979460328,60.6732887635924,61.59929118002414,2500753.0,501.68,510.879,500.075,508.33,393339.0,17.38,17.58,17.245,17.31,9992182.0,39.04,39.41,38.4621,39.135,8570265.0,49.32,49.4,49.25,49.4,2979483.0,72.7,72.85,72.55,72.81,5656548.0,31.72,31.755,31.22,31.59,11179772.0,78.11,78.15,78.05,78.13,1913919.0,357.05,360.38,355.7,357.23,1609882.0,66.66,66.8,64.84,65.54,5083245.0,7.17,7.41,7.0425,7.07,23990581.0,96.96,98.25,95.46,96.53,16849720.0,14.982781359932329,15.225253883626443,14.677872161386976,15.154532730882329,25038944.0,145.91,147.6,144.54,147.08,14148022.0,509.59,516.4,507.73,513.0,824507.0,35.35718099149311,35.850630683484894,34.894043209152244,35.508237019653855,12706149.0,47.11,47.295,46.98,47.0,35198054.0,89.23,89.72,89.0165,89.22,22177127.0,91.31859831501914,91.5998567852447,91.24828369746275,91.5998567852447,6522404.0,46.67,46.88,46.37,46.76,3064222.0,125.28,125.88,122.5,125.24,7915162.0,73.6,73.943,73.43,73.5,3509624.0,55.85,56.22,55.55,55.6,3335634.0,66.42,66.95,66.11,66.11,5023480.0,28.14,28.18,27.83,27.915,34874309.0,40.94,41.225,40.09,40.18,9722074.0,172.15648159397395,172.33689709634305,169.1896488883489,169.54045680962213,1090779.0,36.58,36.78,36.49,36.62,41925420.0,71.23,71.71,70.88,71.55,4910546.0,54.46,54.7,53.85,54.34,22541407.0,316.29,317.6,315.0375,317.26,16592949.0,,,,,,23.38458538993089,23.460214708785777,22.59814131293188,22.70896347482724,22833984.0,142.26,144.58,141.02,144.025,2618142.0,6.01,6.11,5.97,6.0,18786070.0,64.74,65.0,64.46,64.93,11711229.0,94.60023013611448,94.81092107182968,94.34940759359642,94.74069075992462,9195182.0,58.71,58.96,58.54,58.61,12680892.0,52.50441448714572,52.53452598465317,52.46426582380247,52.53452598465317,4104564.0,96.2375879223239,96.44373949519824,96.20741939946424,96.2174755737508,5845113.0,15.79,15.88,15.56,15.8,21363782.0,27.64,28.03,27.35,27.89,13027297.0,108.1878556440661,108.5893320542862,107.8967852466565,108.51907368249768,34794500.0,60.1,61.69,59.8,60.05,5099479.0,92.86587552854932,93.12679110708208,92.7002944883266,93.03647417605151,3828370.0,166.15,166.72,163.86,164.64,2705512.0,129.49,131.0688,128.81,130.19,4367616.0,57.9,58.155,56.44,56.5,19690198.0,121.92,122.04,117.21,117.53,3304169.0,82.1,82.78,80.27,81.98,1568728.0,247.39,250.555,243.13,249.29,667186.0,83.75,85.15,83.6,84.3,5358120.0,46.70925581395348,46.90031627906976,45.84445581395349,46.81986976744186,23657354.0,29.01,29.1499,28.65,28.95,5051441.0,58.0,58.39,57.7,57.94,3491603.0,177.35,179.03,176.87,178.19,16262087.0,127.75,128.62,127.35,128.02,783785.0,94.76,95.23,93.58,94.0,1070985.0,72.54,72.57,71.4,72.33,5922646.0,82.68190592513442,82.71200490799758,82.64679044512738,82.71200490799758,3572737.0,36.60585365853659,36.74703325942351,35.86970288248338,36.51509534368072,15387426.0,32.97,33.0585,32.79,33.02,21713076.0,33.31421514620948,33.364402273576474,33.27406544431589,33.364402273576474,3113193.0,26.113188240387252,26.27376126569325,25.972686843244507,26.22358219528512,4222591.0,51.23,51.64,51.115,51.44,5293469.0,133.48,133.51,130.01,130.01,1258589.0,70.8,71.05,70.09,70.27,1912708.0,38.6,38.89,37.04,37.16,3182825.0,108.87206061042188,109.31316288177167,108.651509474747,109.31316288177167,1633728.0,174.81,175.99,171.01,173.915,2706601.0,36.13,36.46,35.17,35.21,3657224.0,9.46,9.48,9.36,9.39,26562981.0,81.56,81.77,81.425,81.64,7141877.0,78.84,78.91,78.8,78.91,2756667.0,56.17,56.48,56.03,56.18,12588174.0,59.07,59.1484,58.9638,59.13,1674929.0,77.23,77.685,77.025,77.28,4154039.0,54.94,55.28,54.65,55.2,1954837.0,58.47,58.49,58.43,58.47,1813213.0,173.38,174.683,172.98,173.82,2202467.0,124.95,125.92,124.7,125.38,3691837.0,48.38,48.54,48.2302,48.3,8019010.0,67.94,68.28,67.78,67.96,3766892.0,130.54,131.71,130.31,131.2,731534.0,60.28167841557568,60.85646189996642,59.09540597515944,60.85646189996642,8203562.0,91.7,92.145,90.86,91.45,1955366.0,87.38,88.495,87.14,87.56,7144737.0,88.1,88.57,86.95,88.21,42097371.0,112.12,112.53,110.68,112.35,28540165.0,52.19,52.7,51.47,51.75,22740133.0,39.38,40.0,39.05,39.48,3198049.0
1933,126.48958773151313,127.01360450669146,126.24773383527696,126.29812006365948,3243135.0,124.01,124.85,122.89,123.3,2893656.0,98.08291274460971,98.39393671096435,98.072879713437,98.2133421498552,5680895.0,8.27,8.5,8.19,8.3,21942515.0,61.357725332259335,62.6360112766814,61.09602899718081,62.40451067257347,2333181.0,512.91,517.13,506.38,507.56,359420.0,17.73,17.91,17.685,17.72,10350377.0,38.99,39.645,38.75,39.17,7320354.0,49.29,49.39,49.27,49.3,2603987.0,72.56,72.79,72.55,72.65,6415544.0,31.16,31.575,30.935,31.37,11189093.0,78.08,78.18,78.08,78.09,1292968.0,362.44,364.6099,360.2,361.0,1579789.0,69.36,71.31,68.27,68.8,11181208.0,7.31,7.58,7.05,7.27,31288686.0,95.0,96.92,94.01,96.12,10330383.0,14.80092696716174,14.97267833811174,14.619072574391152,14.74030883623821,14381574.0,146.03,146.8696,143.74,145.73,10105077.0,524.44,526.44,512.851,515.28,1278803.0,34.86373129950132,35.43774420651217,34.51126723379291,34.64218245819888,9279027.0,47.68713243488848,47.954697332098846,47.631600097731614,47.63664849201861,26995886.0,89.5651286210883,90.39933359007163,89.5651286210883,89.9415381802637,17843407.0,91.41904776867112,91.74048602035748,91.38389045989294,91.50945227695792,5454123.0,45.96,47.05,45.85,46.8,3338948.0,123.18,124.8699,121.66,123.39,5142497.0,73.74231813756761,74.32701457666248,73.69191327212839,73.94393759932446,3040775.0,56.46,56.825,56.34,56.42,3549898.0,68.19,68.7,68.095,68.19,6176507.0,28.837966390504295,28.888898863818504,28.420320109327793,28.420320109327793,27862103.0,41.91,42.325,41.57,41.615,10507954.0,172.1063661766492,172.78793585226578,169.84616085530308,170.39241890414283,1290462.0,37.18725561348944,37.4712052063931,37.12640927215294,37.18725561348944,35201961.0,69.62,70.85,69.4,70.52,4437184.0,53.55,54.15,53.5,53.695,18475038.0,311.78,314.87,311.65,314.8,12848440.0,,,,,,23.10223593287265,23.57617966436327,22.628292201382028,23.39466929911154,23032425.0,142.2499647291196,143.0026100451467,140.0823462189616,141.67293665349885,2245280.0,5.94,6.1,5.89,6.04,18523507.0,63.8,64.43,63.78,64.42,8940886.0,94.32934179019496,94.68550980057064,94.30927598679354,94.48986821740657,7508621.0,59.377737376477874,59.74214217456059,59.35749266547328,59.38785973198018,10848500.0,52.51445165298154,52.564637482160606,52.50441448714572,52.52448881881735,1331044.0,96.45882375662808,96.56944167378018,96.2678570069264,96.4990484537743,4509672.0,15.58,15.825,15.51,15.69,24812819.0,27.66,28.03,27.55,27.62,11844533.0,107.99715434921151,108.51907368249768,107.9720620735728,108.1978925543216,21285982.0,61.22,61.295,60.025,60.83,4002221.0,92.74545295384188,92.99131571053624,92.70531209560608,92.79562902663665,2279376.0,166.78,167.77,163.62,164.61,2885840.0,130.9,132.8,130.29,130.29,6240543.0,58.12,58.775,56.87,56.87,15104028.0,121.67,123.44,120.48,122.9,2517252.0,79.37,81.15,79.11,79.84,765665.0,245.73,248.17,242.56,247.44,544222.0,82.15,84.09,81.26,83.48,5530061.0,45.58300465116278,46.834953488372086,45.100325581395346,46.34221860465116,19689022.0,28.94,29.47,28.81,29.09,6008850.0,58.31,58.86,58.21,58.44,3409451.0,179.06,179.76,178.32,178.36,10888011.0,128.88,130.0,128.24,128.59,811402.0,96.45,97.4,95.61,96.0,1130980.0,71.43,72.72,71.391,72.42,5708857.0,82.6718729308467,82.71200490799758,82.66183993655896,82.68190592513442,2380743.0,36.212567627494465,36.71678048780489,35.87474501108649,36.44450554323726,16121486.0,33.03,33.145,32.895,33.1,14883297.0,33.304177720736085,33.37443969904987,33.304177720736085,33.33428999715628,2168752.0,25.902436144673135,26.15333149671375,25.8873824235507,26.052973355897507,5011670.0,51.57,51.765,51.4346,51.48,2499655.0,132.12,134.99,131.48,134.27,1228833.0,71.05,71.48,70.97,70.97,1158520.0,39.213437710963326,39.61439310678096,39.05305555263629,39.09315109221805,2733353.0,108.7216848360981,109.02744891055649,108.71165978447652,108.77181009420605,1684521.0,171.5,177.65,170.51,173.59,2265170.0,38.07,39.3,37.83,38.27,9045524.0,9.82,9.855,9.53,9.54,46647647.0,81.52,81.76,81.505,81.63,6583693.0,78.87,78.9399,78.845,78.86,1736203.0,56.45,56.91,56.41,56.66,13452458.0,58.99,59.1155,58.98,59.04,2327796.0,77.51,78.245,77.475,77.85,3468399.0,54.49,55.04,54.48,54.81,1957875.0,58.45,58.48,58.44,58.45,1928145.0,174.22,175.07,173.8495,174.19,2448102.0,126.04,126.65,125.8,125.98,2468188.0,48.83,49.1075,48.815,48.85,7233952.0,68.39,68.895,68.365,68.5,3657240.0,131.25,131.79,130.95,131.22,963039.0,59.64639140651224,61.169063444108744,59.394293387042616,60.46318898959381,5805372.0,91.89,92.435,90.51,90.84,1644142.0,88.12,88.58,87.77,87.77,5252034.0,87.84,88.75,87.175,87.86,34703307.0,112.48,113.16,111.13,111.82,22986113.0,54.85,54.91,54.77,54.79,17146844.0,41.19,42.14,41.08,41.24,2746278.0
1934,125.20977753059675,126.10665239580584,125.01830986274312,125.84968263105492,2058577.0,123.91,125.17,122.86,124.74,1683830.0,98.38390367979164,98.43908535124164,98.08291274460971,98.2735403368916,5312113.0,8.55,8.62,8.3,8.49,27645358.0,60.07943938783727,61.075898509867066,59.18514248892466,61.04067015706804,2560176.0,506.74,512.25,504.2,508.62,340908.0,17.5,17.695,17.475,17.61,15083148.0,39.6,40.02,39.05,39.34,7535918.0,49.33,49.35,49.28,49.31,2930495.0,72.79,72.82,72.6046,72.69,5123442.0,31.58,31.8099,31.43,31.66,9465921.0,78.15,78.18,78.09,78.13,1688018.0,357.68,362.39,357.03,360.72,1560105.0,69.25,69.92,68.56,69.775,4245156.0,7.67,7.99,7.24,7.33,53047205.0,95.5,96.75,94.825,95.925,9468113.0,14.932266250829386,15.09361150930418,14.790823945341153,14.962575316291153,17696917.0,148.85,149.98,146.5,147.33,11330273.0,523.12,524.99,519.9,522.885,862537.0,34.95436491639777,35.72968515693752,34.8184144910531,35.32696978586095,10043267.0,47.061131543301975,47.465003086261014,46.990454023284144,47.36403520052125,35176869.0,88.46641963754928,89.26501829688088,88.36468732425863,89.18363244624837,16726290.0,91.48936238622753,91.6601264574359,91.38891293257554,91.58981183987952,4668475.0,45.97,46.225,45.8691,46.115,2513896.0,124.64,125.96,123.64,124.585,4563620.0,72.86527347892532,73.36428164677352,72.78966618076649,73.2886743486147,4327707.0,55.65,56.17,55.46,56.03,4013760.0,66.63,67.685,66.605,67.57,6376462.0,28.634236497247464,28.92455159513845,28.481439077304845,28.827779895841456,31186955.0,41.37,41.83,41.27,41.74,10291608.0,169.3399951403231,173.36927469323285,168.33768679382814,172.39703559713274,783821.0,36.751190167244545,37.06241920318073,36.751190167244545,37.01485764636936,29832195.0,69.73,70.21,69.15,69.995,2643142.0,53.51,54.01,53.06,53.79,13406463.0,311.94,313.0,310.12,312.66,8234115.0,,,,,,23.203075024679165,23.697186574531088,23.152655478775905,23.470298617966428,20210442.0,144.81899407449205,145.9931207674943,142.62126975169298,143.76529063205413,2115123.0,6.08,6.11,5.9,6.04,29216342.0,63.82,64.045,63.46,63.98,8616505.0,94.79085526842825,94.8309868752311,94.41963790550147,94.57013143101231,5285113.0,58.61856071380555,59.104332554360816,58.55792780434679,59.03357728939976,10630543.0,52.54456315048898,52.564637482160606,52.50441448714572,52.564637482160606,8230969.0,96.32809349090287,96.50910462806084,96.257700270897,96.43871140805498,3902684.0,15.61,15.685,15.43,15.61,23478049.0,27.47,27.915,27.43,27.83,12721987.0,108.36852002866516,108.43877840045369,108.04733890048904,108.27818783636562,27241594.0,59.59,61.3937,59.52,60.98,3986588.0,93.02643896149256,93.05654460516944,92.8056642411956,92.9160516013441,2497764.0,170.08,171.3399,166.25,168.36,3850797.0,130.09,131.17,129.66,129.84,4767744.0,58.52,58.81,58.06,58.38,11622155.0,122.2,123.45,120.4,121.83,1855774.0,79.23,80.69,77.875,79.88,644233.0,247.54,251.32,246.39,248.59,427133.0,81.36,83.2,81.17,82.68,3513964.0,46.236632558139526,46.97070697674418,45.67350697674418,46.236632558139526,16066826.0,29.35,29.44,28.885,29.3,5308127.0,57.01,58.16,57.0,58.095,2878437.0,177.34,178.77,177.03,178.32,9215980.0,127.99,129.03,127.69,128.63,566375.0,95.33,97.0,94.75,96.31,1034161.0,72.33,72.66,72.07,72.495,4071060.0,82.71200490799758,82.73207089657303,82.6718729308467,82.70197191370987,2057638.0,36.38400000000001,36.90838137472285,36.15206208425722,36.52517960088693,16172890.0,33.74,33.865,33.4501,33.63,26824895.0,33.364402273576474,33.364402273576474,33.307690819651775,33.33428999715628,3120776.0,26.183438938958624,26.2135463812035,25.972686843244507,26.04293754181588,3724857.0,51.12,51.49,51.08,51.39,2188291.0,133.16,134.41,130.5501,131.58,1098367.0,70.9,71.29,70.6131,70.94,1624300.0,38.58193296255058,39.49410648803567,38.456634401357576,39.07310332242716,2214274.0,109.2931127785285,109.33632075101754,108.84198545555714,108.95226102339458,3579184.0,169.65,173.74,169.63,172.85,1296299.0,37.56,38.25,37.17,38.12,3762849.0,9.35,9.77,9.335,9.75,95010579.0,81.71,81.75,81.55,81.65,7667191.0,78.91,78.92,78.85,78.85,2630852.0,55.74,56.2488,55.68,56.21,12149201.0,59.15,59.18,59.015,59.09,1918070.0,76.39,77.255,76.33,77.21,3798861.0,55.09,55.16,54.65,54.8,1525495.0,58.49,58.49,58.45,58.47,1775773.0,172.78,174.1046,172.64,173.565,1874309.0,124.81,125.74,124.64,125.57,2368405.0,48.28,48.61,48.2201,48.54,7342743.0,67.55,68.145,67.48,68.1,3427321.0,130.07,131.0875,130.03,130.88,755497.0,58.990936555891224,60.095125881168165,58.86992950654581,59.98924471299093,7467471.0,91.25,92.67,90.41,92.67,1303544.0,87.26,87.98,87.13,87.88,4579225.0,88.66,89.32,88.02,88.57,33942066.0,114.0,114.93,113.11,113.95,19451701.0,,,,,,39.88,40.8499,39.79,40.79,2083576.0
1936,125.2500865133028,125.92526197362872,125.01830986274312,125.4213996898034,4647764.0,122.65,124.66,122.21,124.0,2388278.0,98.45413489800072,98.72001022407808,98.35380458627344,98.53439914738256,5907865.0,8.35,8.7,8.3,8.53,23178911.0,59.78754732178813,60.91485461135721,59.425198550140934,59.53591623036647,2872885.0,506.43,514.035,505.27,506.69,541394.0,17.66,17.76,17.51,17.54,12726260.0,38.98,39.8,38.85,39.61,5618297.0,49.42,49.49,49.38,49.39,2694511.0,72.83,73.02,72.76,72.87,5176972.0,31.14,31.6,30.97,31.48,8627193.0,78.19,78.31,78.15,78.22,2092334.0,359.8,364.23,356.96,357.13,2000469.0,69.67,70.3,68.86,69.35,4390088.0,7.33,7.96,7.32,7.62,31426367.0,93.8,96.1475,93.31,95.52,9115952.0,14.790823945341153,15.10906913268968,14.699896748955858,14.891854163547034,13123767.0,148.19,150.17,147.7,149.44,9841924.0,524.98,531.38,521.34,522.0,959731.0,34.279647990613086,35.664731064828395,34.12859196245233,35.24640657084189,11401812.0,47.051034754728,47.23782534334655,46.92987329184029,47.07122833187595,26286883.0,88.61901810748526,89.10224659561584,88.40538024957489,88.7207504207759,18504431.0,91.42909271403632,91.69026129353148,91.21312638868456,91.69026129353148,5097781.0,44.98,46.09,44.675,46.09,4810655.0,123.78,126.73,123.14,125.0,4553402.0,73.64150840668918,74.04474733020288,73.51549624309115,73.78264202991897,4523054.0,56.03,56.27,55.8,55.95,3191707.0,67.87,68.195,67.605,67.9,7474031.0,28.603677013258935,28.73610144387588,28.53746479795047,28.710635207218775,14355662.0,41.18,41.57,41.145,41.37,6185460.0,168.59828696391685,169.67075689466645,168.0871097072044,169.57052606001696,611020.0,36.25427837966315,36.48752268811972,36.21878468055019,36.44695846056205,28424263.0,68.84,69.78,68.52,69.62,3371044.0,53.0,53.7,52.9003,53.35,14896992.0,310.26,312.98,309.86,312.89,9370785.0,,,,,,22.466949654491604,23.404753208292195,22.37619447186574,23.152655478775905,15908563.0,144.16670146726858,146.1536851015801,143.59970866252817,145.0096642212189,1584602.0,5.94,6.06,5.91,6.04,28406680.0,63.48,64.0594,63.42,64.02,9442466.0,94.85105267863256,95.15203972965423,94.69082723847202,94.95138169563978,6732481.0,58.64892778031245,58.91210902337219,58.54183325909814,58.64892778031245,14310299.0,52.564637482160606,52.63991622592922,52.53954456757108,52.58471181383224,1615152.0,96.4789361052012,96.68005959093227,96.33312157804616,96.33814966518943,3852327.0,15.52,15.79,15.47,15.58,22056842.0,27.57,27.74,27.28,27.615,10602128.0,108.44881531070916,108.82018099016278,108.24305865047135,108.61944278505273,29762358.0,58.64,59.9,58.58,59.57,4149347.0,93.06657981972836,93.3174601837022,92.77555859751877,93.22714325267162,3124088.0,167.42,171.34,167.2805,169.53,2593734.0,132.52,132.96,129.93,130.02,6170559.0,58.26,59.025,57.9,58.0,11472927.0,126.18,129.1,125.31,126.47,4038935.0,77.68,79.71,77.3641,78.96,591710.0,244.69,249.5243,244.26,247.87,435436.0,81.17,82.08,80.51,81.62,3660644.0,45.60311627906976,47.06643832558139,45.381888372093016,46.5181953488372,15678165.0,28.97,29.53,28.93,29.27,5201817.0,56.94,57.28,56.87,57.15,2145031.0,177.36,178.575,177.15,177.34,12988323.0,128.07,128.86,127.98,128.4,719839.0,95.25,96.15,94.95,95.27,767486.0,72.0,72.65,71.79,72.195,4224458.0,82.75213688514849,82.83741733659414,82.72203790228531,82.74712038800462,1921262.0,36.15206208425722,36.74703325942351,36.12180931263859,36.40416851441243,17588621.0,33.27,33.75,33.205,33.735,21945621.0,33.37443969904987,33.44470167736366,33.344327422629675,33.39451454999667,4191072.0,26.20351056712187,26.338994057223807,26.13677240347907,26.27376126569325,3913214.0,51.16,51.4401,51.1082,51.23,2209162.0,130.11,134.16,129.72,131.3,1927330.0,71.3,71.63,70.9,70.96,1564037.0,38.33133584016457,38.85257785472747,38.25114476100104,38.561885192759696,2589039.0,109.37331319150118,109.48920278824671,109.25301257204217,109.43346350123068,2168804.0,169.32,171.275,167.83,170.23,1677651.0,37.77,38.05,37.36,37.695,3171346.0,9.3,9.46,9.28,9.4,32767147.0,81.77,82.04,81.66,81.83,9232159.0,78.94,79.035,78.895,78.94,5093244.0,55.89,56.19,55.765,55.98,18749609.0,59.18,59.33,59.13,59.22,1540108.0,76.34,76.8,76.18,76.48,5043456.0,55.15,55.42,55.0,55.3,1959449.0,58.5,58.56,58.49,58.5,1797116.0,173.04,174.06,172.575,173.12,1793098.0,124.88,125.57,124.7,125.13,2208653.0,48.15,48.365,48.07,48.21,8556160.0,67.63,67.96,67.49,67.67,3299659.0,130.28,131.03,130.08,130.35,1158568.0,59.61613964417588,59.87832158442429,58.68337697213829,59.343873783148695,7880092.0,91.07,91.9,90.76,91.25,988606.0,87.01,87.69,86.9,87.35,4277152.0,88.08,89.43,87.88,88.98,35236460.0,113.19,115.24,112.94,114.61,17968893.0,,,,,,38.28,38.9563,38.08,38.81,2523501.0
1937,124.6958380010949,125.7237170600986,124.52452482459428,125.552403883598,2794829.0,121.02,123.54,120.97,121.6,3461259.0,98.54443217855533,98.62971294352351,98.2735403368916,98.32370549275524,6213004.0,8.1,8.33,7.925,8.23,34160540.0,57.02967055980666,60.2203527990334,57.01960531614979,59.87813451469994,5545457.0,510.35,510.9918,503.73,509.47,976393.0,17.58,17.715,17.53,17.69,14488755.0,39.0,39.51,38.88,39.07,15735129.0,49.42,49.46,49.38,49.4,2843813.0,72.88,72.96,72.6701,72.705,5396818.0,31.25,31.43,30.97,31.295,13800690.0,78.27,78.3,78.18,78.19,2095519.0,360.52,364.25,359.14,362.95,6268337.0,68.27,69.97,67.76,69.88,5507663.0,6.98,7.68,6.97,7.47,44342915.0,94.69,95.18,93.69,94.35,16026429.0,14.780720923520564,14.952472294470564,14.730205814417625,14.952472294470564,11187014.0,149.55,149.9,147.9,148.52,23705877.0,521.38,530.0,518.94,528.45,1389711.0,34.53140803754767,34.62707685538281,33.99264153710766,34.36021120563215,15001555.0,46.77842146323064,47.23277694905957,46.73298591464776,47.23277694905957,32783286.0,87.82550606381818,88.55797871951086,87.80515960116006,88.54780548818181,16900634.0,91.54963205841872,91.6601264574359,91.35375562379734,91.47931744086232,3351476.0,44.78,45.19,44.67,45.17,6126736.0,125.32,125.96,123.8,123.99,11229382.0,72.3410628783575,73.03665002141864,72.29065801291829,73.03665002141864,5251017.0,54.84,55.75,54.78,55.75,4283686.0,68.53,69.69,68.31,69.62,7209458.0,28.18603073208244,28.603677013258935,28.180937484751016,28.5934905185961,19646155.0,40.22,41.33,40.16,41.235,13986871.0,166.182723848864,169.79103389624586,166.17971692382451,167.72627870246623,990391.0,36.02103407120657,36.35568894855731,36.010893014317155,36.3455478916679,26191698.0,67.2,68.95,67.155,68.045,5929679.0,52.29,53.425,52.26,52.69,18722334.0,310.13,310.89,309.25,309.33,8794711.0,,,,,,22.466949654491604,22.7207616485686,22.214851924975314,22.557704837117463,22547976.0,144.96952313769748,145.6619568284424,143.75525536117377,144.12656038374715,2690041.0,5.77,5.99,5.74,5.86,27357642.0,63.45,63.63,63.285,63.3,4568340.0,94.9112500888369,95.051710712647,94.59521368526411,94.6604275463188,6261860.0,58.274400626727434,58.8311301793538,58.22378884921595,58.80076311284691,9743430.0,52.64493480884713,52.654971974682944,52.564637482160606,52.58471181383224,2398417.0,96.77056515951126,96.81078985665748,96.53927315092052,96.55938549949362,3987234.0,15.48,15.65,15.29,15.33,23091599.0,28.01,28.16,27.53,27.63,17087733.0,108.53914750300868,108.70977497735224,108.11759727227758,108.25811401585462,20437544.0,58.34,59.12,57.735,58.98,7968790.0,93.13682632164104,93.225336914051,92.83576988487246,92.9160516013441,1536062.0,169.12,169.93,167.17,167.62,6556489.0,132.71,133.37,131.91,133.35,8904389.0,58.23,59.16,57.97,58.025,24148757.0,124.3,129.49,123.32,129.16,5239705.0,75.64,78.88,75.57,76.72,712349.0,242.87,245.65,242.01,245.19,343082.0,82.37,82.66,81.6159,81.89,7507710.0,45.88467906976744,46.151560372093016,45.61317209302325,45.81428837209302,23635516.0,28.67,29.48,28.54,28.74,9557034.0,55.89,56.51,55.72,56.4,4666029.0,177.65,178.68,177.21,178.38,9401322.0,127.29,128.94,127.15,128.74,840424.0,93.46,95.79,92.95,95.79,6444749.0,72.4,72.95,72.23,72.56,6469860.0,82.81233485087483,82.842433833738,82.7621698794362,82.77220287372393,2328778.0,36.141977827051015,36.369276984478944,35.789028824833714,36.24282039911309,30021044.0,32.72,32.79,32.57,32.78,25415247.0,33.41458940094346,33.44470167736366,33.3476397730359,33.37443969904987,3024000.0,26.163367310795376,26.259108977134076,26.02286591365263,26.083080798142376,3157526.0,51.24,51.54,51.145,51.42,2555092.0,125.9,131.67,124.56,131.43,4349290.0,70.88,71.65,70.81,71.65,1554825.0,37.539448933424765,38.622028502132345,37.52942504852932,38.622028502132345,2179075.0,109.56378917231132,109.6490021110948,109.20288731393424,109.26303762366372,1740832.0,170.66,171.8,169.47,169.47,2211463.0,36.77,37.74,36.7,37.53,4081148.0,9.06,9.28,9.02,9.28,64685275.0,81.89,81.985,81.63,81.7,5234244.0,79.04,79.06,78.88,78.88,1903688.0,55.43712905302682,55.98142086554745,55.43712905302682,55.96126190952817,14499623.0,59.25,59.3,59.11,59.12,1384910.0,75.8798301288655,76.70174323938143,75.8798301288655,76.60534602271599,5931059.0,55.08,55.26,54.76,54.86,1333749.0,58.56,58.57,58.51,58.52,1350261.0,173.34,174.1,173.07,173.7,1656100.0,124.33209076214156,125.64835905774854,124.19644479274696,125.64835905774854,2992254.0,47.69719754642118,48.13846682565636,47.67212542828281,48.13846682565636,7903014.0,67.09123552198305,67.82650953385887,67.05598265839997,67.8063650403828,4263577.0,130.48304296996636,130.95345437237236,130.2112452412062,130.8353733590999,784590.0,60.99763679086941,60.99763679086941,59.8077341389728,60.13041960389391,14263742.0,89.18,91.305,89.14,89.72,2400434.0,86.42,87.635,86.3,87.51,6704907.0,88.98,89.225,88.17,88.43,28372375.0,114.7,115.035,113.18,113.45,36273288.0,,,,,,37.52,38.57,37.43,38.45,2649921.0
1938,125.81441227118717,125.8748757452462,124.15166673456356,124.46406135053526,6718589.0,122.36,124.23,121.17,121.395,2372982.0,98.7450928020099,98.9758525189827,98.62469642793714,98.72502673966446,5884591.0,8.09,8.385,8.025,8.115,25882889.0,58.1972388240032,58.3482174788562,56.26471204188479,57.01960531614979,3791433.0,518.96,519.96,506.75,511.63,504816.0,17.6,17.6,17.22,17.29,14716628.0,37.83,39.5799,37.405,39.39,8625893.0,49.46,49.5171,49.45,49.47,2850502.0,73.06,73.2199,72.98,73.05,5391876.0,30.32,31.44,30.32,31.31,14795611.0,78.4,78.46,78.31,78.31,2786894.0,366.23,367.1,357.733,359.92,2927378.0,69.72,70.58,67.6,67.66,5086389.0,6.92,6.99,6.72,6.87,28859886.0,91.71,96.31,91.15,96.25,9749666.0,14.0634063742588,14.932266250829386,14.03814881970733,14.871648119905858,19663526.0,146.86,152.15,146.315,152.1222,10540614.0,514.08,522.9199,505.66,518.46,1261442.0,33.06112936344969,35.24640657084189,32.945319741859784,35.1154913464359,15657426.0,47.16209942904174,47.172196217615706,46.59667926889908,46.69764715463885,22233171.0,88.48676610020742,88.5129113047231,87.16424602742896,87.22528541540335,23100647.0,91.81080063791389,91.88111525547026,91.36882304184512,91.58981183987952,5895650.0,44.93,45.3955,44.74,44.77,3023149.0,121.99,127.81,121.52,126.855,5079968.0,72.60316817864141,72.6485325575367,71.66563768147206,71.72612351999912,4849455.0,55.18,55.21,54.31,54.46,3174308.0,69.42,69.485,67.98,68.13,5724551.0,28.175844237419597,28.236963205396645,27.96192784949993,28.155471248093914,20151713.0,40.94,41.06,39.8509,40.05,11692357.0,167.63607095128168,170.52692868424245,166.39320860162795,166.88433969141047,690043.0,36.58893325701388,36.5990743139033,36.24413732277373,36.35568894855731,33957578.0,68.08,69.09,67.15,67.3,3497791.0,53.11,53.74,52.27,52.52,21458316.0,311.08,312.67,310.31,310.34,12687916.0,,,,,,20.94427936821322,22.633334155972353,20.87369200394866,22.557704837117463,22918164.0,142.0191534988713,147.5736759311512,141.73816591422118,147.1371416478555,2585417.0,5.82,5.88,5.73,5.78,24658209.0,63.67,63.99,63.5061,63.52,10781639.0,95.24233584496076,95.5483393468328,95.11190812285136,95.1821384347564,9310287.0,58.76027369083772,58.77545722409116,58.08713704993493,58.183299427206755,13918145.0,52.74530646720527,52.75534363304109,52.654971974682944,52.654971974682944,2483427.0,96.9616324709558,96.97168864524237,96.70520002664868,96.73034046236504,3594386.0,15.7,16.04,15.46,15.46,15779040.0,28.09,28.55,27.785,28.22,13397239.0,108.81014407990727,109.10121447731686,108.70977497735224,108.79007025939627,34072446.0,57.34,58.48,56.72,58.01,4190157.0,93.36763625649697,93.57827541008938,93.21710803811268,93.24721368178952,1826774.0,166.61,170.7099,165.73,170.58,3356798.0,134.0,134.1,130.9,132.06,5232415.0,59.46,60.31,58.31,58.36,12422836.0,125.99,126.39,122.82,123.25,1789907.0,77.73,79.71,75.4,76.08,1129289.0,231.97,245.81,231.0,245.81,790483.0,79.85,83.44,79.2351,83.03,4196052.0,44.195302325581395,47.59406688372093,43.8433488372093,47.15171162790697,27895527.0,29.03,29.46,28.55,28.68,3993216.0,57.09,57.125,55.64,55.67,3183551.0,179.21797909312355,179.30834616196992,176.69774195085373,177.66165735188125,12724310.0,127.19,127.215,126.02,126.8,912772.0,94.65,94.815,92.88,93.05,975930.0,70.84,73.16,70.805,72.67,7753101.0,82.9226977880398,82.96282976519069,82.842433833738,82.842433833738,3113520.0,34.01419955654103,36.46971618625278,33.903272727272736,36.464674057649674,25846141.0,32.96,33.045,32.78,32.81,18661946.0,33.48485137925726,33.52500108115085,33.44470167736366,33.44470167736366,11190946.0,26.28379707977487,26.45340233775433,26.263725451611624,26.313904522019744,17732358.0,51.635180983804986,51.66110912061663,51.07239971967632,51.404038678895,2556295.0,127.43,127.7099,124.8,125.65,1240564.0,71.18,71.24,70.5,70.79,1240264.0,38.301264185478246,38.56689713520742,37.1034099404731,37.168565192293464,2634184.0,109.6540146369056,110.05160818421768,109.6490021110948,109.77431525636462,2846567.0,164.73,172.73,164.15,172.12,1891334.0,37.54,37.99,36.81,37.0,3654409.0,9.18,9.19,9.01,9.05,38963255.0,82.12,82.27,82.011,82.08,7023419.0,79.17,79.215,79.0604,79.1,3210573.0,55.860467129431754,55.860467129431754,55.0641883666701,55.07426784467974,25964965.0,59.41,59.5369,59.3302,59.35,1462763.0,76.53939003236594,76.53939003236594,75.3319895259426,75.41306465869596,6072646.0,55.29,55.655,55.26,55.35,2171611.0,58.62,58.66,58.57,58.58,2188852.0,174.62,174.72,172.6,173.49,2518001.0,125.51773701314632,125.51773701314632,123.77945903497834,124.171325168785,3919832.0,48.08832258937963,48.10838028389032,47.59189465024005,47.67713985191048,9587065.0,67.60492010562233,67.62506459909837,66.72903752928369,66.77899587310428,7742030.0,131.4897012246336,131.52996755482027,129.96964726008608,130.6541748732598,1283448.0,60.98755287009062,62.08670023497817,60.51360859348773,61.37074185968444,11633838.0,90.17,91.67,88.87,89.0,1469995.0,87.38276529677748,87.45814725441791,85.97563542082294,86.42792716666547,5060263.0,86.730096489598,90.15776507107694,86.35204480781722,90.097276801992,52844147.0,111.74,116.95,111.16,116.7,26631056.0,,,,,,39.13,39.16,38.08,38.44,2811928.0
1939,127.47715780781078,127.6449439483246,126.71128713639624,126.9128320499264,6680132.0,120.49,121.26,117.27,119.215,3418543.0,99.14641404891913,99.14641404891913,98.66482855262808,98.68489461497352,7907575.0,8.06,8.1699,7.83,7.88,20714290.0,60.57263632702374,61.629486910994736,58.9823278292388,59.03265404752313,3124670.0,521.34,527.6575,520.275,524.26,537115.0,18.26,18.32,18.13,18.2,13713665.0,37.97,38.135,37.38,37.55,6892313.0,49.47,49.49,49.38,49.42,3034278.0,73.28,73.32,72.985,72.99,8789764.0,29.83,30.2199,29.775,29.855,10987899.0,78.54,78.54,78.38,78.39,2018883.0,373.02,374.105,367.917,369.89,3842180.0,72.34,72.7899,69.96,70.11,5802481.0,7.17,7.25,7.0,7.03,26126452.0,89.39,91.65,89.035,90.24,11016197.0,13.851242916026449,14.007839754245564,13.79062478510292,13.841139894205858,13820977.0,143.55,146.39,143.16,144.545,10778352.0,514.1,518.6,507.88,518.6,1215674.0,32.57775007333529,33.08127016720446,32.3259900264007,32.35620123203286,8636290.0,48.38381084649283,48.40400442364078,47.86887462922005,47.89916499494198,36113994.0,89.5651286210883,89.69738062836615,89.07681351729317,89.17854583058383,14900765.0,92.3632726329998,92.45869961396916,91.90120514620064,92.04183438131344,10997508.0,45.04,45.18,44.67,44.88,2151262.0,120.68,122.2675,119.8,120.88,3981320.0,73.32899824096606,73.37940310640529,72.96608320980374,73.05681196759431,4095856.0,56.82,56.85,56.16,56.24,3706536.0,72.65,72.68,71.8,71.88,7190557.0,28.501812066630528,28.74628793853872,28.31845516269938,28.31845516269938,26080385.0,42.01,42.105,40.8,40.945,10817934.0,165.58133884096702,166.94447819220017,161.61620702223297,164.198153322804,872809.0,37.623321059734344,37.623321059734344,37.075703987705865,37.14669138593178,46304889.0,66.79,66.9,65.19,66.45,5135832.0,51.86,52.13,50.7001,51.54,22159918.0,306.19,306.34,303.54,305.07,12035177.0,,,,,,20.95436327739387,21.256880552813417,20.4703356367226,20.67201382033563,19642670.0,139.08885440180583,141.67795428893902,138.58709085778776,139.49026523702028,1666985.0,5.8,5.82,5.53,5.685,17402324.0,62.68,62.71,62.125,62.43,9301937.0,95.5734216010846,95.61937229087393,95.11190812285136,95.15203972965423,7694510.0,60.238137594173175,60.26496183625426,59.65104097503991,59.66116333054221,10446962.0,52.825603793891794,52.825603793891794,52.71519496969783,52.725232135533645,2916168.0,97.2230930024062,97.30354239669865,97.03202569096166,97.092362736681,5622144.0,15.31,15.44,15.0,15.29,21314033.0,28.54,28.65,27.89,27.94,13252078.0,109.32202650293792,109.42239560549297,108.66962733633024,108.67966424658574,38185303.0,58.33,58.48,57.62,57.98,3153228.0,93.8493265553267,93.8493265553267,93.28735454002532,93.28735454002532,2192771.0,165.29,167.27,163.4,164.6,2875965.0,135.9,136.68,135.01,135.68,5599881.0,58.09,58.64,57.17,57.79,14907183.0,128.2,129.25,126.5,127.58,2039093.0,74.20709877599946,74.96747891715842,70.76537813706946,73.27663360326547,1405195.0,230.81,233.26,227.72,229.1,432165.0,80.56,80.9,79.09,79.23,3257376.0,42.71709767441859,43.79306976744185,42.39028372093023,42.86793488372093,20545113.0,28.39,28.55,27.76,28.27,4933644.0,57.19,57.47,57.09,57.12,3412876.0,180.91487183034909,181.231457794874,179.64973286650047,180.15177213786896,10283274.0,128.32,129.0,127.9,127.985,1085705.0,96.91,97.27,94.23,94.6,1371231.0,70.14,71.145,69.91,70.52,6591157.0,82.98791225091,82.99292874805386,82.90263179946434,82.91266479375207,4292131.0,33.78226164079824,34.26630598669624,33.33855432372507,33.55032372505545,24521023.0,32.61,32.63,32.06,32.55,20982356.0,33.575188208517844,33.59516268520991,33.48485137925726,33.48485137925726,5118926.0,26.43433429099924,26.49444881734817,26.178421031917814,26.193474753040253,11173740.0,52.02711793560888,52.12761458991756,51.76592713106059,51.84622395785324,3392671.0,128.22,129.54,127.94,128.24,971897.0,71.8,72.11,71.435,71.44,1662583.0,38.64207627192322,38.777398718011675,38.24613281855332,38.371431379746326,3043722.0,109.79436535960778,109.87456577258048,109.39837582055516,109.4936138109602,2604664.0,167.73,168.225,162.0,163.64,2041446.0,38.67,38.77,37.735,37.78,3207896.0,9.21,9.21,9.12,9.18,34861505.0,82.45,82.49,82.09,82.1,10045212.0,79.31,79.32,79.17,79.19,3581296.0,56.596269024135566,56.65674589219341,56.258606510812584,56.34428207389453,22023223.0,59.56,59.57,59.3613,59.39,1677710.0,77.55409757621277,77.67129629752708,77.082258568324,77.20909701130485,6478222.0,55.65,55.74,55.08,55.105,1690985.0,58.68,58.68,58.61,58.61,2278713.0,175.92,176.33,174.98,175.19,2362711.0,127.0952493979577,127.28113461527626,126.37180422785312,126.48233057328576,4474159.0,49.13132270393552,49.171438092956905,48.715125542838706,48.715125542838706,10711671.0,68.63228927290085,68.71790337017406,68.19918266316577,68.21932715664184,7022449.0,132.49635947930082,132.73342749827495,131.87223136140713,131.97289718687384,1545158.0,61.63292379993285,61.84448445787176,60.6043638804968,60.836294058408846,9317373.0,88.57,88.94,86.21,87.7,2237093.0,88.10643209012554,88.2370941500356,87.45312179057521,87.57373292279988,4384087.0,85.60098213334611,86.49822479143911,85.27333734246943,85.46488352790503,32679354.0,108.34,110.94,107.91,109.25,24828277.0,,,,,,42.43810897738489,42.45824090763982,40.70676297546122,40.93828017339288,2923722.0
1940,127.3864625967222,127.51998610193594,127.063990735074,127.49731229916378,2421409.0,119.78,120.605,119.27,119.3,1698537.0,99.1363810177464,99.1363810177464,98.8454231137372,98.94575342546452,8434797.0,8.15,8.25,8.0,8.06,26505929.0,60.77394120016107,61.548964961739806,59.23395892066047,60.55250583971,2724767.0,524.02,524.42,517.68,523.11,356964.0,18.17,18.22,18.04,18.1,11590734.0,37.58,38.125,37.455,38.01,5933865.0,49.43,49.43,49.36,49.38,2676882.0,73.3,73.31,73.1,73.19,5346377.0,30.32,32.94,29.575,29.7,66996986.0,78.52,78.54,78.45,78.48,1537842.0,371.58,374.19,369.5135,373.0,1737892.0,71.43,72.67,71.09,72.1,3953164.0,7.04,7.245,7.0,7.18,16991336.0,89.0,90.02,88.8,89.31,8380832.0,13.78052176328233,13.8916550033088,13.699697588717624,13.841139894205858,16098818.0,143.23,144.2,142.5101,143.41,7386088.0,506.74,514.0,502.93,513.11,1189224.0,32.35620123203286,32.738977207392196,32.27563801701378,32.477046054561455,6371562.0,48.424198000788735,48.45448836651066,48.282842960753065,48.35856887505789,23739152.0,89.07681351729317,89.19889229324197,88.87334889071188,89.08698674862224,14422092.0,92.3130479061738,92.323092851539,92.06694674472644,92.2427332886174,5299284.0,44.48,44.95,44.2825,44.9,3699350.0,119.82,121.18,119.27,120.24,2799001.0,73.02656904833078,73.13735894256618,72.89551639818885,73.11729780612137,3226226.0,57.31,57.37,57.08,57.24,2320630.0,72.37,72.4,71.65,71.94,5222031.0,28.084165785454022,28.33373490469364,28.012860322814134,28.226776710733805,25971650.0,41.61,41.9586,41.19,41.79,7113958.0,163.77718381727612,165.70161584254643,163.31612197788843,163.97764548657508,840049.0,37.58275683217668,37.68923792951555,37.51176943395076,37.663885287292,18018435.0,66.78,66.96,66.06,66.28,2836209.0,51.92,52.16,51.45,51.59,12728900.0,307.12,307.36,305.12,305.31,6733155.0,,,,,,20.429999999999996,20.93409461994076,20.32916090819348,20.853524185587357,14342575.0,138.6071613995485,139.75118227990967,137.9046924379232,138.61719667042885,1329585.0,5.83,5.86,5.74,5.8,20162359.0,62.85,62.902,62.45,62.5,4078427.0,95.61355320788748,95.65368481469038,95.29250035346436,95.3928293704716,6393258.0,60.27862701618236,60.30899408268925,60.13691403915019,60.24319877192433,9810721.0,52.795492296384346,52.825603793891794,52.75534363304109,52.825603793891794,2253412.0,97.25326152526586,97.36347719544648,97.15269978240032,97.28343004812552,2386303.0,15.31,15.46,15.18,15.26,12158575.0,28.31,28.7,28.17,28.68,13100666.0,109.1915466696164,109.2517681311494,108.92556854784556,109.11125138757237,30675214.0,57.48,58.28,57.345,58.1,3081639.0,93.8693969844446,93.8693969844446,93.52378419503428,93.6185166204708,3158532.0,165.69,167.19,164.5,165.13,2006911.0,137.72,137.89,135.41,136.12,5736436.0,58.06,58.53,57.56,57.58,8539101.0,128.21,128.7266,127.75,128.07,1713618.0,74.31715379643036,75.03751393015989,72.93646354011541,73.33666361440959,703985.0,227.65,230.67,226.59,230.6,620801.0,80.19,80.68,79.355,80.5,3101215.0,42.65676279069767,43.07407906976744,42.34503255813953,42.66179069767441,13625457.0,28.68,28.7599,28.16,28.3,3100028.0,56.71,56.82,56.2,56.62,3272832.0,179.609569724791,180.77430083436587,179.32842773282462,180.7040153363743,11833575.0,128.07,128.32,127.49,128.19,1596014.0,97.08,97.52,95.7539,97.23,1133947.0,69.44,70.305,67.25,70.09,24488618.0,83.0029617423416,83.01299473662931,82.94276377661524,82.96282976519069,3268079.0,33.459565410199566,34.00038412416852,33.328470066518854,33.77217738359203,13448792.0,33.01,33.01,32.49,32.53,12254294.0,33.565150783044444,33.575188208517844,33.52500108115085,33.555113357571045,8994124.0,26.444370105080868,26.462534928568605,26.273861623834065,26.35404777834625,5262992.0,51.89647228500758,52.04711676981631,51.74572730354455,52.03716760103975,2186213.0,128.48,129.1,127.22,128.32,967886.0,72.0,72.11,71.3,71.69,2543913.0,38.34135972506001,38.85257785472747,38.040643178196795,38.622028502132345,2649046.0,109.8545156693373,109.90464092744524,109.43346350123068,109.73421504987827,2096200.0,170.49,172.545,166.17,168.42,1980176.0,37.84,38.9,37.77,38.9,3454161.0,9.06,9.1199,8.97,9.05,39327432.0,82.41,82.45,82.2533,82.38,9277567.0,79.27,79.3,79.22,79.25,2913877.0,56.31404363986561,56.37452050792346,56.152771991711354,56.30396416185597,12784187.0,59.6,59.61,59.4449,59.49,5215120.0,77.07718503060475,77.14537337755125,76.82350814464304,77.05689087972782,3201018.0,55.68,55.69,55.2977,55.46,1191828.0,58.7,58.7,58.65,58.65,2601834.0,174.97,175.77,174.74,175.5,2307688.0,126.87419670709242,127.29620638965343,126.62300046747276,127.0952493979577,3086138.0,49.25166887099966,49.29178426002104,49.15138039844621,49.25166887099966,7019015.0,68.4509888316164,68.52149455878258,68.25961614359393,68.52149455878258,6358899.0,131.86216477886046,132.4359599840208,131.7010994581137,132.4359599840208,992212.0,61.1993152064451,61.71863712655252,60.60940584088619,61.63292379993285,6655682.0,89.3,90.09,87.99,88.01,1405532.0,87.2621541645528,87.9355663194739,87.16164488769891,87.9355663194739,4372029.0,85.22797114065575,85.80765038605291,84.94569255159278,85.50016835153791,21861510.0,108.37,109.24,107.7,108.11,17483231.0,,,,,,42.27705353534548,42.7098900358264,42.06697684313532,42.659560210189085,2312079.0
1941,128.45465063843193,128.53022998100573,127.77947517810598,127.96086560028311,3802271.0,123.05,123.22,120.1,120.68,3485644.0,99.4072728594101,99.42733892175556,99.1062819242282,99.12634798657363,9775172.0,8.38,8.4,8.06,8.25,28431070.0,64.16592831252514,65.54486669351589,62.49509786548528,62.77692468787754,4053974.0,525.48,527.0,517.1154,524.03,616507.0,18.33,18.45,18.29,18.32,11435424.0,38.32,38.52,37.525,37.63,10366310.0,49.48,49.49,49.41,49.45,2793110.0,73.51,73.52,73.3,73.37,5373696.0,30.29,30.61,30.03,30.3,14192690.0,78.66,78.66,78.5701,78.6,1347197.0,381.88,382.33,373.043,374.0,2575085.0,74.46,75.009,71.82,72.65,7823293.0,7.45,7.57,7.11,7.16,34184182.0,90.89,90.91,89.21,89.28,6544995.0,13.95227313423233,14.053303352438212,13.750212697820563,13.83103687238527,12894277.0,144.44,145.08,143.4,143.7,7415714.0,508.53,509.43,503.35,509.2,1199411.0,32.70866529774127,33.02588295687885,32.411588442358465,32.42669404517454,6190186.0,48.74729523515596,48.82302114946078,48.51506909795451,48.64127895512921,21962151.0,90.07379018754156,90.14490107453172,89.65668770304988,89.7685932476696,15791542.0,92.59430637639936,92.60435132176455,92.22274384734068,92.41349735982578,5574884.0,45.08,45.205,44.51,44.75,2709942.0,121.13,121.16,119.46,120.0,2705318.0,74.5689579307707,74.63952474238559,74.10523316872994,74.22620484578404,4326433.0,57.85,57.96,57.46,57.68,2709165.0,71.94,72.21,71.6,71.72,4206146.0,28.654609486573147,28.685168970561673,28.287895678710857,28.359201141350745,27289225.0,44.46,44.9,43.38,43.38,20484519.0,165.10023083464944,165.38087717166803,163.51658364718742,164.42868424249784,488398.0,37.68416740107084,37.81600114063325,37.45092309261427,37.55233366150843,24517666.0,67.75,67.78,66.63,66.77,2925942.0,52.62,52.62,51.76,51.76,14874255.0,306.78,307.28,304.855,305.77,6787517.0,,,,,,20.81318854886475,21.024950641658435,20.460251727541948,20.58125863770977,9830425.0,140.61421557562073,141.2966139954853,138.64730248306995,138.74765519187355,2796354.0,6.0,6.01,5.8,5.89,22492349.0,62.8,62.8879,62.395,62.561,4159597.0,95.95467186571206,95.95968831656242,95.65870126554074,95.7941454385005,7131918.0,60.69364359177657,60.771282058479194,60.41021763771224,60.5519306147444,11484566.0,52.895863954742495,52.895863954742495,52.825603793891794,52.85571529139923,1971820.0,97.56500292814904,97.56500292814904,97.3135985709852,97.39404796527762,3703119.0,15.85,15.86,15.475,15.5,21825824.0,28.89,28.9,28.26,28.34,12445199.0,109.5930230798365,109.603059990092,109.0861591119336,109.31198959268242,31026053.0,58.4,58.5636,57.74,57.96,2178798.0,94.2306647085669,94.2306647085669,93.8493265553267,93.94967870091622,2839321.0,167.52,168.805,165.765,166.65,1711454.0,139.75,140.195,137.84,138.01,6013633.0,59.19,59.215,58.06,58.25,9279228.0,130.61,131.3199,128.78,129.45,1838592.0,76.17808414189832,76.23811415304245,73.5567736552714,73.5567736552714,586064.0,231.62,232.6,227.87,228.87,458441.0,81.32,81.35,79.7,80.0,3336044.0,43.40089302325581,43.48133953488371,42.601556372093015,42.737209302325574,11948973.0,29.13,29.15,28.55,29.02,3194760.0,58.58,58.91,57.7999,57.9,4596410.0,180.9650757574859,181.1558506806059,180.08148663987737,180.1718537087237,8981462.0,130.17,130.51,128.59,128.72,973914.0,104.64,105.58,100.01,100.01,2099646.0,70.99,71.2834,70.45,70.985,5080697.0,83.10329168521882,83.10329168521882,83.04309371949248,83.0531267137802,4964944.0,34.115042128603115,34.155379157427944,33.449481152993364,33.55032372505545,14210960.0,33.34,33.365,33.0,33.13,15255188.0,33.64545018683163,33.65548761230503,33.48485137925726,33.62537533588483,10536115.0,26.574835688141984,26.579853595182797,26.384155220591115,26.48451336140736,6353769.0,52.18791258250278,52.213438732697185,51.9567702775928,51.9567702775928,1483148.0,131.5,132.3,129.0,129.79,1251946.0,72.86,73.06,72.29,72.44,3411990.0,41.579074546287295,41.769528359300665,39.22847353830649,39.33372432970862,6055340.0,110.17531732122804,110.19536742447124,109.89421487375878,109.97481628879632,2620833.0,175.84,176.33,170.455,170.74,1494094.0,38.71,38.96,37.72,38.27,2983608.0,9.47,9.5,9.2701,9.275,87645551.0,82.67,82.68,82.435,82.5,10204223.0,79.42,79.42,79.315,79.36,3849184.0,56.928891798453726,56.97928918850194,56.64666641418378,56.747461194280184,15078650.0,59.75,59.757,59.63,59.69,3020158.0,77.73674493410519,77.77225969813982,77.3815972937588,77.55409757621277,3030847.0,55.92,55.935,55.52,55.73,1494563.0,58.75,58.76,58.72,58.74,2006531.0,176.18,176.325,175.33,175.43,3271147.0,128.05984295809716,128.12515398039827,127.3471489870483,127.49716338134915,2036826.0,49.582620830426045,49.64820949147601,49.37702946169148,49.49236120512794,7417861.0,69.12582936306406,69.1862628434922,68.83373420766135,68.87402319461344,4377649.0,133.06008810191446,133.10035443210114,132.12389592507395,132.18429542035398,936903.0,63.39760993622019,63.41374420946625,61.229566968781455,61.29007049345417,9378784.0,90.25,90.29,89.1,89.69,1727725.0,88.22704322235022,88.50846919754112,87.69434405502456,87.69434405502456,5254355.0,86.44781790053501,86.61920132960897,85.20780838429411,85.41951732609134,16782807.0,109.99,110.435,108.55,108.94,18304841.0,,,,,,42.609230384551765,43.072264780415075,41.84421703486456,42.18645984919831,2019451.0
1942,129.02905364199282,129.4321434690531,128.34380093599037,128.75696800872714,3147812.0,116.12,119.49,114.6,119.33,4921791.0,99.12634798657363,99.4223224061692,99.08621586188274,99.19657920478276,25931633.0,8.02,8.135,7.925,8.0,26322053.0,65.37375755134914,67.10497946033021,64.45782037857428,65.70591059202575,4137347.0,528.07,533.56,523.17,527.44,655105.0,18.61,18.745,18.45,18.73,23962858.0,38.06,38.6,37.665,38.4,9914869.0,49.46,49.4956,49.3912,49.4,3017304.0,73.34,73.5499,73.32,73.38,6928663.0,30.34,30.56,30.175,30.38,11134684.0,78.6,78.67,78.585,78.6,2882532.0,384.71,387.49,382.75,383.02,4455001.0,73.27,75.42,72.365,74.72,8007466.0,7.42,7.49,7.01,7.45,37236283.0,90.17,90.95,89.8,90.895,7555727.0,13.79062478510292,14.007839754245564,13.65928550143527,13.992685221514682,12666966.0,143.79,144.665,142.565,144.55,9213512.0,513.34,514.37,507.09,508.55,1835475.0,32.477046054561455,32.73887650337342,32.22528600762687,32.62810208272221,6351854.0,48.55545625225042,48.717004869434035,48.41914960650174,48.504972309380534,37593385.0,90.88764869386677,91.17249917108056,90.49597928769776,90.72487699260172,15987686.0,92.51394681347776,92.68471088468614,92.3532276876346,92.49385692274736,6464929.0,44.78,45.3297,44.43,45.0,4598735.0,120.8,121.135,119.89,121.0,4187904.0,75.88956540527805,76.11134681321059,75.55689329337926,75.69802691660905,10262559.0,57.85,57.995,57.5201,57.7,4126079.0,70.74,71.205,70.4352,70.945,6292137.0,28.66479598123599,28.812500153847193,28.522185055956207,28.573117529270416,18680658.0,43.87,44.22,43.54,44.085,13661038.0,161.69238245656658,162.18351354634913,159.69778884704164,161.46185153687276,1258423.0,37.329230409941275,37.46106414950368,37.207537727268274,37.3495125237201,27903590.0,65.5,65.78,64.9217,65.59,6223920.0,50.73,51.115,50.32,50.92,32657425.0,301.22,302.36,299.89,300.03,13301308.0,,,,,,20.74260118460019,20.99469891411648,20.545964955577485,20.914027640671264,12372036.0,139.4601594243792,140.86509734762976,138.73761992099318,140.3332279909706,6271605.0,5.84,5.875,5.715,5.83,25587096.0,61.65,61.8893,61.37,61.4,7104323.0,95.703849323194,95.99480347251496,95.64365191298964,95.69883287234364,8402385.0,60.481074126228314,60.653154169767376,60.31911643819156,60.47601294847717,8880064.0,52.895863954742495,52.925875080591574,52.84567812556342,52.87578962307086,1584705.0,97.4845535338566,97.62533997386836,97.42924457528056,97.54489057957592,3664306.0,14.87,15.37,14.71,15.3,27250108.0,28.98,29.16,28.7596,28.94,17106128.0,109.41235869523746,109.79877974007432,109.28187886191591,109.40232178498196,24704784.0,58.67,59.5,57.955,58.72,4104589.0,93.85936176988564,94.13031256297737,93.81922091164984,93.85936176988564,3117904.0,167.41,167.84,164.5,166.16,8636562.0,140.69,141.9,139.1,140.25,7249261.0,56.76,57.7,56.46,57.44,16613811.0,131.43,131.82,129.865,130.67,2860496.0,70.70534812592533,71.9546727078532,69.6748329346178,71.45572326522692,1627205.0,231.17,233.66,229.34,232.64,434308.0,81.25,82.015,80.665,81.19,3206238.0,42.83776744186046,43.5516296744186,42.56626046511627,43.54167441860464,20706994.0,27.72,28.22,27.53,28.1,4917409.0,58.74,58.84,58.31,58.47,2769525.0,181.62776759569232,182.55151985501035,180.68393376551955,181.32654403287123,9276905.0,129.71,130.955,129.23,130.13,731473.0,102.51,104.5,101.725,104.5,3331511.0,70.98,71.345,70.71,71.19,3580060.0,83.07319270235566,83.11332467950656,83.0531267137802,83.0531267137802,2432813.0,34.296558758314866,34.44782261640799,33.99403104212862,34.28647450110866,17165995.0,32.62,32.9,32.53,32.56,17596326.0,33.63541276135823,33.67556246325182,33.595263059464635,33.62537533588483,3147491.0,26.40422684875437,26.63505057263173,26.38746703923805,26.48451336140736,21806507.0,52.36880656025842,52.54467570529863,52.1175649244867,52.278359571380605,6183498.0,131.21,132.2083,130.45,131.22,1876696.0,72.59,73.05,72.04,72.94,4219083.0,40.62680548122045,41.42871627285569,40.426327783311635,41.34852519369216,4263981.0,110.03496659852586,110.31566804393026,109.94474113393156,109.9948663920395,1547147.0,174.38,176.535,173.09,175.2,2892018.0,38.07,39.2795,37.72,39.2,2987942.0,9.74,9.745,9.48,9.51,66578974.0,82.59,82.79,82.495,82.57,7958347.0,79.4,79.46,79.34,79.34,2730864.0,57.28167352879117,57.50342204500328,57.02968657855014,57.25143509476224,11093436.0,59.65,59.7667,59.6241,59.64,2208038.0,78.45718729023643,78.72101125163661,78.10711318760927,78.29483408322093,4180222.0,55.61,56.05,55.53,55.73,1654841.0,58.75,58.77,58.73,58.74,2033588.0,176.67,177.55,175.99,176.43,2701252.0,128.6124746852604,128.99429296948225,127.92922091349494,128.41151769356466,2292865.0,49.53247659414932,49.632765066702774,49.37211532653636,49.50239005238329,8246129.0,69.40785227172876,69.63447782333432,69.12915320448761,69.36756328477667,4072556.0,133.40235190850134,133.92581420092827,132.79835695570097,133.22115342266122,1105652.0,63.1959315206445,63.70516951997313,62.90349781805974,63.4581134608929,27816335.0,87.33,88.16,86.565,87.87,2629218.0,88.3376034268895,88.7295896066197,87.8451079703054,88.25719600540639,4687800.0,85.9941558823981,86.39741100963091,85.48010640895806,86.39741100963091,17705866.0,109.38,110.1,108.37,109.935,22002079.0,,,,,,41.4516443948935,41.84421703486456,40.97330973203645,41.471776325148426,2360350.0
1943,129.5933793998772,129.7999629362456,129.07943987037535,129.40191173202356,4963452.0,118.93,119.085,115.4,116.68,2139985.0,99.52766923348288,99.55776832700106,99.27122495670788,99.37717376589192,14036866.0,8.27,8.29,7.96,8.04,29004121.0,63.078881997583544,65.22781151832459,62.454836890857806,65.22781151832459,3077662.0,533.73,534.34,527.82,529.84,442144.0,18.59,18.65,18.465,18.47,13833475.0,38.34,38.825,37.69,38.04,6773665.0,49.51,49.51,49.43,49.48,3777521.0,73.63,73.6667,73.45,73.51,6987010.0,29.93,30.1497,29.855,30.0,7521210.0,78.7,78.7,78.62,78.66,1515200.0,388.21,389.15,384.81,386.31,2791538.0,74.23,74.42,72.5,74.0,4105751.0,7.6,7.71,7.36,7.47,31761856.0,89.74,90.19,89.1,89.51,6519202.0,13.740109675999976,13.851242916026449,13.6340279468838,13.669388523255858,10714339.0,143.19,144.098,142.4,143.045,6980319.0,510.0997744860469,513.9920577659656,506.0570163370591,513.620886422262,1408642.0,32.03394837195658,32.37634203578762,31.943314755060133,32.34109562921678,5835043.0,48.70690808086006,48.73719844658199,48.36361726934487,48.464585155084634,32966305.0,90.93851485051208,91.04024716380272,90.4908926720332,90.66383760462732,28062282.0,93.03628397246808,93.04632891783328,92.67466593932096,92.85547495589452,13050678.0,45.32,45.36,44.5212,44.72,3619041.0,119.61,120.4,118.85,120.0,3491334.0,75.57705523955494,75.61233864536239,75.39559772397378,75.57201475301102,6464268.0,57.4,57.44,57.035,57.17,3160417.0,71.78,71.795,71.41,71.595,4720388.0,29.388037102297737,29.41859658628626,28.654609486573147,28.72591494921304,46432157.0,43.35,43.93,43.095,43.6,10256324.0,164.29838415745348,164.74441137164376,160.95067428016034,161.8928441258656,693053.0,37.278525125494184,37.298807239273025,36.90401589456805,37.02499870325878,20096867.0,67.59,67.69,65.8,65.95,4082369.0,52.06,52.07,50.75,50.93,19782712.0,304.83,304.92,301.95,302.385,8192086.0,,,,,,20.55100691016781,20.914027640671264,20.50058736426455,20.737559230009865,13516753.0,139.02864277652367,139.77095176354396,138.20575056433404,138.8078668171557,1448840.0,5.99,6.0,5.85,5.86,19035082.0,62.36,62.37,61.8,61.88,10439843.0,96.08509958782145,96.12523119462436,95.77407963509904,95.91454025890916,10542377.0,60.76450008029265,60.78474479129724,60.29887172718696,60.450707059721424,17699057.0,52.95608694975738,52.9661241155932,52.90590112057831,52.946049783921566,3230921.0,97.81640728531288,97.836519633886,97.58521583846502,97.65550849672805,4182971.0,15.63,15.64,14.87,14.92,19774803.0,29.4,29.58,28.92,29.08,14239876.0,110.01457331056764,110.12497932337816,109.643207631114,109.77368746443555,40575029.0,57.86,58.615,57.475,58.3,3971614.0,94.22062949400797,94.2507351376848,93.96974913003412,93.98480195187256,2465051.0,166.11,168.09,165.6217,166.72,1661003.0,140.86,141.85,139.55,141.51,8034434.0,58.26,58.315,56.75,56.89,10061271.0,130.08436888753062,132.43420232273843,130.04420079462108,131.37978988386314,2578642.0,74.37718380757448,74.56717879284564,70.85542315378564,71.3056482373666,1073784.0,230.29,232.77,229.73,231.66,217068.0,81.63,81.89,80.78,81.3,2863736.0,42.244474418604646,42.67687441860464,42.15899999999999,42.626595348837206,9624080.0,28.4,28.48,27.63,27.76,4606750.0,58.33,58.42,57.88,58.22,2918011.0,182.48123435701876,182.77241713441248,181.5625024904144,181.8988688022313,9990606.0,131.55,131.69,129.92,130.01,828090.0,101.17,102.62,100.75,102.13,1613761.0,70.41,70.66,70.065,70.38,3423706.0,83.133390668082,83.133390668082,83.08322569664338,83.11834117665042,5690394.0,34.08478935698449,34.48815964523283,34.00411529933482,34.18563192904657,13101513.0,32.81,32.82,32.62,32.72,10565323.0,33.70567473967202,33.72574959061882,33.65900071122071,33.67556246325182,7792694.0,26.67519382895823,26.71533708528473,26.48451336140736,26.554764059978737,11300630.0,52.599948865168415,52.68667747783681,52.288409236811475,52.48940254542885,3448251.0,128.49967179251777,131.21,128.41936577155536,130.90885242139086,1288628.0,73.45,73.52,72.61,72.8,1525053.0,40.47644720778885,41.067856416619826,40.165706776030184,40.496494977579715,3001188.0,110.31566804393026,110.43596866338927,110.16368826134702,110.2755678374439,4253027.0,174.08,176.085,173.105,174.51,2119713.0,38.81,38.985,37.93,38.75,2683161.0,9.71,9.75,9.61,9.62,45313707.0,82.92,82.9567,82.7,82.78,10911303.0,79.5,79.51,79.43,79.45,3938014.0,57.46310413296471,57.49334256699363,57.13552109765138,57.22119666073333,15742509.0,59.81,59.8167,59.68,59.75,2868974.0,78.63983464812887,78.71745977523314,78.10711318760927,78.31512823409788,5448492.0,56.12,56.22,55.74,55.89,2636913.0,58.78,58.78,58.75,58.78,3322514.0,177.70916727611106,177.900209155609,176.7941772216737,177.31702868135218,2730592.0,129.13496286366927,129.29070453223346,128.6024268356756,128.85362307529527,4039098.0,49.60267852493674,49.657837184841135,49.30191339574894,49.41213042708519,9388376.0,69.5891527130132,69.64455007007233,69.19633509023024,69.3474187913006,4094616.0,134.19761192968843,134.34861066788852,133.52315089906136,133.65401647216814,1050133.0,63.33710641154749,63.98247734138972,62.772406847935535,63.1959315206445,8237922.0,89.8,90.09,86.71,87.355,2045963.0,88.25719600540639,88.46826548679955,87.81495518724924,88.42806177605802,4266924.0,85.50016835153791,86.03448139512139,85.24309320792699,85.66147040243102,13123759.0,107.8,108.84,107.72,108.64,19199048.0,,,,,,41.250325092344234,41.36105070874633,39.98201348628387,40.404784021637326,2797330.0
1944,129.52283868014166,129.70422910231878,129.07943987037535,129.18021232714042,3796467.0,117.96,121.1,117.26,120.42,1771529.0,99.4365356837578,99.59707953881964,99.31071761552752,99.5170592474252,18480328.0,8.36,8.5691,8.24,8.45,20154487.0,63.31038260169147,64.43768989126055,61.0356375352396,62.65614176399514,3242624.0,538.6,541.0,526.27,530.89,401950.0,18.33,18.4,18.13,18.34,19931199.0,38.69,39.04,37.765,38.31,7639122.0,49.55419292027878,49.58926666653176,49.5141086388468,49.55419292027878,5927898.0,73.57517174990934,73.68552447546824,73.46481902435043,73.62533207970884,6286664.0,30.5,30.575,29.955,30.13,8426533.0,78.60043376578405,78.68068947352194,78.56451933657137,78.66062554658747,5618652.0,390.92,393.89,384.25,386.59,2393985.0,71.67,73.94,71.26,73.57,6175163.0,8.12,8.1799,7.42,7.62,40524391.0,91.99,92.33,89.2,89.855,11895193.0,14.012891265155858,14.134127527002915,13.60877039233233,13.760315719641152,6507854.0,145.57,146.27,142.51,143.34,8508150.0,509.9693629328537,516.4452997146875,496.49684632220726,506.2777128116937,1375269.0,32.87986212965679,33.222255793487825,31.711695511880315,32.04401877383397,7286908.0,48.79777917802584,48.88865027519163,48.65642413799018,48.81797275517379,25392965.0,90.7859163805761,90.93851485051208,90.57655127982396,90.65366437329826,11406067.0,93.21774590113424,93.41947225019534,92.97567428226093,93.41947225019534,10515449.0,44.92,45.24,44.62,45.07,3517452.0,121.19,121.6435,118.08,119.97,3680329.0,75.02260171972361,75.51656940102788,75.02260171972361,75.27462604691966,7652638.0,57.58,57.94,57.395,57.81,4532526.0,71.64,71.955,71.34,71.68,5401742.0,29.326918134320685,29.45934256493763,29.153747725052384,29.35747761830921,18308062.0,44.05,44.37,43.595,43.985,9385658.0,163.6368606487668,167.15496294496413,163.58674523144208,166.383185518163,493092.0,37.3495125237201,37.44078203572485,37.19739667037886,37.207537727268274,22972762.0,67.58,68.99,67.51,68.61,3226035.0,52.04,53.045,51.96,53.01,19063332.0,307.55,309.0,307.36,308.555,9335647.0,,,,,,21.38797137216189,21.801411648568603,20.25857354392892,20.4703356367226,15684166.0,141.64784847629792,142.47074068848755,138.64730248306995,139.2293481941309,1741018.0,5.97,6.07,5.9,6.0,21537089.0,62.92,63.23,62.9,63.16,5328191.0,95.90716457234504,96.12858944595104,95.7360635336495,96.03800654311222,10659828.0,60.82523421330644,60.956824834836304,60.64809299201623,60.80498950230184,10787921.0,52.900001463536135,52.95037282276632,52.86987939071648,52.93022427907424,3175358.0,97.74516232704066,97.89927325957366,97.674376465641,97.70471326338372,4003116.0,15.53,15.9491,15.46,15.87,13928438.0,28.33,29.425,28.11,29.355,18914805.0,110.14747458988188,110.21789080054432,109.83518524359631,110.06184686590034,28691295.0,61.2,61.685,57.5,57.75,4525812.0,94.13224267173254,94.29337628495044,93.7294086386878,94.18259692586314,2849268.0,169.95,171.48,165.62,166.36,1949322.0,141.07,141.61,139.469,140.55,6166696.0,58.83,59.295,58.39,58.915,10559650.0,134.67357350244507,135.2158427567238,128.99983037897317,129.77306616748172,2093009.0,74.5272588354348,77.28713859778608,74.2372138315901,77.15857432391908,1173694.0,236.94,241.05,227.68,230.36,795971.0,80.99,81.63,80.05,81.63,3969640.0,43.09921860465115,43.48133953488371,41.882465116279064,42.29978139534883,10608101.0,28.4,29.095,28.23,28.95,3699257.0,58.3,58.89,57.67,57.71,5377980.0,184.61992165304852,185.5185719487981,182.0394397982145,182.0394397982145,21421131.0,132.26,132.425,131.36,131.36,517633.0,102.1,103.93,100.415,101.45,1743787.0,71.19,71.4,70.305,70.68,3643017.0,83.04691257232027,83.1274331517141,83.03684749989603,83.09723793444141,5018120.0,35.496585365853676,36.07138802660755,33.7318403547672,34.08478935698449,18964619.0,32.73,33.12,32.71,32.93,13436387.0,33.690272320914765,33.720496847518454,33.65501037321046,33.71042200531723,6603494.0,26.695123032275152,26.770646767749337,26.58405279197112,26.70519286367171,4677426.0,53.132581133004464,53.28171816799856,52.5396508725832,52.5396508725832,2701729.0,130.6528769795731,132.41960944074668,126.78814972075588,128.2989067401117,2002448.0,74.11,74.11,73.32,73.38,1311429.0,40.39625612862531,41.2583102296332,40.01534850259858,40.84733094892014,2022640.0,110.25523188001009,110.43630799076192,110.1345144728422,110.25523188001009,5945038.0,171.97,174.75,169.95,174.71,1830427.0,37.42,38.425,37.27,38.35,3018218.0,9.82,9.87,9.65,9.7,49735963.0,82.91066389182473,82.96808597651551,82.7349844369141,82.84039210986047,8642640.0,79.43004455262424,79.50030109948655,79.3898979544172,79.50030109948655,5487116.0,57.42278622092615,57.49334256699363,57.26484080051507,57.321991440829734,14596873.0,59.67748368474105,59.79786186665681,59.61729459378317,59.757735806018225,2156785.0,78.70071710075968,78.70071710075968,78.29483408322093,78.37601068672869,7651086.0,56.18413301356853,56.334679993776376,55.943257845235976,56.214242409610094,2228440.0,58.72421550688226,58.774381417959376,58.71418232466684,58.76434823574395,2277670.0,179.5391473849858,179.97150532279687,177.36730286016743,177.47790605356096,3812018.0,129.14501071325404,129.36103947932696,128.73304888027783,128.8938144736344,2137585.0,49.80325547004364,49.86342855357571,49.637779490330445,49.743082386511574,12818124.0,69.60929720648925,69.68987518039344,69.43806901194283,69.51864698584703,4750090.0,135.4559347480225,135.94919729280943,134.04661319148835,134.07681293912836,1278451.0,59.21278281302449,63.29747660288686,58.8094259818731,63.064840550520294,18940174.0,89.38,91.41,89.2701,91.05,1475256.0,90.53875658998984,91.05135390194472,88.3376034268895,88.49841826985573,7922303.0,86.15545793329122,86.55367237143363,84.83983808069416,85.63122626788856,20386401.0,109.24,109.64,107.15,108.13,15536896.0,,,,,,41.532172115913205,41.79892019179098,40.97854403390273,41.04900578979497,1616309.0
1945,130.04685545532,130.05693270099653,129.18021232714042,129.41198897770008,2118935.0,118.7,119.46,116.93,119.0,2423366.0,99.31575033825672,99.345946674632,99.18489954729723,99.32581578371516,8755956.0,8.51,8.5176,8.22,8.48,25061262.0,68.43359162303662,69.3797245267821,64.83023439387834,65.94747643979055,4458440.0,542.44,542.96,535.4,539.36,520948.0,17.88,17.96,17.7301,17.86,21953674.0,39.83,39.93,38.595,39.015,8279232.0,49.39385579455088,49.413897935266874,49.3338295831065,49.373813653834894,4041153.0,73.49491522223015,73.49491522223015,73.37453043071133,73.3996105956111,6342298.0,31.3,31.42,30.64,31.09,8124740.0,78.59040180231683,78.70135531826443,78.56040623154979,78.58036983884959,1539645.0,398.43,398.635,389.42,392.7,2713685.0,71.66,72.31,70.68,71.46,4886038.0,8.76,8.78,8.25,8.3,47923821.0,94.44,94.48,91.91,93.12,9436035.0,14.396806094338212,14.427115159799976,13.94217011241174,14.174539614285267,11781583.0,147.98,148.01,145.47,147.01,8228683.0,521.9571941686858,522.2280489330101,508.996292112874,510.49100914562626,1096876.0,33.64521267233793,33.70059988266354,32.764052508066875,33.44380463479026,6849429.0,49.009811738079335,49.009811738079335,48.592915337859864,48.63623056084223,23950637.0,91.0504203951318,91.11145978310618,90.37898712741352,90.51123913469134,13133597.0,93.12696904405674,93.1370553615098,92.83446583791816,93.00593323462007,10020748.0,44.78,45.05,44.125,44.975,4229745.0,122.88,123.255,120.67,123.2,3460765.0,75.06292561207496,75.08812804479457,74.76049641943969,74.8310632310546,3670427.0,58.75,58.75,57.88,57.88,4288714.0,71.95,71.95,71.08,71.09,3776886.0,29.449156070274785,29.449156070274785,29.01623004710402,29.286172155669323,19056593.0,45.77,46.69,44.42,44.745,23271250.0,164.81958449763087,165.14032316850924,162.28374438099863,164.6090997448669,740387.0,37.207537727268274,37.21767878415769,37.00978711792465,37.13655032904236,27680980.0,68.25,68.32,67.02,68.125,3100485.0,52.66,52.76,51.8393,52.33,13096074.0,309.25,309.395,306.96,308.035,8316377.0,,,,,,21.892166831194466,21.93250246791707,21.236712734452116,21.771159921026648,14625762.0,144.02620767494355,144.24698363431148,140.92530897291192,143.78536117381486,1419912.0,6.03,6.16,5.91,6.0,27021367.0,63.31,63.3153,62.82,63.03,9064016.0,95.70586923270322,95.75156327480192,95.54483296098977,95.6052215628823,6026238.0,61.05804838985928,61.05804838985928,60.56711414799785,60.64303181426508,12150991.0,52.92015000722821,52.940298550920275,52.8899271916901,52.91007573538217,3252894.0,97.9372953794112,97.9372953794112,97.6238151360698,97.73505006112644,3310039.0,15.57,15.71,15.4,15.57,14852763.0,28.5,28.56,27.88,28.33,15597613.0,110.12732689012152,110.12732689012152,109.69918827021388,109.7848159941954,24284510.0,62.56,62.88,60.65,62.0,4245555.0,94.08188841760196,94.09195926842808,93.89809539002528,93.93082565521016,2620470.0,174.46,174.46,170.1755,171.47,1556856.0,142.86,142.88,140.98,141.615,5494497.0,60.06,60.175,58.94,58.94,9316538.0,139.4435345354524,139.6845430929096,134.9447081295844,135.5673135696822,1970577.0,76.14806913632626,76.42820918833219,73.84691870913468,75.26762897287905,593347.0,242.97,243.41,235.7,239.62,469917.0,82.14,82.14,80.38,82.0,3056022.0,44.17519069767441,44.2757488372093,43.008716279069766,43.6724,8795835.0,28.78,28.84,28.26,28.68,3776747.0,60.18,60.2,58.77,58.96,7552515.0,185.04163464099804,185.1922464224086,183.7965772480042,184.54963615505696,12842501.0,131.17,131.88,130.81,131.59,1451971.0,106.09,106.55,103.0,103.51,1667864.0,72.28,72.395,71.005,71.53,3597121.0,83.03684749989603,83.08717286201717,83.0267824274718,83.05697764474448,4292624.0,36.212567627494465,36.212567627494465,35.15876274944569,36.07138802660755,16153369.0,33.24,33.24,32.93,33.03,13673472.0,33.71042200531723,33.71042200531723,33.66004779431107,33.66004779431107,3757345.0,26.534005729930225,26.54911047702506,26.428272500266367,26.46351691015432,3075408.0,53.212978456451424,53.2531771181749,52.9918858169723,53.132581133004464,2028696.0,134.57281462780202,134.85388570117053,131.42582243133657,132.11344273582742,1652092.0,74.41,74.42,73.76,74.1,3045235.0,41.80962389888243,42.48122418687694,40.70198461793625,40.92752202808366,4623063.0,110.2049329603568,110.20996285232214,110.05403620139694,110.10433512105024,3416770.0,173.78,174.8,169.99,173.3,1318997.0,37.71,37.775,37.02,37.5,2594294.0,10.28,10.31,9.9203,9.99,109623151.0,82.90062506582983,82.91066389182473,82.72143202182099,82.790197979886,9627326.0,79.45011785172775,79.50020073299105,79.40997125352072,79.4902644499348,5534552.0,57.60421682509969,57.61429630310933,57.12372810838009,57.22119666073333,10928245.0,59.597231563463865,59.65732033927016,59.55710550282528,59.597231563463865,1547028.0,78.93409983584445,78.93409983584445,78.17306917795933,78.34556946041327,3324983.0,55.86296612245845,55.87300258780565,55.6170727214523,55.672273280861845,2063802.0,58.72421550688226,58.7442818713131,58.704149142451406,58.72421550688226,2109090.0,179.6698602499054,179.7100795929576,178.80011695640175,179.54920222074884,3793697.0,129.72778598917165,129.72778598917165,128.8335273761257,128.93400587197354,2313675.0,49.94365933161847,49.95368817887382,49.56256313591536,49.64279391395812,13396242.0,69.8308866347258,69.83642637043171,69.28698531087247,69.44310513531184,5196623.0,135.90893096262272,135.9952015750477,135.17407043671565,135.61700006876922,916594.0,59.636307485733454,59.99932863376971,58.38590130916413,59.25311849613963,8341665.0,89.69,90.14,88.55,89.92,1035623.0,91.89563182751743,91.9257846105736,90.80510617365265,90.9709464804616,7322291.0,87.63742052587183,87.7785598204033,85.92358623513236,86.88131716231031,21234429.0,111.05,111.36,108.825,110.0,11892160.0,,,,,,41.00874192928512,41.03893982466751,40.33432226574508,40.75709280109854,1440877.0
1947,130.7925716353815,130.9538075662056,130.24840036885016,130.37940456264474,1570159.0,120.06,120.29,117.99,117.99,1409345.0,99.11444142908827,99.23522677458936,99.04972061479062,99.1748341018388,4583196.0,8.46,8.74,8.42,8.465,15179386.0,67.64850261780101,69.94337817156662,67.27608860249696,69.05763672976235,2322265.0,543.3,545.25,538.665,541.85,264141.0,18.26,18.32,18.2,18.3,15538491.0,39.64,39.9,39.545,39.62,3607099.0,49.47402435741483,49.48404542777283,49.413897935266874,49.413897935266874,3923535.0,73.31433803495193,73.40462662859103,73.27420977111234,73.36449836475143,6428422.0,30.93,31.33,30.87,31.14,3931583.0,78.49008216764447,78.51014609457896,78.44995431377554,78.50011413111172,2249315.0,397.86,402.42,397.59,398.92,1737838.0,73.45,73.5,71.24,72.0,2773981.0,8.82,8.9,8.61,8.75,24914896.0,93.68,94.77,93.55,93.95,4331501.0,14.305878897952915,14.417012137979388,14.204848679747036,14.315981919773506,6288830.0,148.37,148.98,147.36,147.84,5173309.0,522.6192835925895,525.2375463143904,521.0794240991164,521.6462127726098,470313.0,33.463945438545025,33.76102229392784,33.33303021413904,33.62507186858316,2849156.0,49.2319410867068,49.27232824100271,49.05019889237524,49.05019889237524,20080100.0,91.07076685778992,91.22845194339044,90.93851485051208,90.98429439149288,5311077.0,93.2883501233056,93.3791269803831,92.98576059971396,93.0462785044323,3216935.0,44.74,44.945,44.62,44.78,1487266.0,123.15,123.71,122.0,122.87,1437151.0,75.20405923530475,75.32503091235887,75.01252074663576,75.01252074663576,1990415.0,59.44,59.615,59.12,59.25,2191999.0,72.7,72.8,72.25,72.31,3214624.0,29.856615856788444,29.897361835439813,29.50008854358899,29.50008854358899,16386719.0,45.8,46.21,45.57,45.755,7607321.0,165.47108492285258,165.94216984570522,164.24826874012874,164.57903049447205,395450.0,36.781613337912795,36.930484053049426,36.73090805346571,36.81203650858104,19394161.0,68.45,68.47,67.53,67.53,1897450.0,52.91,52.92,52.15,52.19,11610930.0,307.14,307.57,306.15,307.05,5275838.0,,,,,,21.700572556762086,21.962754195459027,21.64006910167818,21.94258637709772,7314256.0,144.53800648984196,145.1401227426636,143.484303047404,144.02620767494355,696543.0,6.07,6.1,5.99,6.02,9148700.0,62.87,62.95,62.66,62.83,3156452.0,95.3737319222942,95.47437959211511,95.24792233501807,95.41399099022256,7398883.0,61.36171905492821,61.40220847693739,61.11878252287307,61.11878252287307,4018117.0,52.869778647998025,52.91007573538217,52.85970437615199,52.91007573538217,1122478.0,97.99796897489664,98.01819350672514,97.84628498618306,97.89684631575426,1623271.0,15.86,15.915,15.43,15.51,12114985.0,28.41,28.5669,28.185,28.43,5100555.0,109.86540679323684,110.0870314906008,109.7848159941954,109.95607144215847,17340488.0,62.01,62.7774,61.82,62.58,1962870.0,93.76969204199229,93.96103820768852,93.76969204199229,93.91068395355794,2150273.0,176.05,176.8676,173.0,173.28,1135939.0,144.14,144.56,142.67,143.36,3974691.0,59.9,60.185,59.06,59.295,5387327.0,138.44937423594138,139.85525748777513,138.05271431845972,138.6702987469438,1029087.0,76.86842927005578,76.88843927377049,74.49724382986273,74.6373138558657,464876.0,241.58,243.9,240.98,242.52,336707.0,82.14,82.79,81.7746,82.4,1757598.0,44.04446511627906,44.30591627906976,43.89362790697674,43.99418604651162,4579235.0,29.2,29.2,28.54,28.62,2691645.0,59.02,59.32,58.715,58.925,4409472.0,185.93526454403397,186.27163085585084,185.40310291638335,185.40310291638335,8503368.0,132.64,132.69,131.38,131.58,455532.0,105.86,106.84,104.85,105.83,718128.0,71.92,72.2,71.72,72.0,2413800.0,82.94626184807795,82.96639199292643,82.91606663080526,82.95632692050219,2781537.0,35.95037694013305,36.30332594235034,35.789028824833714,36.30332594235034,7240714.0,33.51,33.55,33.29,33.415,10356220.0,33.66004779431107,33.700347163116,33.641409336238794,33.66004779431107,2446947.0,26.40309792177497,26.48355587463347,26.36281859618874,26.443377247361205,3510136.0,53.474269757654014,53.58662501717114,53.293375779898376,53.31347511076011,1012794.0,133.74967791293705,135.72721367913704,133.47864509218883,135.43610435314818,1496134.0,75.02,75.05,74.31,74.58,964556.0,40.91749814318822,41.9750179996572,40.737068215070295,41.79960001398699,1868426.0,110.0137970656743,110.11942479694622,109.8930796585064,110.04397641746628,1776139.0,173.52,175.17,172.755,174.29,760692.0,37.9,38.21,37.23,37.86,1409941.0,10.22,10.37,10.17,10.23,23864295.0,82.76008150190133,82.87050858784515,82.68980971993707,82.83035328386559,9618133.0,79.3898979544172,79.440081202176,79.35978800576193,79.440081202176,3349904.0,57.674773171167175,57.76044873424913,57.554323408951966,57.58405786908041,7279658.0,59.43672732090951,59.49591326035143,59.38857604814321,59.45679035122881,1547645.0,78.89351153409056,79.03557059022913,78.73115832707508,78.7920407797059,1442393.0,55.56187216204276,55.71894284472628,55.47154397391805,55.66223681551466,1808596.0,58.64395004915886,58.66401641358971,58.62388368472801,58.66401641358971,3286336.0,180.6150148116319,180.93676955604943,179.8307376221142,180.19271170958393,1670106.0,130.4110397609371,130.57170487579782,129.9789822287913,129.9789822287913,1389793.0,50.16429397123607,50.19939493662977,49.98878914426752,50.00383241515054,5099624.0,69.99204258253418,70.05751218633137,69.80066989451171,69.80066989451171,2432025.0,136.7142575663565,136.8652563045566,136.0850961571895,136.22099502156956,859952.0,59.13211144679421,59.727062772742514,58.6077475662974,59.65647532729102,4606763.0,90.56,90.66,88.49,88.49,778170.0,91.8353262614051,92.15695594733756,91.66446049075348,91.8252753337197,3382953.0,87.73823430768003,88.02051289674301,87.31481642408558,87.51644398770199,11133109.0,112.2,112.47,110.6187,110.86,11223580.0,,,,,,39.649836637077584,40.087706120122235,39.43361970613967,39.66996856733251,2785046.0
1948,129.65384287393624,130.36932731696822,129.18021232714042,130.27863210587967,2434801.0,122.15,122.34,117.56,119.47,2293533.0,98.76215083804348,98.97352519267037,98.70175816529294,98.96345974721191,8088095.0,8.69,8.69,8.24,8.36,23834498.0,65.92734595247681,67.71895932339909,64.6591252517116,66.98419653644781,2956562.0,536.42,548.47,533.34,544.0,455864.0,18.19,18.3898,18.105,18.29,16514853.0,39.09,39.675,38.6467,39.58,5336468.0,49.413897935266874,49.42391900562486,49.37692018564587,49.42391900562486,4801874.0,73.07356845191433,73.25414563919253,73.02340812211483,73.19395324343311,8191017.0,30.25,30.545,29.99,30.38,6653158.0,78.44995431377554,78.49008216764447,78.42989038684108,78.48005020417725,2972622.0,391.51,398.06,388.09,398.06,3012875.0,75.19,75.21,71.66,72.64,5686126.0,8.49,8.73,8.31,8.7,29239162.0,92.55,93.72,91.24,93.35,6287147.0,14.184642636105858,14.427115159799976,13.997736732424976,14.2351577452088,10738778.0,147.4,148.17,145.58,147.4,9460902.0,511.90547291487513,521.1045032439614,508.5649308215427,520.6430469788163,1017279.0,32.91007333528894,33.615001466705785,32.36093432091523,33.21218539161044,7526092.0,48.535262675102466,48.8583599094697,48.424198000788735,48.74224684086897,24462512.0,90.0839634188706,90.64349114196918,89.82963263564399,90.48071944070416,12925001.0,92.81429320301204,93.08662377424452,92.74873213956715,93.08662377424452,6999268.0,44.15,44.62,43.95,44.55,3691642.0,119.61,122.68,118.07,122.18,3692389.0,73.4096460256688,74.29677165739895,73.16770267156059,74.20604289960836,11486022.0,57.63,58.14,57.46,57.97,4089630.0,70.07,71.145,69.85,70.94,7992462.0,29.1333747357267,29.62232647954309,29.082442262412492,29.57139400622889,29163390.0,45.13,45.555,44.44,45.245,19630229.0,165.7717774268011,166.96452435913008,161.97302879358517,165.38087717166803,1033348.0,36.82217756547046,37.09598610148469,36.76133122413396,36.79175439480221,20175172.0,69.02,69.045,66.34,67.56,3301665.0,53.17,53.21,51.32,51.93,22030172.0,307.37,307.705,304.53,305.07,7351641.0,,,,,,21.06528627838104,21.690488647581436,20.782936821322796,21.51906219151036,12302003.0,143.8255022573363,144.33730107223474,141.74820118510155,143.9358902370203,2917287.0,6.16,6.1899,5.88,5.97,21279653.0,62.92,62.98,62.33,62.345,4468715.0,95.07178891283148,95.23282518454496,94.99127077697474,95.2177280340718,8518590.0,60.481074126228314,60.85054010206218,60.329238793693854,60.72401065828346,8204578.0,52.81940728876784,52.93022427907424,52.80933301692181,52.900001463536135,2062799.0,97.64403966789828,97.96763217715392,97.63392740198402,97.96763217715392,5591646.0,16.05,16.09,15.51,15.65,13859487.0,28.33,28.54,28.18,28.4,9336503.0,109.21060655102518,109.66392979563324,109.08972035246305,109.66392979563324,18303340.0,60.73,62.01,60.145,61.32,2982292.0,93.43735396473036,93.69919608620944,93.39062521689716,93.6689835337311,3359365.0,176.45,177.5,174.4163,174.96,1692608.0,143.74,145.16,142.495,144.11,5991623.0,60.16,60.18,58.41,58.98,8529193.0,137.52550809902206,139.69458511613698,136.51126375305628,137.07361705378975,1546861.0,77.60879940750003,77.72875937976971,72.24341706145646,74.26712878714359,957595.0,238.39,243.44,234.68,239.86,447230.0,80.17,81.72,79.175,81.12,3928953.0,43.59195348837209,44.41653023255814,43.029129581395345,43.7528465116279,12454543.0,29.36,29.37,28.09,28.655,4442028.0,57.66,58.4,57.655,58.24,4490971.0,184.44922830078323,185.8240126414987,183.44514975804623,185.50351077065707,14145666.0,131.83,133.36,131.49,131.61,735113.0,104.51,105.5,103.77,104.385,1679363.0,69.82,70.655,69.215,69.96,5092511.0,82.9261317032295,82.95632692050219,82.91606663080526,82.94626184807795,4022063.0,35.24447893569846,35.965503325942365,34.800771618625284,35.71339689578715,9710096.0,33.43,33.44,33.02,33.06,12132961.0,33.58952389890246,33.6701226365123,33.57944905670123,33.64997295210984,5394166.0,26.16142196825758,26.28225994501628,26.103520437727372,26.27219011361972,3075068.0,53.09238247128099,53.44412076136141,52.841140835509265,53.398897266922496,2318025.0,134.00063422844465,135.4561808583888,132.63543187208325,133.14738275571875,953622.0,74.12,75.12,73.88,74.59,5008979.0,40.37620835883443,40.90747425829279,40.025372387494016,40.45639943799796,2943843.0,109.8729600906451,109.9081693344024,109.7522426834772,109.86290030671444,1758683.0,172.46,172.72,169.43,171.32,1368677.0,37.98,38.0,36.76,37.5,3165784.0,9.94,10.1374,9.89,10.08,35574464.0,82.4990720260341,82.71992619792177,82.42880024406985,82.71992619792177,7981051.0,79.30960475800313,79.41719764119799,79.29956810845138,79.39993460396896,3774202.0,56.95913023248265,57.35726961386348,56.81297780134285,57.26151457277189,15994916.0,59.356475199632335,59.41666429059021,59.32648096930499,59.39660126027093,2053698.0,78.33542238497482,78.75652601567124,78.14262795164393,78.58909927093653,3795533.0,55.06004889468327,55.31096052836301,54.939611310516995,55.29088759766864,1717909.0,58.63391686694343,58.66401641358971,58.63391686694343,58.64395004915886,2518477.0,179.17717329751605,180.4641922751862,178.34262192918308,180.30331490297743,2666724.0,129.22539350993236,130.05936502546956,128.76821635382458,129.80816878584992,2520716.0,49.5725919831707,49.86342855357571,49.50239005238329,49.733053539256225,8273805.0,69.12582936306406,69.57897974380779,68.95963729188665,69.49850249237097,6534041.0,135.6270666513159,136.6635219903213,135.0432048636089,136.49279275032973,1458582.0,58.97076871433365,59.64639140651224,58.748922457200386,59.13211144679421,5461715.0,92.61,92.76,88.25,89.605,1776525.0,90.9508446250908,91.67953688228155,90.4684000961921,91.3629326601918,5881108.0,86.89139854049111,87.66766466041429,85.9941558823981,87.20392126409655,17836602.0,111.11,112.05,110.2226,111.54,15415889.0,,,,,,39.69010049758744,40.55577349854927,39.47871522991071,39.53911102067549,1911859.0
1949,129.87554227881938,130.1325120435703,129.59841802271544,129.80500155908385,1526773.0,116.14,121.71,115.36,121.545,3166162.0,98.7218890562098,98.7218890562098,98.57090737433346,98.5910382652503,7804229.0,7.99,8.7,7.96,8.7,27213059.0,70.67814095851789,72.64086347160689,66.38028191703582,66.46080386629075,7275311.0,536.07,539.9025,535.12,538.47,385696.0,18.31,18.3599,18.14,18.32,21680869.0,40.11,40.52,38.935,39.09,6472092.0,49.29364509097094,49.29364509097094,49.25356080953897,49.29364509097094,2731783.0,73.03344018807472,73.03344018807472,72.93311952847571,72.97324779231532,5934155.0,31.27,31.43,30.32,30.36,9379453.0,78.4098264599066,78.41985842337384,78.38304111744908,78.38976253297213,1487787.0,394.29,395.95,391.52,392.43,2003569.0,71.94,75.1592,70.39,74.6,6422049.0,8.88,8.985,8.58,8.58,27520848.0,95.79,96.92,92.52,92.55,12934664.0,14.760514879879386,14.93731776173968,14.134127527002915,14.214951701567625,15666979.0,153.24,153.24,147.255,147.32,14082097.0,510.5211041194401,516.3595290393182,508.9461338231843,508.97622879699816,1285072.0,35.16584335582282,35.43774420651217,32.945319741859784,33.141692578468756,16160851.0,48.83816633232174,48.88865027519163,48.70690808086006,48.83311793803476,16317191.0,90.74522345525985,90.83678253722144,90.13482957551594,90.2365618888066,9061444.0,92.52178999687344,92.69325739357538,92.441099457249,92.69325739357538,8096675.0,44.2,44.31,43.94,44.02,2828729.0,123.95,125.08,119.22,119.72,3753441.0,73.78264202991897,73.83838981109474,73.44996991802017,73.54069867581076,4668104.0,57.66,57.69,57.42,57.68,2033998.0,72.08,72.095,71.68,72.0,4639849.0,29.24542617701796,29.33201138165211,29.046789531092543,29.19449370370375,15645186.0,46.27,49.12,44.845,45.655,45174992.0,158.39478799659818,165.18612865994407,157.33234114931352,164.77949216377107,923831.0,37.207537727268274,37.308948296162434,37.045280817037614,37.18725561348944,25176779.0,66.39,68.96,65.6914,68.94,6212996.0,50.79,52.95,50.345,52.94,37415345.0,304.16,306.445,302.77,306.3,11840545.0,,,,,,22.345942744323786,22.587956564659414,21.12578973346495,21.12578973346495,21966761.0,150.75987443566586,150.85019187358913,143.7753259029345,143.9860665914221,4487648.0,5.59,6.16,5.56,6.16,36490183.0,62.26,62.72,61.9633,62.71,8177771.0,94.9308821750822,94.9409469420643,94.76984590336876,94.8201697382792,5282965.0,60.81511185780414,60.87584599081793,60.66327652526967,60.86572363531563,6943223.0,52.7791102013837,52.80933301692181,52.7791102013837,52.80933301692181,5684441.0,97.49235567918468,97.6541519338125,97.44179434961347,97.63392740198402,5351699.0,15.19,16.1,15.09,16.065,23843949.0,28.13,28.24,27.71,28.14,14131078.0,108.8983172047396,108.98394492872114,108.80261563087792,108.9587603040207,29375104.0,63.7,64.4,61.0,61.11,4051950.0,93.48770821886094,93.48770821886094,93.3316100310561,93.39707056142588,2797637.0,179.93,180.56,176.47,176.71,2426450.0,141.13,144.06,141.02,143.61,6620758.0,57.61,59.7,56.9,59.61,14831770.0,140.31719055623478,141.8485990984108,137.95731509779955,138.43933221271402,1975166.0,70.865428155643,76.9281591311442,69.4066988848407,76.84841926634108,2369077.0,249.83,251.09,237.89,238.26,587235.0,81.6,81.645,79.691,80.075,4188313.0,46.0053488372093,46.12601860465115,43.551730232558135,43.60200930232558,15728961.0,28.58,29.55,28.19,29.27,8640984.0,58.73,59.645,58.2599,58.36,4166809.0,184.91110443044224,185.5336331269392,184.2986165193727,184.50947301334745,11259097.0,131.76,132.27,131.38,131.76,758847.0,103.0,109.4,102.9,105.2,4507140.0,71.26,71.455,69.92,69.92,3807577.0,82.93619677565374,82.93619677565374,82.90600155838105,82.91606663080526,3648499.0,36.8478758314856,37.019308203991145,35.23439467849225,35.27473170731708,13525654.0,33.29,33.36,32.97,33.33,17473123.0,33.539149687896305,33.56433679339938,33.52907484569508,33.55929937229877,5604744.0,26.121142642671348,26.136247389766183,25.980165003119534,26.010374497309208,4164846.0,53.14263079843534,53.288350947182934,52.9918858169723,53.04213414412665,2050427.0,136.56038864662227,137.95570576084464,133.83640841557647,134.7936561854487,1033207.0,74.04,74.39,73.81,74.31,4341590.0,39.213437710963326,41.81964778377787,38.80747037269799,40.747092099965734,10451270.0,109.78242203526916,109.81260138706116,109.6818241959626,109.7019437638239,1577278.0,174.4,174.95,171.001,171.87,1720039.0,37.02,38.17,36.565,38.17,3388591.0,9.99,10.21,9.98,10.005,49347679.0,82.27821785414643,82.36856728810048,82.23816293842683,82.36856728810048,11396900.0,79.25942151024434,79.33971470665841,79.25249622205362,79.32967805710666,3322361.0,57.372388830877945,57.432865698935785,57.05488527357424,57.17079927068512,14520543.0,59.29628610867445,59.3063176238341,59.24612853287622,59.26619156319551,1435222.0,79.08630596742147,79.14718842005227,78.37093714900945,78.44704021479797,3251400.0,54.97975717190575,54.99481186992654,54.66862674614286,54.71880907287882,1220313.0,58.63391686694343,58.63391686694343,58.613850502512584,58.62388368472801,1811294.0,179.08667977564866,179.62964090685324,178.80011695640175,179.08667977564866,2341411.0,129.49668544872156,129.78807308668033,129.26558490827148,129.50673329830633,4462136.0,49.76314008102226,49.803155181571086,49.64279391395812,49.783197775532955,8605351.0,69.56900821953714,69.62813230788935,69.2567685706584,69.34238266793159,3419233.0,135.60693348622257,136.0599297008228,135.31500259236904,135.57673373858253,1686613.0,58.17413897280965,58.89513930849277,57.15062101376299,58.58757972473983,9723295.0,86.72,92.16,85.59,92.11,2722984.0,91.69461327380964,91.98609017668592,91.03125204657393,91.1418122511132,8173862.0,89.23027827844146,89.5528823802277,86.77042200232127,86.79058475868293,23736228.0,114.19,114.46,110.85,110.885,17913404.0,,,,,,40.82755455699078,41.21006123183438,40.404784021637326,40.78729069648093,2358677.0
1950,130.58094947617488,130.6212584588809,129.96623748990794,130.38948180832122,1904289.0,117.69,118.15,115.19,116.07,2265999.0,99.13457232000512,99.13457232000512,98.7722162835019,98.85273984716927,11043652.0,8.43,8.64,8.05,8.06,33996609.0,71.2518598469593,71.67460008054769,69.05763672976235,70.7385324204591,4021438.0,539.47,541.9,534.85,540.48,350630.0,18.63,18.64,18.44,18.5,15751622.0,39.33,40.1,39.14,40.1,7624953.0,49.38383472419289,49.39385579455088,49.30366616132894,49.30366616132894,2730949.0,73.32437010091184,73.33440216687173,73.12372878171382,73.12372878171382,6720579.0,31.27,31.6902,31.115,31.64,8325099.0,78.52017805804617,78.53021002151341,78.44182842336708,78.45998627724276,1882386.0,402.18,403.76,396.88,399.72,3100968.0,71.55,72.485,70.71,71.725,4122912.0,8.85,9.025,8.73,8.9,25450915.0,94.53,95.79,94.4,95.22,5351500.0,14.62917559621174,14.821133010802916,14.583711998019094,14.67969070531468,9366135.0,153.02,153.96,152.48,152.94,9495898.0,510.9424337528333,513.6860921988585,501.09134565778135,512.5976573125926,1152545.0,34.833520093869176,35.27661777647404,34.470985626283365,34.994646523907306,6306162.0,48.757392023729935,48.84826312089572,48.61603698369427,48.84826312089572,14846203.0,91.4268299543072,91.4573496482944,90.92325500351848,91.14197947709336,8699939.0,93.177400631322,93.19757326622812,92.60248053649788,92.66299844121622,6169006.0,43.79,44.36,43.78,44.36,2812540.0,121.89,123.94,121.52,122.98,2245706.0,73.89353273388524,73.92377565314877,73.49533429691547,73.72215619139192,4077741.0,58.03,58.29,57.82,58.21,2224611.0,72.08,72.255,71.82,72.06,4751169.0,28.685168970561673,29.123188241063858,28.67498247589883,29.082442262412492,36711947.0,45.59,47.03,45.02,46.735,24277027.0,159.4472117604179,159.95838901713032,157.60296440286717,158.39478799659818,848954.0,36.690343825908045,36.86274179302812,36.58386272856918,36.86274179302812,29920528.0,67.22,67.4877,66.13,66.39,3069804.0,51.5,51.66,50.56,50.85,19712092.0,305.52,305.54,303.23,303.58,10644077.0,,,,,,22.224935834155964,22.43669792694965,22.06359328726554,22.25518756169792,12352375.0,151.41216704288934,151.68311935665912,150.14772291196385,150.7498391647855,3866210.0,5.77,5.79,5.475,5.59,23399985.0,62.52,62.53,62.0603,62.13,4476047.0,95.42405575720468,95.43412052418677,95.06675652934044,95.07178891283148,6900789.0,60.774622435794946,60.89609070182251,60.637970636513934,60.89609070182251,4227585.0,52.8899271916901,52.89990072081768,52.81940728876784,52.84963010430595,3509118.0,97.74516232704066,97.760330725912,97.57325380649858,97.61370287015556,3079382.0,15.32,15.4,15.05,15.2,13577627.0,27.8,28.26,27.62,28.21,13026087.0,109.52289589731076,109.5430435970711,109.04438802800225,109.1501634517441,33183211.0,64.84,66.14,63.77,64.25,3591532.0,93.95096735686242,93.97110905851466,93.61862927960048,93.6287001304266,3626677.0,179.27,180.77,178.03,179.93,1976240.0,141.55,142.94,140.9,142.9,4837192.0,58.75,58.995,57.375,57.79,9988133.0,140.28706448655262,140.9297539731052,138.5548154798289,140.18664425427878,1458993.0,72.55627346953592,73.05652356240367,69.99509304407171,70.72535812964003,960188.0,247.93,251.0,246.6,250.0,400736.0,81.16,82.0,80.7473,81.99,3242946.0,45.8243441860465,46.10590697674418,45.4824465116279,45.83439999999999,8685266.0,28.83,28.91,28.37,28.66,2953852.0,58.71,58.8234,58.235,58.48,3273993.0,185.4633476289476,185.63404098121288,184.2986165193727,185.50351077065707,11301027.0,132.43,132.79,131.9,132.22,1541701.0,99.92,104.0,98.9801,103.48,3064875.0,71.73,71.96,71.31,71.85,4346735.0,83.00665228262334,83.00665228262334,82.95632692050219,82.96639199292643,2002292.0,36.55543237250556,36.90838137472285,36.28819955654103,36.59576940133039,11430575.0,33.0,33.1399,32.96,33.09,17764093.0,33.639898109908614,33.64997295210984,33.57128843451823,33.58952389890246,5147079.0,26.382958258981855,26.393028090378415,26.181561631050695,26.191631462447255,5203394.0,53.283326114467506,53.327142655746094,52.95168715524883,53.283326114467506,1750006.0,136.60054165710352,137.06732040394766,135.29556881646394,136.63065641496445,983907.0,74.1,74.58,73.95,74.21,1872043.0,38.53181353807337,39.6244169916764,38.27119253079192,39.193389941172455,4334677.0,110.19487317642616,110.19487317642616,109.81260138706116,109.83272095492246,3659635.0,170.69,174.96,170.63,174.96,1202148.0,36.73,36.87,36.33,36.66,3749128.0,9.86,10.02,9.8117,10.02,35222317.0,82.62957676396772,82.6596932419524,82.3805134910344,82.42880024406985,9235692.0,79.40997125352072,79.40997125352072,79.30960475800313,79.3196414075549,6332694.0,57.76548847325395,57.78564742927323,57.46441446510597,57.61429630310933,9479424.0,59.50694792702704,59.50694792702704,59.356475199632335,59.36650671479198,1634548.0,79.84733662530658,79.86255723846429,79.3602770042601,79.48204190952173,1801708.0,55.51168983530681,55.521726300654,55.09015829072484,55.09015829072484,2086452.0,58.68408277802056,58.69411596023598,58.65398323137428,58.65398323137428,1780357.0,179.22744747633132,179.6598054141424,178.4231611636451,179.49390062405206,1849036.0,130.2703698667501,130.2703698667501,129.58711609498462,129.99907792796083,3199202.0,49.75311123376691,49.82020422190518,49.60558689064079,49.81328431729899,7040889.0,69.88124786841591,69.9113638861626,69.58411658964418,69.77045315429764,3143583.0,135.84853146734267,136.1102626135562,135.194203601809,135.96933045790274,819906.0,58.33548170527021,58.8094259818731,57.61952332997649,58.48674051695198,7267802.0,88.84,88.89,86.3538,86.9,1828691.0,92.24741429650608,92.34792357335996,91.37800905171989,91.93583553825898,6717762.0,88.77661626030454,89.36133619479212,88.5145004276032,89.0084879584634,14336578.0,113.8,114.27,113.27,113.92,10652062.0,,,,,,39.13647241557696,39.76056225347968,38.81436153149814,39.76056225347968,4224935.0
1951,130.85303510944055,131.0092324174264,130.25847761452664,130.42979079102727,1261963.0,118.15,118.61,116.25,117.99,1720150.0,99.10437598362984,99.1245068745467,98.94332885629508,99.06411420179616,5127152.0,8.64,8.7,8.23,8.51,20998771.0,74.7545646395489,76.7776786145791,71.96649214659683,72.22315585984693,5719669.0,542.51,547.735,540.7501,541.9,408115.0,18.81,18.82,18.66,18.66,14252845.0,39.71,39.755,38.795,39.22,6619647.0,49.333729372402914,49.343750442760914,49.2764088499552,49.32370830204493,3399231.0,73.33440216687173,73.34443423283163,73.20398530939302,73.31433803495193,6651307.0,31.52,31.61,31.005,31.09,6563637.0,78.52017805804617,78.53021002151341,78.47001824071,78.52017805804617,1392203.0,408.33,412.0,403.44,404.66,3383755.0,70.82,71.87,69.3201,71.87,6333908.0,9.77,9.84,9.06,9.06,40011420.0,95.37,95.54,93.2,94.1,4066491.0,14.51804235618527,14.639177587814125,14.305878897952915,14.62917559621174,9558062.0,154.17,155.28,151.68,152.79,8398810.0,520.843680137575,530.6546416008753,512.1161377315717,513.3299683420618,1268934.0,34.18901437371664,34.833520093869176,33.93725432678205,34.44077442065122,7753106.0,48.88865027519163,48.8987470637656,48.661472532277166,48.84826312089572,21892231.0,91.3657905663328,91.43700318563626,90.9741211601638,91.18267240240964,8554427.0,93.03619218697924,93.10175325042412,92.82437952046509,93.0664511393384,5247597.0,44.49,44.53,43.5892,43.79,5153550.0,121.73,122.28,119.82,121.13,2703860.0,73.53061770272292,73.59614402779388,73.13745975229706,73.30883629479038,2427719.0,58.38,58.59,58.05,58.545,2614304.0,73.14,73.17,72.745,73.01,3464403.0,28.236963205396645,28.32864165736222,28.023046817476978,28.084165785454022,58297179.0,47.21,47.515,46.115,46.78,18647103.0,159.31691167537355,160.1588506864293,158.1542339934394,159.4472117604179,553616.0,37.0351397601482,37.045280817037614,36.77147228102337,36.94894077658816,17221143.0,67.52,67.585,66.51,67.49,2671224.0,51.9,51.9,50.975,51.68,13673307.0,306.2,306.51,304.82,306.11,7059561.0,,,,,,22.345942744323786,22.613166337611048,21.84174728529121,22.093845014807496,11249731.0,152.57625846501125,153.22353343679455,149.47535976297962,150.8100507900677,3026512.0,5.89,5.91,5.69,5.85,15032820.0,62.67,62.73,62.39,62.67,3573129.0,95.3737319222942,95.3938614562584,95.18250134963448,95.35360238833005,4452221.0,60.9669471903386,60.977069545840905,60.67846005852312,60.91633541282712,9636245.0,52.869778647998025,52.900001463536135,52.83955583245992,52.87985291984406,7118632.0,97.69460099746946,97.76538685886916,97.64909580085538,97.76538685886916,5881521.0,15.34,15.43,15.04,15.4,11819710.0,27.79,27.82,27.32,27.7,11763293.0,109.5430435970711,109.64378209587292,109.27104965030624,109.48260049779005,29758961.0,65.32,66.41,64.25,64.5,2651369.0,93.9006131027318,93.93082565521016,93.73947948951393,93.93082565521016,2137790.0,182.26,183.1,177.58,179.13,3765828.0,143.09,143.16,141.32,141.76,5623199.0,59.78,59.81,58.59,59.025,8282050.0,143.9122348716382,145.6495048899756,142.13981777200493,143.14904110635703,1967876.0,73.52675864969933,73.66682867570229,71.12355720356274,73.14656857911986,815982.0,249.99,251.17,243.63,245.66,408833.0,80.91,81.09,80.07,80.61,2667055.0,46.10590697674418,46.20143720930232,44.97935413953488,45.54278139534883,7672488.0,29.34,29.37,28.445,29.06,3945791.0,60.1,60.5803,59.995,60.1,8422743.0,186.53771166967616,187.25060743501945,185.21232799326336,185.4633476289476,13046005.0,133.29,133.84,132.19,132.34,1887462.0,102.26,102.59,100.4,101.85,1854406.0,72.3,72.355,71.32,71.62,3638972.0,83.00665228262334,83.00665228262334,82.96639199292643,83.00665228262334,2249412.0,36.95880266075389,37.291583148558765,36.00079822616409,36.33357871396897,11649575.0,33.75,33.76,33.1108,33.31,44301493.0,33.639898109908614,33.64997295210984,33.60967358330492,33.639898109908614,10190703.0,26.40309792177497,26.423237584568085,26.27219011361972,26.36281859618874,7202047.0,53.56471674653184,53.66511290418622,53.182829460158814,53.26322678360577,1808655.0,137.8954762451228,140.10389182158977,137.20785594063193,138.04605003442737,1242074.0,74.66306483389545,74.75400644757863,73.76375332080616,74.17804289425177,2142495.0,38.90269727920468,39.44398706355847,38.59496401291465,39.403891523976704,5160695.0,110.16469382463416,110.2049329603568,109.99357689997368,110.12445468891154,2378211.0,170.74,171.115,168.01,169.41,1128171.0,37.03,37.1698,36.2,36.58,2489132.0,9.96,10.32,9.95,10.08,84062832.0,82.62957676396772,82.66973206794728,82.49405261303664,82.62957676396772,10946587.0,79.40997125352072,79.440081202176,79.35978800576193,79.37986130486544,7313361.0,57.80580638529251,57.84612429733108,57.533559684252104,57.66469369315754,8212128.0,59.4768533815481,59.48688489670775,59.39660126027093,59.4768533815481,3364445.0,79.83718954986813,79.84733662530658,79.48204190952173,79.6849834182911,3342492.0,55.56187216204276,55.61085011293704,55.29088759766864,55.48158043926525,1121869.0,58.68408277802056,58.699132551343695,58.66401641358971,58.69411596023598,1721162.0,180.38375358908183,180.7507550944331,179.0565152683595,179.33805066972485,1960259.0,130.51151825678494,130.67228385014153,129.94130279284832,130.2402263179957,2040666.0,49.80325547004364,49.83334201180968,49.622736219447425,49.80325547004364,9292655.0,69.98197033579618,70.00211482927222,69.63951394670333,69.85103112820184,3275849.0,136.6135917408898,136.87431622884858,135.67075561956847,135.8787312149827,869938.0,58.26489425981872,58.44943001007048,56.97415240013426,58.13380328969451,7391302.0,89.89,89.98,88.0,89.29,1728353.0,92.73990975309016,93.33291448652814,92.27756707956225,92.46853470558464,6432857.0,89.4520685984195,89.5024754893236,87.93986187129644,88.57498869668812,14412381.0,114.93,115.27,113.07,113.71,14903884.0,,,,,,40.21353068421553,40.26386050985284,39.418319439145925,39.8914198001367,2047767.0
1952,130.1980141404676,130.40963629967425,129.9460829985549,130.08716443802604,879341.0,119.88,120.08,118.325,119.22,1783598.0,98.69169271983452,98.89018330427464,98.66149638345924,98.8124780653356,6106474.0,9.27,9.325,8.765,8.915,35375644.0,71.44309947643977,72.39728457511072,70.67351094643574,70.75866290777282,4091993.0,536.31,539.51,534.67,538.52,358608.0,18.4,18.52,18.33,18.47,12656739.0,40.7,40.78,39.4,39.5,5834268.0,49.213476528106995,49.243539739180974,49.19343438739101,49.23351866882299,2493151.0,73.03344018807472,73.13285796173734,73.00334399019502,73.12372878171382,4962515.0,32.64,32.8,32.04,32.08,12723411.0,78.47001824071,78.48005020417725,78.42989038684108,78.48005020417725,1949944.0,405.92,406.88,401.7,405.45,2072955.0,72.7,72.85,70.42,70.65,4033719.0,9.87,9.905,9.45,9.5,21281857.0,95.61,96.19,94.66,94.7,4903431.0,14.811029988982328,14.866596608995565,14.477630268902915,14.548351421647034,8386955.0,155.31,155.89,153.57,154.285,8333214.0,514.0321843977173,517.5131697021807,511.2734784647852,515.8278511686076,1047165.0,34.209155177471395,34.55658404224113,33.85669111176298,33.997676738046344,5724419.0,48.72710165800801,48.8583599094697,48.6867145037121,48.80787596659982,27338383.0,90.4908926720332,90.66892422029186,90.34846743342632,90.64349114196918,8467972.0,92.5520489492326,92.97567428226093,92.52683315559996,92.97567428226093,6747999.0,44.55,44.615,44.125,44.49,4989528.0,123.04,123.57,121.1101,121.86,2215922.0,72.94592126362805,73.04673099450648,72.79974715385434,73.00640710215511,3110761.0,58.3,58.62,58.265,58.62,3596096.0,72.56,72.79,72.545,72.71,2573826.0,28.04341980680266,28.14019150609965,27.819316924220143,27.98230083882561,27773391.0,46.36,46.405,45.66,45.9,17122845.0,159.98845826752515,160.83039727858093,159.0613230470173,160.1187583525695,596388.0,36.99457553259053,37.1619029712659,36.954011305032864,37.09598610148469,15148432.0,68.84,69.14,68.0,68.26,4500272.0,52.42,52.59,51.91,52.315,19044820.0,309.14,310.28,308.5153,308.855,9187302.0,,,,,,23.273662388943723,23.273662388943723,22.18460019743336,22.29552319842053,20173963.0,153.76042042889387,154.22706052483065,151.78347206546272,151.9139305869074,2784204.0,6.32,6.35,6.01,6.02,33888740.0,63.3,63.5001,63.14,63.2,5651021.0,94.9308821750822,95.07682129632254,94.88055834017176,95.04662699537626,6004749.0,60.79486714679955,60.88596834632022,60.744255369288055,60.85560127981333,6722964.0,52.83955583245992,52.84963010430595,52.81940728876784,52.83955583245992,2803663.0,97.5226924769274,97.6035906042413,97.41651368482786,97.57325380649858,4637203.0,15.55,15.63,15.355,15.44,14546821.0,27.84,27.93,27.64,27.76,11281037.0,108.87816950497924,109.08468342752292,108.79757870593782,109.0594988028225,23776027.0,64.55,64.85,63.5,64.26,2540274.0,93.5179207713393,93.65891268290495,93.46756651720872,93.58841672712214,2040078.0,179.86,182.09,179.26,181.75,4388213.0,142.28,142.45,141.12,141.86,3647479.0,60.13,60.28,59.545,59.88,9155471.0,142.9984107579463,144.3540838936431,141.6226535757947,143.14904110635703,1243176.0,75.11755394501873,75.64781904345853,73.7768836961332,74.91745390787163,914359.0,252.23,253.93,247.32,248.6,435829.0,81.34,81.44,80.435,80.56,2315938.0,46.56847441860464,46.69919999999999,45.86456744186046,45.94501395348836,7604573.0,30.33,30.48,29.585,30.02,7840454.0,61.1,61.13,59.82,59.97,4462615.0,185.17216485155384,185.6591429447813,184.755472256318,185.393062130956,10362558.0,131.76,132.78,131.2533,132.64,942022.0,101.61,101.91,99.57,100.79,1176213.0,72.3,72.555,71.715,71.88,4603726.0,82.98652213777488,82.99658721019911,82.96639199292643,82.99658721019911,4146261.0,37.624363636363654,38.47144124168515,36.64114855875832,36.75711751662973,11335227.0,35.03,35.07,34.15,34.2,57917773.0,33.57944905670123,33.58952389890246,33.55929937229877,33.58952389890246,2921723.0,26.060723654292,26.20673620954209,26.040583991498885,26.191631462447255,3611446.0,53.323524776190986,53.42221249072212,53.132581133004464,53.27327644903664,1452335.0,135.58667814245274,138.44758013923953,134.67319715400504,137.4939461403106,822411.0,74.37003074536072,74.45592004717263,73.5313469747269,74.2992983791627,1639363.0,38.40150303443265,38.42155080422353,37.50937727873845,38.27119253079192,4451644.0,109.98361771388232,110.01882695763965,109.8930796585064,109.993677497813,2269774.0,171.9,172.58,170.39,170.55,801427.0,37.51,37.705,36.53,36.56,2577134.0,10.14,10.16,9.93,10.01,47689796.0,82.3384508101158,82.48582077572084,82.28825668014133,82.42880024406985,8967931.0,79.33971470665841,79.36982465531369,79.30960475800313,79.34975135621018,1628195.0,57.321991440829734,57.42278622092615,57.23127613874296,57.392547786897225,9424760.0,59.33641216931304,59.373227829948945,59.29628610867445,59.36650671479198,1217931.0,78.93409983584445,79.11674719373687,78.83252761070537,79.09645304285993,2441704.0,54.85931958773947,55.15037708280798,54.79910079565634,55.12026768676641,1182980.0,58.68408277802056,58.68408277802056,58.66401641358971,58.68408277802056,1846933.0,179.23750231209436,179.59615830376228,178.7089195960309,179.4788183704075,2222282.0,129.85840803377386,130.06438895026196,129.63735534290856,129.8282644850195,2440924.0,49.733053539256225,49.81328431729899,49.69745113149975,49.81328431729899,7209805.0,69.49850249237097,69.61936945322728,69.40281614835975,69.60426108312024,4315280.0,135.79819855460934,136.0829821748547,135.4156684178358,135.96933045790274,896270.0,58.70858677408525,58.96068479355487,58.13380328969451,58.17413897280965,7546226.0,91.02,91.62,89.77,90.46,1780258.0,91.98609017668592,92.14187955580948,91.27247431102327,91.7448679122366,5782048.0,89.85532372565231,90.16784644925777,89.02865071482505,89.30084792570719,15085776.0,115.43,115.76,114.5053,114.85,11683884.0,,,,,,40.07260717243104,40.60610332418659,39.93671664321028,40.344388230872546,1777714.0
1953,130.37940456264474,130.47513839657154,129.8856195244959,130.09724168370252,3144909.0,119.56,122.22,119.5,119.845,1793326.0,98.68162727437613,98.7671835607727,98.57090737433346,98.65143093800084,6231389.0,9.15,9.48,9.1,9.32,24098649.0,72.3389061619009,73.95941039065643,70.68820620217477,71.2518598469593,2711930.0,538.98,540.8723,535.3,535.82,355859.0,18.64,18.68,18.44,18.49,15991704.0,39.87,40.58,39.8,40.54,6835768.0,49.213476528106995,49.213476528106995,49.15335010595903,49.16337117631703,2452754.0,73.02340812211483,73.09112456734415,72.93311952847571,73.00234078359904,5624670.0,32.1,32.43,31.89,32.42,5790481.0,78.48005020417725,78.51014609457896,78.43992235030831,78.48005020417725,5305712.0,405.77,406.79,402.226,404.0,2497731.0,75.14,75.41,72.0,72.31,6277205.0,9.49,9.77,9.45,9.59,22519997.0,94.17,95.66,93.81,94.96,5504632.0,14.558454443467625,14.871648119905858,14.462172645517416,14.871648119905858,9542947.0,151.65,154.9,151.14,154.9,10706325.0,509.2169885875086,514.4018509927301,503.71964003752026,514.1224693191587,1087056.0,33.43373423291288,34.048028747433264,33.302819008506894,34.00774713992374,6961294.0,48.79777917802584,48.83816633232174,48.666520926564154,48.73719844658199,16882110.0,90.4908926720332,90.55701867567214,90.10430988152874,90.18569573216126,7969857.0,92.56213526668566,92.66804159994274,92.41084050488983,92.45118577470204,5403448.0,45.21,45.26,44.37,44.6,3285608.0,122.6,123.0,121.165,122.61,3074527.0,72.99632612906727,73.07193342722609,72.79470666731041,72.83503055966179,2233562.0,57.81,57.94,57.665,57.74,4458434.0,73.2,73.23,72.91,73.13,3410960.0,27.819316924220143,28.012860322814134,27.74801146158025,27.880435892197195,21671815.0,45.63,45.89,45.185,45.83,11484577.0,158.86587291945082,161.5721054549872,158.40481108006313,159.86818126594576,593267.0,37.43064097883543,37.44078203572485,37.16697349971061,37.22781984104711,23708575.0,68.58,70.04,68.395,69.14,3136392.0,52.45,53.3,52.375,52.42,13297254.0,308.01,309.38,307.73,309.07,5772879.0,,,,,,22.204768015794663,23.162739387956556,22.066114264560703,23.162739387956556,19229400.0,149.9771233069977,153.39915067720088,149.34991887697512,153.13823363431146,2226981.0,6.13,6.48,6.105,6.415,22000596.0,63.05,63.325,62.9814,63.26,4615271.0,94.89062310715384,95.07178891283148,94.7748782868598,94.9308821750822,5101813.0,60.90621305732482,60.93658012383171,60.73919419153691,60.85560127981333,3947289.0,52.83955583245992,52.869778647998025,52.82948156061388,52.83955583245992,936191.0,97.61370287015556,97.6238151360698,97.43168208369924,97.4721311473562,3874929.0,15.59,15.83,15.47,15.5,12530840.0,28.32,28.36,27.75,27.83,14618927.0,108.84794795533873,108.98898185366124,108.65654480761532,108.81772640569818,18216459.0,63.04,64.595,62.66,63.98,3447408.0,93.36685800894752,93.578345876296,93.35175173270834,93.37692885977364,2259798.0,175.63,178.6,173.99,177.89,2732238.0,143.97,144.05,142.0,142.45,5376069.0,60.82,61.17,60.01,60.01,9513867.0,142.1649228300734,143.51055394254286,141.26365124541573,141.45193918092917,1419916.0,75.22760896544962,77.68883942235888,75.01750392644519,75.33766398588052,848904.0,244.61,250.49,243.3698,250.17,587765.0,81.58,81.68,80.72,81.18,2586400.0,45.32155348837209,46.211493023255805,44.83887441860465,46.211493023255805,10955088.0,29.75,31.03,29.715,30.585,6191800.0,59.82,60.36,59.6,60.26,3092875.0,185.3629397746739,185.50853116337075,184.4592690862106,184.87596168144648,9821567.0,131.82,131.885,131.16,131.58,1684505.0,99.98,101.065,99.39,100.37,1079296.0,71.1,72.02,70.98,71.94,4542167.0,82.99658721019911,83.0267824274718,82.97645706535064,82.99658721019911,1887526.0,36.52517960088693,37.427720620842585,36.26298891352551,37.33192017738361,12686750.0,34.63,35.29,34.61,35.22,40685412.0,33.58952389890246,33.59959874110369,33.54922453009753,33.57944905670123,4729131.0,26.030514160102328,26.095968064179953,25.94995550892986,26.000304665912655,3619015.0,53.26322678360577,53.30845027804468,53.08233280585012,53.19287912558968,1835043.0,133.72960140769644,135.21526279550147,133.6292188814934,135.0044594904751,755300.0,74.8045295662915,74.83484343751924,74.00626429062798,74.23867063670724,1430183.0,38.45162245890985,38.48169411359618,37.89028490476518,38.16092979694208,2245058.0,110.05403620139694,110.10936501301556,109.88724498382663,109.95343836209037,1530526.0,172.46,173.02,170.455,171.44,934999.0,38.97,38.99,37.41,37.6,4108689.0,9.9,10.005,9.86,9.98,28249952.0,82.31837315812602,82.40872259208007,82.22802372417198,82.31837315812602,4240696.0,79.33971470665841,79.3898979544172,79.30970512449865,79.33971470665841,2045188.0,57.392547786897225,57.42278622092615,57.12050267541701,57.16071979267548,10145106.0,59.33641216931304,59.39559810875496,59.27993473896423,59.33641216931304,1454535.0,78.89351153409056,78.97468813759832,78.55358450690188,78.60939342181345,3336583.0,54.779027864961954,54.936399641605895,54.60128206366323,54.728845538226,1371798.0,58.67906618691284,58.704149142451406,58.67404959580513,58.69411596023598,1790254.0,179.41848935582922,179.43859902735534,178.5135541371549,178.90569273191377,1907497.0,130.08950857422394,130.1648674461098,129.55697254623027,129.70769029000206,1767520.0,49.793226622788296,49.83334201180968,49.652822761213464,49.72302469200088,5039726.0,69.56900821953714,69.60929720648925,69.28698531087247,69.35749103803863,3487762.0,135.93913071026273,136.00959678808945,135.32506917491574,135.63713323386258,870507.0,59.5354682779456,59.61613964417588,58.31531386371264,58.506908358509556,5140060.0,91.37,93.245,91.05,91.2,2234942.0,91.47349286473109,91.8152244060343,91.13678678727052,91.61420585232652,6474746.0,88.86734866393192,89.68394029657837,88.39352388943337,89.68394029657837,16720772.0,113.92,115.225,113.22,115.225,13220303.0,,,,,,41.401314569256186,41.46895785491274,40.63630121956898,40.78729069648093,1951854.0
1954,129.83523329611336,131.04450277729416,129.82515605043687,130.98403930323514,1498836.0,119.06,119.852,117.2,119.6,2547106.0,98.38972935608184,98.80241261987716,98.33940212878971,98.80241261987716,9680969.0,8.93,9.2,8.77,9.15,16992324.0,70.47683608538055,73.35549577124442,70.34598791784128,73.24477809101889,4674046.0,522.67,537.08,522.4,537.08,559698.0,18.48,18.615,18.39,18.58,26192638.0,38.99,39.935,38.9418,39.81,5069821.0,49.22349759846499,49.32370830204493,49.19343438739101,49.313687231686934,2821546.0,72.80270267099701,73.11369671575392,72.78685200678036,73.11369671575392,5908535.0,31.86,32.16,31.755,32.06,6278834.0,78.35966664257043,78.50011413111172,78.34963467910319,78.49008216764447,1285823.0,404.64,408.75,403.02,406.26,2167235.0,75.8,76.56,73.63,76.05,6068373.0,9.07,9.655,9.06,9.625,19492536.0,92.55,94.56,92.47,94.27,4152412.0,14.366497028876449,14.644330128942622,14.305878897952915,14.548351421647034,9904436.0,150.69,152.31,150.25,151.6,7346346.0,505.0638822012036,513.2396834206204,504.70274251543793,509.2571152192603,1173076.0,32.39648283954239,33.58479026107363,32.37634203578762,33.55457905544148,6964042.0,49.151166778115,49.35310254959453,49.08048925809717,49.31271539529862,24890616.0,89.54478215843017,90.51123913469134,89.48374277045578,90.50106590336227,10572042.0,92.30997733035927,92.72351634593454,92.24945942564096,92.72351634593454,8144421.0,45.27,45.355,44.575,45.16,4307326.0,119.71,122.82,119.67,122.59,2993487.0,72.27049606674261,72.84007104620571,72.18984828203988,72.81486861348611,4302518.0,58.27,58.7,58.21,58.7,3535547.0,73.07,73.895,73.01,73.86,3476332.0,27.98230083882561,28.04341980680266,27.58502754697479,27.95174135483709,40297690.0,44.265394529916314,45.58974450225288,43.37406686671646,45.38908541553523,20312199.0,157.41252581703313,159.1866115903292,155.00698578544524,159.1866115903292,637476.0,38.17093813176282,38.21150235932048,37.633462116623754,37.87684748196975,45494188.0,67.63,68.665,66.8593,68.57,3132437.0,51.62,52.595,50.775,52.46,20154933.0,306.73,308.74,305.79,307.73,8149008.0,,,,,,21.569481737413614,22.295624037512333,21.529146100691012,22.23501974333662,13031481.0,149.14419582392773,150.5491337471783,148.54207957110606,149.957052765237,2224825.0,6.11,6.19,5.935,6.16,22944269.0,62.78,63.19,62.59,62.98,10493689.0,94.51822672881649,95.01140031093894,94.462870510415,95.00133554395684,5628147.0,61.331351988421325,61.54392145396957,61.22000607789604,61.53379909846727,5078382.0,52.7791102013837,52.869778647998025,52.769035929537665,52.869778647998025,2302323.0,97.30022262681412,97.68317413698637,97.30022262681412,97.674376465641,5614482.0,15.41,15.65,15.1207,15.63,14545499.0,27.94,28.35,27.77,28.28,16441437.0,108.45506781001173,109.07964650258285,108.414772410491,109.07964650258285,31329432.0,62.44,64.0,62.37,63.55,2086954.0,93.11508673829454,93.64884183207884,93.07480333499008,93.60855842877436,3310198.0,175.62,177.28,174.56,175.86,1784954.0,141.59,144.0,141.55,143.29,7392239.0,57.35,60.63,55.37,60.56,28756835.0,138.96151742053794,142.82267535146704,138.84101314180933,142.59672982885093,1486234.0,72.87643352897129,75.63281154067249,70.49524308692087,75.06752893573196,894220.0,236.82,244.7,236.36,244.06,661237.0,79.94,81.78,79.74,81.77,2566239.0,42.928269767441854,45.39194418604651,42.71709767441859,45.190827906976736,29967088.0,29.69,30.07,29.08,29.8,5094272.0,58.47,59.41,58.155,59.29,3574803.0,182.79249870526723,185.80473433347817,182.76237634898513,185.63404098121288,11203353.0,130.64,132.1,130.4603,132.03,986226.0,97.55,100.0,95.92,99.53,1747760.0,70.4,71.02,70.225,70.8,3618629.0,82.91103409459316,82.99658721019911,82.90600155838105,82.99658721019911,3436730.0,35.36549002217296,36.52517960088693,35.20918403547673,36.45458980044347,17351520.0,34.26,34.7197,34.125,34.69,34082255.0,33.508925161292616,33.59959874110369,33.508925161292616,33.59959874110369,11690792.0,25.849257194964284,26.11107281127479,25.81904770077461,26.101002979878235,6665047.0,52.74064418120057,53.36372343791446,52.74064418120057,53.283326114467506,1959660.0,129.35292326524367,134.22147578609136,129.18227297069848,134.22147578609136,963085.0,74.2184613892221,74.92578505120242,74.06689203308345,74.78432031880637,1444437.0,37.61964001258829,38.371431379746326,37.20866073187523,38.15090591204664,4719820.0,109.76230246740786,110.37091939521268,109.6818241959626,110.37091939521268,2408183.0,169.31,172.8,168.02,172.8,897183.0,39.18,39.425,38.36,39.26,4448445.0,9.69,9.87,9.61,9.85,45335104.0,82.06740250825368,82.46895554804942,82.06740250825368,82.46895554804942,13402209.0,79.24938486069257,79.40997125352072,79.23934821114082,79.40997125352072,2574753.0,56.81801754034767,57.45302465495507,56.78777910631875,57.42278622092615,9655889.0,59.15584489643939,59.36650671479198,59.1357818661201,59.36650671479198,2216289.0,77.98027474462842,78.97468813759832,77.98027474462842,78.91887922268674,2754406.0,54.40767864711593,54.94462954319058,54.34745985503279,54.939611310516995,3113169.0,58.62388368472801,58.69411596023598,58.62388368472801,58.69411596023598,1978231.0,177.05560295151295,179.52909254922275,177.0254384442238,179.29783132667265,3112837.0,129.42635050162806,130.67228385014153,129.3962069528737,130.61199675263282,1771263.0,50.154265123980714,50.269596867417185,50.02389010966124,50.21443820751279,7899067.0,69.22655183044431,69.80066989451171,69.14818975082247,69.77548927766667,3188636.0,134.3586772504352,136.16562881756286,134.3083443377018,135.93913071026273,1037113.0,58.85984558576702,59.5354682779456,57.92204095334003,59.293454179254766,6103233.0,90.61,91.785,89.08,91.785,1714549.0,89.5939693875632,91.67451141843884,89.56381660450704,91.6242567800119,7326997.0,87.58701363496772,89.07905760572915,87.4761184749787,88.69596523485798,16929788.0,112.91,114.055,112.595,113.66,10959347.0,,,,,,43.82721216497482,44.048663397779,42.126064058433535,42.91120933837567,4794191.0
1955,130.33909557993871,130.39955905399776,129.23059855552296,129.93600575287843,3145199.0,119.71,121.02,117.8,119.36,2375249.0,98.53064559249977,98.66149638345924,98.3243039606021,98.53064559249977,23556799.0,8.64,8.99,8.51,8.96,17078309.0,70.86938058799835,71.46322996375349,69.53070318163509,70.59761900926296,2880116.0,524.84,527.58,516.28,524.54,429576.0,18.73,18.76,18.48,18.68,31584969.0,38.68,39.16,38.37,38.9,6032451.0,49.343750442760914,49.35377151311891,49.26358187989696,49.26358187989696,3626786.0,72.9431515944356,73.01337605615493,72.75254234119751,72.93311952847571,7875150.0,31.92,32.16,31.725,32.0,5791569.0,78.51014609457896,78.5269997932039,78.40481047817298,78.4098264599066,1487240.0,412.88,413.07,403.32,405.0,3242126.0,76.19,76.75,74.51,76.27,4388633.0,9.14,9.2075,8.69,9.13,21270563.0,91.51,93.0,91.1,92.41,3774052.0,14.103818461541154,14.391754583427916,14.058354863348503,14.326084941594091,9163630.0,149.92,151.48,149.22,150.765,7923427.0,509.3373684827638,510.2803443289297,500.690079340264,504.59239427812065,1150688.0,31.973525960692285,32.55760926958052,31.671413904370784,32.40655324141977,11508911.0,49.38339291531644,49.393489703890424,48.94418261234849,49.13097320096704,32619959.0,89.9110184862765,89.9720578742509,89.23958521855822,89.50408923311392,16776533.0,92.38058155253069,92.49153104451428,92.00738780676762,92.26963206054708,9524608.0,45.25,45.485,44.77,45.35,5524478.0,118.8,120.085,117.7,119.71,3682495.0,72.60316817864141,72.61324915172925,72.09407903770537,72.27049606674261,7632856.0,58.98,59.02,58.37,58.65,3729872.0,73.08,73.105,72.2,72.62,4072098.0,28.084165785454022,28.094352280116865,27.722545224923152,27.87024939753435,21936483.0,44.124933169213946,44.33060873309956,43.5630877264045,44.029620103023056,11377559.0,156.5605637225124,158.9260114202405,156.26989430202886,157.34236423277846,569364.0,37.99854016464274,38.00868122153216,37.68416740107084,37.83628325441209,22401612.0,67.49,68.3,66.34,67.68,3296373.0,51.82,52.37,50.965,51.71,16545297.0,308.26,311.09,305.73,307.11,17693100.0,,,,,,21.41822309970384,21.81149555774925,21.16612537018755,21.524104146100683,12816164.0,148.07042183972908,149.7714002539503,147.317776523702,149.1040547404063,3309906.0,6.02,6.15,5.84,6.13,24999082.0,63.11,63.66,62.575,62.86,10322154.0,94.77991067035084,94.85036403922548,94.5333238792896,94.6641658500568,12786255.0,61.57428852047646,61.59453323148106,61.05804838985928,61.32122963291902,9095146.0,52.85970437615199,52.8899271916901,52.80429588099879,52.84963010430595,2891094.0,97.5226924769274,97.57325380649858,97.168763169929,97.40134528595652,6758941.0,15.56,15.68,15.26,15.47,14030509.0,27.91,28.1099,27.76,27.98,16290617.0,108.62632325797478,108.8983172047396,108.132704613846,108.7069140570162,41794064.0,62.42,62.84,61.4,62.58,1957670.0,93.27622035151244,93.37692885977364,93.0596970587509,93.29636205316469,4221488.0,172.37,177.15,171.48,176.4,2585081.0,139.79,139.999,135.265,139.5,10610796.0,58.45,58.84,57.3025,58.09,16646519.0,138.3690380501223,139.7447952322739,136.16481395171155,138.89122325794628,1535914.0,73.33666361440959,74.95747391530105,70.9754831760739,73.06652856426102,1040328.0,233.0,237.48,231.65,236.55,769932.0,79.17,80.2,78.95,79.9,3481922.0,42.86793488372093,43.30033488372093,42.286507720930224,43.139441860465105,13669014.0,28.92,29.95,28.53,29.95,6428494.0,59.72,59.8,58.795,59.09,3398409.0,183.50539447061047,183.7262917500126,181.29642167658912,183.41502740176412,11395996.0,131.99,132.02,130.53,130.67,744493.0,96.66,97.9,95.32,97.82,1151528.0,70.67,70.96,70.015,70.52,4132461.0,83.0267824274718,83.05315291722327,82.94626184807795,82.94626184807795,4457242.0,34.88144567627496,35.48650110864746,34.58900221729491,35.2949002217295,19849626.0,34.41,34.565,34.05,34.39,26483168.0,33.5693742145,33.59959874110369,33.52907484569508,33.55929937229877,6410835.0,25.89960635194707,26.03182323818388,25.647860567033124,25.929815846136748,10552662.0,52.97178648611057,53.01198514783404,52.45925354913625,52.92153815895622,3476966.0,127.95760615102134,129.80464463315738,126.65263331038176,129.49345880192794,1288914.0,74.78432031880637,74.82473881377666,73.91532267694481,74.2184613892221,1279775.0,37.168565192293464,37.69983109175181,36.53706044388071,37.67978332196093,3731519.0,110.1345144728422,110.14457425677286,109.77236225133852,109.81260138706116,4479192.0,165.99,169.42,163.8,169.2,1356217.0,39.99,40.045,38.73,39.24,4524054.0,9.78,9.84,9.69,9.7,46682725.0,82.28825668014133,82.35350904910814,82.07744133424858,82.26817902815155,8230872.0,79.37986130486544,79.40997125352072,79.29424868418894,79.30960475800313,3928190.0,57.09016344660799,57.100242924617625,56.62146771915967,56.81801754034767,15045298.0,59.31634913899375,59.33139641173322,59.20600247223763,59.22606550255692,1914710.0,78.32527530953635,78.37601068672869,77.68600955691285,77.92953936743608,3655558.0,54.50804330058783,54.788963965655675,53.96617453649305,54.57829855801816,6400722.0,58.71418232466684,58.73414835727553,58.65398323137428,58.65398323137428,2326826.0,177.94042849866116,178.07114136358078,176.14061289707558,177.62872859000666,2487344.0,129.93879083045215,130.00410185275325,128.8134316769561,129.898599432113,3184327.0,50.384928610853656,50.38994303448133,49.96873144975684,50.14423627672537,7597184.0,69.52871923258505,69.5488637260611,68.98481790873171,69.23662407718233,4230840.0,135.00293853342222,135.07340461124892,133.61375014198143,134.6808078919287,1153601.0,58.97076871433365,59.41446122860019,58.637999328633754,58.85984558576702,5573750.0,90.5,91.65,89.47,90.69,1698786.0,89.83519165201255,89.93067546502375,88.78989517273203,89.70452959210249,6808039.0,86.8309102714062,87.97010600583891,86.51334685871035,87.46603709679789,17750826.0,112.23,113.5,112.1,112.875,11158852.0,,,,,,43.263518117836874,43.36417776911151,42.22068413063169,42.770285826591184,2826152.0
1956,130.86311235511707,130.95370679374886,130.1980141404676,130.25847761452664,7461521.0,118.61,118.855,116.83,118.0,1826468.0,98.57090737433346,98.69843656829168,98.5004492561245,98.62123460162556,8355454.0,8.48,8.605,8.39,8.58,13831234.0,76.2341554571083,77.16347940394681,72.70628755537653,72.92269029399917,7862008.0,539.82,540.405,523.32,523.32,477550.0,19.01,19.04,18.64,18.64,21239594.0,39.18,39.37,38.47,38.55,7022250.0,49.313687231686934,49.3637925834769,49.28362402061295,49.30366616132894,3794492.0,72.96321572635541,73.05350431999452,72.91305539655592,72.95318366039551,6857436.0,32.09,32.16,31.71,31.78,3858691.0,78.48005020417725,78.53021002151341,78.45998627724276,78.52017805804617,3894310.0,418.07,419.9,412.88,414.86,2445031.0,77.91,78.51,75.413,76.0,5384806.0,9.39,9.44,9.0655,9.08,23415409.0,92.81,92.97,90.7702,91.1,4899410.0,14.184642636105858,14.275569832491152,14.03814881970733,14.093715439720564,11086269.0,151.38,151.835,148.6,149.16,8359596.0,500.7201743140778,514.5638622684279,493.61776049401993,507.4012585007424,1778885.0,33.010777354062775,33.05105896157231,31.852681138163685,31.943314755060133,6668819.0,49.666102995387774,49.69134496682272,49.26727984671573,49.32281218387259,22323873.0,90.145002806845,90.15517603817408,89.61090816206908,89.67703416570802,9542032.0,92.48144472706122,92.55709210795914,92.30997733035927,92.39066786998372,5462544.0,44.76,45.15,44.6203,44.85,3239485.0,119.41000636537242,119.60157861234887,118.15974538510508,118.18999363462768,2795751.0,72.97616418289158,73.08705488685784,72.6737349902563,72.72413985569553,4096277.0,59.48,59.595,59.19,59.38,5888912.0,73.06,73.06,72.415,72.48,2862777.0,28.20640372140812,28.20640372140812,27.87534264486577,27.92118187084856,23011220.0,44.60651497733634,44.721893952199,43.844010447809225,44.009554194351296,11027898.0,154.9368242011906,155.34777062325352,153.2429230956141,155.34777062325352,434744.0,38.12023284731574,38.125303375760446,37.694308457960254,37.724731628628504,18014862.0,66.76,67.01,65.53,66.24,4827276.0,51.24,51.42,50.445,51.06,17442339.0,307.59,307.665,305.12,305.5,6642258.0,,,,,,21.720740375123388,21.7812438302073,21.226628825271465,21.272006416584397,9927286.0,,,,,,5.95,5.995,5.84,5.94,16671604.0,62.96,62.97,62.4501,62.52,4897284.0,94.74971636940457,94.94084629439448,94.6641658500568,94.8302345052613,4747200.0,61.92857096305688,61.96895916151105,61.47306496545348,61.53379909846727,6155762.0,52.900001463536135,52.91007573538217,52.869778647998025,52.8899271916901,3427372.0,97.64403966789828,97.68448873155522,97.40134528595652,97.40134528595652,3659900.0,15.43,15.5,15.095,15.32,13429974.0,27.49,27.675,26.89,27.2,24725418.0,108.88824335485944,109.0091295534216,108.74720945653694,108.83787410545855,19396900.0,63.3,63.465,62.0001,62.3,2338813.0,93.32657460564305,93.46746580870044,93.21579524655574,93.34671630729528,2985156.0,174.17,174.68,172.43,172.86,1619726.0,140.9,141.69,139.1303,139.26,7695950.0,57.99,58.08,56.73,57.51,13669938.0,141.34147692542794,141.63269559902204,138.08786139975555,138.4292901894866,1109933.0,71.77588332466226,72.25612341381529,69.51845475558734,71.18558821507835,1086334.0,236.03,236.66,232.085,232.25,629713.0,81.24,81.37,79.1,79.36,3352595.0,43.79306976744185,43.86346046511627,42.596427906976736,42.81262790697674,11308162.0,28.39,28.62,28.09,28.62,3894423.0,60.03,60.115,59.48,59.67,2570889.0,185.00147149928856,185.14706288798544,183.36482347462731,183.5756799686021,9663666.0,133.02,133.08,130.8,131.29,920844.0,96.51,97.2,95.665,96.0,1053780.0,70.34,70.575,70.0,70.075,3733843.0,82.99658721019911,83.03684749989603,82.97645706535064,83.0267824274718,2820005.0,34.962119733924624,35.148678492239476,34.4629490022173,34.77051884700666,70886985.0,34.65,34.68,34.175,34.3,14813461.0,33.60967358330492,33.619748425506145,33.57944905670123,33.59959874110369,6157020.0,25.87946668915396,26.000203967598686,25.85932702636084,25.919746014740188,3466461.0,53.23307778731316,53.25076519847149,52.871289831801874,52.891389162663614,1595395.0,131.6516831152934,131.82233340983856,127.69661158289342,127.69661158289342,1514988.0,74.77421569506377,74.81968650190538,74.09720590431117,74.20835676547951,2090250.0,38.14088202715119,38.361407494850894,36.95806360948921,36.95806360948921,4359405.0,110.23511231214876,110.33571015145536,110.18481339249549,110.22505252821811,1618152.0,166.48,166.97,163.23,164.93,1451656.0,40.42,40.66,39.65,39.95,3561575.0,9.81,9.87,9.745,9.76,53805110.0,82.37860611409538,82.45891672205452,82.31837315812602,82.39868376608516,6976126.0,79.40997125352072,79.42653172528112,79.36982465531369,79.40997125352072,3344204.0,57.22119666073333,57.24135561675261,56.86841493039588,56.95913023248265,12344680.0,59.286254593514805,59.36409915115367,59.24612853287622,59.31634913899375,1317093.0,78.39630483760563,78.4368931393595,78.0208630463823,78.0513042726977,2538137.0,54.487970369893446,54.69873614218444,54.41089031602703,54.54818916197659,1663763.0,58.68408277802056,58.71418232466684,58.67404959580513,58.704149142451406,2971644.0,178.92580240343986,179.04646043259643,177.5281802323762,177.7795511264524,2118849.0,130.601948903048,130.69237954931108,129.86845588335865,129.92874298086736,1775937.0,50.69582287576935,50.73593826479074,50.344813221832275,50.394957458109,10502399.0,69.78052540103567,69.81074214124975,69.33734654456258,69.42799676520481,3756260.0,135.91899754516942,135.9894636229961,134.5398757362753,134.5398757362753,1220777.0,58.57749580396105,59.06152400134272,57.99262839879152,58.496824437730766,7181645.0,89.0,89.75,88.43,89.215,1671359.0,90.4684000961921,90.53875658998984,89.52371340304232,89.64422402599016,5920460.0,87.36522331498968,87.49124054224993,86.17562068965287,86.3873296314501,18043210.0,111.66,112.23,111.09,111.49,13151446.0,,,,,,43.615826897298085,43.70642058344526,42.28711950047294,42.417977047129966,1865307.0
1957,130.76233989835197,131.3770518846189,130.63637432739566,131.33674290191288,1766376.0,117.73,119.82,117.65,119.6,1872973.0,98.75208539258506,98.8124780653356,98.68313709119488,98.79234717441877,8443792.0,8.28,8.61,8.24,8.61,16485176.0,77.57283286347156,80.13946999597259,76.64683044703985,77.81439871123638,6224422.0,544.55,544.71,539.37,542.0,406246.0,18.88,19.025,18.79,18.85,23649191.0,39.72,39.91,38.97,39.575,12128677.0,49.29364509097094,49.313687231686934,49.26358187989696,49.28462612764875,2807957.0,73.08360051787422,73.13376084767373,73.04347225403463,73.11369671575392,5206946.0,31.99,32.58,31.9,32.5,6224732.0,78.60043376578405,78.640561619653,78.57033787538235,78.61046572925129,1541754.0,413.71,419.9,412.16,418.7,2526690.0,78.97,80.05,77.38,78.53,4633373.0,9.48,9.66,9.38,9.42,25051309.0,91.64,93.7499,90.92,93.365,7968179.0,14.214951701567625,14.523093867095564,14.174236523630652,14.396806094338212,10698073.0,150.04,155.91,146.53,155.02,45782636.0,501.40232705385733,504.79001793949794,498.4730829359803,503.96039982803075,1064558.0,33.08127016720446,33.86676151364037,32.960425344675855,33.39345262540334,7130153.0,49.55503832107403,49.89328073830223,49.524747955352105,49.80745803542344,23407972.0,89.89067202361838,90.5671919070012,89.80419955732134,90.56210529133666,11044833.0,92.68317107612232,92.8647247902773,92.64786896503662,92.8647247902773,6848174.0,45.09,45.305,44.845,45.0,2634486.0,118.6538001273075,120.6723666454488,118.40173138128586,119.9746403564609,5901955.0,72.39146774379672,72.75438277495905,72.29065801291829,72.73422082878336,5679228.0,59.24,59.62,59.19,59.62,3360057.0,72.39,72.99,72.36,72.92,2764983.0,27.35073816972944,28.18603073208244,27.320178685740913,28.10453877477971,28778355.0,44.94763542475636,45.08308030829079,44.345658164603385,44.99780019643578,13554673.0,154.7564086988215,156.9213947272506,154.46573927833796,155.8088324626412,450816.0,38.596862521118304,38.90109422780079,38.57120564718808,38.62221516334184,43043523.0,66.19,67.4227,66.19,67.29,2470023.0,51.13,51.79,51.12,51.69,12887786.0,308.39,309.37,308.32,309.24,5574281.0,,,,,,21.39805528134254,22.023257650542934,21.176209279368205,21.93250246791707,14976983.0,,,,,,5.82,6.0,5.79,6.0,14048894.0,63.13,63.32,63.11,63.31,7448088.0,95.01140031093894,95.09191844679567,94.91075264111802,95.02146507792102,4035035.0,61.79698034152701,62.201874561618915,61.76661327502012,62.12089571760053,5419575.0,52.96044709461235,52.98059563830443,52.94039929363874,52.98059563830443,1080523.0,97.78561139069762,97.83617272026882,97.70279193286,97.77549912478338,3330128.0,15.33,15.59,15.29,15.57,14168082.0,27.88,28.0,27.54,27.63,18793055.0,109.08972035246305,109.23075425078557,108.9537233790806,109.19045885126482,17446165.0,63.21,63.9,62.635,63.88,2229822.0,93.45749566638258,93.55669354701986,93.407141412252,93.50784992051318,1651944.0,174.21,178.33,174.21,176.65,2623699.0,140.83,141.75,140.2,141.45,5572322.0,58.19,58.655,57.86,57.86,13519867.0,141.22097264669932,141.7883469590465,139.84521546454772,141.44189715770176,1492271.0,71.37568325036808,73.28653855510424,71.37568325036808,72.9164535364007,615258.0,233.38,239.32,231.46,237.76,511335.0,83.3,83.91,81.64,81.91,4554053.0,43.86346046511627,44.79362325581395,43.49642325581395,44.2757488372093,11723917.0,28.09,28.78,27.8848,28.75,5416008.0,60.54,60.71,59.985,60.44,2859043.0,184.931186001297,185.70934687191817,184.4592690862106,185.56375548322129,9431767.0,132.81,133.66,132.43,133.65,475445.0,96.44,97.7,96.01,97.6,921893.0,70.28,71.335,70.055,71.22,5241005.0,83.06704271716872,83.10730300686564,83.06704271716872,83.09723793444141,1294510.0,33.60074501108649,35.40582705099779,33.45452328159646,34.58900221729491,35376354.0,34.61,34.86,34.605,34.79,18305346.0,33.64997295210984,33.68019747871353,33.64090559412873,33.68019747871353,3780870.0,25.94995550892986,26.000203967598686,25.90262730136604,25.980165003119534,3726347.0,53.132581133004464,53.37377310334532,53.027059645980344,53.37377310334532,1668723.0,132.133519241068,132.59387350623518,131.0343305791447,132.0833279779665,928996.0,74.34982149787558,74.89547117997469,74.10731052805376,74.89547117997469,1630101.0,37.60961612769285,38.381455264641765,37.51438922118616,38.381455264641765,2476249.0,110.35582971931667,110.53942077605116,110.30050090769804,110.52684604613786,1720366.0,171.11,172.7,167.505,167.74,1441895.0,40.93,41.2122,40.22,40.66,2955033.0,9.77,9.9,9.74,9.85,35498203.0,82.56934380799835,82.68780195473809,82.5043926038114,82.6496544159575,4190021.0,79.52037439859008,79.55048434724536,79.48384099422168,79.55048434724536,3853632.0,57.09016344660799,57.50342204500328,57.02968657855014,57.50342204500328,7998981.0,59.41666429059021,59.45669003607721,59.381553987531454,59.426695805749866,1342828.0,78.30498115865942,78.94932044900216,78.21365747971319,78.93409983584445,3095936.0,54.60840795405972,54.70375437485803,54.50804330058783,54.678663211490054,1573180.0,58.7442818713131,58.76434823574395,58.73424868909768,58.76434823574395,3056233.0,178.63421216631147,179.48887320617055,178.33256709342004,179.0565152683595,3294001.0,130.49142255761538,131.1143892318721,130.3306569642588,131.1143892318721,2014719.0,50.63564979223728,50.936515209897635,50.60054882684357,50.856284431854874,5386093.0,69.60929720648925,70.09175782524063,69.55893597279913,70.04240381622432,3851587.0,135.5868003211292,136.26126135175627,135.35526892255575,136.26126135175627,1119771.0,59.848069822087936,60.46823094998321,58.72875461564282,59.03127223900636,7919252.0,88.32,89.79,87.96,89.77,1140937.0,90.67946957758528,90.749826071383,90.13671948257424,90.61916401147296,6811899.0,86.65952684233224,88.4640935366991,86.31675998418436,88.06083840946629,30487841.0,107.77,111.73,107.34,111.11,32366594.0,,,,,,45.28677710845698,46.333637481713154,45.2263813176922,45.29684307358445,4216268.0
1958,131.13519798838274,131.75998722032617,131.04450277729416,131.2359704451478,2425992.0,122.67,123.46,119.84,120.0,2994971.0,99.02385241996248,99.18489954729723,99.00372152904562,99.10437598362984,6865690.0,8.69,8.83,8.495,8.54,14698632.0,77.65335481272652,81.62912605718884,77.3212017720499,80.37097060008051,3690761.0,534.51,545.0,533.9,544.72,329221.0,19.03,19.23,18.89,18.96,16583178.0,39.85,40.21,39.465,39.52,9311150.0,49.45398221669885,49.5141086388468,49.43895061116186,49.443961146340854,3186397.0,73.29427390303213,73.41455837389134,73.27420977111234,73.33440216687173,5338503.0,32.23,32.45,32.11,32.39,6890345.0,78.68068947352194,78.71078536392363,78.6506939027549,78.69072143698916,1485433.0,411.5721972343522,418.9591589034448,411.34135468219296,418.7483896166908,1833690.0,77.08,79.35,76.21,79.29,5126437.0,10.66,10.98,9.93,10.09,66809828.0,91.0,92.15,90.9,91.74,4436764.0,14.194745657926449,14.336187963414682,14.136855342894476,14.265466810670564,9339652.0,149.68,151.67,149.13,151.2,17982218.0,497.8109935120767,507.85167994215567,497.60032869538,506.36799773313504,1111220.0,32.57775007333529,33.24994939865063,32.52739806394837,33.13162217659138,4939707.0,49.87813555544127,50.08007132692079,49.72668372683163,49.80745803542344,16861658.0,90.36881389608445,90.82660930589236,90.145002806845,90.3179477394391,9323984.0,93.03619218697924,93.27826380585256,92.97567428226093,93.27826380585256,4334524.0,44.59,45.28,44.535,45.16,4263064.0,117.45395289624447,119.11760661998731,117.45395289624447,118.99661362189693,3248052.0,73.19794559082412,73.56590110853035,72.97656742181509,73.02656904833078,4380139.0,59.36,59.71,59.25,59.27,2087014.0,73.87,74.095,73.49,73.52,4535114.0,27.58502754697479,27.79385068756304,27.503535589672055,27.549374815654847,29230252.0,45.33892064385581,46.21680414824558,45.33892064385581,45.72017290861937,11250301.0,156.25987121856392,158.26148098651436,155.91908638075563,156.640748390232,622692.0,38.74897837445955,38.96194056913729,38.57658040733947,38.73883731757013,25259504.0,68.59,69.31,67.17,67.17,4956453.0,53.02,53.35,51.93,51.935,22674124.0,313.13,313.31,311.61,311.88,10995756.0,,,,,,21.357719644619937,21.66023692003948,21.20646100691016,21.549313919052313,16555437.0,,,,,,6.06,6.19,5.95,5.96,16384982.0,64.09,64.125,63.78,63.83,5242606.0,95.34353762134796,95.51463866004347,95.29321378643748,95.40895860673152,5232360.0,62.171507495112024,62.42456638266946,62.00954980707526,62.12089571760053,8810609.0,53.030966997534605,53.05111554122667,53.000744181996495,53.01081845384253,1720594.0,97.91707084758274,98.04377753948816,97.88673404984002,97.88673404984002,3413890.0,15.92,16.19,15.56,15.61,16020716.0,27.11,27.82,27.0,27.76,19409957.0,109.51282204743056,109.79488984407558,109.48260049779005,109.66392979563324,17147056.0,62.65,64.21,62.595,63.77,3106573.0,93.71933778786168,93.91068395355794,93.45749566638258,93.45749566638258,4141765.0,174.88,176.47,173.95,174.99,1458156.0,140.47,142.52,140.1839,141.24,5853541.0,59.86,60.665,58.97,59.0,11233096.0,142.74736017726167,144.72061774144262,142.34065823655263,143.6812683374084,1362104.0,76.52825920690573,77.5729815008507,73.45672363669786,73.45672363669786,1329602.0,232.86,236.96,232.57,235.3,359858.0,80.38,83.49,80.24,83.45,3683674.0,43.239999999999995,44.145023255813946,43.194748837209296,43.99418604651162,7429430.0,29.47,29.715,28.65,28.72,5777692.0,62.05,62.48,61.76,61.76,3254643.0,184.2986165193727,185.73444883548655,184.2986165193727,185.3227766329644,9822029.0,133.61,133.68,132.9401,133.18,3336007.0,98.05,99.32,97.81,98.0,814762.0,70.32,70.81,70.28,70.72,3366709.0,83.11736807928986,83.13749822413833,83.10730300686564,83.13749822413833,1857169.0,33.82259866962307,34.56883370288249,33.7419246119734,33.93352549889136,22403015.0,35.35,35.49,35.09,35.11,28710465.0,33.720496847518454,33.75072137412215,33.715459426417844,33.73057168971968,3699207.0,26.16142196825758,26.29232977641283,26.146317221162743,26.21177112524037,3052338.0,53.14263079843534,53.44422125801572,53.125747360511475,53.23307778731316,3468130.0,135.0446125009563,136.31947058373498,133.50875985004973,134.07090199678677,1639598.0,75.20871451599456,75.34007462464805,74.34982149787558,74.37003074536072,1826194.0,38.06069094798767,38.59195684744602,37.8702371349743,38.34135972506001,4440948.0,110.63750366937508,110.80851999619628,110.55702539792983,110.63750366937508,3055951.0,163.3,171.085,162.8,170.27,1424285.0,40.14,41.6022,39.87,41.6,4686678.0,10.13,10.25,9.97,10.0,65886696.0,82.81027563187578,82.9508191958043,82.790197979886,82.91066389182473,6796635.0,79.6107042445559,79.63077754365943,79.57055764634887,79.60066759500415,2139630.0,57.46310413296471,57.71509108320574,57.301832484810454,57.40262726490687,9228813.0,59.54205823008581,59.60726307862352,59.521995199766515,59.567137017984926,1775892.0,78.67027587444427,79.05586474110606,78.44704021479797,78.64998172356734,2696304.0,55.039975963988894,55.331033459057394,55.01990303329451,55.170450013502354,1200739.0,58.774381417959376,58.79444778239023,58.76434823574395,58.774381417959376,1965765.0,178.40295094376137,179.62491513404458,178.31245742189395,179.0766249398856,2097264.0,130.81295374432852,131.4660639673396,130.77778627078175,130.89333654100682,3618116.0,50.896399820876255,51.07691907147247,50.71588057028004,50.816169042833494,5868083.0,70.03233156948629,70.35131962367953,69.8762117450469,69.98197033579618,4320787.0,135.50626766075584,136.45252642014304,135.47606791311583,135.88879779752938,1151769.0,58.16405505203087,59.77244041624705,58.053131923464235,59.444712990936544,6889734.0,91.41,92.17,89.7,89.72,1529026.0,91.1418122511132,91.94086100210168,91.03627751041662,91.23227060028172,5315525.0,85.76228418423922,86.87123578412948,85.58586006607487,86.72001511141717,15217229.0,108.05,108.77,107.44,107.6,17010405.0,,,,,,45.8001413299576,46.58528660989974,45.23644728281966,45.790075364830145,3530073.0
1959,131.35689739326588,131.46774709570747,130.6514901959104,131.32666565623637,1964878.0,128.62,129.77,123.6,124.05,4376572.0,99.21509588367248,99.28555400188148,99.0741796472546,99.1245068745467,6172677.0,8.85,8.88,8.55,8.75,14094353.0,83.78308819975831,84.11020861860649,79.01216270640352,79.21346757954085,6714200.0,536.58,537.895,530.85,535.66,305823.0,18.94,19.02,18.68,18.91,19132029.0,40.02,40.24,39.615,39.91,13086993.0,49.49406649813082,49.54417184992079,49.47402435741483,49.47402435741483,2726110.0,73.41465869455094,73.47234307382035,73.31443835561153,73.33440216687173,5507318.0,32.52,32.725,32.38,32.41,6791118.0,78.75091321779259,78.76094518125981,78.7007534004564,78.71078536392363,1471911.0,418.71827971858306,420.05315186802505,411.8783145317806,411.8783145317806,2185012.0,77.9,78.36,75.45,76.6,5325720.0,11.32,11.96,11.18,11.21,53235790.0,92.98,93.3,91.15,91.25,5545502.0,14.45742422526174,14.467527247082328,14.134127527002915,14.225054723388212,10040266.0,150.04,150.94,148.48,149.255,26196489.0,507.2909102634251,509.7988247479088,497.7457877354801,498.6737160947391,976048.0,33.04098855969493,33.272607802874745,32.673418891170435,32.69859489586389,6161522.0,49.9084259211632,49.91842174185143,49.524747955352105,49.73173212111862,22316599.0,90.8673022312086,90.93851485051208,90.25029575110082,90.47054620937509,12134311.0,93.19757326622812,93.31860907566478,93.0261058695262,93.1572279964159,8572626.0,45.2,45.24,44.69,44.69,5254807.0,118.90586887332914,119.38984086569069,117.3027116486315,117.67577339274352,2200012.0,73.57094159507429,73.62134646051351,73.31891726787823,73.61126548742565,9150675.0,58.72,58.79,58.265,58.65,2346002.0,72.89,72.96,72.225,72.53,5417157.0,27.503535589672055,27.801999883293313,27.483162600346375,27.737824966917415,17744206.0,45.95093085834468,46.4124467577953,45.30380530368022,45.7603047259629,15316077.0,160.94065119669537,161.16115903292425,157.14691410521195,157.8535414894909,782425.0,39.28645438959861,39.31687756026686,38.86053000024312,38.98222268291612,26390488.0,70.28,70.5265,68.62,69.21,5009345.0,54.48,54.78,53.22,53.64,23906897.0,316.1,316.24,313.62,314.48,13691849.0,,,,,,21.569481737413614,21.720740375123388,20.33924481737413,20.87369200394866,24674422.0,,,,,,6.31,6.35,6.0835,6.13,26496563.0,64.7,64.72,64.19,64.38,5045152.0,95.6152863298644,95.67567493175694,95.42405575720468,95.44418529116884,6098107.0,62.13101807310284,62.16138513960972,61.70081796425518,61.97918274056836,10865157.0,53.07126408491875,53.07126408491875,53.02089272568857,53.030966997534605,1194368.0,98.09909163403906,98.10920389995329,97.9372953794112,98.03841803855362,3232968.0,16.4,16.52,15.92,16.04,22147287.0,26.97,27.33,26.9519,27.17,13201696.0,109.77474214431524,109.83518524359631,109.52289589731076,109.56319129683148,19568714.0,65.41,66.05,62.8432,62.9,5419720.0,93.98117990934075,93.98117990934075,93.387100419108,93.75962119116616,3373526.0,175.25,176.865,174.44,174.81,1431346.0,140.04,140.89,138.93,140.8,5257248.0,61.7,61.865,60.41,60.44,9369249.0,144.37416794009786,145.0469834963326,141.90192224174822,142.7272761308069,1473494.0,80.90044501856971,81.71355151951693,77.28863934806469,78.28913953380015,1348148.0,238.1,238.99,232.36,232.47,538995.0,80.74,81.43,79.9203,80.4,3029716.0,43.80312558139534,44.07463255813953,43.280223255813944,43.39083720930232,7747711.0,30.15,30.48,29.54,29.86,5175563.0,64.33,64.405,63.34,63.38,4450564.0,186.6481603093772,186.9192615159162,184.5697177259117,184.5697177259117,12111942.0,133.15,133.5634,132.8,133.34,1804161.0,99.15,99.23,97.33,98.9,1031276.0,71.15,71.32,70.53,70.57,4167670.0,83.17775851383524,83.17775851383524,83.13749822413833,83.13749822413833,8474378.0,34.63942350332596,34.735223946784934,33.64108203991132,33.923441241685154,20793794.0,35.72,35.72,35.17,35.55,25205278.0,33.77087105852461,33.83132011173199,33.73057168971968,33.75072137412215,6047390.0,26.29232977641283,26.367853511887017,26.181662329364663,26.20170129384381,3160638.0,53.574766411962706,53.609940240970744,53.182829460158814,53.182829460158814,1959186.0,132.74585265090658,135.17510978502028,128.09011108560938,128.56993956085992,2726693.0,75.88572430674715,75.90593355423232,75.0672497835985,75.25923763470745,1317152.0,38.882649509413795,38.882649509413795,37.739926631333574,38.32131195526912,4713803.0,110.73810150868168,110.84372923995356,110.64203057214388,110.6576232372364,3951320.0,162.53,164.37,161.47,163.35,1650158.0,40.22,40.42,39.22,40.19,3275334.0,10.37,10.46,10.24,10.28,72961870.0,82.9608580217992,83.01105215177365,82.85043093585537,82.93074154381452,7147387.0,79.66088749231471,79.67092414186646,79.6107042445559,79.6107042445559,2532935.0,57.73525003922503,57.77052821225877,57.31695170182492,57.46310413296471,12246615.0,59.65742065442175,59.687414884749096,59.58730036345582,59.597231563463865,1143719.0,79.1370413446138,79.1827031840869,78.4673343656749,78.66012879900579,2389195.0,55.341069924404586,55.48158043926525,55.11023122141921,55.130304152113595,1523323.0,58.80448096460565,58.814514146821075,58.79444778239023,58.80448096460565,1521032.0,179.8508472936403,180.0217795016121,178.2772654967233,178.2772654967233,2699670.0,131.17467632938082,131.23998735168195,130.3959679865599,130.91343224017638,2568454.0,50.9064286681316,50.936515209897635,50.58550555596055,50.816169042833494,16282980.0,70.32442672488901,70.35464346510308,69.83562059069267,70.01722319937926,3056042.0,136.36192717722298,136.53960235917177,135.4156684178358,135.4156684178358,1088104.0,57.84136958710975,58.55732796240348,57.8161597851628,58.45648875461563,5390566.0,95.72,96.4,92.235,92.35,3027641.0,92.39817821178691,92.47858563327004,91.00109926351776,91.05135390194472,6825474.0,86.16553931147205,86.63936408597061,85.57577868789406,85.66147040243102,16222037.0,108.54,109.44,107.61,107.98,13970885.0,,,,,,47.622081018028446,47.803268390322785,46.187680987364935,46.60541854015466,3590868.0
1960,132.91887047312446,132.92894771880094,131.91618452831202,132.273926749828,3900188.0,127.2,129.365,127.06,128.56,2681177.0,98.9936560835872,99.1245068745467,98.96345974721191,99.09431053817144,7467087.0,8.82,9.0,8.69,8.805,15981414.0,79.30405477245264,82.71355540877967,78.44850906161898,81.93108336689485,5139031.0,536.96,539.535,533.64,538.85,462009.0,19.46,19.48,19.065,19.07,22996656.0,44.68,44.89,41.15,41.5,21794154.0,49.32370830204493,49.46400328705683,49.30366616132894,49.433940075982854,3055975.0,73.26417770515243,73.35446629879154,73.23408150727273,73.31433803495193,5269778.0,32.71,33.065,32.64,32.85,12579478.0,78.65059358312024,78.71840965615874,78.640561619653,78.7007534004564,1724553.0,429.1563777292575,429.7284657933041,420.98655870936426,421.5385735080057,3254863.0,79.15,79.9,77.44,77.5,4908987.0,11.27,11.61,11.04,11.38,33990165.0,95.04,95.28,93.15,93.54,6921475.0,14.780720923520564,14.831236032623504,14.42206364888968,14.558454443467625,11802034.0,153.12,153.14,150.465,150.905,13162816.0,516.8009219885872,517.4329164386771,507.5015750801217,511.48414328148186,995312.0,33.47401584042241,33.771092695805216,32.97553094749193,33.222255793487825,6605681.0,50.413265349861994,50.443555715583926,50.17094242408657,50.21637797266946,23744641.0,93.12575958626104,93.15627928024824,92.05248368104468,92.10843645335456,18088192.0,93.23791853604034,93.2681774883995,93.12696904405674,93.21774590113424,7278848.0,45.48,45.805,45.3,45.5,5879239.0,119.86373010821136,120.0351368555061,118.25049013367288,119.29909611712289,2798106.0,77.10936314890698,77.21017287978542,76.69604325230544,76.8976627140623,19572542.0,59.8,59.8,59.21,59.64,2258616.0,73.85,73.9,73.255,73.44,4610123.0,27.99248733348845,28.07927626801586,27.53348388398081,27.534095073660584,26780302.0,44.9877672420999,46.22182062541352,44.716877475031055,44.807174064054,23135863.0,162.5844368849471,163.09561414165952,160.40942777305304,160.4394970234479,979935.0,39.63125032383875,39.68195560828585,39.48927552738693,39.57040398250227,31806150.0,69.07,70.02,68.55,69.75,6091703.0,53.84,54.57,53.62,54.17,22084589.0,312.18,314.96,311.42,314.0,10547520.0,,,,,,22.154348469891403,22.345942744323786,21.629985192497525,21.801411648568603,15590555.0,,,,,,6.28,6.385,6.19,6.29,17962003.0,63.91,64.465,63.7401,64.28,11582749.0,95.2730842524733,95.45425005815096,95.2177280340718,95.38882907276736,5074057.0,62.78897118075218,62.799093536254475,62.47011698242981,62.51566758219014,5644899.0,53.000744181996495,53.05111554122667,53.000744181996495,53.04104126938064,1571299.0,98.16987749543873,98.1901020272672,98.05864257038208,98.14965296361024,2253712.0,16.17,16.51,16.11,16.3,19178591.0,26.81,26.985,26.48,26.87,22335863.0,109.60348669635218,109.6840774953936,109.4523789481495,109.56319129683148,20810418.0,67.22,67.5,66.15,66.57,3572717.0,93.61862927960048,93.80997544529676,93.61862927960048,93.75962119116616,3062867.0,177.54,177.75,175.02,175.76,1798292.0,142.21,142.629,139.93,140.775,6612879.0,61.42,62.5599,60.93,61.4,13305052.0,145.60933679706608,146.76196022310518,144.7658068459658,145.07710956601474,1685220.0,78.97948466195761,81.11055005757416,78.28913953380015,79.84991982354748,907816.0,250.92,252.08,241.95,241.95,805577.0,81.67,81.83,80.74,81.13,2658260.0,44.688037209302315,44.72826046511627,43.777986046511614,44.024353488372086,7440812.0,29.55,30.25,29.385,29.91,4848031.0,64.62,64.76,64.27,64.39,2899028.0,188.19444126519215,188.22104934657472,187.25060743501945,187.6924019938237,13827960.0,134.21,134.255,133.32,133.56,4204980.0,100.83,100.87,99.03,99.33,1793094.0,72.76,72.83,71.75,71.82,4757227.0,83.10730300686564,83.15762836898679,83.08717286201717,83.14756329656255,2500928.0,35.43607982261642,35.82432372505544,34.86631929046565,35.09321507760533,22471079.0,35.69,35.91,35.465,35.76,21882762.0,33.73057168971968,33.75072137412215,33.71042200531723,33.73057168971968,4593576.0,26.171491799654135,26.221840956636928,26.106037895576513,26.181561631050695,5084851.0,53.936554367473995,53.936554367473995,53.60491540825531,53.76571005514921,2755700.0,131.2200382526203,133.98055772320404,131.13973223165786,133.91028995486192,1216575.0,76.13833990031156,76.37074624639081,76.00697979165807,76.25959538522248,1528393.0,38.682171811504986,39.38384375418582,38.33133584016457,39.273581020335975,5013972.0,110.3055307996634,110.53187593810318,110.26529166394074,110.49666669434588,2282956.0,164.92,165.22,161.341,162.24,1462318.0,41.21,41.21,40.185,40.4,3189708.0,10.4,10.45,10.29,10.29,62197021.0,82.85043093585537,82.93837105157063,82.790197979886,82.91066389182473,7899623.0,79.58059429590064,79.65085084276295,79.57055764634887,79.64081419321118,1916612.0,58.964946356401256,58.985105312420544,58.37116430685329,58.42065454388063,12462642.0,59.50694792702704,59.60726307862352,59.49691641186739,59.58720004830422,1774167.0,80.74027926389178,80.74027926389178,79.4921889849602,79.53277728671407,8148426.0,55.06004889468327,55.170450013502354,54.939611310516995,55.09015829072484,1612160.0,58.76434823574395,58.80448096460565,58.75431505352853,58.79444778239023,1402656.0,181.5601693733585,181.60038871641063,180.5245212897645,180.6451793189211,2746323.0,132.68185376709872,132.68185376709872,131.73735590612884,132.07395886721915,2981270.0,51.377784489132814,51.397842183643505,51.15213542588756,51.1972652385366,15946860.0,71.5834575671421,71.59352981388012,70.97408663949162,71.0496284900268,4210134.0,137.56991708282365,137.56991708282365,136.48272616778306,136.63372490598312,839982.0,58.19430681436722,58.37581738838535,57.43801275595836,57.7405303793219,6757220.0,94.95,96.8317,94.53,95.54,1973982.0,92.70975697003398,93.21230335430349,92.54894212706776,92.76001160846094,6747213.0,87.51644398770199,87.56685087860609,86.29659722782272,86.51838754780076,14023041.0,109.93,110.0,108.85,108.93,12002687.0,,,,,,48.79979893794164,49.111843856893,48.38709436771565,48.7293371820494,3569772.0
