Date,US_Stock_ACWI_adj_close,US_Stock_ACWI_adj_high,US_Stock_ACWI_adj_low,US_Stock_ACWI_adj_open,US_Stock_ACWI_adj_volume,US_Stock_AEM_adj_close,US_Stock_AEM_adj_high,US_Stock_AEM_adj_low,US_Stock_AEM_adj_open,US_Stock_AEM_adj_volume,US_Stock_AGG_adj_close,US_Stock_AGG_adj_high,US_Stock_AGG_adj_low,US_Stock_AGG_adj_open,US_Stock_AGG_adj_volume,US_Stock_AG_adj_close,US_Stock_AG_adj_high,US_Stock_AG_adj_low,US_Stock_AG_adj_open,US_Stock_AG_adj_volume,US_Stock_ALB_adj_close,US_Stock_ALB_adj_high,US_Stock_ALB_adj_low,US_Stock_ALB_adj_open,US_Stock_ALB_adj_volume,US_Stock_AMP_adj_close,US_Stock_AMP_adj_high,US_Stock_AMP_adj_low,US_Stock_AMP_adj_open,US_Stock_AMP_adj_volume,US_Stock_BCS_adj_close,US_Stock_BCS_adj_high,US_Stock_BCS_adj_low,US_Stock_BCS_adj_open,US_Stock_BCS_adj_volume,US_Stock_BKR_adj_close,US_Stock_BKR_adj_high,US_Stock_BKR_adj_low,US_Stock_BKR_adj_open,US_Stock_BKR_adj_volume,US_Stock_BNDX_adj_close,US_Stock_BNDX_adj_high,US_Stock_BNDX_adj_low,US_Stock_BNDX_adj_open,US_Stock_BNDX_adj_volume,US_Stock_BND_adj_close,US_Stock_BND_adj_high,US_Stock_BND_adj_low,US_Stock_BND_adj_open,US_Stock_BND_adj_volume,US_Stock_BP_adj_close,US_Stock_BP_adj_high,US_Stock_BP_adj_low,US_Stock_BP_adj_open,US_Stock_BP_adj_volume,US_Stock_BSV_adj_close,US_Stock_BSV_adj_high,US_Stock_BSV_adj_low,US_Stock_BSV_adj_open,US_Stock_BSV_adj_volume,US_Stock_CAT_adj_close,US_Stock_CAT_adj_high,US_Stock_CAT_adj_low,US_Stock_CAT_adj_open,US_Stock_CAT_adj_volume,US_Stock_CCJ_adj_close,US_Stock_CCJ_adj_high,US_Stock_CCJ_adj_low,US_Stock_CCJ_adj_open,US_Stock_CCJ_adj_volume,US_Stock_CLF_adj_close,US_Stock_CLF_adj_high,US_Stock_CLF_adj_low,US_Stock_CLF_adj_open,US_Stock_CLF_adj_volume,US_Stock_COP_adj_close,US_Stock_COP_adj_high,US_Stock_COP_adj_low,US_Stock_COP_adj_open,US_Stock_COP_adj_volume,US_Stock_CVE_adj_close,US_Stock_CVE_adj_high,US_Stock_CVE_adj_low,US_Stock_CVE_adj_open,US_Stock_CVE_adj_volume,US_Stock_CVX_adj_close,US_Stock_CVX_adj_high,US_Stock_CVX_adj_low,US_Stock_CVX_adj_open,US_Stock_CVX_adj_volume,US_Stock_DE_adj_close,US_Stock_DE_adj_high,US_Stock_DE_adj_low,US_Stock_DE_adj_open,US_Stock_DE_adj_volume,US_Stock_DVN_adj_close,US_Stock_DVN_adj_high,US_Stock_DVN_adj_low,US_Stock_DVN_adj_open,US_Stock_DVN_adj_volume,US_Stock_EEM_adj_close,US_Stock_EEM_adj_high,US_Stock_EEM_adj_low,US_Stock_EEM_adj_open,US_Stock_EEM_adj_volume,US_Stock_EFA_adj_close,US_Stock_EFA_adj_high,US_Stock_EFA_adj_low,US_Stock_EFA_adj_open,US_Stock_EFA_adj_volume,US_Stock_EMB_adj_close,US_Stock_EMB_adj_high,US_Stock_EMB_adj_low,US_Stock_EMB_adj_open,US_Stock_EMB_adj_volume,US_Stock_ENB_adj_close,US_Stock_ENB_adj_high,US_Stock_ENB_adj_low,US_Stock_ENB_adj_open,US_Stock_ENB_adj_volume,US_Stock_EOG_adj_close,US_Stock_EOG_adj_high,US_Stock_EOG_adj_low,US_Stock_EOG_adj_open,US_Stock_EOG_adj_volume,US_Stock_EWJ_adj_close,US_Stock_EWJ_adj_high,US_Stock_EWJ_adj_low,US_Stock_EWJ_adj_open,US_Stock_EWJ_adj_volume,US_Stock_EWT_adj_close,US_Stock_EWT_adj_high,US_Stock_EWT_adj_low,US_Stock_EWT_adj_open,US_Stock_EWT_adj_volume,US_Stock_EWY_adj_close,US_Stock_EWY_adj_high,US_Stock_EWY_adj_low,US_Stock_EWY_adj_open,US_Stock_EWY_adj_volume,US_Stock_EWZ_adj_close,US_Stock_EWZ_adj_high,US_Stock_EWZ_adj_low,US_Stock_EWZ_adj_open,US_Stock_EWZ_adj_volume,US_Stock_FCX_adj_close,US_Stock_FCX_adj_high,US_Stock_FCX_adj_low,US_Stock_FCX_adj_open,US_Stock_FCX_adj_volume,US_Stock_FNV_adj_close,US_Stock_FNV_adj_high,US_Stock_FNV_adj_low,US_Stock_FNV_adj_open,US_Stock_FNV_adj_volume,US_Stock_FXI_adj_close,US_Stock_FXI_adj_high,US_Stock_FXI_adj_low,US_Stock_FXI_adj_open,US_Stock_FXI_adj_volume,US_Stock_GDXJ_adj_close,US_Stock_GDXJ_adj_high,US_Stock_GDXJ_adj_low,US_Stock_GDXJ_adj_open,US_Stock_GDXJ_adj_volume,US_Stock_GDX_adj_close,US_Stock_GDX_adj_high,US_Stock_GDX_adj_low,US_Stock_GDX_adj_open,US_Stock_GDX_adj_volume,US_Stock_GLD_adj_close,US_Stock_GLD_adj_high,US_Stock_GLD_adj_low,US_Stock_GLD_adj_open,US_Stock_GLD_adj_volume,US_Stock_GOLD_adj_close,US_Stock_GOLD_adj_high,US_Stock_GOLD_adj_low,US_Stock_GOLD_adj_open,US_Stock_GOLD_adj_volume,US_Stock_HAL_adj_close,US_Stock_HAL_adj_high,US_Stock_HAL_adj_low,US_Stock_HAL_adj_open,US_Stock_HAL_adj_volume,US_Stock_HES_adj_close,US_Stock_HES_adj_high,US_Stock_HES_adj_low,US_Stock_HES_adj_open,US_Stock_HES_adj_volume,US_Stock_HL_adj_close,US_Stock_HL_adj_high,US_Stock_HL_adj_low,US_Stock_HL_adj_open,US_Stock_HL_adj_volume,US_Stock_IAU_adj_close,US_Stock_IAU_adj_high,US_Stock_IAU_adj_low,US_Stock_IAU_adj_open,US_Stock_IAU_adj_volume,US_Stock_IEF_adj_close,US_Stock_IEF_adj_high,US_Stock_IEF_adj_low,US_Stock_IEF_adj_open,US_Stock_IEF_adj_volume,US_Stock_IEMG_adj_close,US_Stock_IEMG_adj_high,US_Stock_IEMG_adj_low,US_Stock_IEMG_adj_open,US_Stock_IEMG_adj_volume,US_Stock_IGSB_adj_close,US_Stock_IGSB_adj_high,US_Stock_IGSB_adj_low,US_Stock_IGSB_adj_open,US_Stock_IGSB_adj_volume,US_Stock_JNK_adj_close,US_Stock_JNK_adj_high,US_Stock_JNK_adj_low,US_Stock_JNK_adj_open,US_Stock_JNK_adj_volume,US_Stock_KGC_adj_close,US_Stock_KGC_adj_high,US_Stock_KGC_adj_low,US_Stock_KGC_adj_open,US_Stock_KGC_adj_volume,US_Stock_KMI_adj_close,US_Stock_KMI_adj_high,US_Stock_KMI_adj_low,US_Stock_KMI_adj_open,US_Stock_KMI_adj_volume,US_Stock_LQD_adj_close,US_Stock_LQD_adj_high,US_Stock_LQD_adj_low,US_Stock_LQD_adj_open,US_Stock_LQD_adj_volume,US_Stock_LYB_adj_close,US_Stock_LYB_adj_high,US_Stock_LYB_adj_low,US_Stock_LYB_adj_open,US_Stock_LYB_adj_volume,US_Stock_MBB_adj_close,US_Stock_MBB_adj_high,US_Stock_MBB_adj_low,US_Stock_MBB_adj_open,US_Stock_MBB_adj_volume,US_Stock_MPC_adj_close,US_Stock_MPC_adj_high,US_Stock_MPC_adj_low,US_Stock_MPC_adj_open,US_Stock_MPC_adj_volume,US_Stock_MS_adj_close,US_Stock_MS_adj_high,US_Stock_MS_adj_low,US_Stock_MS_adj_open,US_Stock_MS_adj_volume,US_Stock_NEM_adj_close,US_Stock_NEM_adj_high,US_Stock_NEM_adj_low,US_Stock_NEM_adj_open,US_Stock_NEM_adj_volume,US_Stock_NUE_adj_close,US_Stock_NUE_adj_high,US_Stock_NUE_adj_low,US_Stock_NUE_adj_open,US_Stock_NUE_adj_volume,US_Stock_NUGT_adj_close,US_Stock_NUGT_adj_high,US_Stock_NUGT_adj_low,US_Stock_NUGT_adj_open,US_Stock_NUGT_adj_volume,US_Stock_OIH_adj_close,US_Stock_OIH_adj_high,US_Stock_OIH_adj_low,US_Stock_OIH_adj_open,US_Stock_OIH_adj_volume,US_Stock_OKE_adj_close,US_Stock_OKE_adj_high,US_Stock_OKE_adj_low,US_Stock_OKE_adj_open,US_Stock_OKE_adj_volume,US_Stock_OXY_adj_close,US_Stock_OXY_adj_high,US_Stock_OXY_adj_low,US_Stock_OXY_adj_open,US_Stock_OXY_adj_volume,US_Stock_PAAS_adj_close,US_Stock_PAAS_adj_high,US_Stock_PAAS_adj_low,US_Stock_PAAS_adj_open,US_Stock_PAAS_adj_volume,US_Stock_RIO_adj_close,US_Stock_RIO_adj_high,US_Stock_RIO_adj_low,US_Stock_RIO_adj_open,US_Stock_RIO_adj_volume,US_Stock_RSP_adj_close,US_Stock_RSP_adj_high,US_Stock_RSP_adj_low,US_Stock_RSP_adj_open,US_Stock_RSP_adj_volume,US_Stock_RY_adj_close,US_Stock_RY_adj_high,US_Stock_RY_adj_low,US_Stock_RY_adj_open,US_Stock_RY_adj_volume,US_Stock_SCCO_adj_close,US_Stock_SCCO_adj_high,US_Stock_SCCO_adj_low,US_Stock_SCCO_adj_open,US_Stock_SCCO_adj_volume,US_Stock_SHEL_adj_close,US_Stock_SHEL_adj_high,US_Stock_SHEL_adj_low,US_Stock_SHEL_adj_open,US_Stock_SHEL_adj_volume,US_Stock_SHY_adj_close,US_Stock_SHY_adj_high,US_Stock_SHY_adj_low,US_Stock_SHY_adj_open,US_Stock_SHY_adj_volume,US_Stock_SLB_adj_close,US_Stock_SLB_adj_high,US_Stock_SLB_adj_low,US_Stock_SLB_adj_open,US_Stock_SLB_adj_volume,US_Stock_SLV_adj_close,US_Stock_SLV_adj_high,US_Stock_SLV_adj_low,US_Stock_SLV_adj_open,US_Stock_SLV_adj_volume,US_Stock_SPIB_adj_close,US_Stock_SPIB_adj_high,US_Stock_SPIB_adj_low,US_Stock_SPIB_adj_open,US_Stock_SPIB_adj_volume,US_Stock_SPTL_adj_close,US_Stock_SPTL_adj_high,US_Stock_SPTL_adj_low,US_Stock_SPTL_adj_open,US_Stock_SPTL_adj_volume,US_Stock_SPYV_adj_close,US_Stock_SPYV_adj_high,US_Stock_SPYV_adj_low,US_Stock_SPYV_adj_open,US_Stock_SPYV_adj_volume,US_Stock_STLD_adj_close,US_Stock_STLD_adj_high,US_Stock_STLD_adj_low,US_Stock_STLD_adj_open,US_Stock_STLD_adj_volume,US_Stock_TD_adj_close,US_Stock_TD_adj_high,US_Stock_TD_adj_low,US_Stock_TD_adj_open,US_Stock_TD_adj_volume,US_Stock_TECK_adj_close,US_Stock_TECK_adj_high,US_Stock_TECK_adj_low,US_Stock_TECK_adj_open,US_Stock_TECK_adj_volume,US_Stock_TIP_adj_close,US_Stock_TIP_adj_high,US_Stock_TIP_adj_low,US_Stock_TIP_adj_open,US_Stock_TIP_adj_volume,US_Stock_TRGP_adj_close,US_Stock_TRGP_adj_high,US_Stock_TRGP_adj_low,US_Stock_TRGP_adj_open,US_Stock_TRGP_adj_volume,US_Stock_URA_adj_close,US_Stock_URA_adj_high,US_Stock_URA_adj_low,US_Stock_URA_adj_open,US_Stock_URA_adj_volume,US_Stock_VALE_adj_close,US_Stock_VALE_adj_high,US_Stock_VALE_adj_low,US_Stock_VALE_adj_open,US_Stock_VALE_adj_volume,US_Stock_VCIT_adj_close,US_Stock_VCIT_adj_high,US_Stock_VCIT_adj_low,US_Stock_VCIT_adj_open,US_Stock_VCIT_adj_volume,US_Stock_VCSH_adj_close,US_Stock_VCSH_adj_high,US_Stock_VCSH_adj_low,US_Stock_VCSH_adj_open,US_Stock_VCSH_adj_volume,US_Stock_VEA_adj_close,US_Stock_VEA_adj_high,US_Stock_VEA_adj_low,US_Stock_VEA_adj_open,US_Stock_VEA_adj_volume,US_Stock_VGIT_adj_close,US_Stock_VGIT_adj_high,US_Stock_VGIT_adj_low,US_Stock_VGIT_adj_open,US_Stock_VGIT_adj_volume,US_Stock_VGK_adj_close,US_Stock_VGK_adj_high,US_Stock_VGK_adj_low,US_Stock_VGK_adj_open,US_Stock_VGK_adj_volume,US_Stock_VGLT_adj_close,US_Stock_VGLT_adj_high,US_Stock_VGLT_adj_low,US_Stock_VGLT_adj_open,US_Stock_VGLT_adj_volume,US_Stock_VGSH_adj_close,US_Stock_VGSH_adj_high,US_Stock_VGSH_adj_low,US_Stock_VGSH_adj_open,US_Stock_VGSH_adj_volume,US_Stock_VTV_adj_close,US_Stock_VTV_adj_high,US_Stock_VTV_adj_low,US_Stock_VTV_adj_open,US_Stock_VTV_adj_volume,US_Stock_VT_adj_close,US_Stock_VT_adj_high,US_Stock_VT_adj_low,US_Stock_VT_adj_open,US_Stock_VT_adj_volume,US_Stock_VWO_adj_close,US_Stock_VWO_adj_high,US_Stock_VWO_adj_low,US_Stock_VWO_adj_open,US_Stock_VWO_adj_volume,US_Stock_VXUS_adj_close,US_Stock_VXUS_adj_high,US_Stock_VXUS_adj_low,US_Stock_VXUS_adj_open,US_Stock_VXUS_adj_volume,US_Stock_VYM_adj_close,US_Stock_VYM_adj_high,US_Stock_VYM_adj_low,US_Stock_VYM_adj_open,US_Stock_VYM_adj_volume,US_Stock_WMB_adj_close,US_Stock_WMB_adj_high,US_Stock_WMB_adj_low,US_Stock_WMB_adj_open,US_Stock_WMB_adj_volume,US_Stock_WPM_adj_close,US_Stock_WPM_adj_high,US_Stock_WPM_adj_low,US_Stock_WPM_adj_open,US_Stock_WPM_adj_volume,US_Stock_XLB_adj_close,US_Stock_XLB_adj_high,US_Stock_XLB_adj_low,US_Stock_XLB_adj_open,US_Stock_XLB_adj_volume,US_Stock_XLE_adj_close,US_Stock_XLE_adj_high,US_Stock_XLE_adj_low,US_Stock_XLE_adj_open,US_Stock_XLE_adj_volume,US_Stock_XOM_adj_close,US_Stock_XOM_adj_high,US_Stock_XOM_adj_low,US_Stock_XOM_adj_open,US_Stock_XOM_adj_volume,US_Stock_X_adj_close,US_Stock_X_adj_high,US_Stock_X_adj_low,US_Stock_X_adj_open,US_Stock_X_adj_volume,US_Stock_YINN_adj_close,US_Stock_YINN_adj_high,US_Stock_YINN_adj_low,US_Stock_YINN_adj_open,US_Stock_YINN_adj_volume
163,,,,,,,,,,,,,,,,,,,,,,,,,,,,,,,,,,,,,,,,,,,,,,,,,,,,,,,,,,,,,,,,,,,,,,,,,,,,,,,,,,,,,,,,,,,,,,,,,,,,,,,,,,,,,,,,,,,,,,,,,,,,,,,,,,,,,,,,,,,,,,,,,,,,,,,,,,,,,,,,,,,,,,,,,,,,,,,,62.532200281636236,64.61487079646628,62.41796040415552,63.27460835890387,1091959.8371404489,,,,,,,,,,,,,,,,,,,,,,,,,,,,,,,,,,,,,,,,,,,,,,,,,,,,,,,,,,,,,,,,,,,,,,,,,,,,,,,,,,,,,,,,,,,,,,,,,,,,,,,,,,,,,,,,,,,,,,,,,,,,,,,,,,,,,,,,,,,,,,,,,,,,,,,,,,,,,,,,,,,,,,,,,,,,,,,,,,,,,,,,,,,,,,,,,,,,,,,,,,,,,,,,,,,,,,,,,,,,,,,,,,,,,,,,,,,,,,,,,,,,,,,,,,,,,,,,,,,,,,,,,,,,,,,,,,,,,,,,,,,,,,,,,,,,,,,
164,,,,,,,,,,,,,,,,,,,,,,,,,,,,,,,,,,,,,,,,,,,,,,,,,,,,,,,,,,,,,,,,,,,,,,,,,,,,,,,,,,,,,,,,,,,,,,,,,,,,,,,,,,,,,,,,,,,,,,,,,,,,,,,,,,,,,,,,,,,,,,,,,,,,,,,,,,,,,,,,,,,,,,,,,,,,,,,,62.0623478856791,63.99969642904649,61.890336625141686,63.071096295747886,1128332.1440867702,,,,,,,,,,,,,,,,,,,,,,,,,,,,,,,,,,,,,,,,,,,,,,,,,,,,,,,,,,,,,,,,,,,,,,,,,,,,,,,,,,,,,,,,,,,,,,,,,,,,,,,,,,,,,,,,,,,,,,,,,,,,,,,,,,,,,,,,,,,,,,,,,,,,,,,,,,,,,,,,,,,,,,,,,,,,,,,,,,,,,,,,,,,,,,,,,,,,,,,,,,,,,,,,,,,,,,,,,,,,,,,,,,,,,,,,,,,,,,,,,,,,,,,,,,,,,,,,,,,,,,,,,,,,,,,,,,,,,,,,,,,,,,,,,,,,,,,
165,,,,,,,,,,,,,,,,,,,,,,,,,,,,,,,,,,,,,,,,,,,,,,,,,,,,,,,,,,,,,,,,,,,,,,,,,,,,,,,,,,,,,,,,,,,,,,,,,,,,,,,,,,,,,,,,,,,,,,,,,,,,,,,,,,,,,,,,,,,,,,,,,,,,,,,,,,,,,,,,,,,,,,,,,,,,,,,,62.00662535438167,63.92741156350854,61.7621445610014,62.59813647815504,1052301.8807321994,,,,,,,,,,,,,,,,,,,,,,,,,,,,,,,,,,,,,,,,,,,,,,,,,,,,,,,,,,,,,,,,,,,,,,,,,,,,,,,,,,,,,,,,,,,,,,,,,,,,,,,,,,,,,,,,,,,,,,,,,,,,,,,,,,,,,,,,,,,,,,,,,,,,,,,,,,,,,,,,,,,,,,,,,,,,,,,,,,,,,,,,,,,,,,,,,,,,,,,,,,,,,,,,,,,,,,,,,,,,,,,,,,,,,,,,,,,,,,,,,,,,,,,,,,,,,,,,,,,,,,,,,,,,,,,,,,,,,,,,,,,,,,,,,,,,,,,
166,,,,,,,,,,,,,,,,,,,,,,,,,,,,,,,,,,,,,,,,,,,,,,,,,,,,,,,,,,,,,,,,,,,,,,,,,,,,,,,,,,,,,,,,,,,,,,,,,,,,,,,,,,,,,,,,,,,,,,,,,,,,,,,,,,,,,,,,,,,,,,,,,,,,,,,,,,,,,,,,,,,,,,,,,,,,,,,,61.78407336931429,63.84168532997501,61.680541021034664,62.87159523983109,1103697.4823503722,,,,,,,,,,,,,,,,,,,,,,,,,,,,,,,,,,,,,,,,,,,,,,,,,,,,,,,,,,,,,,,,,,,,,,,,,,,,,,,,,,,,,,,,,,,,,,,,,,,,,,,,,,,,,,,,,,,,,,,,,,,,,,,,,,,,,,,,,,,,,,,,,,,,,,,,,,,,,,,,,,,,,,,,,,,,,,,,,,,,,,,,,,,,,,,,,,,,,,,,,,,,,,,,,,,,,,,,,,,,,,,,,,,,,,,,,,,,,,,,,,,,,,,,,,,,,,,,,,,,,,,,,,,,,,,,,,,,,,,,,,,,,,,,,,,,,,,
167,,,,,,,,,,,,,,,,,,,,,,,,,,,,,,,,,,,,,,,,,,,,,,,,,,,,,,,,,,,,,,,,,,,,,,,,,,,,,,,,,,,,,,,,,,,,,,,,,,,,,,,,,,,,,,,,,,,,,,,,,,,,,,,,,,,,,,,,,,,,,,,,,,,,,,,,,,,,,,,,,,,,,,,,,,,,,,,,61.63090795232875,63.5614077282418,61.45394819571168,62.37015684357383,1089925.8936210768,,,,,,,,,,,,,,,,,,,,,,,,,,,,,,,,,,,,,,,,,,,,,,,,,,,,,,,,,,,,,,,,,,,,,,,,,,,,,,,,,,,,,,,,,,,,,,,,,,,,,,,,,,,,,,,,,,,,,,,,,,,,,,,,,,,,,,,,,,,,,,,,,,,,,,,,,,,,,,,,,,,,,,,,,,,,,,,,,,,,,,,,,,,,,,,,,,,,,,,,,,,,,,,,,,,,,,,,,,,,,,,,,,,,,,,,,,,,,,,,,,,,,,,,,,,,,,,,,,,,,,,,,,,,,,,,,,,,,,,,,,,,,,,,,,,,,,,
168,,,,,,,,,,,,,,,,,,,,,,,,,,,,,,,,,,,,,,,,,,,,,,,,,,,,,,,,,,,,,,,,,,,,,,,,,,,,,,,,,,,,,,,,,,,,,,,,,,,,,,,,,,,,,,,,,,,,,,,,,,,,,,,,,,,,,,,,,,,,,,,,,,,,,,,,,,,,,,,,,,,,,,,,,,,,,,,,61.44664292431682,63.53403924633641,61.35449800473519,62.45322460049188,1149179.730618837,,,,,,,,,,,,,,,,,,,,,,,,,,,,,,,,,,,,,,,,,,,,,,,,,,,,,,,,,,,,,,,,,,,,,,,,,,,,,,,,,,,,,,,,,,,,,,,,,,,,,,,,,,,,,,,,,,,,,,,,,,,,,,,,,,,,,,,,,,,,,,,,,,,,,,,,,,,,,,,,,,,,,,,,,,,,,,,,,,,,,,,,,,,,,,,,,,,,,,,,,,,,,,,,,,,,,,,,,,,,,,,,,,,,,,,,,,,,,,,,,,,,,,,,,,,,,,,,,,,,,,,,,,,,,,,,,,,,,,,,,,,,,,,,,,,,,,,
169,,,,,,,,,,,,,,,,,,,,,,,,,,,,,,,,,,,,,,,,,,,,,,,,,,,,,,,,,,,,,,,,,,,,,,,,,,,,,,,,,,,,,,,,,,,,,,,,,,,,,,,,,,,,,,,,,,,,,,,,,,,,,,,,,,,,,,,,,,,,,,,,,,,,,,,,,,,,,,,,,,,,,,,,,,,,,,,,60.985725553142345,62.94146554930448,60.81274294949858,61.73051420899955,1195185.40458081,,,,,,,,,,,,,,,,,,,,,,,,,,,,,,,,,,,,,,,,,,,,,,,,,,,,,,,,,,,,,,,,,,,,,,,,,,,,,,,,,,,,,,,,,,,,,,,,,,,,,,,,,,,,,,,,,,,,,,,,,,,,,,,,,,,,,,,,,,,,,,,,,,,,,,,,,,,,,,,,,,,,,,,,,,,,,,,,,,,,,,,,,,,,,,,,,,,,,,,,,,,,,,,,,,,,,,,,,,,,,,,,,,,,,,,,,,,,,,,,,,,,,,,,,,,,,,,,,,,,,,,,,,,,,,,,,,,,,,,,,,,,,,,,,,,,,,,
170,,,,,,,,,,,,,,,,,,,,,,,,,,,,,,,,,,,,,,,,,,,,,,,,,,,,,,,,,,,,,,,,,,,,,,,,,,,,,,,,,,,,,,,,,,,,,,,,,,,,,,,,,,,,,,,,,,,,,,,,,,,,,,,,,,,,,,,,,,,,,,,,,,,,,,,,,,,,,,,,,,,,,,,,,,,,,,,,60.931088695388716,62.8757494281311,60.69067842799042,61.71564360717406,1122199.7185200509,,,,,,,,,,,,,,,,,,,,,,,,,,,,,,,,,,,,,,,,,,,,,,,,,,,,,,,,,,,,,,,,,,,,,,,,,,,,,,,,,,,,,,,,,,,,,,,,,,,,,,,,,,,,,,,,,,,,,,,,,,,,,,,,,,,,,,,,,,,,,,,,,,,,,,,,,,,,,,,,,,,,,,,,,,,,,,,,,,,,,,,,,,,,,,,,,,,,,,,,,,,,,,,,,,,,,,,,,,,,,,,,,,,,,,,,,,,,,,,,,,,,,,,,,,,,,,,,,,,,,,,,,,,,,,,,,,,,,,,,,,,,,,,,,,,,,,,
171,,,,,,,,,,,,,,,,,,,,,,,,,,,,,,,,,,,,,,,,,,,,,,,,,,,,,,,,,,,,,,,,,,,,,,,,,,,,,,,,,,,,,,,,,,,,,,,,,,,,,,,,,,,,,,,,,,,,,,,,,,,,,,,,,,,,,,,,,,,,,,,,,,,,,,,,,,,,,,,,,,,,,,,,,,,,,,,,60.7086686279234,62.79193235931642,60.606417889595754,61.58492978556241,1174557.5435106887,,,,,,,,,,,,,,,,,,,,,,,,,,,,,,,,,,,,,,,,,,,,,,,,,,,,,,,,,,,,,,,,,,,,,,,,,,,,,,,,,,,,,,,,,,,,,,,,,,,,,,,,,,,,,,,,,,,,,,,,,,,,,,,,,,,,,,,,,,,,,,,,,,,,,,,,,,,,,,,,,,,,,,,,,,,,,,,,,,,,,,,,,,,,,,,,,,,,,,,,,,,,,,,,,,,,,,,,,,,,,,,,,,,,,,,,,,,,,,,,,,,,,,,,,,,,,,,,,,,,,,,,,,,,,,,,,,,,,,,,,,,,,,,,,,,,,,,
172,,,,,,,,,,,,,,,,,,,,,,,,,,,,,,,,,,,,,,,,,,,,,,,,,,,,,,,,,,,,,,,,,,,,,,,,,,,,,,,,,,,,,,,,,,,,,,,,,,,,,,,,,,,,,,,,,,,,,,,,,,,,,,,,,,,,,,,,,,,,,,,,,,,,,,,,,,,,,,,,,,,,,,,,,,,,,,,,60.55551923993095,62.512209644441555,60.38097718039335,61.44009327264748,1161090.0606487002,,,,,,,,,,,,,,,,,,,,,,,,,,,,,,,,,,,,,,,,,,,,,,,,,,,,,,,,,,,,,,,,,,,,,,,,,,,,,,,,,,,,,,,,,,,,,,,,,,,,,,,,,,,,,,,,,,,,,,,,,,,,,,,,,,,,,,,,,,,,,,,,,,,,,,,,,,,,,,,,,,,,,,,,,,,,,,,,,,,,,,,,,,,,,,,,,,,,,,,,,,,,,,,,,,,,,,,,,,,,,,,,,,,,,,,,,,,,,,,,,,,,,,,,,,,,,,,,,,,,,,,,,,,,,,,,,,,,,,,,,,,,,,,,,,,,,,,
173,,,,,,,,,,,,,,,,,,,,,,,,,,,,,,,,,,,,,,,,,,,,,,,,,,,,,,,,,,,,,,,,,,,,,,,,,,,,,,,,,,,,,,,,,,,,,,,,,,,,,,,,,,,,,,,,,,,,,,,,,,,,,,,,,,,,,,,,,,,,,,,,,,,,,,,,,,,,,,,,,,,,,,,,,,,,,,,,60.371256159563735,62.48500243695242,60.2810274138276,61.208530823407344,1220440.0087794645,,,,,,,,,,,,,,,,,,,,,,,,,,,,,,,,,,,,,,,,,,,,,,,,,,,,,,,,,,,,,,,,,,,,,,,,,,,,,,,,,,,,,,,,,,,,,,,,,,,,,,,,,,,,,,,,,,,,,,,,,,,,,,,,,,,,,,,,,,,,,,,,,,,,,,,,,,,,,,,,,,,,,,,,,,,,,,,,,,,,,,,,,,,,,,,,,,,,,,,,,,,,,,,,,,,,,,,,,,,,,,,,,,,,,,,,,,,,,,,,,,,,,,,,,,,,,,,,,,,,,,,,,,,,,,,,,,,,,,,,,,,,,,,,,,,,,,,
175,,,,,,,,,,,,,,,,,,,,,,,,,,,,,,,,,,,,,,,,,,,,,,,,,,,,,,,,,,,,,,,,,,,,,,,,,,,,,,,,,,,,,,,,,,,,,,,,,,,,,,,,,,,,,,,,,,,,,,,,,,,,,,,,,,,,,,,,,,,,,,,,,,,,,,,,,,,,,,,,,,,,,,,,,,,,,,,,59.91033902504292,61.89247561332711,59.73948898238865,60.76341898439409,1266476.0581826256,,,,,,,,,,,,,,,,,,,,,,,,,,,,,,,,,,,,,,,,,,,,,,,,,,,,,,,,,,,,,,,,,,,,,,,,,,,,,,,,,,,,,,,,,,,,,,,,,,,,,,,,,,,,,,,,,,,,,,,,,,,,,,,,,,,,,,,,,,,,,,,,,,,,,,,,,,,,,,,,,,,,,,,,,,,,,,,,,,,,,,,,,,,,,,,,,,,,,,,,,,,,,,,,,,,,,,,,,,,,,,,,,,,,,,,,,,,,,,,,,,,,,,,,,,,,,,,,,,,,,,,,,,,,,,,,,,,,,,,,,,,,,,,,,,,,,,,
176,,,,,,,,,,,,,,,,,,,,,,,,,,,,,,,,,,,,,,,,,,,,,,,,,,,,,,,,,,,,,,,,,,,,,,,,,,,,,,,,,,,,,,,,,,,,,,,,,,,,,,,,,,,,,,,,,,,,,,,,,,,,,,,,,,,,,,,,,,,,,,,,,,,,,,,,,,,,,,,,,,,,,,,,,,,,,,,,59.85570219604452,61.826773115617996,59.61733052941002,60.50362289598091,1193499.9721275943,,,,,,,,,,,,,,,,,,,,,,,,,,,,,,,,,,,,,,,,,,,,,,,,,,,,,,,,,,,,,,,,,,,,,,,,,,,,,,,,,,,,,,,,,,,,,,,,,,,,,,,,,,,,,,,,,,,,,,,,,,,,,,,,,,,,,,,,,,,,,,,,,,,,,,,,,,,,,,,,,,,,,,,,,,,,,,,,,,,,,,,,,,,,,,,,,,,,,,,,,,,,,,,,,,,,,,,,,,,,,,,,,,,,,,,,,,,,,,,,,,,,,,,,,,,,,,,,,,,,,,,,,,,,,,,,,,,,,,,,,,,,,,,,,,,,,,,
177,,,,,,,,,,,,,,,,,,,,,,,,,,,,,,,,,,,,,,,,,,,,,,,,,,,,,,,,,,,,,,,,,,,,,,,,,,,,,,,,,,,,,,,,,,,,,,,,,,,,,,,,,,,,,,,,,,,,,,,,,,,,,,,,,,,,,,,,,,,,,,,,,,,,,,,,,,,,,,,,,,,,,,,,,,,,,,,,59.63328213207319,61.742960006378524,59.533110721171695,60.589007081525615,1245860.8311518584,,,,,,,,,,,,,,,,,,,,,,,,,,,,,,,,,,,,,,,,,,,,,,,,,,,,,,,,,,,,,,,,,,,,,,,,,,,,,,,,,,,,,,,,,,,,,,,,,,,,,,,,,,,,,,,,,,,,,,,,,,,,,,,,,,,,,,,,,,,,,,,,,,,,,,,,,,,,,,,,,,,,,,,,,,,,,,,,,,,,,,,,,,,,,,,,,,,,,,,,,,,,,,,,,,,,,,,,,,,,,,,,,,,,,,,,,,,,,,,,,,,,,,,,,,,,,,,,,,,,,,,,,,,,,,,,,,,,,,,,,,,,,,,,,,,,,,,
180,,,,,,,,,,,,,,,,,,,,,,,,,,,,,,,,,,,,,,,,,,,,,,,,,,,,,,,,,,,,,,,,,,,,,,,,,,,,,,,,,,,,,,,,,,,,,,,,,,,,,,,,,,,,,,,,,,,,,,,,,,,,,,,,,,,,,,,,,,,,,,,,,,,,,,,,,,,,,,,,,,,,,,,,,,,,,,,,59.480132744505276,61.46323844232958,59.307652350735765,60.253507076021364,1232394.3071809695,,,,,,,,,,,,,,,,,,,,,,,,,,,,,,,,,,,,,,,,,,,,,,,,,,,,,,,,,,,,,,,,,,,,,,,,,,,,,,,,,,,,,,,,,,,,,,,,,,,,,,,,,,,,,,,,,,,,,,,,,,,,,,,,,,,,,,,,,,,,,,,,,,,,,,,,,,,,,,,,,,,,,,,,,,,,,,,,,,,,,,,,,,,,,,,,,,,,,,,,,,,,,,,,,,,,,,,,,,,,,,,,,,,,,,,,,,,,,,,,,,,,,,,,,,,,,,,,,,,,,,,,,,,,,,,,,,,,,,,,,,,,,,,,,,,,,,,
181,,,,,,,,,,,,,,,,,,,,,,,,,,,,,,,,,,,,,,,,,,,,,,,,,,,,,,,,,,,,,,,,,,,,,,,,,,,,,,,,,,,,,,,,,,,,,,,,,,,,,,,,,,,,,,,,,,,,,,,,,,,,,,,,,,,,,,,,,,,,,,,,,,,,,,,,,,,,,,,,,,,,,,,,,,,,,,,,59.295869664189645,61.43603156932085,59.20771024235741,60.19016722117126,1291744.5583644528,,,,,,,,,,,,,,,,,,,,,,,,,,,,,,,,,,,,,,,,,,,,,,,,,,,,,,,,,,,,,,,,,,,,,,,,,,,,,,,,,,,,,,,,,,,,,,,,,,,,,,,,,,,,,,,,,,,,,,,,,,,,,,,,,,,,,,,,,,,,,,,,,,,,,,,,,,,,,,,,,,,,,,,,,,,,,,,,,,,,,,,,,,,,,,,,,,,,,,,,,,,,,,,,,,,,,,,,,,,,,,,,,,,,,,,,,,,,,,,,,,,,,,,,,,,,,,,,,,,,,,,,,,,,,,,,,,,,,,,,,,,,,,,,,,,,,,,
182,,,,,,,,,,,,,,,,,,,,,,,,,,,,,,,,,,,,,,,,,,,,,,,,,,,,,,,,,,,,,,,,,,,,,,,,,,,,,,,,,,,,,,,,,,,,,,,,,,,,,,,,,,,,,,,,,,,,,,,,,,,,,,,,,,,,,,,,,,,,,,,,,,,,,,,,,,,,,,,,,,,,,,,,,,,,,,,,58.8349525296751,60.84350484291019,58.6661684902085,59.59663241518621,1337780.7035459047,,,,,,,,,,,,,,,,,,,,,,,,,,,,,,,,,,,,,,,,,,,,,,,,,,,,,,,,,,,,,,,,,,,,,,,,,,,,,,,,,,,,,,,,,,,,,,,,,,,,,,,,,,,,,,,,,,,,,,,,,,,,,,,,,,,,,,,,,,,,,,,,,,,,,,,,,,,,,,,,,,,,,,,,,,,,,,,,,,,,,,,,,,,,,,,,,,,,,,,,,,,,,,,,,,,,,,,,,,,,,,,,,,,,,,,,,,,,,,,,,,,,,,,,,,,,,,,,,,,,,,,,,,,,,,,,,,,,,,,,,,,,,,,,,,,,,,,
183,,,,,,,,,,,,,,,,,,,,,,,,,,,,,,,,,,,,,,,,,,,,,,,,,,,,,,,,,,,,,,,,,,,,,,,,,,,,,,,,,,,,,,,,,,,,,,,,,,,,,,,,,,,,,,,,,,,,,,,,,,,,,,,,,,,,,,,,,,,,,,,,,,,,,,,,,,,,,,,,,,,,,,,,,,,,,,,,58.78031570067745,60.77780237345592,58.5440114771417,59.46779006223639,1264804.6477611219,,,,,,,,,,,,,,,,,,,,,,,,,,,,,,,,,,,,,,,,,,,,,,,,,,,,,,,,,,,,,,,,,,,,,,,,,,,,,,,,,,,,,,,,,,,,,,,,,,,,,,,,,,,,,,,,,,,,,,,,,,,,,,,,,,,,,,,,,,,,,,,,,,,,,,,,,,,,,,,,,,,,,,,,,,,,,,,,,,,,,,,,,,,,,,,,,,,,,,,,,,,,,,,,,,,,,,,,,,,,,,,,,,,,,,,,,,,,,,,,,,,,,,,,,,,,,,,,,,,,,,,,,,,,,,,,,,,,,,,,,,,,,,,,,,,,,,,
184,,,,,,,,,,,,,,,,,,,,,,,,,,,,,,,,,,,,,,,,,,,,,,,,,,,,,,,,,,,,,,,,,,,,,,,,,,,,,,,,,,,,,,,,,,,,,,,,,,,,,,,,,,,,,,,,,,,,,,,,,,,,,,,,,,,,,,,,,,,,,,,,,,,,,,,,,,,,,,,,,,,,,,,,,,,,,,,,58.55789563670621,60.69398927242854,58.45979104453506,59.43763363313305,1317165.516352146,,,,,,,,,,,,,,,,,,,,,,,,,,,,,,,,,,,,,,,,,,,,,,,,,,,,,,,,,,,,,,,,,,,,,,,,,,,,,,,,,,,,,,,,,,,,,,,,,,,,,,,,,,,,,,,,,,,,,,,,,,,,,,,,,,,,,,,,,,,,,,,,,,,,,,,,,,,,,,,,,,,,,,,,,,,,,,,,,,,,,,,,,,,,,,,,,,,,,,,,,,,,,,,,,,,,,,,,,,,,,,,,,,,,,,,,,,,,,,,,,,,,,,,,,,,,,,,,,,,,,,,,,,,,,,,,,,,,,,,,,,,,,,,,,,,,,,,
185,,,,,,,,,,,,,,,,,,,,,,,,,,,,,,,,,,,,,,,,,,,,,,,,,,,,,,,,,,,,,,,,,,,,,,,,,,,,,,,,,,,,,,,,,,,,,,,,,,,,,,,,,,,,,,,,,,,,,,,,,,,,,,,,,,,,,,,,,,,,,,,,,,,,,,,,,,,,,,,,,,,,,,,,,,,,,,,,58.40474624913832,60.41426771076639,58.23433294483501,59.204075230027634,1303698.9954047834,,,,,,,,,,,,,,,,,,,,,,,,,,,,,,,,,,,,,,,,,,,,,,,,,,,,,,,,,,,,,,,,,,,,,,,,,,,,,,,,,,,,,,,,,,,,,,,,,,,,,,,,,,,,,,,,,,,,,,,,,,,,,,,,,,,,,,,,,,,,,,,,,,,,,,,,,,,,,,,,,,,,,,,,,,,,,,,,,,,,,,,,,,,,,,,,,,,,,,,,,,,,,,,,,,,,,,,,,,,,,,,,,,,,,,,,,,,,,,,,,,,,,,,,,,,,,,,,,,,,,,,,,,,,,,,,,,,,,,,,,,,,,,,,,,,,,,,
186,,,,,,,,,,,,,,,,,,,,,,,,,,,,,,,,,,,,,,,,,,,,,,,,,,,,,,,,,,,,,,,,,,,,,,,,,,,,,,,,,,,,,,,,,,,,,,,,,,,,,,,,,,,,,,,,,,,,,,,,,,,,,,,,,,,,,,,,,,,,,,,,,,,,,,,,,,,,,,,,,,,,,,,,,,,,,,,,58.22048316882269,60.38706083845137,58.13439071906133,59.05079219518582,1363049.247543837,,,,,,,,,,,,,,,,,,,,,,,,,,,,,,,,,,,,,,,,,,,,,,,,,,,,,,,,,,,,,,,,,,,,,,,,,,,,,,,,,,,,,,,,,,,,,,,,,,,,,,,,,,,,,,,,,,,,,,,,,,,,,,,,,,,,,,,,,,,,,,,,,,,,,,,,,,,,,,,,,,,,,,,,,,,,,,,,,,,,,,,,,,,,,,,,,,,,,,,,,,,,,,,,,,,,,,,,,,,,,,,,,,,,,,,,,,,,,,,,,,,,,,,,,,,,,,,,,,,,,,,,,,,,,,,,,,,,,,,,,,,,,,,,,,,,,,,
187,,,,,,,,,,,,,,,,,,,,,,,,,,,,,,,,,,,,,,,,,,,,,,,,,,,,,,,,,,,,,,,,,,,,,,,,,,,,,,,,,,,,,,,,,,,,,,,,,,,,,,,,,,,,,,,,,,,,,,,,,,,,,,,,,,,,,,,,,,,,,,,,,,,,,,,,,,,,,,,,,,,,,,,,,,,,,,,,57.75956603430814,59.79453411224233,57.59284901781686,58.536614348839,1409085.393027292,,,,,,,,,,,,,,,,,,,,,,,,,,,,,,,,,,,,,,,,,,,,,,,,,,,,,,,,,,,,,,,,,,,,,,,,,,,,,,,,,,,,,,,,,,,,,,,,,,,,,,,,,,,,,,,,,,,,,,,,,,,,,,,,,,,,,,,,,,,,,,,,,,,,,,,,,,,,,,,,,,,,,,,,,,,,,,,,,,,,,,,,,,,,,,,,,,,,,,,,,,,,,,,,,,,,,,,,,,,,,,,,,,,,,,,,,,,,,,,,,,,,,,,,,,,,,,,,,,,,,,,,,,,,,,,,,,,,,,,,,,,,,,,,,,,,,,,
188,,,,,,,,,,,,,,,,,,,,,,,,,,,,,,,,,,,,,,,,,,,,,,,,,,,,,,,,,,,,,,,,,,,,,,,,,,,,,,,,,,,,,,,,,,,,,,,,,,,,,,,,,,,,,,,,,,,,,,,,,,,,,,,,,,,,,,,,,,,,,,,,,,,,,,,,,,,,,,,,,,,,,,,,,,,,,,,,57.70492920531049,59.72883164284666,57.470691982677096,58.337755269289076,1336109.3373379556,,,,,,,,,,,,,,,,,,,,,,,,,,,,,,,,,,,,,,,,,,,,,,,,,,,,,,,,,,,,,,,,,,,,,,,,,,,,,,,,,,,,,,,,,,,,,,,,,,,,,,,,,,,,,,,,,,,,,,,,,,,,,,,,,,,,,,,,,,,,,,,,,,,,,,,,,,,,,,,,,,,,,,,,,,,,,,,,,,,,,,,,,,,,,,,,,,,,,,,,,,,,,,,,,,,,,,,,,,,,,,,,,,,,,,,,,,,,,,,,,,,,,,,,,,,,,,,,,,,,,,,,,,,,,,,,,,,,,,,,,,,,,,,,,,,,,,,
189,,,,,,,,,,,,,,,,,,,,,,,,,,,,,,,,,,,,,,,,,,,,,,,,,,,,,,,,,,,,,,,,,,,,,,,,,,,,,,,,,,,,,,,,,,,,,,,,,,,,,,,,,,,,,,,,,,,,,,,,,,,,,,,,,,,,,,,,,,,,,,,,,,,,,,,,,,,,,,,,,,,,,,,,,,,,,,,,57.48250914133926,59.64501854183631,57.386471559641635,58.36937466962959,1388470.205959145,,,,,,,,,,,,,,,,,,,,,,,,,,,,,,,,,,,,,,,,,,,,,,,,,,,,,,,,,,,,,,,,,,,,,,,,,,,,,,,,,,,,,,,,,,,,,,,,,,,,,,,,,,,,,,,,,,,,,,,,,,,,,,,,,,,,,,,,,,,,,,,,,,,,,,,,,,,,,,,,,,,,,,,,,,,,,,,,,,,,,,,,,,,,,,,,,,,,,,,,,,,,,,,,,,,,,,,,,,,,,,,,,,,,,,,,,,,,,,,,,,,,,,,,,,,,,,,,,,,,,,,,,,,,,,,,,,,,,,,,,,,,,,,,,,,,,,,
190,,,,,,,,,,,,,,,,,,,,,,,,,,,,,,,,,,,,,,,,,,,,,,,,,,,,,,,,,,,,,,,,,,,,,,,,,,,,,,,,,,,,,,,,,,,,,,,,,,,,,,,,,,,,,,,,,,,,,,,,,,,,,,,,,,,,,,,,,,,,,,,,,,,,,,,,,,,,,,,,,,,,,,,,,,,,,,,,57.32935975377136,59.36529698017911,57.16101345579137,58.08131138906436,1375003.6850213162,,,,,,,,,,,,,,,,,,,,,,,,,,,,,,,,,,,,,,,,,,,,,,,,,,,,,,,,,,,,,,,,,,,,,,,,,,,,,,,,,,,,,,,,,,,,,,,,,,,,,,,,,,,,,,,,,,,,,,,,,,,,,,,,,,,,,,,,,,,,,,,,,,,,,,,,,,,,,,,,,,,,,,,,,,,,,,,,,,,,,,,,,,,,,,,,,,,,,,,,,,,,,,,,,,,,,,,,,,,,,,,,,,,,,,,,,,,,,,,,,,,,,,,,,,,,,,,,,,,,,,,,,,,,,,,,,,,,,,,,,,,,,,,,,,,,,,,
191,,,,,,,,,,,,,,,,,,,,,,,,,,,,,,,,,,,,,,,,,,,,,,,,,,,,,,,,,,,,,,,,,,,,,,,,,,,,,,,,,,,,,,,,,,,,,,,,,,,,,,,,,,,,,,,,,,,,,,,,,,,,,,,,,,,,,,,,,,,,,,,,,,,,,,,,,,,,,,,,,,,,,,,,,,,,,,,,57.145096673455726,59.33809010786552,57.06107123181729,57.976118063315155,1434353.937163383,,,,,,,,,,,,,,,,,,,,,,,,,,,,,,,,,,,,,,,,,,,,,,,,,,,,,,,,,,,,,,,,,,,,,,,,,,,,,,,,,,,,,,,,,,,,,,,,,,,,,,,,,,,,,,,,,,,,,,,,,,,,,,,,,,,,,,,,,,,,,,,,,,,,,,,,,,,,,,,,,,,,,,,,,,,,,,,,,,,,,,,,,,,,,,,,,,,,,,,,,,,,,,,,,,,,,,,,,,,,,,,,,,,,,,,,,,,,,,,,,,,,,,,,,,,,,,,,,,,,,,,,,,,,,,,,,,,,,,,,,,,,,,,,,,,,,,,
192,,,,,,,,,,,,,,,,,,,,,,,,,,,,,,,,,,,,,,,,,,,,,,,,,,,,,,,,,,,,,,,,,,,,,,,,,,,,,,,,,,,,,,,,,,,,,,,,,,,,,,,,,,,,,,,,,,,,,,,,,,,,,,,,,,,,,,,,,,,,,,,,,,,,,,,,,,,,,,,,,,,,,,,,,,,,,,,,56.68417953894118,58.74556338165689,56.519529529792486,57.419510617483105,1480390.0826477904,,,,,,,,,,,,,,,,,,,,,,,,,,,,,,,,,,,,,,,,,,,,,,,,,,,,,,,,,,,,,,,,,,,,,,,,,,,,,,,,,,,,,,,,,,,,,,,,,,,,,,,,,,,,,,,,,,,,,,,,,,,,,,,,,,,,,,,,,,,,,,,,,,,,,,,,,,,,,,,,,,,,,,,,,,,,,,,,,,,,,,,,,,,,,,,,,,,,,,,,,,,,,,,,,,,,,,,,,,,,,,,,,,,,,,,,,,,,,,,,,,,,,,,,,,,,,,,,,,,,,,,,,,,,,,,,,,,,,,,,,,,,,,,,,,,,,,,
193,,,,,,,,,,,,,,,,,,,,,,,,,,,,,,,,,,,,,,,,,,,,,,,,,,,,,,,,,,,,,,,,,,,,,,,,,,,,,,,,,,,,,,,,,,,,,,,,,,,,,,,,,,,,,,,,,,,,,,,,,,,,,,,,,,,,,,,,,,,,,,,,,,,,,,,,,,,,,,,,,,,,,,,,,,,,,,,,56.62954270994353,58.67986091226134,56.39737249499109,57.25808721692659,1407414.026958755,,,,,,,,,,,,,,,,,,,,,,,,,,,,,,,,,,,,,,,,,,,,,,,,,,,,,,,,,,,,,,,,,,,,,,,,,,,,,,,,,,,,,,,,,,,,,,,,,,,,,,,,,,,,,,,,,,,,,,,,,,,,,,,,,,,,,,,,,,,,,,,,,,,,,,,,,,,,,,,,,,,,,,,,,,,,,,,,,,,,,,,,,,,,,,,,,,,,,,,,,,,,,,,,,,,,,,,,,,,,,,,,,,,,,,,,,,,,,,,,,,,,,,,,,,,,,,,,,,,,,,,,,,,,,,,,,,,,,,,,,,,,,,,,,,,,,,,
194,,,,,,,,,,,,,,,,,,,,,,,,,,,,,,,,,,,,,,,,,,,,,,,,,,,,,,,,,,,,,,,,,,,,,,,,,,,,,,,,,,,,,,,,,,,,,,,,,,,,,,,,,,,,,,,,,,,,,,,,,,,,,,,,,,,,,,,,,,,,,,,,,,,,,,,,,,,,,,,,,,,,,,,,,,,,,,,,56.407122645972294,58.596047811251026,56.31315207180891,57.25667707942796,1459774.8955800396,,,,,,,,,,,,,,,,,,,,,,,,,,,,,,,,,,,,,,,,,,,,,,,,,,,,,,,,,,,,,,,,,,,,,,,,,,,,,,,,,,,,,,,,,,,,,,,,,,,,,,,,,,,,,,,,,,,,,,,,,,,,,,,,,,,,,,,,,,,,,,,,,,,,,,,,,,,,,,,,,,,,,,,,,,,,,,,,,,,,,,,,,,,,,,,,,,,,,,,,,,,,,,,,,,,,,,,,,,,,,,,,,,,,,,,,,,,,,,,,,,,,,,,,,,,,,,,,,,,,,,,,,,,,,,,,,,,,,,,,,,,,,,,,,,,,,,,
195,,,,,,,,,,,,,,,,,,,,,,,,,,,,,,,,,,,,,,,,,,,,,,,,,,,,,,,,,,,,,,,,,,,,,,,,,,,,,,,,,,,,,,,,,,,,,,,,,,,,,,,,,,,,,,,,,,,,,,,,,,,,,,,,,,,,,,,,,,,,,,,,,,,,,,,,,,,,,,,,,,,,,,,,,,,,,,,,56.25397325840439,58.316326249593835,56.087693968022265,56.99775579385793,1446308.3746422406,,,,,,,,,,,,,,,,,,,,,,,,,,,,,,,,,,,,,,,,,,,,,,,,,,,,,,,,,,,,,,,,,,,,,,,,,,,,,,,,,,,,,,,,,,,,,,,,,,,,,,,,,,,,,,,,,,,,,,,,,,,,,,,,,,,,,,,,,,,,,,,,,,,,,,,,,,,,,,,,,,,,,,,,,,,,,,,,,,,,,,,,,,,,,,,,,,,,,,,,,,,,,,,,,,,,,,,,,,,,,,,,,,,,,,,,,,,,,,,,,,,,,,,,,,,,,,,,,,,,,,,,,,,,,,,,,,,,,,,,,,,,,,,,,,,,,,,
196,,,,,,,,,,,,,,,,,,,,,,,,,,,,,,,,,,,,,,,,,,,,,,,,,,,,,,,,,,,,,,,,,,,,,,,,,,,,,,,,,,,,,,,,,,,,,,,,,,,,,,,,,,,,,,,,,,,,,,,,,,,,,,,,,,,,,,,,,,,,,,,,,,,,,,,,,,,,,,,,,,,,,,,,,,,,,,,,56.06971017808876,58.28911937728025,55.9877517440206,56.866850456138216,1505658.626784317,,,,,,,,,,,,,,,,,,,,,,,,,,,,,,,,,,,,,,,,,,,,,,,,,,,,,,,,,,,,,,,,,,,,,,,,,,,,,,,,,,,,,,,,,,,,,,,,,,,,,,,,,,,,,,,,,,,,,,,,,,,,,,,,,,,,,,,,,,,,,,,,,,,,,,,,,,,,,,,,,,,,,,,,,,,,,,,,,,,,,,,,,,,,,,,,,,,,,,,,,,,,,,,,,,,,,,,,,,,,,,,,,,,,,,,,,,,,,,,,,,,,,,,,,,,,,,,,,,,,,,,,,,,,,,,,,,,,,,,,,,,,,,,,,,,,,,,
197,,,,,,,,,,,,,,,,,,,,,,,,,,,,,,,,,,,,,,,,,,,,,,,,,,,,,,,,,,,,,,,,,,,,,,,,,,,,,,,,,,,,,,,,,,,,,,,,,,,,,,,,,,,,,,,,,,,,,,,,,,,,,,,,,,,,,,,,,,,,,,,,,,,,,,,,,,,,,,,,,,,,,,,,,,,,,,,,55.60879304357422,57.696592651071626,55.44621004200776,56.332928744748166,1551694.7722687272,,,,,,,,,,,,,,,,,,,,,,,,,,,,,,,,,,,,,,,,,,,,,,,,,,,,,,,,,,,,,,,,,,,,,,,,,,,,,,,,,,,,,,,,,,,,,,,,,,,,,,,,,,,,,,,,,,,,,,,,,,,,,,,,,,,,,,,,,,,,,,,,,,,,,,,,,,,,,,,,,,,,,,,,,,,,,,,,,,,,,,,,,,,,,,,,,,,,,,,,,,,,,,,,,,,,,,,,,,,,,,,,,,,,,,,,,,,,,,,,,,,,,,,,,,,,,,,,,,,,,,,,,,,,,,,,,,,,,,,,,,,,,,,,,,,,,,,
198,,,,,,,,,,,,,,,,,,,,,,,,,,,,,,,,,,,,,,,,,,,,,,,,,,,,,,,,,,,,,,,,,,,,,,,,,,,,,,,,,,,,,,,,,,,,,,,,,,,,,,,,,,,,,,,,,,,,,,,,,,,,,,,,,,,,,,,,,,,,,,,,,,,,,,,,,,,,,,,,,,,,,,,,,,,,,,,,55.554156214576565,57.63089018167608,55.32405300720118,56.15148969750623,1478718.7165796927,,,,,,,,,,,,,,,,,,,,,,,,,,,,,,,,,,,,,,,,,,,,,,,,,,,,,,,,,,,,,,,,,,,,,,,,,,,,,,,,,,,,,,,,,,,,,,,,,,,,,,,,,,,,,,,,,,,,,,,,,,,,,,,,,,,,,,,,,,,,,,,,,,,,,,,,,,,,,,,,,,,,,,,,,,,,,,,,,,,,,,,,,,,,,,,,,,,,,,,,,,,,,,,,,,,,,,,,,,,,,,,,,,,,,,,,,,,,,,,,,,,,,,,,,,,,,,,,,,,,,,,,,,,,,,,,,,,,,,,,,,,,,,,,,,,,,,,
199,,,,,,,,,,,,,,,,,,,,,,,,,,,,,,,,,,,,,,,,,,,,,,,,,,,,,,,,,,,,,,,,,,,,,,,,,,,,,,,,,,,,,,,,,,,,,,,,,,,,,,,,,,,,,,,,,,,,,,,,,,,,,,,,,,,,,,,,,,,,,,,,,,,,,,,,,,,,,,,,,,,,,,,,,,,,,,,,55.33173615060533,57.547077080665765,55.23983258402125,56.16773938553628,1531079.5852009775,,,,,,,,,,,,,,,,,,,,,,,,,,,,,,,,,,,,,,,,,,,,,,,,,,,,,,,,,,,,,,,,,,,,,,,,,,,,,,,,,,,,,,,,,,,,,,,,,,,,,,,,,,,,,,,,,,,,,,,,,,,,,,,,,,,,,,,,,,,,,,,,,,,,,,,,,,,,,,,,,,,,,,,,,,,,,,,,,,,,,,,,,,,,,,,,,,,,,,,,,,,,,,,,,,,,,,,,,,,,,,,,,,,,,,,,,,,,,,,,,,,,,,,,,,,,,,,,,,,,,,,,,,,,,,,,,,,,,,,,,,,,,,,,,,,,,,,
200,,,,,,,,,,,,,,,,,,,,,,,,,,,,,,,,,,,,,,,,,,,,,,,,,,,,,,,,,,,,,,,,,,,,,,,,,,,,,,,,,,,,,,,,,,,,,,,,,,,,,,,,,,,,,,,,,,,,,,,,,,,,,,,,,,,,,,,,,,,,,,,,,,,,,,,,,,,,,,,,,,,,,,,,,,,,,,,,55.17858676303743,57.267355519008575,55.014374480233634,55.89323681785206,1517613.0642631787,,,,,,,,,,,,,,,,,,,,,,,,,,,,,,,,,,,,,,,,,,,,,,,,,,,,,,,,,,,,,,,,,,,,,,,,,,,,,,,,,,,,,,,,,,,,,,,,,,,,,,,,,,,,,,,,,,,,,,,,,,,,,,,,,,,,,,,,,,,,,,,,,,,,,,,,,,,,,,,,,,,,,,,,,,,,,,,,,,,,,,,,,,,,,,,,,,,,,,,,,,,,,,,,,,,,,,,,,,,,,,,,,,,,,,,,,,,,,,,,,,,,,,,,,,,,,,,,,,,,,,,,,,,,,,,,,,,,,,,,,,,,,,,,,,,,,,,
201,,,,,,,,,,,,,,,,,,,,,,,,,,,,,,,,,,,,,,,,,,,,,,,,,,,,,,,,,,,,,,,,,,,,,,,,,,,,,,,,,,,,,,,,,,,,,,,,,,,,,,,,,,,,,,,,,,,,,,,,,,,,,,,,,,,,,,,,,,,,,,,,,,,,,,,,,,,,,,,,,,,,,,,,,,,,,,,,54.9943236827218,57.24014864669499,54.914432256232395,55.776078861267436,1576963.3164052549,,,,,,,,,,,,,,,,,,,,,,,,,,,,,,,,,,,,,,,,,,,,,,,,,,,,,,,,,,,,,,,,,,,,,,,,,,,,,,,,,,,,,,,,,,,,,,,,,,,,,,,,,,,,,,,,,,,,,,,,,,,,,,,,,,,,,,,,,,,,,,,,,,,,,,,,,,,,,,,,,,,,,,,,,,,,,,,,,,,,,,,,,,,,,,,,,,,,,,,,,,,,,,,,,,,,,,,,,,,,,,,,,,,,,,,,,,,,,,,,,,,,,,,,,,,,,,,,,,,,,,,,,,,,,,,,,,,,,,,,,,,,,,,,,,,,,,,
202,,,,,,,,,,,,,,,,,,,,,,,,,,,,,,,,,,,,,,,,,,,,,,,,,,,,,,,,,,,,,,,,,,,,,,,,,,,,,,,,,,,,,,,,,,,,,,,,,,,,,,,,,,,,,,,,,,,,,,,,,,,,,,,,,,,,,,,,,,,,,,,,,,,,,,,,,,,,,,,,,,,,,,,,,,,,,,,,54.53340654820725,56.647621920486365,54.372890554219374,55.230027821450605,1622999.461889665,,,,,,,,,,,,,,,,,,,,,,,,,,,,,,,,,,,,,,,,,,,,,,,,,,,,,,,,,,,,,,,,,,,,,,,,,,,,,,,,,,,,,,,,,,,,,,,,,,,,,,,,,,,,,,,,,,,,,,,,,,,,,,,,,,,,,,,,,,,,,,,,,,,,,,,,,,,,,,,,,,,,,,,,,,,,,,,,,,,,,,,,,,,,,,,,,,,,,,,,,,,,,,,,,,,,,,,,,,,,,,,,,,,,,,,,,,,,,,,,,,,,,,,,,,,,,,,,,,,,,,,,,,,,,,,,,,,,,,,,,,,,,,,,,,,,,,,
203,,,,,,,,,,,,,,,,,,,,,,,,,,,,,,,,,,,,,,,,,,,,,,,,,,,,,,,,,,,,,,,,,,,,,,,,,,,,,,,,,,,,,,,,,,,,,,,,,,,,,,,,,,,,,,,,,,,,,,,,,,,,,,,,,,,,,,,,,,,,,,,,,,,,,,,,,,,,,,,,,,,,,,,,,,,,,,,,54.4787697192096,56.58191945109082,54.25073351941287,55.05929049307708,1550023.4062006306,,,,,,,,,,,,,,,,,,,,,,,,,,,,,,,,,,,,,,,,,,,,,,,,,,,,,,,,,,,,,,,,,,,,,,,,,,,,,,,,,,,,,,,,,,,,,,,,,,,,,,,,,,,,,,,,,,,,,,,,,,,,,,,,,,,,,,,,,,,,,,,,,,,,,,,,,,,,,,,,,,,,,,,,,,,,,,,,,,,,,,,,,,,,,,,,,,,,,,,,,,,,,,,,,,,,,,,,,,,,,,,,,,,,,,,,,,,,,,,,,,,,,,,,,,,,,,,,,,,,,,,,,,,,,,,,,,,,,,,,,,,,,,,,,,,,,,,
204,,,,,,,,,,,,,,,,,,,,,,,,,,,,,,,,,,,,,,,,,,,,,,,,,,,,,,,,,,,,,,,,,,,,,,,,,,,,,,,,,,,,,,,,,,,,,,,,,,,,,,,,,,,,,,,,,,,,,,,,,,,,,,,,,,,,,,,,,,,,,,,,,,,,,,,,,,,,,,,,,,,,,,,,,,,,,,,,54.25634965523837,56.498106350080505,54.166513096232904,55.06609804361122,1602384.2748219154,,,,,,,,,,,,,,,,,,,,,,,,,,,,,,,,,,,,,,,,,,,,,,,,,,,,,,,,,,,,,,,,,,,,,,,,,,,,,,,,,,,,,,,,,,,,,,,,,,,,,,,,,,,,,,,,,,,,,,,,,,,,,,,,,,,,,,,,,,,,,,,,,,,,,,,,,,,,,,,,,,,,,,,,,,,,,,,,,,,,,,,,,,,,,,,,,,,,,,,,,,,,,,,,,,,,,,,,,,,,,,,,,,,,,,,,,,,,,,,,,,,,,,,,,,,,,,,,,,,,,,,,,,,,,,,,,,,,,,,,,,,,,,,,,,,,,,,
205,,,,,,,,,,,,,,,,,,,,,,,,,,,,,,,,,,,,,,,,,,,,,,,,,,,,,,,,,,,,,,,,,,,,,,,,,,,,,,,,,,,,,,,,,,,,,,,,,,,,,,,,,,,,,,,,,,,,,,,,,,,,,,,,,,,,,,,,,,,,,,,,,,,,,,,,,,,,,,,,,,,,,,,,,,,,,,,,54.103200267670466,56.218384788423315,53.941054992445295,54.799926283490514,1588917.7538841167,,,,,,,,,,,,,,,,,,,,,,,,,,,,,,,,,,,,,,,,,,,,,,,,,,,,,,,,,,,,,,,,,,,,,,,,,,,,,,,,,,,,,,,,,,,,,,,,,,,,,,,,,,,,,,,,,,,,,,,,,,,,,,,,,,,,,,,,,,,,,,,,,,,,,,,,,,,,,,,,,,,,,,,,,,,,,,,,,,,,,,,,,,,,,,,,,,,,,,,,,,,,,,,,,,,,,,,,,,,,,,,,,,,,,,,,,,,,,,,,,,,,,,,,,,,,,,,,,,,,,,,,,,,,,,,,,,,,,,,,,,,,,,,,,,,,,,,
206,,,,,,,,,,,,,,,,,,,,,,,,,,,,,,,,,,,,,,,,,,,,,,,,,,,,,,,,,,,,,,,,,,,,,,,,,,,,,,,,,,,,,,,,,,,,,,,,,,,,,,,,,,,,,,,,,,,,,,,,,,,,,,,,,,,,,,,,,,,,,,,,,,,,,,,,,,,,,,,,,,,,,,,,,,,,,,,,53.918937187354835,56.19117791610973,53.84111276844404,54.675418046877624,1648268.006026193,,,,,,,,,,,,,,,,,,,,,,,,,,,,,,,,,,,,,,,,,,,,,,,,,,,,,,,,,,,,,,,,,,,,,,,,,,,,,,,,,,,,,,,,,,,,,,,,,,,,,,,,,,,,,,,,,,,,,,,,,,,,,,,,,,,,,,,,,,,,,,,,,,,,,,,,,,,,,,,,,,,,,,,,,,,,,,,,,,,,,,,,,,,,,,,,,,,,,,,,,,,,,,,,,,,,,,,,,,,,,,,,,,,,,,,,,,,,,,,,,,,,,,,,,,,,,,,,,,,,,,,,,,,,,,,,,,,,,,,,,,,,,,,,,,,,,,,
207,,,,,,,,,,,,,,,,,,,,,,,,,,,,,,,,,,,,,,,,,,,,,,,,,,,,,,,,,,,,,,,,,,,,,,,,,,,,,,,,,,,,,,,,,,,,,,,,,,,,,,,,,,,,,,,,,,,,,,,,,,,,,,,,,,,,,,,,,,,,,,,,,,,,,,,,,,,,,,,,,,,,,,,,,,,,,,,,53.45802005284029,55.598651189901105,53.29957106643102,54.1358521666425,1694304.1515106033,,,,,,,,,,,,,,,,,,,,,,,,,,,,,,,,,,,,,,,,,,,,,,,,,,,,,,,,,,,,,,,,,,,,,,,,,,,,,,,,,,,,,,,,,,,,,,,,,,,,,,,,,,,,,,,,,,,,,,,,,,,,,,,,,,,,,,,,,,,,,,,,,,,,,,,,,,,,,,,,,,,,,,,,,,,,,,,,,,,,,,,,,,,,,,,,,,,,,,,,,,,,,,,,,,,,,,,,,,,,,,,,,,,,,,,,,,,,,,,,,,,,,,,,,,,,,,,,,,,,,,,,,,,,,,,,,,,,,,,,,,,,,,,,,,,,,,,
208,,,,,,,,,,,,,,,,,,,,,,,,,,,,,,,,,,,,,,,,,,,,,,,,,,,,,,,,,,,,,,,,,,,,,,,,,,,,,,,,,,,,,,,,,,,,,,,,,,,,,,,,,,,,,,,,,,,,,,,,,,,,,,,,,,,,,,,,,,,,,,,,,,,,,,,,,,,,,,,,,,,,,,,,,,,,,,,,53.40338322384264,55.53294872050556,53.177414031624515,53.95939297534151,1621328.0958215687,,,,,,,,,,,,,,,,,,,,,,,,,,,,,,,,,,,,,,,,,,,,,,,,,,,,,,,,,,,,,,,,,,,,,,,,,,,,,,,,,,,,,,,,,,,,,,,,,,,,,,,,,,,,,,,,,,,,,,,,,,,,,,,,,,,,,,,,,,,,,,,,,,,,,,,,,,,,,,,,,,,,,,,,,,,,,,,,,,,,,,,,,,,,,,,,,,,,,,,,,,,,,,,,,,,,,,,,,,,,,,,,,,,,,,,,,,,,,,,,,,,,,,,,,,,,,,,,,,,,,,,,,,,,,,,,,,,,,,,,,,,,,,,,,,,,,,,
209,,,,,,,,,,,,,,,,,,,,,,,,,,,,,,,,,,,,,,,,,,,,,,,,,,,,,,,,,,,,,,,,,,,,,,,,,,,,,,,,,,,,,,,,,,,,,,,,,,,,,,,,,,,,,,,,,,,,,,,,,,,,,,,,,,,,,,,,,,,,,,,,,,,,,,,,,,,,,,,,,,,,,,,,,,,,,,,,53.1809631598714,55.449135619495244,53.09319360844455,53.971248931384906,1673688.9644428536,,,,,,,,,,,,,,,,,,,,,,,,,,,,,,,,,,,,,,,,,,,,,,,,,,,,,,,,,,,,,,,,,,,,,,,,,,,,,,,,,,,,,,,,,,,,,,,,,,,,,,,,,,,,,,,,,,,,,,,,,,,,,,,,,,,,,,,,,,,,,,,,,,,,,,,,,,,,,,,,,,,,,,,,,,,,,,,,,,,,,,,,,,,,,,,,,,,,,,,,,,,,,,,,,,,,,,,,,,,,,,,,,,,,,,,,,,,,,,,,,,,,,,,,,,,,,,,,,,,,,,,,,,,,,,,,,,,,,,,,,,,,,,,,,,,,,,,
210,,,,,,,,,,,,,,,,,,,,,,,,,,,,,,,,,,,,,,,,,,,,,,,,,,,,,,,,,,,,,,,,,,,,,,,,,,,,,,,,,,,,,,,,,,,,,,,,,,,,,,,,,,,,,,,,,,,,,,,,,,,,,,,,,,,,,,,,,,,,,,,,,,,,,,,,,,,,,,,,,,,,,,,,,,,,,,,,53.0278137723035,55.169414057838054,52.86773550465695,53.70062295792337,1660222.4435050548,,,,,,,,,,,,,,,,,,,,,,,,,,,,,,,,,,,,,,,,,,,,,,,,,,,,,,,,,,,,,,,,,,,,,,,,,,,,,,,,,,,,,,,,,,,,,,,,,,,,,,,,,,,,,,,,,,,,,,,,,,,,,,,,,,,,,,,,,,,,,,,,,,,,,,,,,,,,,,,,,,,,,,,,,,,,,,,,,,,,,,,,,,,,,,,,,,,,,,,,,,,,,,,,,,,,,,,,,,,,,,,,,,,,,,,,,,,,,,,,,,,,,,,,,,,,,,,,,,,,,,,,,,,,,,,,,,,,,,,,,,,,,,,,,,,,,,,
211,,,,,,,,,,,,,,,,,,,,,,,,,,,,,,,,,,,,,,,,,,,,,,,,,,,,,,,,,,,,,,,,,,,,,,,,,,,,,,,,,,,,,,,,,,,,,,,,,,,,,,,,,,,,,,,,,,,,,,,,,,,,,,,,,,,,,,,,,,,,,,,,,,,,,,,,,,,,,,,,,,,,,,,,,,,,,,,,52.84355069198787,55.14220718552447,52.767793280655695,53.58004467829378,1719572.6956471312,,,,,,,,,,,,,,,,,,,,,,,,,,,,,,,,,,,,,,,,,,,,,,,,,,,,,,,,,,,,,,,,,,,,,,,,,,,,,,,,,,,,,,,,,,,,,,,,,,,,,,,,,,,,,,,,,,,,,,,,,,,,,,,,,,,,,,,,,,,,,,,,,,,,,,,,,,,,,,,,,,,,,,,,,,,,,,,,,,,,,,,,,,,,,,,,,,,,,,,,,,,,,,,,,,,,,,,,,,,,,,,,,,,,,,,,,,,,,,,,,,,,,,,,,,,,,,,,,,,,,,,,,,,,,,,,,,,,,,,,,,,,,,,,,,,,,,,
212,,,,,,,,,,,,,,,,,,,,,,,,,,,,,,,,,,,,,,,,,,,,,,,,,,,,,,,,,,,,,,,,,,,,,,,,,,,,,,,,,,,,,,,,,,,,,,,,,,,,,,,,,,,,,,,,,,,,,,,,,,,,,,,,,,,,,,,,,,,,,,,,,,,,,,,,,,,,,,,,,,,,,,,,,,,,,,,,52.382633557473326,54.549680459315844,52.226251578642675,53.03701139299546,1765608.8411315414,,,,,,,,,,,,,,,,,,,,,,,,,,,,,,,,,,,,,,,,,,,,,,,,,,,,,,,,,,,,,,,,,,,,,,,,,,,,,,,,,,,,,,,,,,,,,,,,,,,,,,,,,,,,,,,,,,,,,,,,,,,,,,,,,,,,,,,,,,,,,,,,,,,,,,,,,,,,,,,,,,,,,,,,,,,,,,,,,,,,,,,,,,,,,,,,,,,,,,,,,,,,,,,,,,,,,,,,,,,,,,,,,,,,,,,,,,,,,,,,,,,,,,,,,,,,,,,,,,,,,,,,,,,,,,,,,,,,,,,,,,,,,,,,,,,,,,,
213,,,,,,,,,,,,,,,,,,,,,,,,,,,,,,,,,,,,,,,,,,,,,,,,,,,,,,,,,,,,,,,,,,,,,,,,,,,,,,,,,,,,,,,,,,,,,,,,,,,,,,,,,,,,,,,,,,,,,,,,,,,,,,,,,,,,,,,,,,,,,,,,,,,,,,,,,,,,,,,,,,,,,,,,,,,,,,,,52.327996728475675,54.4839779899203,52.10409454383617,52.86361149672579,1692632.785442507,,,,,,,,,,,,,,,,,,,,,,,,,,,,,,,,,,,,,,,,,,,,,,,,,,,,,,,,,,,,,,,,,,,,,,,,,,,,,,,,,,,,,,,,,,,,,,,,,,,,,,,,,,,,,,,,,,,,,,,,,,,,,,,,,,,,,,,,,,,,,,,,,,,,,,,,,,,,,,,,,,,,,,,,,,,,,,,,,,,,,,,,,,,,,,,,,,,,,,,,,,,,,,,,,,,,,,,,,,,,,,,,,,,,,,,,,,,,,,,,,,,,,,,,,,,,,,,,,,,,,,,,,,,,,,,,,,,,,,,,,,,,,,,,,,,,,,,
214,,,,,,,,,,,,,,,,,,,,,,,,,,,,,,,,,,,,,,,,,,,,,,,,,,,,,,,,,,,,,,,,,,,,,,,,,,,,,,,,,,,,,,,,,,,,,,,,,,,,,,,,,,,,,,,,,,,,,,,,,,,,,,,,,,,,,,,,,,,,,,,,,,,,,,,,,,,,,,,,,,,,,,,,,,,,,,,,52.10557666450444,54.400164888909984,52.019874120656205,52.87276823363614,1744993.6540637917,,,,,,,,,,,,,,,,,,,,,,,,,,,,,,,,,,,,,,,,,,,,,,,,,,,,,,,,,,,,,,,,,,,,,,,,,,,,,,,,,,,,,,,,,,,,,,,,,,,,,,,,,,,,,,,,,,,,,,,,,,,,,,,,,,,,,,,,,,,,,,,,,,,,,,,,,,,,,,,,,,,,,,,,,,,,,,,,,,,,,,,,,,,,,,,,,,,,,,,,,,,,,,,,,,,,,,,,,,,,,,,,,,,,,,,,,,,,,,,,,,,,,,,,,,,,,,,,,,,,,,,,,,,,,,,,,,,,,,,,,,,,,,,,,,,,,,,
215,,,,,,,,,,,,,,,,,,,,,,,,,,,,,,,,,,,,,,,,,,,,,,,,,,,,,,,,,,,,,,,,,,,,,,,,,,,,,,,,,,,,,,,,,,,,,,,,,,,,,,,,,,,,,,,,,,,,,,,,,,,,,,,,,,,,,,,,,,,,,,,,,,,,,,,,,,,,,,,,,,,,,,,,,,,,,,,,51.95242727693654,54.120443327252794,51.7944160168686,52.60452378397459,1731527.133125993,,,,,,,,,,,,,,,,,,,,,,,,,,,,,,,,,,,,,,,,,,,,,,,,,,,,,,,,,,,,,,,,,,,,,,,,,,,,,,,,,,,,,,,,,,,,,,,,,,,,,,,,,,,,,,,,,,,,,,,,,,,,,,,,,,,,,,,,,,,,,,,,,,,,,,,,,,,,,,,,,,,,,,,,,,,,,,,,,,,,,,,,,,,,,,,,,,,,,,,,,,,,,,,,,,,,,,,,,,,,,,,,,,,,,,,,,,,,,,,,,,,,,,,,,,,,,,,,,,,,,,,,,,,,,,,,,,,,,,,,,,,,,,,,,,,,,,,
216,,,,,,,,,,,,,,,,,,,,,,,,,,,,,,,,,,,,,,,,,,,,,,,,,,,,,,,,,,,,,,,,,,,,,,,,,,,,,,,,,,,,,,,,,,,,,,,,,,,,,,,,,,,,,,,,,,,,,,,,,,,,,,,,,,,,,,,,,,,,,,,,,,,,,,,,,,,,,,,,,,,,,,,,,,,,,,,,51.76816419662091,54.09323645493921,51.69447379286735,52.4818442834621,1790877.3852680693,,,,,,,,,,,,,,,,,,,,,,,,,,,,,,,,,,,,,,,,,,,,,,,,,,,,,,,,,,,,,,,,,,,,,,,,,,,,,,,,,,,,,,,,,,,,,,,,,,,,,,,,,,,,,,,,,,,,,,,,,,,,,,,,,,,,,,,,,,,,,,,,,,,,,,,,,,,,,,,,,,,,,,,,,,,,,,,,,,,,,,,,,,,,,,,,,,,,,,,,,,,,,,,,,,,,,,,,,,,,,,,,,,,,,,,,,,,,,,,,,,,,,,,,,,,,,,,,,,,,,,,,,,,,,,,,,,,,,,,,,,,,,,,,,,,,,,,
217,,,,,,,,,,,,,,,,,,,,,,,,,,,,,,,,,,,,,,,,,,,,,,,,,,,,,,,,,,,,,,,,,,,,,,,,,,,,,,,,,,,,,,,,,,,,,,,,,,,,,,,,,,,,,,,,,,,,,,,,,,,,,,,,,,,,,,,,,,,,,,,,,,,,,,,,,,,,,,,,,,,,,,,,,,,,,,,,51.30724706210636,53.500709728730584,51.15293209085433,51.94066490749644,1836913.5307524796,,,,,,,,,,,,,,,,,,,,,,,,,,,,,,,,,,,,,,,,,,,,,,,,,,,,,,,,,,,,,,,,,,,,,,,,,,,,,,,,,,,,,,,,,,,,,,,,,,,,,,,,,,,,,,,,,,,,,,,,,,,,,,,,,,,,,,,,,,,,,,,,,,,,,,,,,,,,,,,,,,,,,,,,,,,,,,,,,,,,,,,,,,,,,,,,,,,,,,,,,,,,,,,,,,,,,,,,,,,,,,,,,,,,,,,,,,,,,,,,,,,,,,,,,,,,,,,,,,,,,,,,,,,,,,,,,,,,,,,,,,,,,,,,,,,,,,,
218,,,,,,,,,,,,,,,,,,,,,,,,,,,,,,,,,,,,,,,,,,,,,,,,,,,,,,,,,,,,,,,,,,,,,,,,,,,,,,,,,,,,,,,,,,,,,,,,,,,,,,,,,,,,,,,,,,,,,,,,,,,,,,,,,,,,,,,,,,,,,,,,,,,,,,,,,,,,,,,,,,,,,,,,,,,,,,,,51.25261023310871,53.43500725933504,51.03077505604782,51.765629305127675,1763937.475063445,,,,,,,,,,,,,,,,,,,,,,,,,,,,,,,,,,,,,,,,,,,,,,,,,,,,,,,,,,,,,,,,,,,,,,,,,,,,,,,,,,,,,,,,,,,,,,,,,,,,,,,,,,,,,,,,,,,,,,,,,,,,,,,,,,,,,,,,,,,,,,,,,,,,,,,,,,,,,,,,,,,,,,,,,,,,,,,,,,,,,,,,,,,,,,,,,,,,,,,,,,,,,,,,,,,,,,,,,,,,,,,,,,,,,,,,,,,,,,,,,,,,,,,,,,,,,,,,,,,,,,,,,,,,,,,,,,,,,,,,,,,,,,,,,,,,,,,
219,,,,,,,,,,,,,,,,,,,,,,,,,,,,,,,,,,,,,,,,,,,,,,,,,,,,,,,,,,,,,,,,,,,,,,,,,,,,,,,,,,,,,,,,,,,,,,,,,,,,,,,,,,,,,,,,,,,,,,,,,,,,,,,,,,,,,,,,,,,,,,,,,,,,,,,,,,,,,,,,,,,,,,,,,,,,,,,,51.03019016913748,53.351194158324724,50.94655463286786,51.776229227201114,1816298.34368473,,,,,,,,,,,,,,,,,,,,,,,,,,,,,,,,,,,,,,,,,,,,,,,,,,,,,,,,,,,,,,,,,,,,,,,,,,,,,,,,,,,,,,,,,,,,,,,,,,,,,,,,,,,,,,,,,,,,,,,,,,,,,,,,,,,,,,,,,,,,,,,,,,,,,,,,,,,,,,,,,,,,,,,,,,,,,,,,,,,,,,,,,,,,,,,,,,,,,,,,,,,,,,,,,,,,,,,,,,,,,,,,,,,,,,,,,,,,,,,,,,,,,,,,,,,,,,,,,,,,,,,,,,,,,,,,,,,,,,,,,,,,,,,,,,,,,,,
220,,,,,,,,,,,,,,,,,,,,,,,,,,,,,,,,,,,,,,,,,,,,,,,,,,,,,,,,,,,,,,,,,,,,,,,,,,,,,,,,,,,,,,,,,,,,,,,,,,,,,,,,,,,,,,,,,,,,,,,,,,,,,,,,,,,,,,,,,,,,,,,,,,,,,,,,,,,,,,,,,,,,,,,,,,,,,,,,50.877040781569576,53.07147259666753,50.721096529080256,51.50671145379508,1802831.822746931,,,,,,,,,,,,,,,,,,,,,,,,,,,,,,,,,,,,,,,,,,,,,,,,,,,,,,,,,,,,,,,,,,,,,,,,,,,,,,,,,,,,,,,,,,,,,,,,,,,,,,,,,,,,,,,,,,,,,,,,,,,,,,,,,,,,,,,,,,,,,,,,,,,,,,,,,,,,,,,,,,,,,,,,,,,,,,,,,,,,,,,,,,,,,,,,,,,,,,,,,,,,,,,,,,,,,,,,,,,,,,,,,,,,,,,,,,,,,,,,,,,,,,,,,,,,,,,,,,,,,,,,,,,,,,,,,,,,,,,,,,,,,,,,,,,,,,,
221,,,,,,,,,,,,,,,,,,,,,,,,,,,,,,,,,,,,,,,,,,,,,,,,,,,,,,,,,,,,,,,,,,,,,,,,,,,,,,,,,,,,,,,,,,,,,,,,,,,,,,,,,,,,,,,,,,,,,,,,,,,,,,,,,,,,,,,,,,,,,,,,,,,,,,,,,,,,,,,,,,,,,,,,,,,,,,,,50.692777701253945,53.04426572435395,50.621154305079,51.38515540812382,1862182.0748890075,,,,,,,,,,,,,,,,,,,,,,,,,,,,,,,,,,,,,,,,,,,,,,,,,,,,,,,,,,,,,,,,,,,,,,,,,,,,,,,,,,,,,,,,,,,,,,,,,,,,,,,,,,,,,,,,,,,,,,,,,,,,,,,,,,,,,,,,,,,,,,,,,,,,,,,,,,,,,,,,,,,,,,,,,,,,,,,,,,,,,,,,,,,,,,,,,,,,,,,,,,,,,,,,,,,,,,,,,,,,,,,,,,,,,,,,,,,,,,,,,,,,,,,,,,,,,,,,,,,,,,,,,,,,,,,,,,,,,,,,,,,,,,,,,,,,,,,
222,,,,,,,,,,,,,,,,,,,,,,,,,,,,,,,,,,,,,,,,,,,,,,,,,,,,,,,,,,,,,,,,,,,,,,,,,,,,,,,,,,,,,,,,,,,,,,,,,,,,,,,,,,,,,,,,,,,,,,,,,,,,,,,,,,,,,,,,,,,,,,,,,,,,,,,,,,,,,,,,,,,,,,,,,,,,,,,,50.2318605667394,52.45173899814532,50.07961260306598,50.84298480680344,1908218.2203734177,,,,,,,,,,,,,,,,,,,,,,,,,,,,,,,,,,,,,,,,,,,,,,,,,,,,,,,,,,,,,,,,,,,,,,,,,,,,,,,,,,,,,,,,,,,,,,,,,,,,,,,,,,,,,,,,,,,,,,,,,,,,,,,,,,,,,,,,,,,,,,,,,,,,,,,,,,,,,,,,,,,,,,,,,,,,,,,,,,,,,,,,,,,,,,,,,,,,,,,,,,,,,,,,,,,,,,,,,,,,,,,,,,,,,,,,,,,,,,,,,,,,,,,,,,,,,,,,,,,,,,,,,,,,,,,,,,,,,,,,,,,,,,,,,,,,,,,
223,,,,,,,,,,,,,,,,,,,,,,,,,,,,,,,,,,,,,,,,,,,,,,,,,,,,,,,,,,,,,,,,,,,,,,,,,,,,,,,,,,,,,,,,,,,,,,,,,,,,,,,,,,,,,,,,,,,,,,,,,,,,,,,,,,,,,,,,,,,,,,,,,,,,,,,,,,,,,,,,,,,,,,,,,,,,,,,,50.17722373774175,52.38603652874978,49.957455568259476,50.66882376357828,1835242.1646843832,,,,,,,,,,,,,,,,,,,,,,,,,,,,,,,,,,,,,,,,,,,,,,,,,,,,,,,,,,,,,,,,,,,,,,,,,,,,,,,,,,,,,,,,,,,,,,,,,,,,,,,,,,,,,,,,,,,,,,,,,,,,,,,,,,,,,,,,,,,,,,,,,,,,,,,,,,,,,,,,,,,,,,,,,,,,,,,,,,,,,,,,,,,,,,,,,,,,,,,,,,,,,,,,,,,,,,,,,,,,,,,,,,,,,,,,,,,,,,,,,,,,,,,,,,,,,,,,,,,,,,,,,,,,,,,,,,,,,,,,,,,,,,,,,,,,,,,
224,,,,,,,,,,,,,,,,,,,,,,,,,,,,,,,,,,,,,,,,,,,,,,,,,,,,,,,,,,,,,,,,,,,,,,,,,,,,,,,,,,,,,,,,,,,,,,,,,,,,,,,,,,,,,,,,,,,,,,,,,,,,,,,,,,,,,,,,,,,,,,,,,,,,,,,,,,,,,,,,,,,,,,,,,,,,,,,,49.95480367377051,52.30222342773946,49.87323514507951,50.678652061225435,1887603.033305668,,,,,,,,,,,,,,,,,,,,,,,,,,,,,,,,,,,,,,,,,,,,,,,,,,,,,,,,,,,,,,,,,,,,,,,,,,,,,,,,,,,,,,,,,,,,,,,,,,,,,,,,,,,,,,,,,,,,,,,,,,,,,,,,,,,,,,,,,,,,,,,,,,,,,,,,,,,,,,,,,,,,,,,,,,,,,,,,,,,,,,,,,,,,,,,,,,,,,,,,,,,,,,,,,,,,,,,,,,,,,,,,,,,,,,,,,,,,,,,,,,,,,,,,,,,,,,,,,,,,,,,,,,,,,,,,,,,,,,,,,,,,,,,,,,,,,,,
225,,,,,,,,,,,,,,,,,,,,,,,,,,,,,,,,,,,,,,,,,,,,,,,,,,,,,,,,,,,,,,,,,,,,,,,,,,,,,,,,,,,,,,,,,,,,,,,,,,,,,,,,,,,,,,,,,,,,,,,,,,,,,,,,,,,,,,,,,,,,,,,,,,,,,,,,,,,,,,,,,,,,,,,,,,,,,,,,49.80165428620261,52.02250186608227,49.64777704129191,50.4098150928394,1874136.5123678693,,,,,,,,,,,,,,,,,,,,,,,,,,,,,,,,,,,,,,,,,,,,,,,,,,,,,,,,,,,,,,,,,,,,,,,,,,,,,,,,,,,,,,,,,,,,,,,,,,,,,,,,,,,,,,,,,,,,,,,,,,,,,,,,,,,,,,,,,,,,,,,,,,,,,,,,,,,,,,,,,,,,,,,,,,,,,,,,,,,,,,,,,,,,,,,,,,,,,,,,,,,,,,,,,,,,,,,,,,,,,,,,,,,,,,,,,,,,,,,,,,,,,,,,,,,,,,,,,,,,,,,,,,,,,,,,,,,,,,,,,,,,,,,,,,,,,,,
226,,,,,,,,,,,,,,,,,,,,,,,,,,,,,,,,,,,,,,,,,,,,,,,,,,,,,,,,,,,,,,,,,,,,,,,,,,,,,,,,,,,,,,,,,,,,,,,,,,,,,,,,,,,,,,,,,,,,,,,,,,,,,,,,,,,,,,,,,,,,,,,,,,,,,,,,,,,,,,,,,,,,,,,,,,,,,,,,49.61739120588698,51.99529499376869,49.547834817290656,50.28765837220314,1933486.7645099456,,,,,,,,,,,,,,,,,,,,,,,,,,,,,,,,,,,,,,,,,,,,,,,,,,,,,,,,,,,,,,,,,,,,,,,,,,,,,,,,,,,,,,,,,,,,,,,,,,,,,,,,,,,,,,,,,,,,,,,,,,,,,,,,,,,,,,,,,,,,,,,,,,,,,,,,,,,,,,,,,,,,,,,,,,,,,,,,,,,,,,,,,,,,,,,,,,,,,,,,,,,,,,,,,,,,,,,,,,,,,,,,,,,,,,,,,,,,,,,,,,,,,,,,,,,,,,,,,,,,,,,,,,,,,,,,,,,,,,,,,,,,,,,,,,,,,,,
227,,,,,,,,,,,,,,,,,,,,,,,,,,,,,,,,,,,,,,,,,,,,,,,,,,,,,,,,,,,,,,,,,,,,,,,,,,,,,,,,,,,,,,,,,,,,,,,,,,,,,,,,,,,,,,,,,,,,,,,,,,,,,,,,,,,,,,,,,,,,,,,,,,,,,,,,,,,,,,,,,,,,,,,,,,,,,,,,49.156474071372436,51.40276826756006,49.006293115277636,49.746017747018335,1979522.9099943559,,,,,,,,,,,,,,,,,,,,,,,,,,,,,,,,,,,,,,,,,,,,,,,,,,,,,,,,,,,,,,,,,,,,,,,,,,,,,,,,,,,,,,,,,,,,,,,,,,,,,,,,,,,,,,,,,,,,,,,,,,,,,,,,,,,,,,,,,,,,,,,,,,,,,,,,,,,,,,,,,,,,,,,,,,,,,,,,,,,,,,,,,,,,,,,,,,,,,,,,,,,,,,,,,,,,,,,,,,,,,,,,,,,,,,,,,,,,,,,,,,,,,,,,,,,,,,,,,,,,,,,,,,,,,,,,,,,,,,,,,,,,,,,,,,,,,,,
228,,,,,,,,,,,,,,,,,,,,,,,,,,,,,,,,,,,,,,,,,,,,,,,,,,,,,,,,,,,,,,,,,,,,,,,,,,,,,,,,,,,,,,,,,,,,,,,,,,,,,,,,,,,,,,,,,,,,,,,,,,,,,,,,,,,,,,,,,,,,,,,,,,,,,,,,,,,,,,,,,,,,,,,,,,,,,,,,49.101837242374785,51.33706579816452,48.88413608047113,49.57138910530706,1906546.8543053214,,,,,,,,,,,,,,,,,,,,,,,,,,,,,,,,,,,,,,,,,,,,,,,,,,,,,,,,,,,,,,,,,,,,,,,,,,,,,,,,,,,,,,,,,,,,,,,,,,,,,,,,,,,,,,,,,,,,,,,,,,,,,,,,,,,,,,,,,,,,,,,,,,,,,,,,,,,,,,,,,,,,,,,,,,,,,,,,,,,,,,,,,,,,,,,,,,,,,,,,,,,,,,,,,,,,,,,,,,,,,,,,,,,,,,,,,,,,,,,,,,,,,,,,,,,,,,,,,,,,,,,,,,,,,,,,,,,,,,,,,,,,,,,,,,,,,,,
229,,,,,,,,,,,,,,,,,,,,,,,,,,,,,,,,,,,,,,,,,,,,,,,,,,,,,,,,,,,,,,,,,,,,,,,,,,,,,,,,,,,,,,,,,,,,,,,,,,,,,,,,,,,,,,,,,,,,,,,,,,,,,,,,,,,,,,,,,,,,,,,,,,,,,,,,,,,,,,,,,,,,,,,,,,,,,,,,48.87941717840355,51.2532526971542,48.799915657291166,49.58162996557644,1958907.7229266062,,,,,,,,,,,,,,,,,,,,,,,,,,,,,,,,,,,,,,,,,,,,,,,,,,,,,,,,,,,,,,,,,,,,,,,,,,,,,,,,,,,,,,,,,,,,,,,,,,,,,,,,,,,,,,,,,,,,,,,,,,,,,,,,,,,,,,,,,,,,,,,,,,,,,,,,,,,,,,,,,,,,,,,,,,,,,,,,,,,,,,,,,,,,,,,,,,,,,,,,,,,,,,,,,,,,,,,,,,,,,,,,,,,,,,,,,,,,,,,,,,,,,,,,,,,,,,,,,,,,,,,,,,,,,,,,,,,,,,,,,,,,,,,,,,,,,,,
230,,,,,,,,,,,,,,,,,,,,,,,,,,,,,,,,,,,,,,,,,,,,,,,,,,,,,,,,,,,,,,,,,,,,,,,,,,,,,,,,,,,,,,,,,,,,,,,,,,,,,,,,,,,,,,,,,,,,,,,,,,,,,,,,,,,,,,,,,,,,,,,,,,,,,,,,,,,,,,,,,,,,,,,,,,,,,,,,48.72626779083565,50.97353113549701,48.574457553503564,49.31242899276713,1945441.2019888074,,,,,,,,,,,,,,,,,,,,,,,,,,,,,,,,,,,,,,,,,,,,,,,,,,,,,,,,,,,,,,,,,,,,,,,,,,,,,,,,,,,,,,,,,,,,,,,,,,,,,,,,,,,,,,,,,,,,,,,,,,,,,,,,,,,,,,,,,,,,,,,,,,,,,,,,,,,,,,,,,,,,,,,,,,,,,,,,,,,,,,,,,,,,,,,,,,,,,,,,,,,,,,,,,,,,,,,,,,,,,,,,,,,,,,,,,,,,,,,,,,,,,,,,,,,,,,,,,,,,,,,,,,,,,,,,,,,,,,,,,,,,,,,,,,,,,,,
231,,,,,,,,,,,,,,,,,,,,,,,,,,,,,,,,,,,,,,,,,,,,,,,,,,,,,,,,,,,,,,,,,,,,,,,,,,,,,,,,,,,,,,,,,,,,,,,,,,,,,,,,,,,,,,,,,,,,,,,,,,,,,,,,,,,,,,,,,,,,,,,,,,,,,,,,,,,,,,,,,,,,,,,,,,,,,,,,48.54200471052002,50.94632426318343,48.47451532950231,49.19059343360558,2004791.4541308838,,,,,,,,,,,,,,,,,,,,,,,,,,,,,,,,,,,,,,,,,,,,,,,,,,,,,,,,,,,,,,,,,,,,,,,,,,,,,,,,,,,,,,,,,,,,,,,,,,,,,,,,,,,,,,,,,,,,,,,,,,,,,,,,,,,,,,,,,,,,,,,,,,,,,,,,,,,,,,,,,,,,,,,,,,,,,,,,,,,,,,,,,,,,,,,,,,,,,,,,,,,,,,,,,,,,,,,,,,,,,,,,,,,,,,,,,,,,,,,,,,,,,,,,,,,,,,,,,,,,,,,,,,,,,,,,,,,,,,,,,,,,,,,,,,,,,,,
233,,,,,,,,,,,,,,,,,,,,,,,,,,,,,,,,,,,,,,,,,,,,,,,,,,,,,,,,,,,,,,,,,,,,,,,,,,,,,,,,,,,,,,,,,,,,,,,,,,,,,,,,,,,,,,,,,,,,,,,,,,,,,,,,,,,,,,,,,,,,,,,,,,,,,,,,,,,,,,,,,,,,,,,,,,,,,,,,48.08108757600547,50.3537975369748,47.93297362748929,48.64866944732338,2050827.599615294,,,,,,,,,,,,,,,,,,,,,,,,,,,,,,,,,,,,,,,,,,,,,,,,,,,,,,,,,,,,,,,,,,,,,,,,,,,,,,,,,,,,,,,,,,,,,,,,,,,,,,,,,,,,,,,,,,,,,,,,,,,,,,,,,,,,,,,,,,,,,,,,,,,,,,,,,,,,,,,,,,,,,,,,,,,,,,,,,,,,,,,,,,,,,,,,,,,,,,,,,,,,,,,,,,,,,,,,,,,,,,,,,,,,,,,,,,,,,,,,,,,,,,,,,,,,,,,,,,,,,,,,,,,,,,,,,,,,,,,,,,,,,,,,,,,,,,,
234,,,,,,,,,,,,,,,,,,,,,,,,,,,,,,,,,,,,,,,,,,,,,,,,,,,,,,,,,,,,,,,,,,,,,,,,,,,,,,,,,,,,,,,,,,,,,,,,,,,,,,,,,,,,,,,,,,,,,,,,,,,,,,,,,,,,,,,,,,,,,,,,,,,,,,,,,,,,,,,,,,,,,,,,,,,,,,,,48.02645074700782,50.288095067579256,47.810816592682784,48.47429081539796,1977851.5439262595,,,,,,,,,,,,,,,,,,,,,,,,,,,,,,,,,,,,,,,,,,,,,,,,,,,,,,,,,,,,,,,,,,,,,,,,,,,,,,,,,,,,,,,,,,,,,,,,,,,,,,,,,,,,,,,,,,,,,,,,,,,,,,,,,,,,,,,,,,,,,,,,,,,,,,,,,,,,,,,,,,,,,,,,,,,,,,,,,,,,,,,,,,,,,,,,,,,,,,,,,,,,,,,,,,,,,,,,,,,,,,,,,,,,,,,,,,,,,,,,,,,,,,,,,,,,,,,,,,,,,,,,,,,,,,,,,,,,,,,,,,,,,,,,,,,,,,,
235,,,,,,,,,,,,,,,,,,,,,,,,,,,,,,,,,,,,,,,,,,,,,,,,,,,,,,,,,,,,,,,,,,,,,,,,,,,,,,,,,,,,,,,,,,,,,,,,,,,,,,,,,,,,,,,,,,,,,,,,,,,,,,,,,,,,,,,,,,,,,,,,,,,,,,,,,,,,,,,,,,,,,,,,,,,,,,,,47.804030683036586,50.20428196656894,47.72659616950282,48.484311091777734,2030212.4125475443,,,,,,,,,,,,,,,,,,,,,,,,,,,,,,,,,,,,,,,,,,,,,,,,,,,,,,,,,,,,,,,,,,,,,,,,,,,,,,,,,,,,,,,,,,,,,,,,,,,,,,,,,,,,,,,,,,,,,,,,,,,,,,,,,,,,,,,,,,,,,,,,,,,,,,,,,,,,,,,,,,,,,,,,,,,,,,,,,,,,,,,,,,,,,,,,,,,,,,,,,,,,,,,,,,,,,,,,,,,,,,,,,,,,,,,,,,,,,,,,,,,,,,,,,,,,,,,,,,,,,,,,,,,,,,,,,,,,,,,,,,,,,,,,,,,,,,,
236,,,,,,,,,,,,,,,,,,,,,,,,,,,,,,,,,,,,,,,,,,,,,,,,,,,,,,,,,,,,,,,,,,,,,,,,,,,,,,,,,,,,,,,,,,,,,,,,,,,,,,,,,,,,,,,,,,,,,,,,,,,,,,,,,,,,,,,,,,,,,,,,,,,,,,,,,,,,,,,,,,,,,,,,,,,,,,,,47.650881295468686,49.92456040491175,47.50113806571522,48.21530474035967,2016745.8916097456,,,,,,,,,,,,,,,,,,,,,,,,,,,,,,,,,,,,,,,,,,,,,,,,,,,,,,,,,,,,,,,,,,,,,,,,,,,,,,,,,,,,,,,,,,,,,,,,,,,,,,,,,,,,,,,,,,,,,,,,,,,,,,,,,,,,,,,,,,,,,,,,,,,,,,,,,,,,,,,,,,,,,,,,,,,,,,,,,,,,,,,,,,,,,,,,,,,,,,,,,,,,,,,,,,,,,,,,,,,,,,,,,,,,,,,,,,,,,,,,,,,,,,,,,,,,,,,,,,,,,,,,,,,,,,,,,,,,,,,,,,,,,,,,,,,,,,,
237,,,,,,,,,,,,,,,,,,,,,,,,,,,,,,,,,,,,,,,,,,,,,,,,,,,,,,,,,,,,,,,,,,,,,,,,,,,,,,,,,,,,,,,,,,,,,,,,,,,,,,,,,,,,,,,,,,,,,,,,,,,,,,,,,,,,,,,,,,,,,,,,,,,,,,,,,,,,,,,,,,,,,,,,,,,,,,,,47.466618215153055,49.89735353259817,47.401195841713964,48.09329746654569,2076096.143751822,,,,,,,,,,,,,,,,,,,,,,,,,,,,,,,,,,,,,,,,,,,,,,,,,,,,,,,,,,,,,,,,,,,,,,,,,,,,,,,,,,,,,,,,,,,,,,,,,,,,,,,,,,,,,,,,,,,,,,,,,,,,,,,,,,,,,,,,,,,,,,,,,,,,,,,,,,,,,,,,,,,,,,,,,,,,,,,,,,,,,,,,,,,,,,,,,,,,,,,,,,,,,,,,,,,,,,,,,,,,,,,,,,,,,,,,,,,,,,,,,,,,,,,,,,,,,,,,,,,,,,,,,,,,,,,,,,,,,,,,,,,,,,,,,,,,,,,
238,,,,,,,,,,,,,,,,,,,,,,,,,,,,,,,,,,,,,,,,,,,,,,,,,,,,,,,,,,,,,,,,,,,,,,,,,,,,,,,,,,,,,,,,,,,,,,,,,,,,,,,,,,,,,,,,,,,,,,,,,,,,,,,,,,,,,,,,,,,,,,,,,,,,,,,,,,,,,,,,,,,,,,,,,,,,,,,,47.00570108063851,49.30482680638954,46.85965413970094,47.55152498427684,2122132.289236232,,,,,,,,,,,,,,,,,,,,,,,,,,,,,,,,,,,,,,,,,,,,,,,,,,,,,,,,,,,,,,,,,,,,,,,,,,,,,,,,,,,,,,,,,,,,,,,,,,,,,,,,,,,,,,,,,,,,,,,,,,,,,,,,,,,,,,,,,,,,,,,,,,,,,,,,,,,,,,,,,,,,,,,,,,,,,,,,,,,,,,,,,,,,,,,,,,,,,,,,,,,,,,,,,,,,,,,,,,,,,,,,,,,,,,,,,,,,,,,,,,,,,,,,,,,,,,,,,,,,,,,,,,,,,,,,,,,,,,,,,,,,,,,,,,,,,,,
239,,,,,,,,,,,,,,,,,,,,,,,,,,,,,,,,,,,,,,,,,,,,,,,,,,,,,,,,,,,,,,,,,,,,,,,,,,,,,,,,,,,,,,,,,,,,,,,,,,,,,,,,,,,,,,,,,,,,,,,,,,,,,,,,,,,,,,,,,,,,,,,,,,,,,,,,,,,,,,,,,,,,,,,,,,,,,,,,46.95106425164086,49.239124336993996,46.73749710489444,47.377012680205596,2049156.2335471977,,,,,,,,,,,,,,,,,,,,,,,,,,,,,,,,,,,,,,,,,,,,,,,,,,,,,,,,,,,,,,,,,,,,,,,,,,,,,,,,,,,,,,,,,,,,,,,,,,,,,,,,,,,,,,,,,,,,,,,,,,,,,,,,,,,,,,,,,,,,,,,,,,,,,,,,,,,,,,,,,,,,,,,,,,,,,,,,,,,,,,,,,,,,,,,,,,,,,,,,,,,,,,,,,,,,,,,,,,,,,,,,,,,,,,,,,,,,,,,,,,,,,,,,,,,,,,,,,,,,,,,,,,,,,,,,,,,,,,,,,,,,,,,,,,,,,,,
240,,,,,,,,,,,,,,,,,,,,,,,,,,,,,,,,,,,,,,,,,,,,,,,,,,,,,,,,,,,,,,,,,,,,,,,,,,,,,,,,,,,,,,,,,,,,,,,,,,,,,,,,,,,,,,,,,,,,,,,,,,,,,,,,,,,,,,,,,,,,,,,,,,,,,,,,,,,,,,,,,,,,,,,,,,,,,,,,46.72864418766962,49.15531123598368,46.65327668171447,47.38715089565626,2101517.1021684827,,,,,,,,,,,,,,,,,,,,,,,,,,,,,,,,,,,,,,,,,,,,,,,,,,,,,,,,,,,,,,,,,,,,,,,,,,,,,,,,,,,,,,,,,,,,,,,,,,,,,,,,,,,,,,,,,,,,,,,,,,,,,,,,,,,,,,,,,,,,,,,,,,,,,,,,,,,,,,,,,,,,,,,,,,,,,,,,,,,,,,,,,,,,,,,,,,,,,,,,,,,,,,,,,,,,,,,,,,,,,,,,,,,,,,,,,,,,,,,,,,,,,,,,,,,,,,,,,,,,,,,,,,,,,,,,,,,,,,,,,,,,,,,,,,,,,,,
242,,,,,,,,,,,,,,,,,,,,,,,,,,,,,,,,,,,,,,,,,,,,,,,,,,,,,,,,,,,,,,,,,,,,,,,,,,,,,,,,,,,,,,,,,,,,,,,,,,,,,,,,,,,,,,,,,,,,,,,,,,,,,,,,,,,,,,,,,,,,,,,,,,,,,,,,,,,,,,,,,,,,,,,,,,,,,,,,46.57549480010172,48.87558967432649,46.42781857792687,47.11804048647541,2088050.581230684,,,,,,,,,,,,,,,,,,,,,,,,,,,,,,,,,,,,,,,,,,,,,,,,,,,,,,,,,,,,,,,,,,,,,,,,,,,,,,,,,,,,,,,,,,,,,,,,,,,,,,,,,,,,,,,,,,,,,,,,,,,,,,,,,,,,,,,,,,,,,,,,,,,,,,,,,,,,,,,,,,,,,,,,,,,,,,,,,,,,,,,,,,,,,,,,,,,,,,,,,,,,,,,,,,,,,,,,,,,,,,,,,,,,,,,,,,,,,,,,,,,,,,,,,,,,,,,,,,,,,,,,,,,,,,,,,,,,,,,,,,,,,,,,,,,,,,,
243,,,,,,,,,,,,,,,,,,,,,,,,,,,,,,,,,,,,,,,,,,,,,,,,,,,,,,,,,,,,,,,,,,,,,,,,,,,,,,,,,,,,,,,,,,,,,,,,,,,,,,,,,,,,,,,,,,,,,,,,,,,,,,,,,,,,,,,,,,,,,,,,,,,,,,,,,,,,,,,,,,,,,,,,,,,,,,,,46.39123171978609,48.84838280201291,46.32787635392562,46.996125022931906,2147400.83337276,,,,,,,,,,,,,,,,,,,,,,,,,,,,,,,,,,,,,,,,,,,,,,,,,,,,,,,,,,,,,,,,,,,,,,,,,,,,,,,,,,,,,,,,,,,,,,,,,,,,,,,,,,,,,,,,,,,,,,,,,,,,,,,,,,,,,,,,,,,,,,,,,,,,,,,,,,,,,,,,,,,,,,,,,,,,,,,,,,,,,,,,,,,,,,,,,,,,,,,,,,,,,,,,,,,,,,,,,,,,,,,,,,,,,,,,,,,,,,,,,,,,,,,,,,,,,,,,,,,,,,,,,,,,,,,,,,,,,,,,,,,,,,,,,,,,,,,
244,,,,,,,,,,,,,,,,,,,,,,,,,,,,,,,,,,,,,,,,,,,,,,,,,,,,,,,,,,,,,,,,,,,,,,,,,,,,,,,,,,,,,,,,,,,,,,,,,,,,,,,,,,,,,,,,,,,,,,,,,,,,,,,,,,,,,,,,,,,,,,,,,,,,,,,,,,,,,,,,,,,,,,,,,,,,,,,,45.930314585271546,48.25585607580428,45.7863346519126,46.45427153636757,2193436.9788571703,,,,,,,,,,,,,,,,,,,,,,,,,,,,,,,,,,,,,,,,,,,,,,,,,,,,,,,,,,,,,,,,,,,,,,,,,,,,,,,,,,,,,,,,,,,,,,,,,,,,,,,,,,,,,,,,,,,,,,,,,,,,,,,,,,,,,,,,,,,,,,,,,,,,,,,,,,,,,,,,,,,,,,,,,,,,,,,,,,,,,,,,,,,,,,,,,,,,,,,,,,,,,,,,,,,,,,,,,,,,,,,,,,,,,,,,,,,,,,,,,,,,,,,,,,,,,,,,,,,,,,,,,,,,,,,,,,,,,,,,,,,,,,,,,,,,,,,
245,,,,,,,,,,,,,,,,,,,,,,,,,,,,,,,,,,,,,,,,,,,,,,,,,,,,,,,,,,,,,,,,,,,,,,,,,,,,,,,,,,,,,,,,,,,,,,,,,,,,,,,,,,,,,,,,,,,,,,,,,,,,,,,,,,,,,,,,,,,,,,,,,,,,,,,,,,,,,,,,,,,,,,,,,,,,,,,,45.875677756273895,48.190153606408735,45.66417761710609,46.27983070246901,2120460.923168136,,,,,,,,,,,,,,,,,,,,,,,,,,,,,,,,,,,,,,,,,,,,,,,,,,,,,,,,,,,,,,,,,,,,,,,,,,,,,,,,,,,,,,,,,,,,,,,,,,,,,,,,,,,,,,,,,,,,,,,,,,,,,,,,,,,,,,,,,,,,,,,,,,,,,,,,,,,,,,,,,,,,,,,,,,,,,,,,,,,,,,,,,,,,,,,,,,,,,,,,,,,,,,,,,,,,,,,,,,,,,,,,,,,,,,,,,,,,,,,,,,,,,,,,,,,,,,,,,,,,,,,,,,,,,,,,,,,,,,,,,,,,,,,,,,,,,,,
246,,,,,,,,,,,,,,,,,,,,,,,,,,,,,,,,,,,,,,,,,,,,,,,,,,,,,,,,,,,,,,,,,,,,,,,,,,,,,,,,,,,,,,,,,,,,,,,,,,,,,,,,,,,,,,,,,,,,,,,,,,,,,,,,,,,,,,,,,,,,,,,,,,,,,,,,,,,,,,,,,,,,,,,,,,,,,,,,45.65325769230266,48.10634050539842,45.57995719392613,46.289905859713265,2172821.791789421,,,,,,,,,,,,,,,,,,,,,,,,,,,,,,,,,,,,,,,,,,,,,,,,,,,,,,,,,,,,,,,,,,,,,,,,,,,,,,,,,,,,,,,,,,,,,,,,,,,,,,,,,,,,,,,,,,,,,,,,,,,,,,,,,,,,,,,,,,,,,,,,,,,,,,,,,,,,,,,,,,,,,,,,,,,,,,,,,,,,,,,,,,,,,,,,,,,,,,,,,,,,,,,,,,,,,,,,,,,,,,,,,,,,,,,,,,,,,,,,,,,,,,,,,,,,,,,,,,,,,,,,,,,,,,,,,,,,,,,,,,,,,,,,,,,,,,,
247,,,,,,,,,,,,,,,,,,,,,,,,,,,,,,,,,,,,,,,,,,,,,,,,,,,,,,,,,,,,,,,,,,,,,,,,,,,,,,,,,,,,,,,,,,,,,,,,,,,,,,,,,,,,,,,,,,,,,,,,,,,,,,,,,,,,,,,,,,,,,,,,,,,,,,,,,,,,,,,,,,,,,,,,,,,,,,,,45.50010830473476,47.82661894374123,45.354499090138525,46.02085108685239,2159355.270851622,,,,,,,,,,,,,,,,,,,,,,,,,,,,,,,,,,,,,,,,,,,,,,,,,,,,,,,,,,,,,,,,,,,,,,,,,,,,,,,,,,,,,,,,,,,,,,,,,,,,,,,,,,,,,,,,,,,,,,,,,,,,,,,,,,,,,,,,,,,,,,,,,,,,,,,,,,,,,,,,,,,,,,,,,,,,,,,,,,,,,,,,,,,,,,,,,,,,,,,,,,,,,,,,,,,,,,,,,,,,,,,,,,,,,,,,,,,,,,,,,,,,,,,,,,,,,,,,,,,,,,,,,,,,,,,,,,,,,,,,,,,,,,,,,,,,,,,
248,,,,,,,,,,,,,,,,,,,,,,,,,,,,,,,,,,,,,,,,,,,,,,,,,,,,,,,,,,,,,,,,,,,,,,,,,,,,,,,,,,,,,,,,,,,,,,,,,,,,,,,,,,,,,,,,,,,,,,,,,,,,,,,,,,,,,,,,,,,,,,,,,,,,,,,,,,,,,,,,,,,,,,,,,,,,,,,,45.31584522441913,47.799412071427646,45.25455686613727,45.89888653532691,2218705.5229936983,,,,,,,,,,,,,,,,,,,,,,,,,,,,,,,,,,,,,,,,,,,,,,,,,,,,,,,,,,,,,,,,,,,,,,,,,,,,,,,,,,,,,,,,,,,,,,,,,,,,,,,,,,,,,,,,,,,,,,,,,,,,,,,,,,,,,,,,,,,,,,,,,,,,,,,,,,,,,,,,,,,,,,,,,,,,,,,,,,,,,,,,,,,,,,,,,,,,,,,,,,,,,,,,,,,,,,,,,,,,,,,,,,,,,,,,,,,,,,,,,,,,,,,,,,,,,,,,,,,,,,,,,,,,,,,,,,,,,,,,,,,,,,,,,,,,,,,
249,,,,,,,,,,,,,,,,,,,,,,,,,,,,,,,,,,,,,,,,,,,,,,,,,,,,,,,,,,,,,,,,,,,,,,,,,,,,,,,,,,,,,,,,,,,,,,,,,,,,,,,,,,,,,,,,,,,,,,,,,,,,,,,,,,,,,,,,,,,,,,,,,,,,,,,,,,,,,,,,,,,,,,,,,,,,,,,,44.85492808990458,47.20688534521902,44.71301516412425,45.357076359139256,2264741.6684781085,,,,,,,,,,,,,,,,,,,,,,,,,,,,,,,,,,,,,,,,,,,,,,,,,,,,,,,,,,,,,,,,,,,,,,,,,,,,,,,,,,,,,,,,,,,,,,,,,,,,,,,,,,,,,,,,,,,,,,,,,,,,,,,,,,,,,,,,,,,,,,,,,,,,,,,,,,,,,,,,,,,,,,,,,,,,,,,,,,,,,,,,,,,,,,,,,,,,,,,,,,,,,,,,,,,,,,,,,,,,,,,,,,,,,,,,,,,,,,,,,,,,,,,,,,,,,,,,,,,,,,,,,,,,,,,,,,,,,,,,,,,,,,,,,,,,,,,
250,,,,,,,,,,,,,,,,,,,,,,,,,,,,,,,,,,,,,,,,,,,,,,,,,,,,,,,,,,,,,,,,,,,,,,,,,,,,,,,,,,,,,,,,,,,,,,,,,,,,,,,,,,,,,,,,,,,,,,,,,,,,,,,,,,,,,,,,,,,,,,,,,,,,,,,,,,,,,,,,,,,,,,,,,,,,,,,,44.80029126090693,47.141182875823475,44.590858129317745,45.182597312451094,2191765.612789074,,,,,,,,,,,,,,,,,,,,,,,,,,,,,,,,,,,,,,,,,,,,,,,,,,,,,,,,,,,,,,,,,,,,,,,,,,,,,,,,,,,,,,,,,,,,,,,,,,,,,,,,,,,,,,,,,,,,,,,,,,,,,,,,,,,,,,,,,,,,,,,,,,,,,,,,,,,,,,,,,,,,,,,,,,,,,,,,,,,,,,,,,,,,,,,,,,,,,,,,,,,,,,,,,,,,,,,,,,,,,,,,,,,,,,,,,,,,,,,,,,,,,,,,,,,,,,,,,,,,,,,,,,,,,,,,,,,,,,,,,,,,,,,,,,,,,,,
251,,,,,,,,,,,,,,,,,,,,,,,,,,,,,,,,,,,,,,,,,,,,,,,,,,,,,,,,,,,,,,,,,,,,,,,,,,,,,,,,,,,,,,,,,,,,,,,,,,,,,,,,,,,,,,,,,,,,,,,,,,,,,,,,,,,,,,,,,,,,,,,,,,,,,,,,,,,,,,,,,,,,,,,,,,,,,,,,44.577871196935696,47.05736977481316,44.50663770613778,45.19270618487867,2244126.481410359,,,,,,,,,,,,,,,,,,,,,,,,,,,,,,,,,,,,,,,,,,,,,,,,,,,,,,,,,,,,,,,,,,,,,,,,,,,,,,,,,,,,,,,,,,,,,,,,,,,,,,,,,,,,,,,,,,,,,,,,,,,,,,,,,,,,,,,,,,,,,,,,,,,,,,,,,,,,,,,,,,,,,,,,,,,,,,,,,,,,,,,,,,,,,,,,,,,,,,,,,,,,,,,,,,,,,,,,,,,,,,,,,,,,,,,,,,,,,,,,,,,,,,,,,,,,,,,,,,,,,,,,,,,,,,,,,,,,,,,,,,,,,,,,,,,,,,,
252,,,,,,,,,,,,,,,,,,,,,,,,,,,,,,,,,,,,,,,,,,,,,,,,,,,,,,,,,,,,,,,,,,,,,,,,,,,,,,,,,,,,,,,,,,,,,,,,,,,,,,,,,,,,,,,,,,,,,,,,,,,,,,,,,,,,,,,,,,,,,,,,,,,,,,,,,,,,,,,,,,,,,,,,,,,,,,,,44.424721809367796,46.77764821315597,44.28117960235018,44.923621665077086,2230659.96047256,,,,,,,,,,,,,,,,,,,,,,,,,,,,,,,,,,,,,,,,,,,,,,,,,,,,,,,,,,,,,,,,,,,,,,,,,,,,,,,,,,,,,,,,,,,,,,,,,,,,,,,,,,,,,,,,,,,,,,,,,,,,,,,,,,,,,,,,,,,,,,,,,,,,,,,,,,,,,,,,,,,,,,,,,,,,,,,,,,,,,,,,,,,,,,,,,,,,,,,,,,,,,,,,,,,,,,,,,,,,,,,,,,,,,,,,,,,,,,,,,,,,,,,,,,,,,,,,,,,,,,,,,,,,,,,,,,,,,,,,,,,,,,,,,,,,,,,
253,,,,,,,,,,,,,,,,,,,,,,,,,,,,,,,,,,,,,,,,,,,,,,,,,,,,,,,,,,,,,,,,,,,,,,,,,,,,,,,,,,,,,,,,,,,,,,,,,,,,,,,,,,,,,,,,,,,,,,,,,,,,,,,,,,,,,,,,,,,,,,,,,,,,,,,,,,,,,,,,,,,,,,,,,,,,,,,,44.240458729052165,46.750441340842386,44.181237378348925,44.801683359307795,2290010.2126146364,,,,,,,,,,,,,,,,,,,,,,,,,,,,,,,,,,,,,,,,,,,,,,,,,,,,,,,,,,,,,,,,,,,,,,,,,,,,,,,,,,,,,,,,,,,,,,,,,,,,,,,,,,,,,,,,,,,,,,,,,,,,,,,,,,,,,,,,,,,,,,,,,,,,,,,,,,,,,,,,,,,,,,,,,,,,,,,,,,,,,,,,,,,,,,,,,,,,,,,,,,,,,,,,,,,,,,,,,,,,,,,,,,,,,,,,,,,,,,,,,,,,,,,,,,,,,,,,,,,,,,,,,,,,,,,,,,,,,,,,,,,,,,,,,,,,,,,
254,,,,,,,,,,,,,,,,,,,,,,,,,,,,,,,,,,,,,,,,,,,,,,,,,,,,,,,,,,,,,,,,,,,,,,,,,,,,,,,,,,,,,,,,,,,,,,,,,,,,,,,,,,,,,,,,,,,,,,,,,,,,,,,,,,,,,,,,,,,,,,,,,,,,,,,,,,,,,,,,,,,,,,,,,,,,,,,,43.77954159453762,46.15791461463376,43.639695676335904,44.25985002646262,2336046.3580990466,,,,,,,,,,,,,,,,,,,,,,,,,,,,,,,,,,,,,,,,,,,,,,,,,,,,,,,,,,,,,,,,,,,,,,,,,,,,,,,,,,,,,,,,,,,,,,,,,,,,,,,,,,,,,,,,,,,,,,,,,,,,,,,,,,,,,,,,,,,,,,,,,,,,,,,,,,,,,,,,,,,,,,,,,,,,,,,,,,,,,,,,,,,,,,,,,,,,,,,,,,,,,,,,,,,,,,,,,,,,,,,,,,,,,,,,,,,,,,,,,,,,,,,,,,,,,,,,,,,,,,,,,,,,,,,,,,,,,,,,,,,,,,,,,,,,,,,
256,,,,,,,,,,,,,,,,,,,,,,,,,,,,,,,,,,,,,,,,,,,,,,,,,,,,,,,,,,,,,,,,,,,,,,,,,,,,,,,,,,,,,,,,,,,,,,,,,,,,,,,,,,,,,,,,,,,,,,,,,,,,,,,,,,,,,,,,,,,,,,,,,,,,,,,,,,,,,,,,,,,,,,,,,,,,,,,,43.72490476553997,46.092212145238214,43.5175386415294,44.085391410917055,2263070.302410012,,,,,,,,,,,,,,,,,,,,,,,,,,,,,,,,,,,,,,,,,,,,,,,,,,,,,,,,,,,,,,,,,,,,,,,,,,,,,,,,,,,,,,,,,,,,,,,,,,,,,,,,,,,,,,,,,,,,,,,,,,,,,,,,,,,,,,,,,,,,,,,,,,,,,,,,,,,,,,,,,,,,,,,,,,,,,,,,,,,,,,,,,,,,,,,,,,,,,,,,,,,,,,,,,,,,,,,,,,,,,,,,,,,,,,,,,,,,,,,,,,,,,,,,,,,,,,,,,,,,,,,,,,,,,,,,,,,,,,,,,,,,,,,,,,,,,,,
257,,,,,,,,,,,,,,,,,,,,,,,,,,,,,,,,,,,,,,,,,,,,,,,,,,,,,,,,,,,,,,,,,,,,,,,,,,,,,,,,,,,,,,,,,,,,,,,,,,,,,,,,,,,,,,,,,,,,,,,,,,,,,,,,,,,,,,,,,,,,,,,,,,,,,,,,,,,,,,,,,,,,,,,,,,,,,,,,43.50248470156873,46.0083990442279,43.433318218349434,44.09548225692664,2315431.171031297,,,,,,,,,,,,,,,,,,,,,,,,,,,,,,,,,,,,,,,,,,,,,,,,,,,,,,,,,,,,,,,,,,,,,,,,,,,,,,,,,,,,,,,,,,,,,,,,,,,,,,,,,,,,,,,,,,,,,,,,,,,,,,,,,,,,,,,,,,,,,,,,,,,,,,,,,,,,,,,,,,,,,,,,,,,,,,,,,,,,,,,,,,,,,,,,,,,,,,,,,,,,,,,,,,,,,,,,,,,,,,,,,,,,,,,,,,,,,,,,,,,,,,,,,,,,,,,,,,,,,,,,,,,,,,,,,,,,,,,,,,,,,,,,,,,,,,,
258,,,,,,,,,,,,,,,,,,,,,,,,,,,,,,,,,,,,,,,,,,,,,,,,,,,,,,,,,,,,,,,,,,,,,,,,,,,,,,,,,,,,,,,,,,,,,,,,,,,,,,,,,,,,,,,,,,,,,,,,,,,,,,,,,,,,,,,,,,,,,,,,,,,,,,,,,,,,,,,,,,,,,,,,,,,,,,,,43.34933531400083,45.72867748257071,43.20786011456183,43.82641364185207,2301964.650093498,,,,,,,,,,,,,,,,,,,,,,,,,,,,,,,,,,,,,,,,,,,,,,,,,,,,,,,,,,,,,,,,,,,,,,,,,,,,,,,,,,,,,,,,,,,,,,,,,,,,,,,,,,,,,,,,,,,,,,,,,,,,,,,,,,,,,,,,,,,,,,,,,,,,,,,,,,,,,,,,,,,,,,,,,,,,,,,,,,,,,,,,,,,,,,,,,,,,,,,,,,,,,,,,,,,,,,,,,,,,,,,,,,,,,,,,,,,,,,,,,,,,,,,,,,,,,,,,,,,,,,,,,,,,,,,,,,,,,,,,,,,,,,,,,,,,,,,
1841,,,,,,,,,,,,,,,,,,,,,,,,,,,,,,,,,,,,,,,,,,,,,,,,,,,,,,,,,,,,,,,,,,,,,,,,,,,,,,,,,,,,,,,,,,,,,,,,,,,,,,,,,,,,,,,,,,,,,,,,,,,,,,,,,,,,,,,,,,,,,,,,,,,,,,,,,,,,,,,,,,,,,,,,,,,,,,,,,,,,,,,,,,,,,,,,,,,,,,,,,,,,,,,,,,,,,,,,,,,,,,,,,,,,,,,,,,,,,,,,,,,,,,,,,,,,,,,,,,,,,,,,,,,,,,,,,,,,,,,,,,,,,,,,,,,,,,,,,,,,,,,,,,,,,,,,,,,,,,,,,,,,,,,,,,,,,,,,,,,,,,,,,,,,,,,,,,,,,,,,,,,,,,,,,,,,,,,,,,,,,,,,,,,,,,,,,,,,,,,,,,,,,,,,,,,,,,,,,,,,,,,,,,,,,,,,,,,,,,,,,,,,,,,,,,,,,,,,,,,,,,,,,,37.82687264263439,38.08045355113969,37.37103450341301,37.772462253980514,5166021.398730881,,,,,
1842,,,,,,,,,,,,,,,,,,,,,,,,,,,,,,,,,,,,,,,,,,,,,,,,,,,,,,,,,,,,,,,,,,,,,,,,,,,,,,,,,,,,,,,,,,,,,,,,,,,,,,,,,,,,,,,,,,,,,,,,,,,,,,,,,,,,,,,,,,,,,,,,,,,,,,,,,,,,,,,,,,,,,,,,,,,,,,,,,,,,,,,,,,,,,,,,,,,,,,,,,,,,,,,,,,,,,,,,,,,,,,,,,,,,,,,,,,,,,,,,,,,,,,,,,,,,,,,,,,,,,,,,,,,,,,,,,,,,,,,,,,,,,,,,,,,,,,,,,,,,,,,,,,,,,,,,,,,,,,,,,,,,,,,,,,,,,,,,,,,,,,,,,,,,,,,,,,,,,,,,,,,,,,,,,,,,,,,,,,,,,,,,,,,,,,,,,,,,,,,,,,,,,,,,,,,,,,,,,,,,,,,,,,,,,,,,,,,,,,,,,,,,,,,,,,,,,,,,,,,,,,,,,,37.827680886288995,38.070064827537955,37.36436811877455,37.802584544735595,5753062.310538768,,,,,
1843,,,,,,,,,,,,,,,,,,,,,,,,,,,,,,,,,,,,,,,,,,,,,,,,,,,,,,,,,,,,,,,,,,,,,,,,,,,,,,,,,,,,,,,,,,,,,,,,,,,,,,,,,,,,,,,,,,,,,,,,,,,,,,,,,,,,,,,,,,,,,,,,,,,,,,,,,,,,,,,,,,,,,,,,,,,,,,,,,,,,,,,,,,,,,,,,,,,,,,,,,,,,,,,,,,,,,,,,,,,,,,,,,,,,,,,,,,,,,,,,,,,,,,,,,,,,,,,,,,,,,,,,,,,,,,,,,,,,,,,,,,,,,,,,,,,,,,,,,,,,,,,,,,,,,,,,,,,,,,,,,,,,,,,,,,,,,,,,,,,,,,,,,,,,,,,,,,,,,,,,,,,,,,,,,,,,,,,,,,,,,,,,,,,,,,,,,,,,,,,,,,,,,,,,,,,,,,,,,,,,,,,,,,,,,,,,,,,,,,,,,,,,,,,,,,,,,,,,,,,,,,,,,,37.82673081905462,38.0735761902423,37.380954400215515,37.780967346313,5924956.536627591,,,,,
1844,,,,,,,,,,,,,,,,,,,,,,,,,,,,,,,,,,,,,,,,,,,,,,,,,,,,,,,,,,,,,,,,,,,,,,,,,,,,,,,,,,,,,,,,,,,,,,,,,,,,,,,,,,,,,,,,,,,,,,,,,,,,,,,,,,,,,,,,,,,,,,,,,,,,,,,,,,,,,,,,,,,,,,,,,,,,,,,,,,,,,,,,,,,,,,,,,,,,,,,,,,,,,,,,,,,,,,,,,,,,,,,,,,,,,,,,,,,,,,,,,,,,,,,,,,,,,,,,,,,,,,,,,,,,,,,,,,,,,,,,,,,,,,,,,,,,,,,,,,,,,,,,,,,,,,,,,,,,,,,,,,,,,,,,,,,,,,,,,,,,,,,,,,,,,,,,,,,,,,,,,,,,,,,,,,,,,,,,,,,,,,,,,,,,,,,,,,,,,,,,,,,,,,,,,,,,,,,,,,,,,,,,,,,,,,,,,,,,,,,,,,,,,,,,,,,,,,,,,,,,,,,,,,37.82988720600611,38.067876773236165,37.3822011449311,37.77978823266109,5966972.689139719,,,,,
1845,,,,,,,,,,,,,,,,,,,,,,,,,,,,,,,,,,,,,,,,,,,,,,,,,,,,,,,,,,,,,,,,,,,,,,,,,,,,,,,,,,,,,,,,,,,,,,,,,,,,,,,,,,,,,,,,,,,,,,,,,,,,,,,,,,,,,,,,,,,,,,,,,,,,,,,,,,,,,,,,,,,,,,,,,,,,,,,,,,,,,,,,,,,,,,,,,,,,,,,,,,,,,,,,,,,,,,,,,,,,,,,,,,,,,,,,,,,,,,,,,,,,,,,,,,,,,,,,,,,,,,,,,,,,,,,,,,,,,,,,,,,,,,,,,,,,,,,,,,,,,,,,,,,,,,,,,,,,,,,,,,,,,,,,,,,,,,,,,,,,,,,,,,,,,,,,,,,,,,,,,,,,,,,,,,,,,,,,,,,,,,,,,,,,,,,,,,,,,,,,,,,,,,,,,,,,,,,,,,,,,,,,,,,,,,,,,,,,,,,,,,,,,,,,,,,,,,,,,,,,,,,,,,37.83016570840054,38.06217620949427,37.424899827562335,37.73566723067755,6017078.904698678,,,,,
1846,,,,,,,,,,,,,,,,,,,,,,,,,,,,,,,,,,,,,,,,,,,,,,,,,,,,,,,,,,,,,,,,,,,,,,,,,,,,,,,,,,,,,,,,,,,,,,,,,,,,,,,,,,,,,,,,,,,,,,,,,,,,,,,,,,,,,,,,,,,,,,,,,,,,,,,,,,,,,,,,,,,,,,,,,,,,,,,,,,,,,,,,,,,,,,,,,,,,,,,,,,,,,,,,,,,,,,,,,,,,,,,,,,,,,,,,,,,,,,,,,,,,,,,,,,,,,,,,,,,,,,,,,,,,,,,,,,,,,,,,,,,,,,,,,,,,,,,,,,,,,,,,,,,,,,,,,,,,,,,,,,,,,,,,,,,,,,,,,,,,,,,,,,,,,,,,,,,,,,,,,,,,,,,,,,,,,,,,,,,,,,,,,,,,,,,,,,,,,,,,,,,,,,,,,,,,,,,,,,,,,,,,,,,,,,,,,,,,,,,,,,,,,,,,,,,,,,,,,,,,,,,,,,37.83017215942512,38.06170932427648,37.42716443972256,37.73494995933156,6067376.343266502,,,,,
1847,,,,,,,,,,,,,,,,,,,,,,,,,,,,,,,,,,,,,,,,,,,,,,,,,,,,,,,,,,,,,,,,,,,,,,,,,,,,,,,,,,,,,,,,,,,,,,,,,,,,,,,,,,,,,,,,,,,,,,,,,,,,,,,,,,,,,,,,,,,,,,,,,,,,,,,,,,,,,,,,,,,,,,,,,,,,,,,,,,,,,,,,,,,,,,,,,,,,,,,,,,,,,,,,,,,,,,,,,,,,,,,,,,,,,,,,,,,,,,,,,,,,,,,,,,,,,,,,,,,,,,,,,,,,,,,,,,,,,,,,,,,,,,,,,,,,,,,,,,,,,,,,,,,,,,,,,,,,,,,,,,,,,,,,,,,,,,,,,,,,,,,,,,,,,,,,,,,,,,,,,,,,,,,,,,,,,,,,,,,,,,,,,,,,,,,,,,,,,,,,,,,,,,,,,,,,,,,,,,,,,,,,,,,,,,,,,,,,,,,,,,,,,,,,,,,,,,,,,,,,,,,,,,37.830174039936104,38.061889280155604,37.42686628889659,37.73376035371778,6086185.62112401,,,,,
1849,,,,,,,,,,,,,,,,,,,,,,,,,,,,,,,,,,,,,,,,,,,,,,,,,,,,,,,,,,,,,,,,,,,,,,,,,,,,,,,,,,,,,,,,,,,,,,,,,,,,,,,,,,,,,,,,,,,,,,,,,,,,,,,,,,,,,,,,,,,,,,,,,,,,,,,,,,,,,,,,,,,,,,,,,,,,,,,,,,,,,,,,,,,,,,,,,,,,,,,,,,,,,,,,,,,,,,,,,,,,,,,,,,,,,,,,,,,,,,,,,,,,,,,,,,,,,,,,,,,,,,,,,,,,,,,,,,,,,,,,,,,,,,,,,,,,,,,,,,,,,,,,,,,,,,,,,,,,,,,,,,,,,,,,,,,,,,,,,,,,,,,,,,,,,,,,,,,,,,,,,,,,,,,,,,,,,,,,,,,,,,,,,,,,,,,,,,,,,,,,,,,,,,,,,,,,,,,,,,,,,,,,,,,,,,,,,,,,,,,,,,,,,,,,,,,,,,,,,,,,,,,,,,37.83017182944993,38.06182845571346,37.42760810300753,37.73461407173443,6091879.162071596,,,,,
1850,,,,,,,,,,,,,,,,,,,,,,,,,,,,,,,,,,,,,,,,,,,,,,,,,,,,,,,,,,,,,,,,,,,,,,,,,,,,,,,,,,,,,,,,,,,,,,,,,,,,,,,,,,,,,,,,,,,,,,,,,,,,,,,,,,,,,,,,,,,,,,,,,,,,,,,,,,,,,,,,,,,,,,,,,,,,,,,,,,,,,,,,,,,,,,,,,,,,,,,,,,,,,,,,,,,,,,,,,,,,,,,,,,,,,,,,,,,,,,,,,,,,,,,,,,,,,,,,,,,,,,,,,,,,,,,,,,,,,,,,,,,,,,,,,,,,,,,,,,,,,,,,,,,,,,,,,,,,,,,,,,,,,,,,,,,,,,,,,,,,,,,,,,,,,,,,,,,,,,,,,,,,,,,,,,,,,,,,,,,,,,,,,,,,,,,,,,,,,,,,,,,,,,,,,,,,,,,,,,,,,,,,,,,,,,,,,,,,,,,,,,,,,,,,,,,,,,,,,,,,,,,,,,37.83017917329833,38.061927182063,37.427663863113835,37.73466063792434,6093389.022587403,,,,,
1851,,,,,,,,,,,,,,,,,,,,,,,,,,,,,,,,,,,,,,,,,,,,,,,,,,,,,,,,,,,,,,,,,,,,,,,,,,,,,,,,,,,,,,,,,,,,,,,,,,,,,,,,,,,,,,,,,,,,,,,,,,,,,,,,,,,,,,,,,,,,,,,,,,,,,,,,,,,,,,,,,,,,,,,,,,,,,,,,,,,,,,,,,,,,,,,,,,,,,,,,,,,,,,,,,,,,,,,,,,,,,,,,,,,,,,,,,,,,,,,,,,,,,,,,,,,,,,,,,,,,,,,,,,,,,,,,,,,,,,,,,,,,,,,,,,,,,,,,,,,,,,,,,,,,,,,,,,,,,,,,,,,,,,,,,,,,,,,,,,,,,,,,,,,,,,,,,,,,,,,,,,,,,,,,,,,,,,,,,,,,,,,,,,,,,,,,,,,,,,,,,,,,,,,,,,,,,,,,,,,,,,,,,,,,,,,,,,,,,,,,,,,,,,,,,,,,,,,,,,,,,,,,,,37.83017982127952,38.06202592827509,37.42957354280266,37.736403088238724,6094867.880518123,,,,,
1852,,,,,,,,,,,,,,,,,,,,,,,,,,,,,,,,,,,,,,,,,,,,,,,,,,,,,,,,,,,,,,,,,,,,,,,,,,,,,,,,,,,,,,,,,,,,,,,,,,,,,,,,,,,,,,,,,,,,,,,,,,,,,,,,,,,,,,,,,,,,,,,,,,,,,,,,,,,,,,,,,,,,,,,,,,,,,,,,,,,,,,,,,,,,,,,,,,,,,,,,,,,,,,,,,,,,,,,,,,,,,,,,,,,,,,,,,,,,,,,,,,,,,,,,,,,,,,,,,,,,,,,,,,,,,,,,,,,,,,,,,,,,,,,,,,,,,,,,,,,,,,,,,,,,,,,,,,,,,,,,,,,,,,,,,,,,,,,,,,,,,,,,,,,,,,,,,,,,,,,,,,,,,,,,,,,,,,,,,,,,,,,,,,,,,,,,,,,,,,,,,,,,,,,,,,,,,,,,,,,,,,,,,,,,,,,,,,,,,,,,,,,,,,,,,,,,,,,,,,,,,,,,,,37.830179836288885,38.062034015746576,37.42967482657956,37.73643141510407,6096264.264700904,,,,,
1853,,,,,,,,,,,,,,,,,,,,,,,,,,,,,,,,,,,,,,,,,,,,,,,,,,,,,,,,,,,,,,,,,,,,,,,,,,,,,,,,,,,,,,,,,,,,,,,,,,,,,,,,,,,,,,,,,,,,,,,,,,,,,,,,,,,,,,,,,,,,,,,,,,,,,,,,,,,,,,,,,,,,,,,,,,,,,,,,,,,,,,,,,,,,,,,,,,,,,,,,,,,,,,,,,,,,,,,,,,,,,,,,,,,,,,,,,,,,,,,,,,,,,,,,,,,,,,,,,,,,,,,,,,,,,,,,,,,,,,,,,,,,,,,,,,,,,,,,,,,,,,,,,,,,,,,,,,,,,,,,,,,,,,,,,,,,,,,,,,,,,,,,,,,,,,,,,,,,,,,,,,,,,,,,,,,,,,,,,,,,,,,,,,,,,,,,,,,,,,,,,,,,,,,,,,,,,,,,,,,,,,,,,,,,,,,,,,,,,,,,,,,,,,,,,,,,,,,,,,,,,,,,,,37.8301798406642,38.06203089851779,37.42966149191578,37.736478395648085,6096785.471942839,,,,,
1854,,,,,,,,,,,,,,,,,,,,,,,,,,,,,,,,,,,,,,,,,,,,,,,,,,,,,,,,,,,,,,,,,,,,,,,,,,,,,,,,,,,,,,,,,,,,,,,,,,,,,,,,,,,,,,,,,,,,,,,,,,,,,,,,,,,,,,,,,,,,,,,,,,,,,,,,,,,,,,,,,,,,,,,,,,,,,,,,,,,,,,,,,,,,,,,,,,,,,,,,,,,,,,,,,,,,,,,,,,,,,,,,,,,,,,,,,,,,,,,,,,,,,,,,,,,,,,,,,,,,,,,,,,,,,,,,,,,,,,,,,,,,,,,,,,,,,,,,,,,,,,,,,,,,,,,,,,,,,,,,,,,,,,,,,,,,,,,,,,,,,,,,,,,,,,,,,,,,,,,,,,,,,,,,,,,,,,,,,,,,,,,,,,,,,,,,,,,,,,,,,,,,,,,,,,,,,,,,,,,,,,,,,,,,,,,,,,,,,,,,,,,,,,,,,,,,,,,,,,,,,,,,,,37.83017983552114,38.06203195212995,37.42969466922368,37.73644468015751,6096944.097700267,,,,,
1855,,,,,,,,,,,,,,,,,,,,,,,,,,,,,,,,,,,,,,,,,,,,,,,,,,,,,,,,,,,,,,,,,,,,,,,,,,,,,,,,,,,,,,,,,,,,,,,,,,,,,,,,,,,,,,,,,,,,,,,,,,,,,,,,,,,,,,,,,,,,,,,,,,,,,,,,,,,,,,,,,,,,,,,,,,,,,,,,,,,,,,,,,,,,,,,,,,,,,,,,,,,,,,,,,,,,,,,,,,,,,,,,,,,,,,,,,,,,,,,,,,,,,,,,,,,,,,,,,,,,,,,,,,,,,,,,,,,,,,,,,,,,,,,,,,,,,,,,,,,,,,,,,,,,,,,,,,,,,,,,,,,,,,,,,,,,,,,,,,,,,,,,,,,,,,,,,,,,,,,,,,,,,,,,,,,,,,,,,,,,,,,,,,,,,,,,,,,,,,,,,,,,,,,,,,,,,,,,,,,,,,,,,,,,,,,,,,,,,,,,,,,,,,,,,,,,,,,,,,,,,,,,,,37.830179852607806,38.06203024197399,37.42969716306976,37.73644284114052,6096986.690480643,,,,,
1856,,,,,,,,,,,,,,,,,,,,,,,,,,,,,,,,,,,,,,,,,,,,,,,,,,,,,,,,,,,,,,,,,,,,,,,,,,,,,,,,,,,,,,,,,,,,,,,,,,,,,,,,,,,,,,,,,,,,,,,,,,,,,,,,,,,,,,,,,,,,,,,,,,,,,,,,,,,,,,,,,,,,,,,,,,,,,,,,,,,,,,,,,,,,,,,,,,,,,,,,,,,,,,,,,,,,,,,,,,,,,,,,,,,,,,,,,,,,,,,,,,,,,,,,,,,,,,,,,,,,,,,,,,,,,,,,,,,,,,,,,,,,,,,,,,,,,,,,,,,,,,,,,,,,,,,,,,,,,,,,,,,,,,,,,,,,,,,,,,,,,,,,,,,,,,,,,,,,,,,,,,,,,,,,,,,,,,,,,,,,,,,,,,,,,,,,,,,,,,,,,,,,,,,,,,,,,,,,,,,,,,,,,,,,,,,,,,,,,,,,,,,,,,,,,,,,,,,,,,,,,,,,,,37.83017985411544,38.06202853147397,37.42978257264891,37.736374027356575,6097027.086201681,,,,,
1857,,,,,,,,,,,,,,,,,,,,,,,,,,,,,,,,,,,,,,,,,,,,,,,,,,,,,,,,,,,,,,,,,,,,,,,,,,,,,,,,,,,,,,,,,,,,,,,,,,,,,,,,,,,,,,,,,,,,,,,,,,,,,,,,,,,,,,,,,,,,,,,,,,,,,,,,,,,,,,,,,,,,,,,,,,,,,,,,,,,,,,,,,,,,,,,,,,,,,,,,,,,,,,,,,,,,,,,,,,,,,,,,,,,,,,,,,,,,,,,,,,,,,,,,,,,,,,,,,,,,,,,,,,,,,,,,,,,,,,,,,,,,,,,,,,,,,,,,,,,,,,,,,,,,,,,,,,,,,,,,,,,,,,,,,,,,,,,,,,,,,,,,,,,,,,,,,,,,,,,,,,,,,,,,,,,,,,,,,,,,,,,,,,,,,,,,,,,,,,,,,,,,,,,,,,,,,,,,,,,,,,,,,,,,,,,,,,,,,,,,,,,,,,,,,,,,,,,,,,,,,,,,,,37.830179854150366,38.062028391381304,37.42978710252102,37.73637290865679,6097064.788091078,,,,,
1858,,,,,,,,,,,,,,,,,,,,,,,,,,,,,,,,,,,,,,,,,,,,,,,,,,,,,,,,,,,,,,,,,,,,,,,,,,,,,,,,,,,,,,,,,,,,,,,,,,,,,,,,,,,,,,,,,,,,,,,,,,,,,,,,,,,,,,,,,,,,,,,,,,,,,,,,,,,,,,,,,,,,,,,,,,,,,,,,,,,,,,,,,,,,,,,,,,,,,,,,,,,,,,,,,,,,,,,,,,,,,,,,,,,,,,,,,,,,,,,,,,,,,,,,,,,,,,,,,,,,,,,,,,,,,,,,,,,,,,,,,,,,,,,,,,,,,,,,,,,,,,,,,,,,,,,,,,,,,,,,,,,,,,,,,,,,,,,,,,,,,,,,,,,,,,,,,,,,,,,,,,,,,,,,,,,,,,,,,,,,,,,,,,,,,,,,,,,,,,,,,,,,,,,,,,,,,,,,,,,,,,,,,,,,,,,,,,,,,,,,,,,,,,,,,,,,,,,,,,,,,,,,,,37.83017985416055,38.062028445378516,37.42978650613408,37.7363710532759,6097078.855260338,,,,,
1859,,,,,,,,,,,,,,,,,,,,,,,,,,,,,,,,,,,,,,,,,,,,,,,,,,,,,,,,,,,,,,,,,,,,,,,,,,,,,,,,,,,,,,,,,,,,,,,,,,,,,,,,,,,,,,,,,,,,,,,,,,,,,,,,,,,,,,,,,,,,,,,,,,,,,,,,,,,,,,,,,,,,,,,,,,,,,,,,,,,,,,,,,,,,,,,,,,,,,,,,,,,,,,,,,,,,,,,,,,,,,,,,,,,,,,,,,,,,,,,,,,,,,,,,,,,,,,,,,,,,,,,,,,,,,,,,,,,,,,,,,,,,,,,,,,,,,,,,,,,,,,,,,,,,,,,,,,,,,,,,,,,,,,,,,,,,,,,,,,,,,,,,,,,,,,,,,,,,,,,,,,,,,,,,,,,,,,,,,,,,,,,,,,,,,,,,,,,,,,,,,,,,,,,,,,,,,,,,,,,,,,,,,,,,,,,,,,,,,,,,,,,,,,,,,,,,,,,,,,,,,,,,,,37.83017985414858,38.06202842712765,37.42978798997449,37.73637238478617,6097083.141073306,,,,,
1860,,,,,,,,,,,,,,,,,,,,,,,,,,,,,,,,,,,,,,,,,,,,,,,,,,,,,,,,,,,,,,,,,,,,,,,,,,,,,,,,,,,,,,,,,,,,,,,,,,,,,,,,,,,,,,,,,,,,,,,,,,,,,,,,,,,,,,,,,,,,,,,,,,,,,,,,,,,,,,,,,,,,,,,,,,,,,,,,,,,,,,,,,,,,,,,,,,,,,,,,,,,,,,,,,,,,,,,,,,,,,,,,,,,,,,,,,,,,,,,,,,,,,,,,,,,,,,,,,,,,,,,,,,,,,,,,,,,,,,,,,,,,,,,,,,,,,,,,,,,,,,,,,,,,,,,,,,,,,,,,,,,,,,,,,,,,,,,,,,,,,,,,,,,,,,,,,,,,,,,,,,,,,,,,,,,,,,,,,,,,,,,,,,,,,,,,,,,,,,,,,,,,,,,,,,,,,,,,,,,,,,,,,,,,,,,,,,,,,,,,,,,,,,,,,,,,,,,,,,,,,,,,,,37.83017985418834,38.062028456751285,37.42978810151065,37.736372457413616,6097084.294656363,,,,,
1861,,,,,,,,,,,,,,,,,,,,,,,,,,,,,,,,,,,,,,,,,,,,,,,,,,,,,,,,,,,,,,,,,,,,,,,,,,,,,,,,,,,,,,,,,,,,,,,,,,,,,,,,,,,,,,,,,,,,,,,,,,,,,,,,,,,,,,,,,,,,,,,,,,,,,,,,,,,,,,,,,,,,,,,,,,,,,,,,,,,,,,,,,,,,,,,,,,,,,,,,,,,,,,,,,,,,,,,,,,,,,,,,,,,,,,,,,,,,,,,,,,,,,,,,,,,,,,,,,,,,,,,,,,,,,,,,,,,,,,,,,,,,,,,,,,,,,,,,,,,,,,,,,,,,,,,,,,,,,,,,,,,,,,,,,,,,,,,,,,,,,,,,,,,,,,,,,,,,,,,,,,,,,,,,,,,,,,,,,,,,,,,,,,,,,,,,,,,,,,,,,,,,,,,,,,,,,,,,,,,,,,,,,,,,,,,,,,,,,,,,,,,,,,,,,,,,,,,,,,,,,,,,,,37.83017985419185,38.06202848638088,37.42979192141629,37.73637517504454,6097085.381809203,,,,,
1862,,,,,,,,,,,,,,,,,,,,,,,,,,,,,,,,,,,,,,,,,,,,,,,,,,,,,,,,,,,,,,,,,,,,,,,,,,,,,,,,,,,,,,,,,,,,,,,,,,,,,,,,,,,,,,,,,,,,,,,,,,,,,,,,,,,,,,,,,,,,,,,,,,,,,,,,,,,,,,,,,,,,,,,,,,,,,,,,,,,,,,,,,,142.9081037141237,143.91179978977243,139.5803813537073,141.04166065216637,2146534.3288863534,,,,,,,,,,,,,,,,,,,,,,,,,,,,,,,,,,,,,,,,,,,,,,,,,,,,,,,,,,,,,,,,,,,,,,,,,,,,,,,,,,,,,,,,,,,,,,,,,,,,,,,,,,,,,,,,,,,,,,,,,,,,,,,,,,,,,,,,,,,,,,,,,,,,,,,,,,,,,,,,,,,,,,,,,,,,,,,,,,,,,,,,,,,,,,,,,,,,,,,,,,,,,,,,,,,,,,,,,,,,,,,,,,,,,,,,,,,,,,,,,,,,,,,,,,,,,,,,,,,,,,,,,,,,,,,,,,,,37.830179854191925,38.06202848880759,37.42979212401281,37.73637521922483,6097086.394079131,,,,,
1863,,,,,,,,,,,,,,,,,,,,,,,,,,,,,,,,,,,,,,,,,,,,,,,,,,,,,,,,,,,,,,,,,,,,,,,,,,,,,,,,,,,,,,,,,,,,,,,,,,,,,,,,,,,,,,,,,,,,,,,,,,,,,,,,,,,,,,,,,,,,,,,,,,,,,,,,,,,,,,,,,,,,,,,,,,,,,,,,,,,,,,,,,,142.96643834232486,143.96583638218203,139.6500686944822,140.90492775841963,2110759.8608255875,,,,,,,,,,,,,,,,,,,,,,,,,,,,,,,,,,,,,,,,,,,,,,,,,,,,,,,,,,,,,,,,,,,,,,,,,,,,,,,,,,,,,,,,,,,,,,,,,,,,,,,,,,,,,,,,,,,,,,,,,,,,,,,,,,,,,,,,,,,,,,,,,,,,,,,,,,,,,,,,,,,,,,,,,,,,,,,,,,,,,,,,,,,,,,,,,,,,,,,,,,,,,,,,,,,,,,,,,,,,,,,,,,,,,,,,,,,,,,,,,,,,,,,,,,,,,,,,,,,,,,,,,,,,,,,,,,,,37.83017985419195,38.06202848787224,37.42979209733967,37.73637529249853,6097086.771744299,,,,,
1864,,,,,,,,,,,,,,,,,,,,,,,,,,,,,,,,,,,,,,,,,,,,,,,,,,,,,,,,,,,,,,,,,,,,,,,,,,,,,,,,,,,,,,,,,,,,,,,,,,,,,,,,,,,,,,,,,,,,,,,,,,,,,,,,,,,,,,,,,,,,,,,,,,,,,,,,,,,,,,,,,,,,,,,,,,,,,,,,,,,,,,,,,,143.09517968452852,143.8635029042804,139.6879118519876,141.24589145288655,2103688.6464276696,,,,,,,,,,,,,,,,,,,,,,,,,,,,,,,,,,,,,,,,,,,,,,,,,,,,,,,,,,,,,,,,,,,,,,,,,,,,,,,,,,,,,,,,,,,,,,,,,,,,,,,,,,,,,,,,,,,,,,,,,,,,,,,,,,,,,,,,,,,,,,,,,,,,,,,,,,,,,,,,,,,,,,,,,,,,,,,,,,,,,,,,,,,,,,,,,,,,,,,,,,,,,,,,,,,,,,,,,,,,,,,,,,,,,,,,,,,,,,,,,,,,,,,,,,,,,,,,,,,,,,,,,,,,,,,,,,,,37.83017985419192,38.06202848818838,37.42979216370378,37.73637523991381,6097086.886831706,,,,,
1865,,,,,,,,,,,,,,,,,,,,,,,,,,,,,,,,,,,,,,,,,,,,,,,,,,,,,,,,,,,,,,,,,,,,,,,,,,,,,,,,,,,,,,,,,,,,,,,,,,,,,,,,,,,,,,,,,,,,,,,,,,,,,,,,,,,,,,,,,,,,,,,,,,,,,,,,,,,,,,,,,,,,,,,,,,,,,,,,,,,,,,,,,,142.96684410550947,143.80538175473345,139.73512769027718,141.34359172685114,2088631.2942790291,,,,,,,,,,,,,,,,,,,,,,,,,,,,,,,,,,,,,,,,,,,,,,,,,,,,,,,,,,,,,,,,,,,,,,,,,,,,,,,,,,,,,,,,,,,,,,,,,,,,,,,,,,,,,,,,,,,,,,,,,,,,,,,,,,,,,,,,,,,,,,,,,,,,,,,,,,,,,,,,,,,,,,,,,,,,,,,,,,,,,,,,,,,,,,,,,,,,,,,,,,,,,,,,,,,,,,,,,,,,,,,,,,,,,,,,,,,,,,,,,,,,,,,,,,,,,,,,,,,,,,,,,,,,,,,,,,,,37.83017985419201,38.062028487675235,37.42979216869219,37.73637523704557,6097086.917824279,,,,,
1866,,,,,,,,,,,,,,,,,,,,,,,,,,,,,,,,,,,,,,,,,,,,,,,,,,,,,,,,,,,,,,,,,,,,,,,,,,,,,,,,,,,,,,,,,,,,,,,,,,,,,,,,,,,,,,,,,,,,,,,,,,,,,,,,,,,,,,,,,,,,,,,,,,,,,,,,,,,,,,,,,,,,,,,,,,,,,,,,,,,,,,,,,,143.19092052856166,143.8504961102361,139.70637163115947,141.30744365599472,2090102.492791015,,,,,,,,,,,,,,,,,,,,,,,,,,,,,,,,,,,,,,,,,,,,,,,,,,,,,,,,,,,,,,,,,,,,,,,,,,,,,,,,,,,,,,,,,,,,,,,,,,,,,,,,,,,,,,,,,,,,,,,,,,,,,,,,,,,,,,,,,,,,,,,,,,,,,,,,,,,,,,,,,,,,,,,,,,,,,,,,,,,,,,,,,,,,,,,,,,,,,,,,,,,,,,,,,,,,,,,,,,,,,,,,,,,,,,,,,,,,,,,,,,,,,,,,,,,,,,,,,,,,,,,,,,,,,,,,,,,,37.83017985419202,38.06202848716199,37.42979233953578,37.736375129719434,6097086.946994343,,,,,
1867,115.28324246668349,116.29361758925666,114.77927135127665,116.0786841005039,3238054.785969497,102.26474574056044,104.28600492658589,100.82519634805782,101.31470696982608,3136713.6524439133,97.85514204665908,97.8878527597028,97.36026869276307,97.43935325609857,8588532.992919516,6.603516809601414,6.682082789531335,6.150739608797297,6.179175593393161,26808574.42376572,71.85832845607173,73.96304766641929,70.44292460204252,72.90984516687286,2187348.4858996174,471.092953630277,482.1753707081601,468.5342359500179,480.7883178245798,503917.31303090136,15.063380148346393,15.418188603097883,15.03741085456744,15.34786596597366,21179153.850690573,41.427626974408675,42.60012924175692,41.194627364613595,42.04835179709724,7300526.256188223,48.169539243412274,48.19934834775757,48.0441985300356,48.03832733878807,5891466.852352366,72.4078529473401,72.4439686739284,72.08476610674872,72.20372544716002,6682001.069545457,31.862006515678196,32.068708503719,31.685376537522636,31.835125161453696,9084266.344702214,77.23908658473103,77.26878345019604,77.0975407491129,77.1227820523525,2068376.2557111797,331.8765012308702,338.2252376996947,329.4382047403606,333.7519079227977,2555334.3515114337,41.82538333359776,43.0423517151157,41.212435981120606,42.37025117944901,4169193.871444583,9.72830421549085,10.271411722493472,9.549970302696044,9.818866771299753,21049484.252634678,95.37279967407126,98.71364754923964,95.42534787336221,96.1160752945312,10568343.298121462,12.934659637396987,13.244584584884558,12.753455577459828,13.083271040307938,15970334.626120646,151.75568630207033,152.61916878334245,150.07055903690429,150.42323555210857,9158485.032339664,465.3864021157058,478.60191215946224,463.91413541066186,471.3635083802819,1429439.47718442,33.51945471639066,34.28256864105498,33.071433007890505,34.09318330305812,9989759.559652995,43.804930784425906,43.91327616403991,43.48691929039738,43.555291730075076,22847000.59075307,82.27741591490955,82.47462901222057,81.92747567117354,82.27507126096023,17620877.045702595,89.84018026355928,89.84371658411632,89.64778517141599,89.79655886258013,8034137.932655629,41.912952047762715,42.2527396101546,41.584894998963684,42.13696450007161,3666665.080544047,119.9289347752193,123.35009752761681,118.63056492412348,121.96845650964617,3870576.171040467,69.28276014969775,69.55381685822829,69.07095109903638,69.35510838223843,4165786.63609266,49.68543514078879,49.81051729909755,49.35171416313901,49.67323079755468,2582868.85854729,55.30244914499164,55.57321541034218,55.15166911954132,55.320228424641435,3849615.261415295,24.771692608807665,24.885712005493264,24.3559604984428,24.364894535881547,20581827.492223933,37.459425118290476,38.830968864265444,36.61002616562593,36.59546938154708,18150558.746122465,150.18858832517662,152.95203776253408,147.2823705643543,146.90362685374478,1307534.8527119406,36.56302458194941,36.73972731706644,36.039833795987846,36.08840920027417,51351402.2599668,54.304179740954204,54.84139170112656,52.960704416925864,52.906425098001876,5352784.903232209,43.16557188554192,43.62480279805628,42.16349223270588,42.131721087537116,22409773.239331678,275.27388692788264,275.471878821588,271.6996611606855,271.6865275474131,10521820.749707166,,,,,,24.31926633512851,25.26792228740307,24.170642991607277,24.67999472135313,11091157.944763456,143.196685984057,143.85551483640634,139.7033354189678,141.3089405217715,2088572.993827738,5.751794063235563,5.862894213655702,5.50329412945175,5.513105082171066,28634661.61984674,56.299893461683254,56.35990311871898,55.584124512298196,55.598743521772356,10206027.617894543,94.18756600682583,94.27041919016547,93.58473936692971,93.69825615487683,7462923.902577917,54.08720344315899,54.23323888021514,53.73100167230319,53.87428294497471,11122725.38114777,51.719344869576034,51.692018416733106,51.61184777706007,51.63163921575967,3199271.4119579648,93.78293097034886,94.28937408493671,93.71074972795313,94.3385545898639,4506096.763152457,11.360383662580482,11.60813132313929,11.124174460944145,11.213836389260372,23008855.645910665,26.268181004555345,26.472222921068788,26.05879568961046,26.311415666204834,12889899.311328478,107.19184937458486,107.18098668076658,106.25724401535858,106.37942209916497,36926431.01961665,70.86261192176616,72.16219441659638,70.04619357874493,70.2539857663532,2705220.01035771,92.62040844564697,92.69111115740913,92.27490952317629,92.34888774298953,5693061.56698737,136.53904042919638,139.5407528799516,135.18271685953948,136.18620517109494,2511451.4161622655,110.69315032308228,113.76413892022981,110.18550904794974,113.0483451698299,7878834.479921635,45.48019027272932,46.23899072327002,43.80220299166745,43.795105486433734,10964261.947922494,129.13599385905437,133.30331967977253,128.62215489188563,130.0358968090928,2463705.9201050038,55.137243119634405,56.359724233520915,52.49898453312238,52.63131947000784,1744252.1732906685,245.9387580194773,253.34573071661123,244.08115412599568,249.06050299620114,552112.9167833341,92.38315807240078,93.51272774050915,91.4400524765469,91.80885670683818,4341406.682132859,45.42122690384164,46.64055770117699,44.839879714376636,45.739467885983984,11915114.967413738,25.41865824558769,26.03146198779005,24.8961022950688,25.06678999665751,4401885.431006715,61.19340872190329,61.61446898987887,60.487073805939076,60.619592835034496,3050879.97122584,168.68868398579582,170.72521460889925,167.84978789238284,170.22613985963278,9543619.78800838,107.86109489050209,110.10324377601856,107.6365727523302,109.9172679459737,1544001.1859113788,91.6606970393034,94.21800395385591,90.76701857239617,90.77332223935976,1687765.2903861385,67.02817733568776,67.53380918241317,66.91153380582192,66.85839078652093,7083300.461778808,81.95034003368967,81.99015160866885,81.86090326238288,81.89068513625122,3582966.7647238467,39.86176017392992,40.56373885875349,39.59120915067124,40.02132416251096,14476277.70417639,30.711165749557185,30.922540450906823,30.127749957369716,30.234367264033057,28101001.278949425,32.80427284100846,32.799731879271164,32.686396347896675,32.67605627124743,8228680.566969044,26.934839593398817,26.99458392494125,26.59751363966276,26.660704689413354,4554736.712942114,49.626965317866905,50.19796904331206,49.45613439501099,50.050027584076126,2748746.321528435,122.75215720051007,126.45073094106651,121.86802636660298,122.88207725549857,1862831.5886588816,56.938181250720255,57.83177921033391,56.87324058371831,57.417495442287425,2770083.917092886,40.52510361771203,41.859943160777675,40.09353543715241,40.436179957441965,4321117.234886666,108.45241931602354,108.53928816315393,108.10672615748685,108.21028819554928,2216870.717401004,181.7303745168612,187.16570816290337,180.35342885680276,186.8358885244398,1924979.5233653304,23.524520614358124,23.84508970991162,23.21827456226217,23.840938356569364,2886000.8111438863,9.4181833910383,9.558708838612427,9.278118316601118,9.278705042179217,28431965.05657001,80.23212146795002,80.20881280144455,79.73517955249753,79.92516481287291,8783586.563017452,77.6764196279996,77.68845560480912,77.51844606674759,77.51096760688395,5407029.74310091,51.032835469745464,51.21955608594955,50.84349607043433,51.11521662778799,14176717.832130995,58.52130926107843,58.547112921038796,58.246469387977015,58.30325263644912,7213229.115179142,70.77007399100029,70.95367537127983,70.46162864502577,70.83653314685212,4970086.812833481,56.698354864518365,56.80498323944574,55.970064208839176,56.108428300831754,2369733.6804439407,57.929892393614296,57.959497002552396,57.86915891985264,57.88034275988998,3605322.3591270465,167.66999121120693,169.3476209607584,166.9854320693888,168.54685635949048,3160489.0870611374,114.83658150941488,115.87102115591253,114.33891630373216,115.70788696255961,2056202.723785619,45.242828844592765,45.33263474893909,44.89444974130736,45.00374999346134,8456984.005046997,62.300272146557475,62.44697394704919,62.06102966953975,62.232132641862535,4629883.927956035,125.62336260874577,126.8924179817493,125.11325955956652,126.35911035066319,1201331.5184214723,55.73482791935445,55.88416220941396,55.144630280283586,55.837261709331536,8191692.64647574,72.4641876798205,73.63782050642244,71.04909178970337,71.18144921949478,1974255.7957787397,84.47359284720662,85.4708862862398,83.92049518081473,84.60273688938955,5708985.28636929,86.4705715370966,88.09532521656303,85.92307442547768,86.76186353009841,16679692.066589147,107.66496320339759,109.99814685246953,106.67652433325011,107.44766304162323,18043536.55735631,37.83017985419202,38.06202848711995,37.42979234859682,37.73637512797464,6097086.974142088,45.20613760984344,45.59369382894284,42.93269491109895,42.39956690362813,4743103.109765127
1868,115.16348502057552,116.26958629949104,114.75336052630897,116.03675630645564,3219233.766531661,102.35296277581594,104.50829114967394,100.86179236892238,101.32530119523692,2940622.950710551,97.84756500144742,97.87919245376142,97.35918331914053,97.43876825825186,8756490.426474757,6.657779170494124,6.708934432214892,6.1463823065795715,6.165452681565217,24722102.880087703,72.18060334015559,73.89844184277823,70.63300827334326,71.9921446678871,2438258.7363755726,471.0323350598227,482.65726983398395,469.0325546510668,481.0235375879457,539981.1283941625,15.061277819471611,15.4263815574755,15.044825363211089,15.34968929743612,23888091.871029455,41.44524297077723,42.604483484099184,41.243298223180325,42.02851030221653,7650176.716747423,48.17197861035095,48.20179681988843,48.04168486867245,48.03143112010715,5050518.7879168615,72.43329312846886,72.4446308774513,72.09672624381336,72.20374706264043,6770307.164802891,31.864117658966716,32.086182381003795,31.661205749733586,31.81404705575708,10050149.681073042,77.24507363350139,77.27476736376742,77.11539457538382,77.12269432578677,2235768.3999420935,331.98935748942256,338.71293327811287,329.9992475879788,334.481227922961,2573373.9650311545,41.90317665007453,43.14192196581333,41.31319578664559,42.441991582605546,4499119.16775546,9.733444540405308,10.26192967236333,9.571180998578674,9.826036257651896,20963373.541274488,95.34824212828659,98.7412522575851,95.42069875426914,96.00174022986337,10295270.06072786,12.933953475604117,13.245479233840562,12.759527722630676,13.088281383308088,14736831.706435207,151.75848701018333,152.67936472860129,150.06751888833628,150.42201308843033,9167210.234654974,465.6987456213768,479.10057315018156,464.2884249145586,471.68360547142856,1458015.2645090206,33.51643632537774,34.27192240393195,33.11007906172228,34.06410425493685,10051508.421156015,43.7848937736115,43.91405875718926,43.484881252531956,43.54156464552238,25502440.537569247,82.1889643483472,82.44049044883974,81.89982360924702,82.23939857255522,17180661.695156705,89.83351328186751,89.82306648020709,89.63329870850852,89.78978143119295,7571010.040894598,41.918659094746744,42.260304974889245,41.50016486231145,42.14398329666833,3980278.2806764813,119.91440243321892,123.39561291845119,118.54714226281146,121.73842644748461,3975563.6428699372,69.26496209102108,69.52897685015576,69.05824738841282,69.32435891408367,4412808.083139231,49.65061011152621,49.79939918589879,49.333506524991535,49.65797300986294,2817458.2053717985,55.26889123634028,55.58499030512015,55.13706347652839,55.28424796213407,3788618.910252498,24.755918124850435,24.877154371260442,24.344188538248478,24.362949209770967,21970789.507146586,37.56261107061263,38.740492497651964,36.61850533333766,36.649758924845024,17226617.53870448,150.18576148878702,152.89520837746704,147.3066724146903,146.81502693208392,1176967.4152944817,36.587808192380656,36.76990100515453,36.07572261167281,36.11387846513085,51056979.50668584,54.272693676849904,54.880219459816594,52.94082640916887,52.91111222808578,5111751.435917008,43.21639947362285,43.65293064226685,42.10343471218593,42.135051138204986,21475184.38832841,275.517395037441,275.666192174346,271.8723023909125,271.8728818791589,9680578.446530696,,,,,,24.31786752250039,25.269018713530745,24.166210031841175,24.671926572055686,11035112.960773602,143.24322862591848,143.85652522104104,139.70194799371149,141.31564239341242,2088060.4993657637,5.752761422301578,5.860189675483754,5.5037916103466475,5.51031158053272,25658801.136723273,56.329802804280874,56.38992221806518,55.61326429301898,55.627501911099934,9771469.759498052,94.21046797468678,94.25366519058942,93.61398232407045,93.68365290019729,7579008.094772227,54.05075889545855,54.23361710357597,53.725195350690385,53.858926456683555,11688019.090450617,51.72202375397646,51.68947221220277,51.60759384261294,51.63525307602913,3026561.6142693865,93.7462883664956,94.27317215525119,93.67105898982962,94.35097855424117,4119349.0611407133,11.350019340630011,11.609274808331755,11.130953049950705,11.215327091196935,23024541.153705407,26.28166893120402,26.46859150317506,26.059036873442622,26.31129415443546,13612820.161688179,107.20976174143821,107.1801365819671,106.22139192614938,106.32992281255056,34656099.34049635,70.85045404840011,72.1045022139074,69.99538766651101,70.25391777585861,2766384.609730206,92.64834445472083,92.69122649892932,92.27504926428468,92.3489879676058,4720716.845998965,136.46434430265074,139.53218055691949,135.19099433198645,136.16792626572698,2670099.6085527074,110.49491282734984,113.6693716699985,110.11941199821463,112.99220416658662,8368230.281088223,45.53057997565551,46.29302080893758,43.8325965857531,43.80232257641154,10759041.693475295,129.0101493300455,133.33171751520655,128.4516392805408,130.03171591587133,2653947.4111153376,55.37254728233037,56.421799903392476,52.42245542675221,52.37625632536341,1629345.677089024,245.49324129917835,253.22665620014493,243.74325442958056,248.80523725767316,560372.821498163,92.39654266947694,93.56654077901894,91.41117268151865,91.80766001992008,4494069.8528338205,45.414379773313854,46.64044697008507,44.83522531058343,45.68577482191959,12004466.013089523,25.371253059100546,26.059149691479604,24.899948959599403,24.99712285892236,3888743.646149198,61.179184375081256,61.57059394094147,60.49000876965998,60.60291545334541,3184614.5015681214,168.63319328341439,170.71381712166004,167.84012920929004,170.2301039672908,9898105.446281102,107.80324369362111,110.06160208356457,107.60800928651223,109.89985738283167,1363344.7234329549,91.69079862101825,94.10676025340314,90.67423318215945,90.84493830262775,1517632.6284539332,67.0282219490595,67.52297962737843,66.82423490965667,66.86663118315556,6434813.837579377,81.95598045556771,81.99580360693184,81.86650690832735,81.89627065344779,3768318.3238804196,39.859470183617326,40.54050309713952,39.56318296871346,39.94721587872572,14684513.219851429,30.728794409287982,30.92343969325564,30.12896227035141,30.20342971353162,24400569.90614431,32.80581299705889,32.796828650525626,32.68041766848394,32.66335784758173,8057868.917971331,26.955842226746498,26.977900414778954,26.60571765214718,26.65915228104065,4993938.37079171,49.61794394997803,50.1953648912846,49.45143599598891,50.067060963099976,2808292.5535080647,122.83564299398891,126.58807922561267,121.8108230353669,123.08102217081696,1834116.9308156308,56.90376863329798,57.82117492753633,56.86797602590629,57.4178705219626,2327803.8921083556,40.563938074535926,41.93221147853912,40.07852361901264,40.48217843970728,4216792.976613777,108.4734123475734,108.52239787476329,108.10611450239554,108.2113380466563,2225825.971395938,181.65172385056425,187.05345818274688,180.4720380026922,187.1207893214784,1970500.8073076836,23.580462664166454,23.914693403180365,23.261001911519422,23.8807706434149,3115309.76961675,9.416367132402302,9.5482499228578,9.278657921774629,9.278746965073157,30323900.260930404,80.23476515547263,80.20770006912463,79.7108920756169,79.89925812478411,8322742.762734217,77.6799452461919,77.69631200403187,77.51610572961543,77.4883104305878,5170377.315911645,50.98340418128907,51.20779635994703,50.84024782884448,51.10651576468836,14191237.34045577,58.5239186384999,58.547259578300924,58.24613266629568,58.30570537607737,5074340.508788431,70.69677580738698,70.931615735128,70.44973392540156,70.81417371932214,5240961.910261636,56.74737907939752,56.778997849917296,55.998235270612525,56.100599389248465,2462195.4133096677,57.934085090654605,57.96369430904301,57.86913605044727,57.88448581631739,3837944.3595287916,167.6028816645687,169.33499678833988,166.9861548561423,168.5566670339744,3143338.6980978344,114.71223642943453,115.85308856539959,114.35561471050265,115.68234441283185,2120026.1542646494,45.22099053252432,45.3325384094387,44.89447803155564,44.98980508080666,8667995.188043559,62.23595197036567,62.435724993832636,62.05922299148186,62.21163038688772,4687963.227179901,125.57044281002152,126.8807101814665,125.11283496970864,126.34777612130269,1228896.4093125924,55.79382425514735,55.9374849025772,55.12284117517979,55.916038069698274,8264544.119803713,72.54023893494839,73.64317007693306,71.04230721199488,71.19025207615125,1800989.4212924647,84.43248009624142,85.47547447473113,83.91480884590507,84.60092428356478,6037645.222875291,86.46124521969443,88.12471431031597,85.9133383274433,86.71648402393741,17196121.72802482,107.6487069685895,110.05511157320618,106.68705008674475,107.48157895282326,18175072.307142496,37.83017985419202,38.06202848713615,37.429792347403875,37.736375125080876,6097086.984270412,44.765722647130275,46.02511490984379,42.799115531512484,42.73578147525355,5087941.076294381
1869,115.16660874943527,116.25554677812528,114.74844670964782,115.97887505398982,3184796.4847316644,102.1761619108451,104.3946349951181,100.78071135286116,101.3135442436432,2858275.0226103817,97.85087554577176,97.88167981809349,97.35909005595894,97.4387372787629,8770562.135076048,6.616415418839223,6.691976341435704,6.1420280911585285,6.173274640756928,23886393.459600255,72.28804990342917,74.32552860829662,70.7436784960851,72.65064709913857,2553453.4483494526,471.41753516990576,482.65896890901405,468.6984986703412,481.2643499350653,553192.5832471837,15.06141022711258,15.434578865445044,15.052243527732665,15.34813143210644,24629210.253368217,41.43724481298449,42.61207998361842,41.21301935072316,42.06234388289831,7762027.930087441,48.17441810082228,48.20424541639889,48.03993044797449,48.02641058458592,4788508.838638609,72.4099806100344,72.44468660647372,72.08835223188579,72.20374849829282,6786598.785847202,31.860718520205086,32.07495374060862,31.681934783153014,31.831412011422056,10318262.097750347,77.25106114634707,77.28075174075003,77.11312999626882,77.12268848644227,2284679.703346388,332.12705320444064,338.60726126188047,330.03579459295037,334.15590639073844,2587202.6974562863,41.83190107930756,43.06415252183197,41.25171815115652,42.458781026442416,4581187.631247751,9.73209130304277,10.253481112440785,9.588273617843386,9.836192907906083,20784398.56988311,95.32127833601331,98.74873278656345,95.39247873976429,95.92084413500318,10195408.778442033,12.933904779625562,13.245584763248784,12.757927728232398,13.09576959542695,14261771.982822979,151.75105871769364,152.6447069824395,150.06932291524552,150.4215639569431,9184031.179160707,465.8193924313348,479.0591113548735,464.50210207486145,471.8779731121327,1460391.0594751327,33.51712782914177,34.27426363326217,33.09273220693492,34.06871208209693,10103609.983970365,43.79209162247483,43.91396876423772,43.48559296836156,43.54154128852519,26035606.589851856,82.18943979618955,82.42165004336807,81.89540745633904,82.21243086138286,17064335.00343058,89.82351192400115,89.80986345557591,89.62397767910353,89.77949493931257,7314578.353049947,41.915492640302126,42.25567447825571,41.53587859888743,42.15856949522944,4077033.9852691833,119.94664890192978,123.36871414284496,118.55864474200112,121.72871267618551,3970868.0123614785,69.26031570676746,69.51121206565138,69.05217886481879,69.28787490712857,4453607.844123888,49.652903850570524,49.795545789167846,49.336207043445796,49.647313316187365,2887992.104529797,55.281590243886626,55.58611577096042,55.145224859969396,55.30111887261713,3776462.783142988,24.75850342192456,24.868094964675638,24.343087914422494,24.353044663088518,22401687.916934874,37.50442145369575,38.86578122692202,36.61670421230116,36.67862751387823,16897743.163958114,150.15899690867303,152.92032120436684,147.3274763064689,147.03910510291,1183341.4074073324,36.57824211803158,36.75697180957618,36.059883691082504,36.10079114504581,52355278.57352756,54.150677534581654,54.86935685383563,52.96560975171926,52.92231289177949,5135908.1939506,43.15748872676178,43.63991379361791,42.14213194495403,42.13644023153135,21339033.64853562,275.54230655117493,275.7818754204566,271.9707208040393,271.98925147526984,9501759.881879304,,,,,,24.31747808151466,25.25967523265394,24.16964327664687,24.673656612841295,11192686.041283263,143.36895617986983,143.85461277586575,139.70119446860886,141.2989302852143,2087937.9965492256,5.752694128484667,5.85748638490838,5.503825081121321,5.507519494367377,24788187.508923527,56.3597280362296,56.41995730655039,55.64241935016676,55.65627517567297,9740763.594682252,94.19357184240184,94.26172673654901,93.60043594505258,93.69782323607792,7629151.643458226,54.062624263815195,54.23357797952917,53.727073142270605,53.85700661242937,11761999.149000624,51.722549696829255,51.68919728759585,51.610977670711456,51.63238953648001,3027902.906272325,93.71310596958322,94.26623240177543,93.63284296223017,94.3597777521252,3906784.612869343,11.343515527662005,11.609335255784597,11.13773576953514,11.215160804382169,23133173.57415788,26.295163783500318,26.467928065857908,26.05906755865637,26.31128865396077,13812699.801490521,107.18581391087085,107.17825039100397,106.1940826861363,106.29944358496212,34144457.21333822,70.86172941303982,72.13623938285944,70.06570429167334,70.25396206799253,2799145.9109402644,92.62597069330505,92.69123064187986,92.27504594917488,92.3489808548964,4207570.772594886,136.63643906656665,139.46639611810957,135.17184191821082,136.20861506078003,2709983.820115417,110.50366436975241,113.59323091648858,110.1278131291771,112.90382310668485,8319420.480896164,45.495915964279696,46.295808275531634,43.822300436971695,43.80448170597821,10705749.374820003,129.39714747746885,133.35380997680556,128.46380765363233,130.0238861298144,2729596.9034091076,55.120732306181175,56.22930100129327,52.221331731082024,52.391176836531145,1614084.6026913354,245.61324321266966,252.84289940344544,243.6124149185311,248.33556619738073,571578.0838541107,92.40286874160269,93.59337508391194,91.34509048284596,91.84516413137158,4509132.822237438,45.434921016752156,46.64019411938474,44.847822083421725,45.664542071643886,12147013.749316417,25.334380282336078,26.053370450695198,24.89830320430992,24.937123936427344,3718925.817048436,61.21176833426939,61.624578988498016,60.48494972130869,60.600218456650275,3250624.9622606793,168.58211925721955,170.7390197725625,167.8678883131533,170.22227803287944,10004422.024152048,107.72935471748278,110.02065700080408,107.57635662370889,109.88370917357655,1319772.8397268804,91.68603773350233,94.16274385227757,90.75723910486555,90.81626273963639,1443055.820148735,67.02832221621874,67.53230100435403,66.90112577465732,66.86782982467244,6174494.088135365,81.96162126566085,82.00145599481584,81.87211093785967,81.90185655161567,3793235.9811512297,39.88800081042873,40.54385410310112,39.586289861288776,39.9311453536312,14773637.05563607,30.718016614161293,30.923475568172485,30.1563223493834,30.231279821998456,22956277.755260278,32.80606078981524,32.795132086048035,32.68372847393986,32.655064687064744,8026822.400594943,26.936751302637838,26.990116901273407,26.599958303735683,26.6604876752297,4915590.333518118,49.62158284655311,50.19508730871308,49.450784156065254,50.08410013904373,2889367.983243577,122.81546321978932,126.62578054921961,121.83246793312729,123.1983435145661,1821918.9386514146,56.85731732500461,57.79650333913758,56.81950430327977,57.41828840593737,2228843.1914259326,40.5739137478605,41.93856862861471,40.08264271715674,40.53249822399285,4134332.4857146237,108.4597438444873,108.52633104471724,108.10607582883328,108.21033695198597,2233695.8061484336,181.58916996985087,187.14025380648562,180.432373624828,187.40199561016541,1996465.1427915266,23.543589793214096,23.88265781904313,23.236592432924343,23.913623156575987,3204065.607516402,9.414551224024448,9.552863768375524,9.278695646806955,9.278745607863673,31152750.858256083,80.23506356049712,80.20749666304143,79.69565770795651,79.88083756650924,8218124.005547906,77.6807410387446,77.70416919774857,77.5170116372279,77.48157811044119,5100625.940207791,50.98564444628849,51.20025755687187,50.838547120718395,51.09829161743749,14082735.618108818,58.5265281322696,58.54726537113958,58.246109194841104,58.30815821888908,4461203.942514125,70.69966205581441,70.92281608968344,70.44344194026768,70.80029389502424,5383180.899016646,56.70822343461695,56.80264863107708,55.97936319407512,56.10896676015231,2638046.1080218568,57.93827809114289,57.967891919493844,57.86913623338688,57.88862916930345,3904741.304217226,167.561149574331,169.30129757662192,166.99569348003487,168.53545183012318,3096206.504606417,114.7190561966728,115.84359606000648,114.3600943641269,115.65223071959855,2115268.9766552863,45.228269205463775,45.33254157199179,44.894462107183045,44.98628846140296,8742548.43542761,62.241475501931276,62.427829166403605,62.058193418809296,62.1930286055828,4703007.472462906,125.54548542478915,126.86673199954727,125.12332603040649,126.3585027087517,1233055.2019996168,55.81187361950541,55.89871485532789,55.093502752925865,55.962636029288056,8283960.4304335695,72.5418653861376,73.65151380720813,71.05691568611867,71.18847060570053,1744349.5245538566,84.41765442411175,85.48181298061321,83.9131099815409,84.59382738197313,6188332.930044026,86.47091938015542,88.11465649390176,85.91469319147583,86.70087029735616,17263517.286133118,107.66408644858494,110.04409227560612,106.68280648143345,107.49320319878099,18117642.118805107,37.83017985419202,38.062028487130675,37.42979235037198,37.73637512715758,6097086.987356993,44.357701988751536,45.881338826365685,42.24589276813203,42.465455360389505,4941319.126610999
1870,115.17602856763972,116.25755105849107,114.75347268685135,116.00341502764833,3085415.6014231145,102.1521882450461,104.43442018899736,100.7566837554043,101.29734748664775,2834619.316929779,97.84942911072785,97.88096541130898,97.35908204210928,97.43873563819491,8765454.061626222,6.647946666702754,6.702686183148713,6.137676960347422,6.1688161813305395,23573687.468602754,71.8817058397259,73.79492428056491,70.53125857013467,72.30929285713007,2610811.2831360055,471.32235535231194,482.5078318735149,468.98299240690375,481.29368264225303,551409.7996193143,15.061401887892396,15.442780529319936,15.059665349934775,15.349462481581199,24812257.67622178,41.430042363284905,42.60066482759866,41.19033757613061,42.05741085610428,7795736.8056443045,48.17685771483252,48.20669413729527,48.03870594254566,48.02275557042726,4676506.478140498,72.39728741330677,72.44469129645775,72.0643180869742,72.20374859364568,6875101.91688055,31.86397110993493,32.079445244088845,31.66417502576291,31.809611108121796,10441350.93697251,77.25704912330403,77.28673658117975,77.10149862277413,77.12268809775792,2282874.189473272,332.2549172846106,338.8217533123635,330.19765550758177,334.7754360376277,2571937.9421124533,41.77501148761211,43.03433851195948,41.32331699927104,42.29849861300445,4634172.196855574,9.728251965601315,10.264466315629605,9.554488480747485,9.832423472623347,20658235.294119235,95.296140472777,98.75301782639698,95.36500515531273,95.79365073590365,10254574.02426217,12.933901421615612,13.245597211098776,12.758349322578793,13.074384351842207,14010615.522261962,151.74805875245394,152.5543408684814,150.07055761874693,150.42329772827856,9191284.678157374,466.1487384927405,479.36060254161987,464.92785087791873,472.11708648844905,1466968.0012389766,33.5183728567974,34.27572161108132,33.09070800881825,34.07347050587011,10129010.688155273,43.79337457305613,43.913876107023825,43.48605246662752,43.54463934367543,26263673.098471396,82.20474737084612,82.42932603643239,81.90464304142775,82.2219506720431,17043522.162953325,89.82240190930293,89.80141668969927,89.61797723161507,89.76831184318543,7381112.468899344,41.91749117676188,42.25850864419816,41.478443522982,42.151183885101055,4130414.6480520363,119.95171609580201,123.34197537064362,118.58341271381288,121.90411243399956,3992382.805283513,69.2744583097721,69.53920190281018,69.06604103775378,69.32904970827877,4515805.705595034,49.669814520571336,49.80137500938892,49.347166086584025,49.6651593187377,2915581.9493444823,55.27945057374559,55.567370638158486,55.14038631554709,55.29494939160654,3761019.1052397876,24.762470542428698,24.87235098250414,24.34888698054644,24.355111147467486,22560725.162713867,37.46646906558759,38.69574633944844,36.611961896828184,36.60817705056086,16782645.185027756,150.14126202933218,152.92007153834084,147.32990266968918,146.86800397901158,1138017.6144409417,36.579158660382426,36.76980560871782,36.067019652106545,36.10864390891952,54218278.725181326,54.08748186497471,54.84314935729315,52.99237847135006,52.909898010820505,5171016.355390812,43.15483246781274,43.63780327847868,42.11687739985499,42.134588519436214,21447320.367332384,275.6452516874191,275.8924544009551,272.11379155364375,272.13136048331876,9435866.997083012,,,,,,24.317542809464644,25.258410627192813,24.169621210459166,24.678269722511214,10991095.795273669,143.23985033879586,143.85352656134805,139.70025429040814,141.2941415714129,2087770.1851995294,5.7526988097431095,5.854784341354064,5.503827333052539,5.504728822957813,24495318.967638504,56.38966916597066,56.45000839269093,55.67158969175016,55.68506332318566,9489094.739143126,94.18022436392404,94.25784775093942,93.59197129551426,93.68406676877638,7614076.140873626,54.066555121520615,54.233542579229145,53.72836192413225,53.862202916971285,11814165.560907543,51.72265295469449,51.689167602808716,51.6082859760597,51.63465853919123,3022875.6518044975,93.71561514830111,94.26325990533586,93.63232462720782,94.37071366547933,3917012.3175634006,11.339434258928272,11.609338451186321,11.144522622214447,11.21517935356634,23349078.001370195,26.30866556500035,26.467806860013066,26.059071462659116,26.311288404970718,13833875.997351626,107.1748158516188,107.1755010646722,106.18032312884324,106.27295671631066,33447823.623871904,70.8540365699438,72.17621518619536,70.09168739965325,70.25393700709384,2784373.861583947,92.61478847473029,92.69123079069044,92.27504602781998,92.34898135966894,4205919.352251957,136.4752054199951,139.47491689840209,135.1722904198921,136.36070845680698,2705849.1154740406,110.55369740588132,113.65010440066195,110.14660017344632,112.97160150640174,8141421.971778012,45.48898071805145,46.29303440660778,43.818162234099326,43.80244139102409,10709292.149587387,129.23475332111127,133.32479316715452,128.53592961300967,130.02957379508737,2768143.5922703343,55.09372639965954,55.864188695998145,52.20503539632893,51.96285496307317,1621848.5035798715,245.30597998074455,252.6930662906779,243.34287839523466,248.17043512453432,572746.7234447903,92.4046377830245,93.6237802732678,91.31859779570652,91.88620344117787,4387869.65949988,45.43834455732293,46.64152880751566,44.85667083565558,45.73096351504899,12364144.587035954,25.305698377154886,26.02884903034262,24.896238515866475,24.928756675598944,3629744.0358570544,61.24246994570749,61.6299445280034,60.52152390934541,60.617319072808996,3268275.1738867857,168.5642829568053,170.7525568704778,167.881207728792,170.20738090598329,9997087.204943659,107.75574398319893,109.9734629002544,107.58012007615564,109.8374387319943,1307018.1367957601,91.66843688794596,94.13383023296085,90.68292108937634,90.7729384941414,1407042.0380281347,67.03116359957704,67.53646986320545,66.83339686012125,66.8505444086152,6080414.950155536,81.96726246399581,82.00710877234769,81.8777153510061,81.90744283078085,3737724.893962213,39.88433106332686,40.553739864104145,39.59409335514816,39.98474105744991,14864235.431263762,30.724605933461042,30.923476999388065,30.17734007389076,30.206209041376106,22399434.816913486,32.8061006567171,32.79414066192031,32.68189505354545,32.64964854147289,7960577.329686823,26.9233488658677,26.98117138915891,26.60400145873917,26.659338958389785,4648568.803722262,49.62011504605464,50.19505772054649,49.45069372200802,50.10114511388023,2844040.121040627,122.77436155301214,126.46364941191544,121.8539844180933,123.04500982141586,1816635.0244991116,56.88570665551171,57.79415425103029,56.83175907125654,57.41926459862487,2166733.1600474967,40.45218355522688,41.866362092999694,40.08264843240462,40.47052802018856,4141251.4929798665,108.45286508420438,108.5413900007174,108.10607338359178,108.19817673995625,2244230.846269867,181.53960237998297,187.41970057462927,180.450689467967,187.64125838338694,2007853.4926066198,23.532574880765143,23.859110238069302,23.250545803876765,23.82555033090394,3242000.42305227,9.412735665837191,9.550828416818934,9.278698284250282,9.278745651801898,31466035.864511255,80.23509724282829,80.20745948066258,79.68610192086705,79.86773990748024,8314482.19357246,77.68092066278565,77.71202718603958,77.51666097467118,77.48326358072933,5074488.307822127,50.9938965409542,51.19542465925215,50.837656667206815,51.11279405702702,14292561.163044827,58.529137742392706,58.54726559995184,58.246107558744555,58.3106111648886,4250374.282317923,70.70303835053261,70.92340536922158,70.4401105264502,70.79860846451074,5419942.485734274,56.674713449410625,56.76432900974109,55.976116743859144,56.116801519967524,2395878.1495914864,57.94247139510111,57.97208983392692,57.86913623192349,57.892772818869396,3882482.8053612015,167.540903192603,169.2847511277394,167.001355493084,168.50779953302322,3154079.1462465567,114.7275048075466,115.84504087735294,114.35364896289045,115.66651230506874,2107793.51632536,45.22976503768404,45.33254146817412,44.89447107089521,44.98838843875446,8738773.917343762,62.25252275976283,62.42228695375601,62.057606695633325,62.20322409014082,4722344.08261439,125.5292456833832,126.85829329936273,125.1321702948618,126.34823034875511,1233352.1807856234,55.816616573359894,55.926903914704766,55.03292168223437,55.943294982072956,8285107.333658992,72.58730052102345,73.6479178022885,71.06226095516678,71.18655597902655,1725331.2619464016,84.4086695919334,85.48429353170881,83.91223750363031,84.58923926090425,6240902.397894495,86.46538593293403,88.10951811729751,85.9136007942016,86.7300537610715,17439503.871131968,107.66426106150269,109.96641540315365,106.67757758175566,107.4956773887093,17975135.74355373,37.83017985419202,38.062028487139564,37.429792350595086,37.736375127270854,6097086.988188282,44.19445278239753,46.068495229035534,42.021627153514025,41.94486144924804,4945984.555858779
1871,115.14636102065234,116.2487259495532,114.74754617550589,115.97272129429757,3206116.9498327575,102.07078579699868,104.30246178523977,100.7174362192679,101.2860011368154,2814428.9913417646,97.85006108363963,97.88117059920492,97.35908135350114,97.43873555131603,8763684.611784147,6.623910655653122,6.69592240820428,6.133328911961054,6.171357470535655,23387845.042108994,71.71715625299419,73.70190502344292,70.51043504788328,73.0183998330272,2643320.9358507064,471.80421170370016,483.5619352800182,469.89424276929344,481.8011423444169,546224.7336782531,15.061402413108258,15.45098655141483,15.067090831620915,15.348325224932307,24840704.401878476,41.43849471275219,42.60390348921029,41.20360466331256,42.04190600520323,7813673.9573282525,48.17929745238793,48.20914298258389,48.03785129374508,48.02009467330911,4653213.435433609,72.41415009373223,72.44469169115246,72.05964487184798,72.20374859997881,6934083.4625266995,31.866484534996477,32.082551611045915,31.679364550030854,31.82638315261983,10461772.518282142,77.26303756440825,77.29272188509248,77.09814778960046,77.12268807188592,2231273.7171864407,332.3120449094637,339.05076995913737,330.23182748712725,334.46095934087515,2582503.0490056216,41.8266698520009,43.04920284138464,41.287101802127665,42.36535775619425,4621652.956424444,9.728551090458081,10.268917110822917,9.541354810005076,9.823532999478457,20455020.37425932,95.31289903580033,98.75689658189813,95.35023794072114,95.69212315483497,10229734.373511493,12.93390119005171,13.245598679400096,12.75823823356929,13.059947467009644,14032447.218545165,151.75005882487648,152.54630634552777,150.07078945598337,150.42379539487564,9196765.835133739,466.17488500959644,479.84378313023126,465.16345657903054,472.732963716803,1463293.0828822297,33.514853362027715,34.265043253566695,33.10504740510226,34.08272956179186,10091989.270920396,43.79194251628874,43.91402159665086,43.485746128490874,43.53786413391162,26446157.085732277,82.18833924395418,82.41739640994561,81.90083271640407,82.19867972200446,16993315.848892685,89.82017627411312,89.79603136167543,89.61411867666895,89.74642544760827,7296088.914957,41.9175740155958,42.25677394979601,41.527306873202356,42.16041592140732,4157784.2744947937,120.02496261771435,123.31543146760357,118.650836544982,121.95995151470305,3991123.2285716487,69.27153935871229,69.53570316585942,69.06739044479755,69.33426170842088,4556329.988574016,49.64432030815792,49.78958267732659,49.3330865995,49.64086889925204,2913280.173169547,55.27980660452463,55.57592254647681,55.14301707538817,55.29795864029859,3769131.879749333,24.774953455541745,24.88490754622651,24.35109609671397,24.35428390222106,22587067.027783815,37.432731161667775,38.73672029639757,36.609685364534535,36.61092823967373,16730504.432907917,150.0988907600864,152.9593984128428,147.37426468822457,147.01669156654782,1145100.4400871852,36.57388124770316,36.759961177694564,36.063886795368575,36.11839354782125,53995089.82768094,54.007457606965005,54.77862038669842,53.03142881721036,52.89057322436401,5032255.194880785,43.09682688616726,43.59410263261085,42.13279333934746,42.13220987277556,21143954.54317583,275.60315819733273,275.9385903806684,272.20632078793653,272.17993126208785,9529507.254971754,,,,,,24.31703250028889,25.263924200805178,24.174015014924432,24.67826972259831,11095918.694208492,143.46372989876957,143.85436969997878,139.7008268928013,141.29591334500964,2087779.088552324,5.752698484093866,5.852083544245559,5.503827484563648,5.501939565587169,24499365.59497531,56.41962620194976,56.48007548500769,55.700775325781976,55.71386636133619,9523487.226280797,94.19492440865498,94.259714207998,93.5830890268988,93.69740459832985,7610098.1603151485,54.06226535978275,54.23361874418234,53.72741320012738,53.85429118476329,11802770.139977137,51.72267322721398,51.68916439761513,51.610427107313235,51.63286063376154,3033319.809195087,93.68064605109848,94.26198669943393,93.59839761961754,94.37930562136759,3898864.6647033393,11.336873183669976,11.609338620103152,11.151313610507154,11.215177284417118,23222406.357898448,26.322174279262054,26.467784716463942,26.059071959355588,26.311288393699684,13840195.259826455,107.18658828579511,107.1753621689498,106.16999790122861,106.24984727516434,33740128.70972838,70.86100664707075,72.17859262618033,70.09540692093327,70.253964402431,2779863.430157177,92.62587524041315,92.69123079603557,92.27504602595427,92.3489813238464,4184435.9295357894,136.5497436898784,139.5313103816769,135.19347272871542,136.21832009643208,2683377.3404581994,110.49446562873261,113.62961153229503,110.13526764166049,112.95100092654856,8135208.366573451,45.42225958083273,46.2218707023319,43.800722987757304,43.799956477700015,10675755.728692412,129.32620865627848,133.30496763741564,128.55127017470892,130.0318325841656,2780664.50718829,54.839072139326106,56.14912081280042,52.33889163099449,52.08244820019048,1565571.786786246,245.5589536025991,253.08450029438632,243.96489446223922,248.35487765603872,569808.8700301085,92.40726966171289,93.62168653732752,91.32240739019946,91.87127300129454,4433913.101320146,45.45070734271739,46.641482951426795,44.87884747311781,45.75655210504445,12174351.714819243,25.2833876552937,26.010258905906106,24.89321222631714,24.934202118055424,3640611.0040937313,61.23859455107783,61.65075020721751,60.51190324195103,60.63356862933219,3260005.1437710244,168.52816838252028,170.76803411192748,167.90161249728524,170.19331275564298,9889319.45791112,107.68713020446687,109.95840329389135,107.55528399420533,109.8346465233559,1307945.5557295782,91.643819580805,94.14411083725314,90.74910681754741,90.71414261743722,1420773.2602503689,67.03295841922517,67.5522065399543,66.89297435253073,66.88175235333581,5971537.499633084,81.9729040505993,82.01276193955425,81.8833201477929,81.91302949096934,3711951.0851930613,39.88513513424906,40.550166554435755,39.59702207522192,39.98671979176463,14828037.339736316,30.72057736098182,30.923477056485844,30.19220769358534,30.228777859797855,22169599.86705812,32.80610707082656,32.7935613017993,32.682910344352294,32.64611133355173,8031086.568896125,26.94153694660275,26.98772173299361,26.601163099047373,26.660327093870023,4640596.320035298,49.620707104185136,50.19505456667556,49.45068117549405,50.118195889583,2819042.1997992625,122.77851656127217,126.46525678045465,121.85877808388756,123.03653801699112,1815084.460031942,56.85731732500248,57.79302973960344,56.83675649029772,57.418834129041656,2236117.078743129,40.47990224057524,41.81466077091394,40.083485003358454,40.42600815831249,4143251.460082199,108.46095072111284,108.54371260786144,108.10607322898471,108.19401515087857,2232765.8924663323,181.50387858912228,187.4034546722996,180.44463770997208,187.90290602957327,2008675.0517172567,23.55361393215226,23.885197974765497,23.242576986928295,23.856305920738677,3260292.2329553454,9.410920457773,9.551726291692074,9.27869846863998,9.278745650379445,31597363.256051216,80.23510104470607,80.20745268377,79.68010803461361,79.85842701535829,8252272.64076019,77.68096120701544,77.71988596898524,77.51679671061929,77.48638111102711,5083864.335737064,50.98380580108932,51.19232643541345,50.837190445258365,51.1069410159411,14261890.314050585,58.531747468874414,58.54726560898973,58.246107444699135,58.31306421408026,4107007.3106857855,70.68649520860663,70.91492022671365,70.43837248498231,70.77589114760075,5405373.918647079,56.715611337641825,56.78397723055072,55.96776687054412,56.1275852335559,2456026.713081085,57.94666500255123,57.97628805236425,57.869136231935194,57.89691676503645,3864346.6406200733,167.52183761038447,169.27632530979082,167.00444348838354,168.47609758164717,3143120.283237242,114.69516369060655,115.83886204274567,114.36176115806249,115.64703576923613,2111975.7019884996,45.22800144291473,45.33254147158216,44.894466025287585,44.980367847926736,8760689.913909554,62.24136336730536,62.418396782484244,62.057272339356786,62.1868202498537,4710372.637404413,125.51293601796031,126.85287738143549,125.13806033826313,126.35780376472273,1232693.791198849,55.86810445715291,55.906408116403476,55.019154392633155,55.969792005026925,8285922.404215643,72.58278480577631,73.66428288026188,71.08001729823918,71.18336838385466,1708738.2038344468,84.40732220582181,85.4834569144148,83.91164970165738,84.58473130776818,6258148.684097824,86.47368651074476,88.11271736106225,85.91601987098682,86.72917734545251,17466325.292055607,107.6669409381918,109.99346003181736,106.66619135874322,107.49653339950694,18068605.607570156,37.83017985419202,38.06202848714845,37.42979235823599,37.73637513150943,6097086.988970478,43.16152303069512,45.95121585005715,41.16970029674538,41.23459001726463,4885552.466503394
1872,115.14806436773183,116.24803487447768,114.74696570893553,115.97348589460489,3212666.181822391,102.07417610868104,104.30226085673084,100.7142200904842,101.2868781051427,2817820.205725124,97.8497849635588,97.88111166629226,97.35908129433093,97.43873554671522,8767720.672453575,6.642233109292714,6.7001940541095015,6.128983943815776,6.169908954309218,23435728.534101587,71.85609363822142,73.80299664005214,70.34312147767206,72.22505771539339,2645184.993024168,471.8411420671172,483.4814402448616,469.57228906541786,481.71813967449907,550185.5842008116,15.06140238002942,15.459196934045607,15.07451997459547,15.349296903829279,24932332.8484439,41.43908295724685,42.60458961311802,41.20578689712418,42.04214532332293,7800387.5897322325,48.18173731349476,48.21159195227107,48.037254787959846,48.018157506128354,4603766.374439286,72.4130533591696,72.44469172436875,72.05725702373667,72.20374860039944,6856070.0481276065,31.866604820568885,32.082941682435774,31.666319847066767,31.820971591611812,10539590.23007673,77.2690264696957,77.2987076525241,77.09831274963855,77.1226880701638,2241426.115500751,332.38925777782634,338.9772622913529,330.14007188312763,334.81214987109115,2583943.9281184054,41.82566393066855,43.05954973843178,41.297379284058906,42.362193008713476,4644067.210826117,9.728559544289222,10.269006969612814,9.535430579185922,9.823144152072603,20422868.081524774,95.31295862821976,98.75734774363401,95.34896440520845,95.6957983511217,10241972.323730238,12.93390117408337,13.245598852595368,12.758267505233244,13.06102882784204,13972577.151875002,151.75004630434975,152.54737918787222,150.07080635234928,150.4237988622929,9195836.906300157,466.2431276875506,479.5473289194577,464.8359168316737,472.2914470896632,1465333.5621613064,33.51474057968998,34.264200308967055,33.10726601859127,34.086350326003014,10089578.802935949,43.79201888738601,43.91401726349064,43.48575032814657,43.53847722549762,26789050.40099379,82.19002360783438,82.41683774677081,81.90063135181876,82.19894793347294,16998578.327137444,89.82094881415026,89.79257129559016,89.61163411124352,89.74473101238617,7346194.35082241,41.91759474441221,42.257835695907545,41.48154152031602,42.160044099967784,4135097.0197267663,120.02641688437716,123.31364913049403,118.65884750063876,121.96267967917893,3985585.501396845,69.27179488749039,69.53553675675936,69.06740211234799,69.33348555728197,4531299.856720868,49.645679228221,49.78902464059914,49.332634042658135,49.64045325541465,2921474.605137829,55.27932413216663,55.57578061226226,55.14159423929423,55.29587212658904,3770997.2448152504,24.77384943978476,24.88574648512341,24.35126068942241,24.354486379202882,22636066.507873062,37.43077317213301,38.63545907050337,36.609544483812506,36.60994204430469,16717865.822197903,150.098151932226,152.95841640312594,147.37604286044012,147.00634731667085,1162840.299852183,36.57447441222167,36.760565946740286,36.06389258085286,36.117500076367676,53207245.81913966,53.99246467561941,54.77450844747242,53.03530072514813,52.891675854298704,5108313.908163948,43.098794121645405,43.59151108285672,42.122294378095226,42.13236937010427,21329641.27906972,275.7472809993318,276.0832027865661,272.3459810506555,272.3186657385428,9474868.157728666,,,,,,24.317003903642544,25.265181832248672,24.17457418483661,24.67846203682787,11145511.374292219,143.4694450401265,143.85446349455617,139.70088735109854,141.2958399771314,2087761.8642083087,5.752698506747482,5.8493839930078835,5.503827494757394,5.499151721538948,24412640.029752553,56.449599152617104,56.51015859202605,55.72997626027923,55.74268429782673,9625988.86258404,94.19375041392831,94.25881612218326,93.58267236323637,93.68446168892461,7614788.280327834,54.06271225015385,54.23361698211713,53.72741738135742,53.85490762897602,11831917.055727718,51.72267720729865,51.68916405153665,51.608723926366665,51.63428525256792,3021185.9203003314,93.67868827137409,94.26144134864828,93.59420546129498,94.39326121015293,3903587.3622701955,11.335266059291117,11.609338629032512,11.158108736933324,11.215177515229344,23193235.83001073,26.3356899298452,26.467780670976133,26.059072022549035,26.31128839318948,13877260.083174398,107.18785707020945,107.17534168683444,106.16667345651865,106.24325464125283,33316526.726727325,70.8549672144669,72.17713024496892,70.09592705252011,70.25394767797084,2784875.400471065,92.62528752529623,92.69123079622756,92.27504602599853,92.34898132638864,4084774.1660959343,136.71756247839443,139.54363696379355,135.19605045648515,136.2313169701464,2713541.9995426848,110.49194477952835,113.62490411267947,110.13393348831393,112.95008189916669,8156662.566172608,45.420836280432624,46.21615748391285,43.79940840944509,43.80018327674001,10681292.441741556,129.20795126548148,133.3018918682133,128.55324351165063,130.03180239028097,2779192.028434661,54.83099881951118,56.152535764982346,52.26818221169744,52.34418138495184,1594507.3397461853,245.27329025055434,252.863085208355,243.39812531995145,248.39153594293558,569626.8185195571,92.4075037750489,93.62092828783531,91.32257128563107,91.86981214482853,4443422.359683814,45.451254597506534,46.64148051244207,44.882094186097845,45.759847703864644,12146725.539615348,25.266032758169672,26.00988387317783,24.893086940786503,24.916729717024054,3589647.923443248,61.22577231315681,61.624907931190734,60.521166694114,60.63250828842064,3273331.813158463,168.52968368100625,170.7697593368343,167.9045913199991,170.19297772800692,9907129.375580395,107.68815322703583,109.95637501700838,107.55314082877973,109.8337680570891,1304991.9106944343,91.64417079555842,94.1366748217978,90.68974499337291,90.71583767302165,1403465.5283137918,67.03299811152338,67.5538743847855,66.84040493860923,66.88214520140163,5997497.789798285,81.97854602549805,82.01841549646238,81.88892532824633,81.9186165322071,3744060.9641225226,39.88522116311775,40.54933457284581,39.59782943667321,39.98610865515037,14822682.342894768,30.72304034622841,30.923477058763737,30.199492950487496,30.20846131789888,22091137.357399896,32.80610810278035,32.793222740188355,32.68234810809399,32.64380123319248,7953275.752918236,26.93983781538346,26.982925249147453,26.60315567309736,26.659477091769087,4660577.209300072,49.620468289148455,50.195054230497185,49.45067943483331,50.13525246812623,2829050.1950547677,122.7785276273809,126.44550156095667,121.85887561564768,123.0382443994918,1812542.1400061634,56.857935277748034,57.792670726266614,56.83687214804356,57.41884852828909,2195131.19869118,40.43102158709966,41.80850726976831,40.083434640659846,40.42423664450057,4133548.404877359,108.46089929161398,108.54284874722093,108.10607321920926,108.19418302087452,2233472.787458938,181.47526383734183,187.37976283727312,180.4460955506678,188.1756343143526,2001120.5625192798,23.552886527509354,23.889915761661662,23.247125048155787,23.854842349133026,3263054.7330833203,9.409105599764354,9.55133020322018,9.278698481531086,9.278745650425495,31682557.841737885,80.2351014738413,80.2074514413065,79.67634835766783,79.85180522443495,8202326.051011779,77.68097035854416,77.72774554666593,77.51674416937342,77.48440645560038,5091003.438742672,50.984694485659375,51.19034025823571,50.83694634166128,51.113953479527694,14214446.231741248,58.534357311719916,58.547265609346724,58.246107436749504,58.31551736646842,4181133.556632009,70.68770374264324,70.91442755588993,70.4374508339242,70.77604461608026,5424834.7003383525,56.71199270082362,56.775864801125266,55.967908505054254,56.12379740407067,2473505.7389493734,57.95085891351521,57.98048657482784,57.8691362319351,57.901061007825845,3870499.601905089,167.52328686271414,169.27560550252426,167.0048908424199,168.4756793412577,3137947.695992067,114.69724918274214,115.83835534051768,114.36255922394886,115.64693382636875,2117491.032422013,45.228141723871495,45.332541471470286,44.89446886542299,44.981060817218356,8751739.126829214,62.24265915605982,62.415666206541765,62.057081799551575,62.1871952228645,4703183.984809505,125.51420469744916,126.85232742553339,125.13895482102872,126.3486661755391,1233638.1344409392,55.914062405372746,55.92131027196641,55.01503153131654,56.01462199231158,8285266.53802825,72.63038850429356,73.66545972147541,71.08052468089008,71.18368341853149,1710632.3256285363,84.40745746007917,85.48337293472389,83.91159321947393,84.58485635816976,6296074.934993531,86.47416648425337,88.11387951874372,85.91632015801174,86.7300871845605,17552237.727588944,107.66701935190636,110.00070589888485,106.66667884375212,107.49691932628517,18075689.26553475,37.83017985419202,38.06202848714918,37.429792358641244,37.73637513157834,6097086.989698374,43.43596330804982,45.95347239307248,41.137204850706766,40.63555578134105,4933653.401124604
1873,115.14566775288458,116.24774035649408,114.7467181425282,115.97176994537158,3213525.643412771,102.06975534868036,104.29535288553254,100.71321576252411,101.28677589959044,2819220.577585633,97.84990560527875,97.88112859267176,97.3590812892466,97.43873554647158,8768784.01067199,6.628266053499564,6.697496306344458,6.1246420537294854,6.170734597944751,23456179.21492433,71.94151472088018,73.77483136805444,70.4882072873434,73.02226599080397,2645913.600523225,472.06561153855034,483.8140628115583,470.14050937475906,481.95222537885326,551509.212887364,15.061402382112773,15.467411679529379,15.081952780663713,15.348466695555938,24958035.246332448,41.43888045053665,42.6045248555117,41.203875217593875,42.042848981655666,7797358.249814918,48.18417729815927,48.21404104636313,48.036838454196115,48.016747223611,4586657.9502955675,72.4147862568175,72.44469172716414,72.06223730002831,72.20374860042737,6852576.174452836,31.86663653724613,32.08363096968069,31.67749993336115,31.824805985918292,10573716.07160024,77.27501583920237,77.30469388351052,77.1006825760116,77.12268807004918,2244035.9757004236,332.5753611302527,339.23455892826,330.49183250266157,334.53877486357396,2584412.730707231,41.82057699966883,43.05116847235566,41.29091234135612,42.36119783191289,4653228.135372475,9.728533916131466,10.268873220095251,9.5368230761925,9.823047575220862,20417049.26925616,95.31322469311105,98.75741595099063,95.34902585996224,95.70223089138453,10246309.686686374,12.933901172982216,13.245598873024827,12.75825979222622,13.060758320127146,13949059.548839606,151.7500523360289,152.54873767383253,150.07080877197504,150.42379931015756,9195790.175141223,466.58604563848587,480.0329099857524,465.1851857122677,472.61380032035913,1465883.189302381,33.51472943500241,34.26403611070975,33.10650518143206,34.08814163420645,10088663.609155249,43.791877689418804,43.91401622842404,43.48574586865361,43.53823867918429,26963768.383987185,82.18747176048699,82.4159015266974,81.9001832021902,82.19706125744837,17001705.099387202,89.82057505422456,89.79035691919982,89.61003518361467,89.74300017766053,7364304.819829732,41.917642989211366,42.25718583803981,41.52190868476605,42.16017566907819,4128999.9685802925,120.02675467426887,123.31450426436493,118.6607031787141,121.97676837853746,3983753.565645688,69.27159505466581,69.53486822888078,69.06724627212628,69.33188289495801,4526303.334124872,49.64482553368755,49.78888516533085,49.332342731365955,49.64007507372089,2924010.8972106483,55.27950254377853,55.57557718233906,55.14238534468687,55.296916488775004,3771541.2370614987,24.773233610345915,24.88539986304854,24.35093561994546,24.354405900432656,22652265.82805579,37.426402452783414,38.71501286950969,36.60951678200876,36.60806800667169,16713293.909803865,150.0981875800503,152.95896078039473,147.37636931035524,146.9899330358741,1168178.7805713776,36.5739298214645,36.75966585639687,36.062643308497044,36.11669911921231,53224645.31020914,53.980264332078306,54.773193166806394,53.034790542689684,52.89162062371576,5117021.570190427,43.096543523774784,43.590651469724136,42.12907056094392,42.13235836889071,21350362.991668202,275.88749960936843,276.2262285780463,272.4853585553996,272.4553638372383,9460644.65304033,,,,,,24.31700197448128,25.265210670398133,24.17464633921624,24.67861711695637,11143662.952128377,143.51597482273294,143.854482377548,139.70091497806735,141.2955114893604,2087756.0939709465,5.752698505171595,5.84668568706632,5.503827495443235,5.4963652900970175,24387163.60630418,56.47958802642737,56.540257722275975,55.75919250326314,55.77151714036342,9650114.911093595,94.19429626534685,94.25924825542036,93.58404140698934,93.69702005556276,7615767.295426318,54.0621151983282,54.233616776353074,53.72738709770277,53.854631456536644,11842349.219750753,51.72267798870493,51.68916401416907,51.61007873604121,51.63315641747461,3019283.649422862,93.67606032409735,94.26120775918803,93.59104945333685,94.40724189292403,3905196.5610741666,11.33425755758436,11.60933862950454,11.164908004014555,11.215177489482393,23192977.404120177,26.349212520311376,26.467779931890835,26.05907203058898,26.311288393166382,13888196.292115023,107.18848189897174,107.17533765833085,106.16513292188974,106.2392688124935,33175911.886106025,70.86005480211423,72.17827309346951,70.09708014629383,70.25395973513147,2786503.415663119,92.62690678582274,92.69123079623445,92.27504602599748,92.34898132620822,4062915.560475147,136.7344455218416,139.54331775982746,135.19614058155707,136.23205845042236,2721193.3033314464,110.48684293692558,113.62230417889062,110.13336197522233,112.94891603503328,8176923.634062089,45.419164113595166,46.214484956985835,43.79888880597363,43.80015972899219,10682637.499472579,129.31994230589908,133.30158112049182,128.54825973890718,130.0317939197807,2778605.118110844,54.81168178872477,56.144212723057805,52.16021535637861,52.078339945550084,1598843.539567651,244.93126804431142,252.73213410557977,243.20046888467553,248.1761899839067,569568.9034105272,92.40757102643742,93.62234631550416,91.32319270693377,91.86978833854786,4450630.469709485,45.451384827668505,46.641480619669565,44.88221811859335,45.76277095875953,12141513.635449024,25.252533088705203,26.009150656124717,24.893072683186247,24.904435139833645,3568582.7773455847,61.238404988956816,61.64683868317049,60.51318770186377,60.63286486367868,3277479.719259285,168.5284558759585,170.76988680264753,167.9047469449248,170.1930143545971,9914237.821023133,107.68653154577468,109.95496867132765,107.55269897663234,109.83322244625428,1304241.212667392,91.6438100088328,94.14040619736176,90.74281735534231,90.71304559989679,1395169.928388587,67.03299833632113,67.55363354382729,66.88671284060455,66.88234514374773,6006960.319112586,81.98418838871878,82.02406944309895,81.89453089239265,81.92420395452012,3753401.014486149,39.883798097148556,40.548540652315815,39.598583928346834,39.98705839126526,14820592.176631263,30.721534528384446,30.923477058854612,30.20691320615527,30.22675035133516,22060627.729951575,32.80610826880942,32.79302489439219,32.682659456929244,32.642292539389686,7946180.2897805255,26.941208782454463,26.98643747047003,26.601756854140003,26.660208270424285,4675621.8288926855,49.620564618577625,50.19505419466316,49.45067919333995,50.152314851484796,2830645.679738001,122.77728386915142,126.45098561804932,121.8583692794383,123.02978346390964,1812123.9231329071,56.85643573642848,57.79229831834131,56.83670020243825,57.41884798299981,2183499.286215083,40.46796652668124,41.80553549890394,40.083447621664156,40.42257396849334,4131254.050955098,108.46197216674115,108.54389632300162,108.10607321859119,108.19421699198953,2233575.2248907224,181.45310804087208,187.37365050253874,180.44558827536497,188.44873121796405,2000196.544541757,23.549133698637018,23.885722959259073,23.24452723571634,23.852058109413832,3264121.0738886488,9.407291091743746,9.551504933666772,9.278698482432333,9.278745650424005,31719382.69449629,80.23510152227973,80.20745121418572,79.67399009290621,79.84709690026904,8191112.827653372,77.6809724242013,77.735605919162,77.51676450726148,77.48245849951412,5092298.571137283,50.983487819629104,51.18906698038789,50.83681853436626,51.12047133915854,14213717.715917384,58.5369672709344,58.54726560936083,58.246107436195366,58.3179706220574,4207520.119201195,70.68583425845364,70.91404790795754,70.43696499657278,70.77510012704589,5433487.762246327,56.71553289716133,56.78217378909795,55.96840296833517,56.12710285996833,2483362.732661116,57.95505312801503,57.98468540133972,57.8691362319351,57.90520554725882,3871891.068817626,167.52188730401178,169.27543018205526,167.0048856298734,168.47591456854937,3138866.7353618382,114.69457546616316,115.83820413154184,114.36236042879705,115.64626838966852,2118455.2078698785,45.22786499181378,45.33254147147396,44.894467266731674,44.98073149779185,8749937.07704765,62.240783845031025,62.4137495698549,62.05697321652229,62.186283549464406,4702413.198009856,125.51327394324012,126.85223628928675,125.13895899441049,126.35731813287683,1233857.625037003,55.959926212960546,55.91047516141558,55.016040558727575,56.059459503627465,8285091.1935817795,72.67673435320114,73.66549823321377,71.08040126205405,71.18364821336723,1711350.4980862527,84.40652957481615,85.4833514921542,83.91157685983046,84.58484195455793,6316738.905710976,86.47429650417953,88.11453198227217,85.91637238203046,86.73142179221088,17587912.079310138,107.66711493046337,110.00295202631095,106.66683099356815,107.49704259786074,18079020.808637016,37.83017985419202,38.0620284871489,37.42979235858789,37.736375131692625,6097086.989969937,42.97413287411782,45.91317314108675,40.97531549355433,40.98123432412946,4952070.82928269
1874,115.14550885731498,116.24756829692029,114.7466711958062,115.96940107305296,3215099.075055788,102.07861524960144,104.30483220914746,100.71544095642979,101.28688929716846,2819853.4045275287,97.84985289478936,97.8811237311723,97.35908128880972,97.43873554645867,8768878.667132985,6.638913025317106,6.699200062499644,6.120303239521627,6.1702639871221345,23464738.999632616,72.25250956330933,74.19394535920897,70.62087150695437,72.26380271711177,2646251.607344446,472.2012894317812,483.85669151368535,469.8200598938039,482.19275938134047,551989.3017486716,15.06140238198156,15.475630790184487,15.08938925163181,15.349176030480542,24965091.55419533,41.438972393784084,42.60441205459494,41.20506446575918,42.041649108303616,7796365.875297251,48.18661740638772,48.21649026486638,48.03654787226529,48.01572051987654,4581135.97780593,72.41269862623159,72.44469172739939,72.05863204040492,72.20374860042924,6851931.311954335,31.866585470420176,32.083183454364104,31.66791793480394,31.822271138936504,10584464.110412968,77.28100567296423,77.31068057808764,77.10030422652989,77.12268807004155,2244793.8631952903,332.6510237970613,339.2027214348866,330.60790719470526,335.2000242639811,2584690.563594553,41.82523773309527,43.05683378589833,41.294707080758684,42.357979337205876,4655821.130691802,9.728540662964564,10.268753939297703,9.534684244780587,9.822910759400692,20412038.165708177,95.31351682810379,98.75743437229275,95.34939810558538,95.70678214072258,10247925.498941805,12.933901172906282,13.24559887543461,12.758261824583432,13.060354032602568,13939920.803549603,151.75003633826128,152.5479554705985,150.07080733551888,150.42379947470243,9195669.039267229,466.71311096735633,479.9911477610741,465.397135293909,472.8082269603806,1465968.9046941872,33.514731988197774,34.26407219561893,33.10683557418001,34.08788986748071,10087797.365780972,43.79192653351695,43.914016347449895,43.48574742598079,43.53823827095048,27005738.05400506,82.18730236493322,82.41538484532427,81.90011163081242,82.19563497486573,17002307.370395985,89.82001436470331,89.7889397598294,89.60900620304108,89.74133301279197,7374589.278053604,41.91761622142693,42.25758359343884,41.48896061748682,42.16044909104494,4127108.9390826267,120.02600513705225,123.31399883043211,118.66044721014636,121.97736331992114,3983848.319042941,69.27154288564974,69.53439011898442,69.06717182772849,69.32998134846362,4525489.685775974,49.644881762003145,49.78883682509537,49.332385938039714,49.6398108610388,2924780.317129328,55.27943500559286,55.575557738137306,55.14194545484176,55.296390766721174,3771647.899479358,24.773334534465707,24.88503291642684,24.350905227452525,24.353996139739092,22657419.73766453,37.428867230971996,38.64571014404058,36.60952266664247,36.607071482866665,16711629.655692369,150.09852509478623,152.95874837978766,147.3766487707072,147.2360880236786,1167900.8207279583,36.574140010396754,36.76005153753142,36.06319465367969,36.11711069093742,53149764.01671523,53.974849025805604,54.77356114033181,53.03542694167634,52.89148864800605,5116148.177055963,43.099152036317385,43.59104928131185,42.12469707188147,42.13235378186395,21353382.157802343,276.03653549643485,276.3712716610432,272.6259578387278,272.5942474665466,9457601.93675304,,,,,,24.31700143756772,25.26496560517806,24.174590440036702,24.678583863364086,11150708.461902188,143.6416990901242,143.85444663604105,139.7009299825605,141.29633062220344,2087754.6527910845,5.752698505281221,5.843988625846417,5.503827495489379,5.493580270545606,24379679.183868207,56.50959283183974,56.57037288429194,55.78842406275911,55.80036489665641,9651816.772356302,94.19333581375105,94.25904032525206,93.5834067849997,93.68483480674655,7616174.176565571,54.06230378089607,54.23361679763768,53.727396891578394,53.854596927789544,11843944.343797632,51.72267814211769,51.689164010134334,51.60900104123847,51.63405088037386,3019296.8951786878,93.67382206428458,94.2611077060894,93.58842298046227,94.42114645288987,3906459.237241665,11.33362470321048,11.609338629529493,11.171711414273982,11.215177492354448,23189762.703059737,26.36274205422401,26.467779796864576,26.05907203161188,26.311288393165338,13891235.1364672,107.18764673107097,107.17532922306603,106.16425638828157,106.23691750021287,33141170.72710084,70.8557688654347,72.1776872888281,70.09548083029557,70.25395104278728,2787316.7200406464,92.62553600639227,92.69123079623469,92.27504602599751,92.34898132622102,4051842.186201229,136.83842273688282,139.54085849311642,135.19593269437564,136.23040791025824,2723119.231747494,110.48706816666781,113.62021531906565,110.1334345891765,112.94708065087802,8175906.569319459,45.42031442818364,46.214398674090084,43.79906483244932,43.80015269892484,10682990.384586636,129.5038691760814,133.30091161916738,128.54861537099748,130.0317780566148,2778345.1779811685,54.83235425895331,55.94069096438458,51.95519743056804,52.09533444231915,1599419.2245259208,245.1159589489977,252.34458002110298,243.13935569304022,247.7348971721375,569447.712434551,92.40760280310883,93.62305357461386,91.32461559745656,91.8705342993376,4451367.345090985,45.450994140000255,46.64148086217508,44.88187886614795,45.76392695054836,12131778.54610314,25.24203224422849,26.009303700164168,24.89307878321297,24.895533627821003,3561163.778056581,61.225977464948166,61.628046724803376,60.52037278615454,60.632922527450404,3279381.724445956,168.52732579570002,170.7696044555658,167.90429383963345,170.19294204644422,9916407.017748587,107.68446029445286,109.95358585355993,107.55220937374078,109.83271639496458,1304057.7449924506,91.64386707111721,94.13853239866832,90.69536806280607,90.71416356510811,1391572.0669214376,67.03299884154701,67.55386656696317,66.84592064999491,66.88237422720181,6010921.463438699,81.98983114028822,82.02972377949082,81.90013684025813,81.92979175793441,3754658.070672051,39.88181986623945,40.547745391401314,39.597961867005836,39.98569528582648,14819634.904109549,30.722455154028605,30.923477058858236,30.21534071163337,30.21028648924206,22048768.396499414,32.80610829552152,32.7929092789243,32.68248704169316,32.641307232850316,7944891.304845842,26.939208049539676,26.983865649316364,26.602738847494514,26.6595793046544,4672939.62475054,49.62052576273734,50.19505419084353,49.450679159835985,50.16938304163422,2832806.1281861416,122.77758450425571,126.44123153693734,121.85856103663305,123.02479390021081,1811949.1331394576,56.854411605125755,57.791431905869736,56.83511705690582,57.41884737550312,2180852.4824070763,40.433051130071654,41.80527408424649,40.08344408361108,40.420661667804424,4129528.8331594886,108.46127962215661,108.54359917611086,108.10607321855211,108.19418459740028,2233658.232074739,181.43595403186555,187.37837676889075,180.4457655345033,188.72224569080737,1999668.4230714275,23.55159610853366,23.887638313481204,23.246011083118994,23.849761749368696,3264545.7247287333,9.405476933643683,9.551427853087223,9.27869848249534,9.278745650424053,31735332.980396345,80.2351015277472,80.20745117266833,79.67251086669447,79.84374911766642,8188560.430829944,77.68097289045558,77.74346708655384,77.51675663478561,77.48029262451968,5092687.482633825,50.983451267018395,51.18825072064233,50.8367516172669,51.12701286457627,14219327.456287611,58.539577346523046,58.54726560936138,58.24610743615674,58.32042398085156,4214789.255193802,70.68572216298534,70.91389646636442,70.43670889495988,70.77451382662156,5437647.419123963,56.71104553426734,56.7777252708618,55.96801007536539,56.12433207043433,2502055.8399265436,57.95924764607265,57.9888845319219,57.8691362319351,57.909350383356596,3872283.9315330414,167.5208536196639,169.27496257529657,167.00482209767915,168.47540589863553,3141387.319981901,114.69453047424618,115.83812409530825,114.36230711957693,115.64548386514284,2118384.4470460266,45.22795398728181,45.33254147147384,44.894468166623255,44.980648444420375,8749281.327307906,62.240860943978106,62.41240425067432,62.05691133824842,62.18545638435173,4702213.218586785,125.51271610449972,126.85212770986139,125.1388432217954,126.34912599978388,1233891.3005739774,56.00714222802244,55.91835319088272,55.01739918438516,56.10559661005475,8285043.018848385,72.72568809469226,73.66555826862464,71.08066700610262,71.18365533082823,1711553.3338312316,84.40619497004364,85.48332185469145,83.91157197434812,84.58478555995211,6327050.976250333,86.47416163490584,88.11430872898775,85.91636509983282,86.7318809906621,17596726.650844347,107.6670245067876,110.00251539235856,106.6667696522283,107.49708224196476,18077602.81026757,37.83017985419202,38.06202848714899,37.42979235872064,37.736375131610615,6097086.990052696,42.57058646425047,45.93589027036471,40.40447460448269,40.708611693030164,4944274.509804901
1875,115.14584066217522,116.24759286002858,114.74671921158509,115.97040540614739,3219639.9402201725,102.07981662553209,104.30420899661989,100.71610037148645,101.28704551451047,2819957.667495123,97.8498759249293,97.88112512746481,97.35908128877217,97.43873554645799,8768849.667009873,6.630796926222039,6.6981240593706834,6.115967499013189,6.170532231842777,23467932.768766444,71.67123944100827,73.66508538298103,70.39770138353315,72.97880506120345,2646333.187987844,472.3245029788849,483.69433212429425,470.1072021650786,482.2220237713299,551931.2285527177,15.061402381989824,15.483854268330509,15.096829389306816,15.348569970469555,24966875.00510165,41.43905518997129,42.60458153677091,41.205955329896994,42.04182405305601,7796062.504768491,48.18905763818636,48.21893960778715,48.03634505936401,48.01497306640861,4578898.985229337,72.41152221992056,72.44469172741918,72.05838082205041,72.20374860042936,6848425.833551229,31.86663433557258,32.08336149047268,31.676130276044947,31.823826428912064,10589193.628566958,77.28699597101728,77.31666773629135,77.0989195845693,77.12268807004104,2244769.0401199786,332.8314237372447,339.39355219278707,330.7395474208963,334.84884776627575,2584518.484273023,41.82895776253563,43.056406182998344,41.293075624717154,42.36853874421648,4657255.673025681,9.728559804748034,10.26890901472537,9.536991942839496,9.822961535828064,20409020.595882736,95.31378918035378,98.75744490377969,95.34976049349977,95.7139380964514,10246894.47831024,12.933901172901045,13.245598875718859,12.758261289062613,13.061508618911782,13935701.70552707,151.75002987745663,152.54591598780127,150.07080635242443,150.4237988395139,9195615.957570385,467.04380447381544,480.2926320473366,465.8227648142451,473.0473418795622,1466077.4566648763,33.514736585138216,34.264094671115785,33.106863970015894,34.08755746579602,10087365.352221163,43.79195113051711,43.91401646999959,43.485748431423005,43.53829211405705,27023614.384560626,82.1878987019891,82.41559535260295,81.90026130935814,82.1961384636508,17002263.41638739,89.81995213579219,89.78803280498909,89.60834400862038,89.73983807281252,7371746.48633689,41.91763311615747,42.25734014119288,41.519234552555425,42.160310645922415,4126007.8991860673,120.02588735515107,123.3134964110748,118.65989613232485,121.96662057424616,3983465.712616486,69.27170167677446,69.53514341932079,69.067341879159,69.33212737915812,4524195.842122821,49.645296307304235,49.78890995168679,49.33256127615102,49.64025319459377,2925064.1962414733,55.27946535366444,55.575881589942526,55.142190104852126,55.296658680637265,3771794.1204585186,24.773489380799585,24.885205304264318,24.3510653621634,24.354081632187285,22659253.54366063,37.43047480674529,38.70702982245999,36.60953816060817,36.609503384325016,16711021.419851389,150.09874874048103,152.95891266296698,147.37668136423542,147.07173873909426,1169772.3785426752,36.574119871735604,36.75966870221952,36.06294625431991,36.11686373604118,53042222.31623986,53.97065038259647,54.77444892335561,53.03611429774875,52.891634930815535,5114879.321315608,43.0992696529689,43.591113781306184,42.12751992555376,42.13235989688725,21350979.937171903,276.1825302818203,276.51651796641073,272.76593899726953,272.7324260924632,9456500.89274999,,,,,,24.317001526796012,25.264932436376693,24.174590799121226,24.678495193507622,11141981.739101937,143.51259240907333,143.85442633588025,139.70094870376442,141.29656533781827,2087752.9032248382,5.752698505273595,5.841292808773987,5.503827495492483,5.4907966621693065,24377243.0117941,56.53961357731787,56.60050408661299,55.81767094679679,55.82922757441982,9665806.755272217,94.19262042553132,94.25914037530879,93.58300989912996,93.69665802324747,7616061.293006872,54.062394100848174,54.23361681689647,53.72740361339427,53.85469038210456,11844909.587684592,51.72267817223707,51.689164009698686,51.60985830267502,51.63334212859702,3019241.6049696878,93.67390577719613,94.26106485046341,93.58814189616037,94.43509912191212,3906154.912131421,11.333227574821052,11.609338629530813,11.178518970236281,11.215177492034071,23183282.39441721,26.376278535148355,26.467779772196124,26.059072031742023,26.31128839316529,13891629.140709538,107.18726317416103,107.17531698770925,106.16382521380673,106.23538078289094,33101207.124314517,70.85937821194675,72.17713607995651,70.09488943299888,70.25395730933313,2787040.4103338267,92.62485094741926,92.6912307962347,92.27504602599751,92.34898132622011,4051674.9336395953,136.72785563888402,139.54117707713104,135.1959375661434,136.2242382440322,2722939.115510394,110.48835581732232,113.62177558993223,110.13359699757781,112.9484881854906,8169586.584637426,45.420544572203156,46.214484547338124,43.79913558026354,43.80015934504793,10682956.804942504,129.51486348192802,133.30166039492744,128.55072342193773,130.03178957983872,2778138.2486793143,54.83457127878795,55.57385272740759,51.93841871304603,51.6666134875249,1599125.3098726158,244.8491294117471,252.19353280572304,242.90448578815776,247.58993968239574,569438.3043039301,92.40761168883765,93.62385505370416,91.3251860586816,91.8713505758762,4445759.042053225,45.45092902538892,46.64147958255464,44.88164034403444,45.7603107142068,12116459.121137999,25.233864063886582,26.009953068714545,24.89308643601794,24.89030025868014,3557543.3359390367,61.23475047492029,61.64163266850984,60.51295372318873,60.63255690357205,3279943.2616398293,168.52693114400554,170.7694528081455,167.9040765247322,170.1928044036182,9916405.989047946,107.68520003675751,109.95199199096658,107.55226758619428,109.8312663755681,1304005.9142340724,91.64407802851785,94.13947418598437,90.7377900597612,90.71585263392275,1389888.8321428613,67.0330131587017,67.55398219936653,66.8818541032486,66.88195481939974,6012352.532418406,81.9954742802331,82.03537850566487,81.90574317186902,81.93537994247596,3751870.173679347,39.88123920087427,40.54712479470578,39.597751788953545,39.98129921877423,14818554.14032546,30.72189230269829,30.92347705885838,30.22352622721916,30.22510732468779,22044154.14199144,32.80610829981918,32.79284171652633,32.68258251985228,32.64066374311454,7942151.125911996,26.93779806902157,26.985748863225446,26.60204947240188,26.660120346076866,4663796.00367103,49.620541435791125,50.19505419043639,49.45067915518776,50.186457040550714,2831599.5227033244,122.77819683042725,126.4540290170509,121.85875184538996,123.03131503442998,1811874.0265281508,56.855648679702426,57.791349410994655,56.83551731259205,57.41884595636647,2179266.2757964116,40.46921582352841,41.808243316230936,40.08344566054919,40.422995904650705,4129657.9560877453,108.46093767190594,108.5429154388495,108.10607321854964,108.19379110404287,2233766.479085181,181.42267258486527,187.3935934317597,180.44570755923982,188.9963749999879,1999436.678411559,23.552271702316407,23.889015896893657,23.245163522764372,23.855917957782456,3264698.2653064304,9.403663125396685,9.551461856409823,9.278698482499745,9.278745650424051,31742013.723719507,80.23510152836434,80.207451165079,79.67158301914269,79.84136872754046,8190792.805800661,77.68097299569718,77.75132904892182,77.51675968209692,77.4782136711918,5092835.745649444,50.98373607114477,51.18772744131774,50.83671658093986,51.134636548023245,14208487.722883368,58.54218753849105,58.5472656093614,58.24610743615405,58.32287744285523,4217330.963897512,70.68592492481523,70.91390660781973,70.43657389508024,70.77444263201534,5438983.447586643,56.707301639622095,56.78032854713334,55.96782198143411,56.12624489671308,2476325.0638332227,57.96344246771004,57.9930839665964,57.8691362319351,57.913495516140415,3872162.8161740573,167.52040753729437,169.27473298520545,167.00478441077234,168.47474288866957,3138292.9166460205,114.69483956468679,115.83813627710536,114.36238379893443,115.64585593023561,2118272.1966233994,45.22798537729397,45.332541471473846,44.894467660080906,44.98069803962965,8749324.834745495,62.24127005352595,62.411459948757305,62.0568760756406,62.18590974680017,4701955.794511356,125.5124076253795,126.85206217211972,125.13874567164524,126.35688273859769,1233893.9832015212,56.05482437829669,55.912625206106384,55.02020461787262,56.15435544083781,8285042.474750726,72.77315749104517,73.6655323951443,71.08076424236582,71.1836629724427,1711613.1626050791,84.40599218883408,85.48331025585536,83.91156946573335,84.58474910104509,6331813.725735221,86.47423877772464,88.11419466839281,85.91637096554628,86.73102270732599,17607232.693019643,107.66702348015069,109.99949814765472,106.66669406845297,107.4970944888745,18074054.42987444,37.83017985419202,38.06202848714884,37.429792358730616,37.73637513160614,6097086.990074986,42.40640247109972,45.920423182248484,40.16924471579747,40.18857505184736,4944525.021754742
1876,115.14506596315097,116.2474847053042,114.74666259227973,115.96914922176975,3214124.899502999,102.08389589078088,104.31255508452672,100.71717748347041,101.28715494990966,2820176.635518999,97.84986586265609,97.88112472642953,97.35908128876895,97.43873554645795,8768839.346326126,6.636983761845331,6.6988036065758445,6.111634830026704,6.170379334317488,23470290.764033485,71.65701844513224,73.57168448177508,70.38213232895986,72.24693121892176,2646267.4902114808,472.61521137420897,484.75151254947104,471.0189680704985,482.72946670564903,551750.4053438012,15.061402381989303,15.492082116288252,15.104273195496676,15.34908779177537,24967195.942015804,41.43895802548379,42.604533451278684,41.2054342427642,42.04237391674317,7795896.190883859,48.191497993561455,48.22138907513176,48.036203505232244,48.01442891071114,4578349.7501507625,72.41275684859286,72.44469172742085,72.05643532847331,72.20374860042938,6846089.634531572,31.866672095913998,32.08349181067505,31.66909181406531,31.822810340193953,10590372.265347641,77.29298673339748,77.32265535815756,77.09846131989674,77.12268807004101,2243983.3742898153,332.84405868171183,339.6301514275564,330.78520332564364,335.4894675435721,2584676.794612729,41.8255798047996,43.05675955417863,41.29414843896712,42.363457648527884,4657129.6182024535,9.728558313401317,10.268971844021479,9.537033822047738,9.823081295533965,20404970.24859982,95.3136076123222,98.7574544326508,95.34995527855779,95.71965008214032,10247311.337165559,12.933901172900685,13.245598875752387,12.75826143017095,13.062288064304083,13935224.834383292,151.7500341848656,152.54573465574396,150.07080616783168,150.4237986571876,9195575.360728912,467.07023386094045,480.7758124774525,466.0583622793397,473.66321914826295,1466032.9609267856,33.514723590319946,34.26393005289023,33.106612946446056,34.086966555642405,10088024.668605931,43.79193161818806,43.914016277573026,43.48574776111516,43.53817436374868,27035820.37000324,82.18731140690247,82.41526819321169,81.90019955648509,82.19490769732774,17002771.445666384,89.81982736370168,89.78745236917163,89.60791785722168,89.73760134489731,7375230.81022352,41.9176338164398,42.257489149845455,41.492911423764006,42.160483702768815,4125428.901721155,120.02418481231906,123.31299765405365,118.65839599048736,121.96320058638416,3983488.811816831,69.27166890320997,69.53504925658211,69.06735843273968,69.33239902861294,4523348.85160622,49.64467134649876,49.78876201885427,49.33233601280983,49.63965112880494,2925066.502491072,55.27945305230104,55.57573384220576,55.14205408192464,55.29652422957959,3771715.403040478,24.77397662410559,24.88571390148647,24.351126364430176,24.354047408257813,22659662.406252056,37.43190386667239,38.65974607915902,36.609545598431886,36.60940841517221,16710814.17948075,150.09928306336914,152.95914150869035,147.37727728267694,147.2224912680651,1169478.6467664703,36.574235825645644,36.759962363956014,36.063055307551195,36.116557127902055,53055109.75737341,53.96886135746757,54.77663485209458,53.037117012698836,52.891862632090955,5119894.174388963,43.1018380856457,43.59244932715449,42.12569812299783,42.1323677520639,21357709.45591528,276.33440179102195,276.66343160434,272.90677547192905,272.87350156431563,9458001.520175105,,,,,,24.317000823306433,25.265077054823617,24.174519262738983,24.67849519350595,11146565.07531658,143.73647175436628,143.85444209321878,139.70093730187685,141.29647849551648,2087752.967928253,5.752698505274125,5.838598235275107,5.503827495492692,5.488014464253073,24377085.50385946,56.56965027132995,56.63065133778271,55.84693316340999,55.858105181371755,9663894.667951087,94.1931367021525,94.25909223407977,93.582593542712,93.68518608259988,7616031.359597914,54.06230611066301,54.23361677546052,53.72739866519608,53.854548091557746,11844763.362328824,51.722678178150375,51.68916400965165,51.60917638682211,51.63390372716259,3019356.004000276,93.67167597001306,94.26104649416357,93.5861092095608,94.44900328609047,3906242.9125070823,11.332978369057138,11.609338629530882,11.18533067442766,11.21517749206981,23187095.088232145,26.38982196665149,26.467779767689354,26.059072031758582,26.311288393165288,13891745.46257656,107.18767373967816,107.17531636831445,106.16356826883874,106.23433831796973,33115696.72054908,70.85633770431939,72.17708276467171,70.09480483641686,70.25395279157748,2786957.895738204,92.62550911865998,92.6912307962347,92.27504602599751,92.34898132622018,4051195.68310005,136.76470759757905,139.54328542618993,135.19616751766725,136.23001422563146,2721887.697870197,110.48683142778704,113.62121338685634,110.13349903039304,112.9480603791496,8169487.003313432,45.42275869268292,46.21668760454621,43.799433725949804,43.80016743980916,10683198.176577922,129.4582744494526,133.30211676275775,128.55117180845627,130.03179415615097,2778083.1243427945,54.85547683676648,55.8585146020861,52.07221519440289,51.78628351684021,1601253.9593324396,245.1273760149054,252.58457862574883,243.54373744772417,247.78872324889912,569475.3195603691,92.40762490826121,93.62379985597258,91.32510402430302,91.87105360772156,4447896.088347135,45.450693889292445,46.641479626519555,44.88104266749047,45.758917573914644,12130043.217939353,25.227510368215,26.010445366549774,24.893097653014458,24.886979920108367,3557473.223935472,61.22565694817071,61.629441508822254,60.51883295274743,60.63220947597996,3279833.101539675,168.52613206137036,170.7692794290049,167.90374366603183,170.1926744201668,9914622.502478005,107.68327665945115,109.95148339046591,107.5518834242921,109.83117887355718,1304005.6825262213,91.64437308270196,94.13900594709455,90.69986273547586,90.71814489038653,1390243.7166634866,67.03302220243404,67.55439933985755,66.85020067126986,66.88271203898063,6014435.110579324,82.00111780858015,82.04103362164795,81.9113498872516,81.94096850817076,3750575.4836409013,39.88073097340388,40.546939749936456,39.59767294481102,39.97987615154436,14819017.925667437,30.722236418270178,30.92347705885839,30.23147714536021,30.211765548495343,22042368.625496693,32.80610830051062,32.79280223497856,32.68252964703735,32.6402434890885,7945066.674268395,26.939215057999796,26.98436988140072,26.602533424779114,26.659654937886405,4663523.013183733,49.620535113842784,50.19505419039299,49.450679154542875,50.20353685021116,2830933.9773311852,122.77813492976725,126.44988698266019,121.85879434360763,123.03167533210885,1811852.0349238322,56.85441160512566,57.79130992063481,56.83568053439803,57.418846582160086,2180953.1934699826,40.44060910293059,41.810369345649676,40.08344568165035,40.42466158412238,4129695.556755235,108.46134185690754,108.54277908588554,108.10607321854948,108.19365643882198,2233649.5021339464,181.4123883760042,187.39270879666293,180.44572792226947,189.27078892797675,1999419.9632345624,23.55092851531295,23.887482558100185,23.24564764174636,23.8537681707231,3264742.514401747,9.401849666935282,9.55144685618597,9.278698482500053,9.278745650424051,31744879.40454585,80.235101528434,80.20745116369167,79.67100102494024,79.83967618718631,8189329.557478283,77.68097301945201,77.75919180634635,77.51675850253075,77.47657517326672,5092781.038946216,50.98342279840417,51.187391982840175,50.83669823668668,51.14129284839942,14210072.456373831,58.5447978468436,58.5472656093614,58.24610743615386,58.32533100807276,4219338.739016277,70.68536128018528,70.91376057899193,70.43650273117157,70.77348302530433,5439003.626408843,56.710729139895406,56.778186930966,55.967613352104244,56.12423692703661,2482716.776133908,57.96763759294917,57.99728370538525,57.8691362319351,57.91764094563151,3872061.842731558,167.5199544423816,169.27461607365817,167.00476385982262,168.47398278148475,3138878.9092503646,114.69396678946184,115.83808418072992,114.3622872879173,115.64534852584927,2118335.07785252,45.22795513520491,45.332541471473846,44.89446794520987,44.980508617680606,8749123.311209507,62.24088295811678,62.41079712752993,62.05685598051784,62.18518031749712,4702115.201060066,125.51207008597189,126.85202011185547,125.13868071096093,126.34953823587307,1233889.0608027938,56.101047562240566,55.91678992898979,55.020842163805476,56.20135873412475,8285040.648417307,72.82238773718778,73.66565014339821,71.08108724957698,71.18367569585287,1711731.3927083802,84.4059617792972,85.48331416784737,83.91156777569047,84.5847132791821,6334060.171602908,86.47412305782268,88.11426568556918,85.9163579745902,86.73104848263932,17609650.8084372,107.66700772381166,110.0005488459747,106.66652948053296,107.49709842315417,18076384.846674897,37.83017985419202,38.06202848714868,37.42979235907235,37.73637513143875,6097086.990095957,41.37366802065363,45.93809375938289,39.31049447111979,39.47816839338391,4941307.615428123
1877,115.14512547237209,116.24747623594313,114.74665704675539,115.96918051411703,3213825.65437918,102.08372599440847,104.31303412550928,100.71726574712193,101.28714649156132,2820076.696063123,97.84987025904023,97.88112484161263,97.35908128876866,97.43873554645795,8768863.862649146,6.632267587907423,6.698374440162092,6.107305230386245,6.170466484786595,23469182.08953924,71.66676590056969,73.67285959772862,70.21225048680245,72.97119029350183,2646457.3747415063,472.8194432541263,484.6701738371315,470.6971147181926,482.6464599202138,551889.8751295875,15.061402381989335,15.500314336379757,15.111720672010229,15.348645362148115,24967938.93031444,41.43895126328412,42.60452326418607,41.205348531869376,42.04236542957071,7796023.308725259,48.193938472519264,48.22383866690652,48.03610470692063,48.01403275839425,4577546.474734019,72.41258508766339,72.44469172742099,72.0573018913679,72.20374860042938,6849179.674405939,31.86667390301951,32.083506417834165,31.67512419554056,31.823583164000617,10592603.498591075,77.29897796014086,77.32864344372217,77.09850877762717,77.12268807004101,2244138.188501186,332.9589524523652,339.5542138147253,330.6890838059013,334.9009202552729,2584702.1915972517,41.82564558233218,43.05581864774228,41.29331904584283,42.364762552306516,4657640.6417018715,9.728558271253053,10.268973112581556,9.53760674676301,9.823086533528638,20404265.602308396,95.31360696667745,98.75745554101071,95.34997207696752,95.71944331400528,10247101.160960544,12.93390117290066,13.245598875756341,12.758261392989272,13.06222968178403,13934367.904590072,151.75003415790107,152.54575886881676,150.07080615437852,150.42379865591727,9195582.321255116,467.1385359220872,480.47935826303853,465.73082196331734,473.2217025221782,1466063.1301467463,33.51472317390052,34.26391705800197,33.10657306638044,34.086725807642125,10088068.862035125,43.79193404435794,43.91401628330412,43.48574777030455,43.53818501902375,27055346.15777489,82.18738489564907,82.41525287237123,81.90019629302552,82.19492188263784,17002667.44932373,89.81987067333117,89.78708090303897,89.60764360999359,89.73720235653968,7373152.075708123,41.91763399167192,42.25739794683168,41.51604757837767,42.16047673288226,4125930.9615657567,120.02415100933132,123.31296416413305,118.65821775129399,121.96303349392355,3983588.047004073,69.27167177225049,69.53504477795545,69.06735857586902,69.33235857561448,4523873.849397761,49.644704658835046,49.788755018376904,49.33232877217204,49.63964082659773,2925137.5952016367,55.279457084987634,55.57573629434371,55.142129708031995,55.296590511240055,3771697.297772599,24.77393353125134,24.885747882279457,24.351130909473326,24.354055784924682,22660103.3696787,37.43198680260073,38.70258140153362,36.609546058713505,36.60944245795693,16710731.182335518,150.09929238035784,152.9591624237125,147.37730116900246,147.21277854730636,1168744.6616005374,36.57422279279242,36.75994432355046,36.06305510616128,36.1165852259293,53100593.93349462,53.96655607528333,54.7767741446642,53.03721643358679,52.891849639955545,5117145.396118038,43.10175097830634,43.59252852812388,42.12687403822462,42.13236722534435,21353590.38677957,276.4789074498289,276.80799288995854,273.04695553180363,273.01192669364957,9457118.213266272,,,,,,24.317000783884364,25.265110041890658,24.174510158785786,24.678491496980968,11148730.661996176,143.7421868408552,143.8544438461368,139.70093609800708,141.29648209159413,2087752.7876814057,5.752698505274088,5.835904904776122,5.503827495492706,5.485233676082223,24376491.960112315,56.59970292234863,56.66081464634922,55.876210720636784,55.88699772523433,9658196.358483803,94.19302704491687,94.25911539826386,93.5825740064505,93.69631718389206,7616067.9565761145,54.06231686499579,54.23361677641913,53.72739868700385,53.85455917815445,11845245.539047247,51.72267817931133,51.68916400964657,51.609718822548984,51.633458729408574,3019223.0569075593,93.67153650136646,94.26103863163125,93.5858060420945,94.4630251401155,3906175.9871337865,11.332821987608666,11.609338629530885,11.192146529375874,11.215177492065823,23187973.14024787,26.40337235230233,26.467779766865995,26.05907203176069,26.311288393165288,13892244.774174292,107.18771798873982,107.17531627690153,106.16346603021537,106.2338639088493,33092715.10642943,70.8588989082671,72.17711168676252,70.09479299185796,70.25395604855089,2787070.007271837,92.62547035003007,92.6912307962347,92.27504602599751,92.34898132622018,4049130.448685265,136.96055786033182,139.54374627239915,135.19619550103408,136.22948700765366,2723304.976994935,110.48676655118985,113.62108424312136,110.13348749694003,112.9480412939712,8170341.8222484905,45.42280592447027,46.21686447205485,43.799456200307084,43.80016670099707,10683157.587810762,129.46642186386634,133.30219794185334,128.55122948708552,130.03179409497807,2778130.9848024747,54.85613960696813,55.86188724042315,52.001498373394725,52.0480019250607,1600159.4559692927,244.85750947759948,252.3630394261789,242.98553751883384,247.83557631794125,569478.0430382567,92.40762608416775,93.62377986680674,91.32510049485498,91.87102455111963,4448337.726530277,45.45068348068704,46.641479628857965,44.88095516425973,45.75873814896376,12132033.194767494,25.222568086458466,26.01045529804867,24.893098117387524,24.884048251958763,3555794.5190749206,61.234702642381485,61.63984115573661,60.513573896625246,60.632232146856495,3280146.5815628287,168.5261655893499,170.76926010269332,167.90369507311243,170.19267132466047,9914937.737382961,107.6833053367581,109.95141489049234,107.55185027403492,109.8311513442516,1303995.7271589036,91.64436887316832,94.1392435713725,90.73377163225155,90.71807880578437,1389543.9288959114,67.03302240243548,67.55444418233452,66.87808388521725,66.88272157092034,6013822.193289375,82.00676172535611,82.04668912746696,81.91695698643215,81.9465574550448,3752188.7080668034,39.88039845966375,40.54680625235447,39.59765120981444,39.9788741521292,14819088.661322946,30.722026033181898,30.92347705885839,30.239138396431365,30.223775869547833,22041667.321626324,32.806108300621865,32.792779163082635,32.68255892634672,32.639969027140495,7941849.038379389,26.938943221692107,26.985379639699424,26.60219368244445,26.660055285761363,4664207.228529904,49.62053766389023,50.19505419038836,49.450679154453404,50.22062247259311,2831200.4599854993,122.7781347649061,126.45363053085175,121.85879520940885,123.03160276130534,1811816.1369093244,56.854438532623334,57.791297312881184,56.835684311921206,57.418846561227234,2179941.804276206,40.46718144443986,41.810622386073696,40.08344577201112,40.42472964165271,4129496.9746496086,108.46133964427408,108.54283206246028,108.10607321854947,108.19366187094164,2233656.7590282843,181.4044259382628,187.39141870957673,180.44572035169332,189.5455461850003,1999573.7230992196,23.550963066238225,23.887203921623883,23.24537111722627,23.853870473014005,3264780.258494639,9.40003655819202,9.55145347338389,9.278698482500074,9.278745650424051,31746246.8556803,80.23510152844186,80.20745116343807,79.67063596793164,79.8384727319967,8188158.120986914,77.68097302481388,77.76705535890783,77.51675895912223,77.4757577830216,5092739.6878383,50.98345723021789,51.18717693060157,50.83668863203764,51.14856218627201,14212523.650951246,58.54740827158589,58.5472656093614,58.24610743615385,58.32778467650848,4218083.096106202,70.68542153630067,70.91375210015461,70.43646521829947,70.77348950799696,5439475.6511371955,56.71007282113206,56.77993103205701,55.967595359283784,56.1257630617507,2484574.1685372544,57.97183302181201,58.00148374831046,57.8691362319351,57.92178667185113,3872096.5341076492,167.51999195207475,169.27460608604153,167.00476088264114,168.4739727534735,3139155.493627499,114.69403598756072,115.83807990850853,114.36227779330262,115.64534587002493,2118417.9828902464,45.227958586130335,45.332541471473846,44.89446778471287,44.98052498350665,8749206.873578234,62.24093397737853,62.41033188228205,62.05684452889857,62.18519699141598,4702210.919283292,125.51209862721817,126.85201584086741,125.13867084582107,126.3564923961598,1233896.2658888272,56.14748764757809,55.91376182794329,55.02103308834757,56.24768364800384,8285042.881886527,72.86984603160188,73.66565861087989,71.08109647941977,71.18367443837977,1711696.0707231173,84.40596483188865,85.48331456053329,83.91156761329346,84.58471427287884,6335947.430903587,86.47411636642256,88.11429148323546,85.91635636198646,86.73102172434385,17614039.092043757,107.66700726277811,110.0008306499917,106.6665365271316,107.49709971779212,18076561.605356425,37.83017985419202,38.062028487148666,37.42979235909048,37.73637513143603,6097086.990115473,41.64806749450014,45.94160241632781,39.27375263154232,38.879166971360696,4943868.911295827
1878,115.1450589415094,116.2474726265247,114.74665468161447,115.96911028647177,3213786.3841736824,102.08394752893325,104.31367584206306,100.71729330996493,101.28714747733252,2820036.2088969443,97.84986833818267,97.88112480853039,97.35908128876864,97.43873554645795,8768870.316927599,6.635862688531862,6.6986454791852745,6.102978697917431,6.1704168096577705,23468723.828755792,71.86321069378207,73.64467605703294,70.35859161312881,72.26124886416827,2646546.848022158,472.897482713962,485.00302772877757,471.26535456118467,482.880544614451,551936.4640395967,15.061402381989334,15.5085509309283,15.119171820657204,15.349023376673347,24968147.301524527,41.43895359121208,42.60452422565628,41.20542361628473,42.04234047504726,7796052.303301601,48.19637907506604,48.22628838311777,48.036035750216534,48.01374435443394,4577268.072723146,72.41266305618362,72.444691727421,72.05697808667038,72.20374860042938,6849318.063583412,31.86667437951375,32.083535345874736,31.66995408647701,31.823065513518788,10593573.649964657,77.3049696512834,77.3346319930211,77.09878614182438,77.12268807004101,2244177.980952385,333.11314380521935,339.81228916108273,331.04250272260055,335.55217138924286,2584710.8911125786,41.825978218452704,43.05645999741368,41.29380315037244,42.36392312121262,4657848.114899051,9.728558399027351,10.268971224493784,9.537352750383473,9.823087834473501,20404115.084857933,95.31360408403897,98.75745570857185,95.34997126635847,95.71908141650376,10247026.812096708,12.933901172900658,13.245598875756809,12.758261402786548,13.062244286457712,13934031.446964579,151.75003417089104,152.5457895286197,150.07080615245198,150.4237986557532,9195582.679342804,467.48146633938586,480.9649393292496,466.0800908046471,473.5440557529017,1466071.4018037447,33.51472313275166,34.263914526711794,33.106586717518276,34.08661191193139,10088085.527865736,43.791931913578665,43.91401628467312,43.485747760546595,43.538180873189255,27065208.837307405,82.1872917221631,82.41522719736878,81.9001890299897,82.19482209911763,17002614.777992982,89.81984971984899,89.78684317191886,89.60746711978929,89.73688034207363,7372401.227551959,41.917634399511805,42.25745376902441,41.49584877029253,42.16047919917838,4126066.042041313,120.02414315773996,123.31298023200122,118.65817646352205,121.96217060040541,3983620.8619463225,69.27166952855617,69.53502678562941,69.06735666413032,69.33227504485187,4523978.664726239,49.64468373151183,49.788753268683,49.33232411136625,49.63963145293253,2925159.606762081,55.27945555098072,55.575739808917255,55.14208765726693,55.29655728486076,3771692.025207136,24.77390949370283,24.88573384252875,24.35112193304409,24.354052455440815,22660249.310160123,37.43217193620862,38.66667688689398,36.60954614922007,36.60950714844494,16710701.09597257,150.09929193082095,152.95915483590187,147.37730555422954,147.19655740953073,1168523.794774078,36.574234758389366,36.75997117346104,36.06309859272915,36.11661041455257,53099589.50146477,53.96505671460957,54.776818699997655,53.037203333387716,52.891850290729835,5116830.69934063,43.101850632666306,43.59255479896555,42.12611507416578,42.13236726167445,21353130.71923998,276.62364776736115,276.9526707278511,273.18721308151265,273.1504856718131,9456888.314728893,,,,,,24.31700078122491,25.265110798303137,24.174508984026467,24.678488516142938,11148651.710610768,143.78871660943852,143.85444419903925,139.70093554788784,141.29649819220325,2087752.727302245,5.752698505274091,5.833212816703638,5.503827495492707,5.482454296942436,24376317.42452922,56.629771538851074,56.69099402086522,55.90550362651942,55.915905213733645,9656855.135738397,94.19301228091155,94.25910425232024,93.58263818428958,93.68551679536264,7616075.599857108,54.06230457804033,54.23361677653107,53.72739852905536,53.85455421126159,11845417.527589917,51.72267817953926,51.68916400964602,51.60928733746687,51.633811335368094,3019202.214393831,93.67136369256158,94.26103526388204,93.58559367295476,94.47704957241075,3906153.1464382755,11.332723855217816,11.609338629530885,11.198966537610211,11.215177492066267,23187981.101737846,26.416929695671627,26.467779766715573,26.059072031760955,26.311288393165288,13892392.027227068,107.18773977973342,107.17531625892403,106.16341747496604,106.23358500596044,33085066.25428368,70.85674151720002,72.17709181110263,70.09476675601198,70.25395370050471,2787106.5578113846,92.6255657594311,92.6912307962347,92.27504602599751,92.34898132622018,4048676.971078658,136.95659079871143,139.54373433858768,135.1961964794185,136.22945692951794,2723664.4809046015,110.48663525012395,113.62101291632898,110.1334825563428,112.9480170828047,8171120.161976786,45.42286141481403,46.216916249466486,43.79946508357694,43.8001667777053,10683147.731026724,129.47048461876528,133.30220264856777,128.55108381691247,130.0317940778168,2778149.4773938595,54.85772541710358,55.85355757310119,51.893530601217414,51.78216332899676,1599995.436776874,244.52536103151547,252.2320486407195,242.79214153575813,247.62747764496928,569478.9184716534,92.40762642195833,93.62381724683115,91.32508711363366,91.87102407760999,4448672.045311507,45.45068100375236,46.641479628755164,44.88095182431813,45.75857899583422,12132412.370512703,25.218723686250737,26.01047471487233,24.893098170233575,24.882001482925048,3555101.4385970784,61.22637136278361,61.63123224749688,60.51824982393468,60.63222452301254,3280245.8867765735,168.52613842254223,170.76925867479514,167.9036925343475,170.19267166307387,9915062.658256054,107.68325987788681,109.95136739468803,107.55184343951261,109.8311342459429,1303993.1971383675,91.64437319742817,94.13912425418532,90.70345541893671,90.71818765946641,1389212.293132627,67.03302240356818,67.55443762555143,66.85352182672383,66.88272642225742,6013598.979554385,82.01240603058771,82.05234502314876,81.92256446943695,81.95214678312409,3752657.9557130444,39.88022019612306,40.546733433821764,39.59763089812644,39.97802028560135,14819115.904410148,30.722154658239834,30.92347705885839,30.246806712282552,30.21296412981369,22041394.638837602,32.806108300639764,32.7927656805215,32.68254271238198,32.6397897799323,7941555.625026948,26.938974342348672,26.984640245021758,26.602432187015133,26.659710903293956,4664722.4075302025,49.62053663529246,50.19505419038787,49.45067915444099,50.23771390967478,2831242.9430363737,122.77815329422071,126.45134865793916,121.85879071971634,123.03196259674279,1811810.230704091,56.854373189608545,57.7912842347405,56.83567869596787,57.418846562019944,2179654.782064909,40.44380098073863,41.810744589375815,40.08344574689779,40.42479135148571,4129449.993987943,108.46139327569934,108.54277593122983,108.10607321854947,108.19366297021588,2233657.8139347867,181.398260880211,187.3910858757503,180.44572297857223,189.82070243677197,1999592.5300582068,23.55121382013206,23.887451060678853,23.245529065582584,23.854065088774934,3264795.1643162817,9.39822379909946,9.551450554273567,9.278698482500076,9.278745650424051,31746837.312258445,80.23510152844274,80.20745116339171,79.67040698520474,79.8376170334074,8187895.100890169,77.68097302602415,77.77491970668666,77.51675878238287,77.47522135508513,5092732.184731859,50.98341835296839,51.18703906714477,50.83668360325385,51.15580898194083,14212561.29435055,58.550018812723096,58.5472656093614,58.24610743615385,58.33023844816674,4217638.614701699,70.68535230798759,70.91374556643497,70.43644544391448,70.77344961164742,5439682.9177107075,56.71017520432201,56.778674077533935,55.96762147762567,56.12450135444925,2485621.5823979317,57.976028754320545,58.005684095394066,57.8691362319351,57.9259326948205,3872104.37665303,167.51995791202094,169.27460365340266,167.00476091731082,168.47397839344035,3139106.3527054167,114.69396062381989,115.83807863360163,114.36228015836768,115.64532853401079,2118432.476073102,45.22795385440785,45.332541471473846,44.89446787505545,44.980517205984306,8749223.711065853,62.240868606748975,62.410005318901554,62.05683800295766,62.18515645204951,4702221.182469598,125.51207870893262,126.85201513310022,125.13867079976895,126.34990782784806,1233897.9401046117,56.193970405626295,55.91596351007306,55.02098636155237,56.29404785634385,8285043.47411348,72.91737987139801,73.66565888797544,71.08109423429678,71.18367457890245,1711683.013818368,84.40594389018466,85.4833146607978,83.91156756625651,84.58471415842241,6336956.658123293,86.47411455379054,88.11430596666142,85.91635608153312,86.73098247363949,17615885.716218043,107.66700670082385,110.00091792175171,106.66653872645807,107.49710013135096,18076644.691200733,37.83017985419202,38.06202848714867,37.42979235908809,37.736375131431515,6097086.990122754,41.18624558548146,45.94922863583424,39.10922061969589,39.22483755156622,4944849.594296298
1879,115.14505807755646,116.2474705178759,114.74665423310609,115.96901333702735,3213714.4915366764,102.08350353877323,104.31327319771515,100.7172322415962,101.28714638361446,2820018.9045205065,97.84986917743913,97.88112481803208,97.35908128876864,97.43873554645795,8768870.893343296,6.633122172878705,6.698474305137787,6.098655230447417,6.170445124117222,23468536.796230853,72.07879357705038,74.06379404516886,70.49064226068145,72.95346896276578,2646587.938912289,473.16132291405637,485.0455930047112,470.944908882497,483.12107836901407,551953.3539301107,15.061402381989334,15.516791902258388,15.126626643248224,15.348700398797355,24968204.541707397,41.438952534273,42.604525900441345,41.205376906570734,42.04238302732911,7796061.781348112,48.198819801208046,48.22873822377181,48.03598762159002,48.01353439265717,4577177.456534045,72.4124518042513,72.444691727421,72.05721816618986,72.20374860042938,6849343.605998943,31.86667361231332,32.083516679603754,31.67438517689106,31.82341487123111,10593889.457906604,77.31096180686109,77.34062100609026,77.09875054898328,77.12268807004101,2244189.534427881,333.21583278124007,339.78020211951116,331.1579472582318,335.303663318282,2584715.6035606656,41.82567345153413,43.05605466355443,41.293516104543485,42.364804051310166,4657908.708660615,9.728558365389667,10.268969540666319,9.537563027346843,9.823089677460047,20404004.98239469,95.31360091894805,98.75745575382523,95.34996635630378,95.71882536124457,10246999.161464376,12.933901172900658,13.245598875756864,12.758261400204992,13.062266113884602,13933900.314296989,151.75003413643782,152.5457718749972,150.0708061535957,150.4237986556929,9195583.583351597,467.60853428533045,480.9231771045694,466.2920403835774,473.7384823929239,1466072.8208626178,33.514723142178674,34.263915082998665,33.106580816601806,34.08662704384396,10088100.98651172,43.79193267475809,43.91401628451569,43.48574776395423,43.538180866094336,27067653.691785824,82.18728953519225,82.41521302784187,81.90018787005238,82.19474666512946,17002602.20862576,89.81981828684324,89.786691028613,89.60735354054755,89.73661864240722,7371975.532171831,41.91763417322896,42.257419602201715,41.51332695962332,42.16048432454203,4126107.91263953,120.02416057998994,123.31297073495462,118.6581821586744,121.96213416190598,3983619.172741416,69.27166894280994,69.53501391808953,69.06735575089857,69.33217593624587,4523995.740865965,49.64468510988324,49.78875266226284,49.33232480264709,49.639624904119444,2925166.2987283613,55.27945613162138,55.575740144846584,55.14211103897112,55.29657393518879,3771690.9899015725,24.773913433054123,24.88571897954262,24.351121093789466,24.35403550324818,22660296.0828334,37.4320675338798,38.69708316098288,36.60954612999396,36.60954154776016,16710690.202844063,150.0992876745914,152.95915806361234,147.37730930824216,147.44277146702112,1168535.2836754848,36.57423014017674,36.75995966850039,36.063079400669395,36.11659747138193,53103912.55697936,53.963964372199925,54.77680623483829,53.037219674513395,52.89185184578129,5116862.2639456615,43.10173513018082,43.59254264135088,42.126604927895706,42.13236727682252,21353063.74540484,276.7681142171095,277.0973762389799,273.3275248715048,273.2890510470546,9456839.119207267,,,,,,24.317000780484744,25.26510437036408,24.17450989413161,24.67848915531943,11148959.118416142,143.91444087324578,143.8544435310696,139.70093524911238,141.29645804295296,2087752.7119919134,5.752698505274091,5.830521970484526,5.503827495492707,5.479676326119751,24376266.097573347,56.65985612931896,56.721189469887946,55.93481188910438,55.94482765459979,9656760.525022153,94.19294887686554,94.25910961542989,93.5826084347975,93.69599629683553,7616078.767383976,54.06230851452926,54.23361677651949,53.72739858013664,53.85455359027064,11845444.373547181,51.72267817958401,51.689164009645964,51.609630565921165,51.63353193853616,3019202.359425974,93.6712194786311,94.26103382137798,93.58542800611689,94.49107440079858,3906139.0105856187,11.332662275239962,11.609338629530885,11.205790701661503,11.215177492066218,23188077.827701524,26.430494000331954,26.467779766688093,26.05907203176099,26.311288393165288,13892432.970316235,107.1877106531369,107.17531622140022,106.16339225889284,106.23342211903524,33083155.499396972,70.85855876273207,72.17710167517508,70.09480314707304,70.253955393279,2787124.562132782,92.62548264232478,92.6912307962347,92.27504602599751,92.34898132622018,4048447.870610637,137.07607654097663,139.54364239561409,135.19619422263412,136.22952388365374,2723754.975450602,110.48664104663857,113.6209556103814,110.13348318407321,112.94797896790767,8171091.0131358085,45.422823241977135,46.21691892057748,43.79946207418465,43.800166800606085,10683145.147858735,129.7465639573255,133.3022197535307,128.55109421164883,130.031794045678,2778156.913493409,54.85602833367623,55.65003477703958,51.688512561834536,51.799157278643875,1599973.661150993,244.71622350567873,251.84448186854206,242.7331465610592,247.19133679765037,569480.4397905187,92.40762658156629,93.62383589065753,91.32505647425856,91.87103891485525,4448706.274948889,45.450688434502815,46.64147962852266,44.880960967489116,45.7585160592387,12133109.039615605,25.2157332835005,26.010470662008156,24.893098147623718,24.880565228125484,3554853.6504089804,61.23404629089914,61.63836622564065,60.51408220007934,60.632223290118255,3280290.638394038,168.52611341802455,170.76926183769848,167.9036999256007,170.1926709949787,9915100.908694705,107.6832018166947,109.95132069348008,107.55183586638695,109.83111838734807,1303992.576913912,91.64437251350016,94.1391841679225,90.73055959740253,90.71814407370623,1389068.8372286146,67.03302240611391,67.55444387196574,66.87515831090258,66.88272712792904,6013506.982377003,82.01805072430169,82.05800130872022,81.92817233629225,81.95773649243463,3752721.111001883,39.880131607402575,40.5466968234699,39.597647644654344,39.977459930336806,14819128.185520008,30.722076019560333,30.92347705885839,30.25451563130917,30.222696901782726,22041288.61093544,32.80610830064264,32.79275780169544,32.682551691167966,32.63967271612116,7941502.322674247,26.938735904181126,26.985181666161907,26.602264752979302,26.66000714386691,4664630.559822555,49.62053705019195,50.19505419038782,49.45067915443927,50.254811163435086,2831300.467592409,122.77814881540618,126.45322028006858,121.8587924199943,123.03217479807901,1811807.763251032,56.8542849874097,57.79125380825573,56.83562698850246,57.41884656290309,2179589.398738367,40.4647228709752,41.810755339105796,40.083445753765204,40.42486333220996,4129414.775729863,108.46135861905651,108.54279280294193,108.10607321854947,108.19366192195658,2233658.663934825,181.3934874748973,187.3913432342529,180.44572206766756,190.09625801353013,1999603.2791044393,23.551049925259722,23.887338201531183,23.245438846880624,23.854225602201442,3264800.9900597786,9.39641138959017,9.551451842009733,9.278698482500076,9.278745650424051,31747092.418677934,80.23510152844284,80.20745116338324,79.67026335533875,79.83700860188284,8187835.225649361,77.68097302629732,77.78278484976326,77.51675885079588,77.47490450706374,5092729.933793786,50.98341893327605,51.186950687070954,50.83668097029284,51.163057891169416,14212271.471748656,58.55262947026042,58.5472656093614,58.24610743615385,58.33269232305188,4217514.766214007,70.68535400886752,70.91374296013365,70.43643502012439,70.77342484561436,5439779.618100354,56.70958206976996,56.77959300575227,55.96760401314061,56.125541811499076,2487607.8952935897,57.98022479049675,58.00988474665809,57.8691362319351,57.930079014560874,3872106.588361959,167.51993445777578,169.27459716518715,167.00476134010125,168.47396619723034,3138971.575735846,114.69396204654538,115.83807795878226,114.36228079258758,115.64530809551039,2118431.4125149767,45.22795541168762,45.332541471473846,44.89446782420227,44.98051524451654,8749229.82413802,62.240872682994244,62.40977609863124,62.05683428401593,62.18511967051171,4702223.84522414,125.51206783624748,126.85201428987388,125.13867207658359,126.3561424468481,1233898.1971839604,56.24044950197465,55.9143627034533,55.020923445300376,56.34040079303607,8285043.635343655,72.96485547764536,73.66565931993577,71.08109906847034,71.18367455049291,1711678.8717905823,84.40593633839525,85.48331479938116,83.91156755220987,84.58471371029002,6337473.325800049,86.47411643402822,88.11430101087255,85.91635612063979,86.73096896864972,17616396.49145215,107.66700723246998,110.00090095917827,106.66653783976865,107.49710026354867,18076609.36325033,37.83017985419202,38.06202848714867,37.42979235909403,37.736375131434755,6097086.990124973,40.782697394538154,45.94926520606906,38.53673512944261,38.952216852658026,4944434.468698795
1880,115.14506499296553,116.24747081890517,114.74665469182776,115.96905444077733,3213507.0120675373,102.08344333504223,104.31338036879552,100.71721414456576,101.28714487690036,2820014.456612008,97.84986881075322,97.88112481530305,97.35908128876864,97.43873554645795,8768870.718437348,6.635211245433209,6.698582409698485,6.094334825804898,6.1704289850828005,23468466.898645945,71.57951893036001,73.53493319444729,70.26777203822088,72.27906248655768,2646608.0751440125,473.17236289290463,484.8832510059302,471.23205189389137,483.1503426981527,551951.3224632519,15.061402381989334,15.52503725269577,15.134085141594802,15.348976353030375,24968219.065216612,41.43895158248449,42.60452338409394,41.20534191638933,42.042376823092305,7796064.675162717,48.20126065095153,48.23118818887498,48.03595403000932,48.01338153779466,4577141.219057958,72.41232566448976,72.444691727421,72.05676634315498,72.20374860042938,6849482.454760082,31.866674346436994,32.08352412980939,31.670587469334844,31.823177291596146,10594026.972736074,77.31695442690993,77.34661048296556,77.09857069601449,77.12268807004101,2244189.1573731382,333.37334410900746,339.97111284857823,331.28982694518555,335.8476147210043,2584713.631333383,41.82543019756403,43.05618136742045,41.29369668385621,42.36367138127948,4657940.979625649,9.728558269954481,10.268971729790652,9.537391703204694,9.823088993472828,20403942.106059507,95.31359796819017,98.75745577969624,95.34996157627572,95.71842276407557,10247016.690711074,12.933901172900658,13.24559887575687,12.758261400885225,13.062203777931302,13933842.6675155,151.75003412252366,152.54572584570772,150.07080615437846,150.42379865592562,9195583.978997216,467.9392283411941,481.2246613908319,466.71766990372635,473.97759731210556,1466074.396631245,33.51472315915168,34.263915429482154,33.10658033500775,34.086649251236295,10088108.667020481,43.79193284643737,43.9140162843536,43.48574776615427,43.538181801864816,27068694.336413596,82.18730793085066,82.41521880081667,81.90019029585075,82.19477329391083,17002600.873498414,89.81981479820712,89.78659365984815,89.60728044728889,89.73640924443113,7372092.743445634,41.91763431604944,42.25744051452558,41.49799740457778,42.160481729353336,4126132.146042686,120.02416331771354,123.31296129455161,118.6581944198379,121.9627921250986,3983626.021724151,69.27167072569392,69.53503419192656,69.06735783697044,69.33228778736873,4524022.858941126,49.644695271976545,49.78875357962369,49.33232760795162,49.63963586786179,2925168.7319398522,55.279455920417014,55.57573454979464,55.14209803791173,55.296565597711755,3771689.5799246933,24.773919477141074,24.885725962024228,24.35112551573001,24.354039040152703,22660312.547854267,37.431999440671554,38.67128946467389,36.6095460793725,36.609457600197224,16710686.261928648,150.0992848543074,152.95915730971453,147.37730974607356,147.2784402479499,1168457.8641603715,36.57423058265779,36.759971088569465,36.06308804733124,36.116605237657325,53110121.15015516,53.96324152498262,54.77677616105278,53.03723732408856,52.89185012215126,5116908.120656885,43.10172992222596,43.592540670151195,42.12628876443028,42.13236725662844,21353117.033593617,276.9127809039323,277.2421542225014,273.4679194172423,273.427710141213,9456821.333028115,,,,,,24.31700078060775,25.265103500362887,24.174509888285286,24.678490859667257,11148579.097533746,143.7853341912789,143.8544431516818,139.7009348763283,141.29644653852355,2087752.69420414,5.752698505274091,5.827832365545923,5.503827495492707,5.476899762900573,24376249.527031254,56.68995670223846,56.7514010019792,55.96413551644236,55.97376505556687,9655982.79151056,94.19290456294539,94.25910703485475,93.5825898299557,93.68582814864149,7616077.894138762,54.06231012492454,54.23361677650901,53.72739861519518,53.854555271023315,11845460.29298247,51.72267817959279,51.68916400964596,51.609357541947176,51.63375332614345,3019201.7536357366,93.67122296393025,94.26103320351191,93.58540265128666,94.50510230432249,3906140.709606943,11.332623632609941,11.609338629530885,11.212619024062125,11.215177492066223,23188272.729006853,26.444065269857735,26.467779766683073,26.059072031760994,26.311288393165288,13892438.40170399,107.18769727653627,107.17531616698697,106.16337996859461,106.23332410050772,33081003.530508947,70.85702803420357,72.1771094440541,70.09481660412293,70.25395417290913,2787118.86674315,92.6254411051819,92.6912307962347,92.27504602599751,92.34898132622018,4048444.2242450286,136.9539740374786,139.54365430630537,135.19619427552115,136.22977415606715,2723746.536238967,110.48667418562708,113.62099841497712,110.1334845880556,112.9480081977758,8170858.599749155,45.422815604718416,46.21691626214827,43.79946086466247,43.800166778956,10683145.385791149,129.67887566956537,133.30220139079904,128.55115582763545,130.03179406902407,2778160.9339594347,54.85584632990126,55.28319637763088,51.67173383024419,51.370436429128155,1599984.7785562167,244.45325149273458,251.69343059653767,242.49932979391394,247.0500417461632,569480.5731554457,92.40762662619755,93.6238570182349,91.32504419040887,91.87105515068878,4448446.397305929,45.450689672961225,46.64147962974949,44.88096739590636,45.758712940917384,12134201.921658024,25.213407170680448,26.010453465634203,24.893098119258458,24.879592334550708,3554734.865963346,61.22712310351256,61.63255092806041,60.51782694666022,60.63223110742844,3280304.1582537205,168.52610468583478,170.76926353648057,167.9037034705438,170.1926697232202,9915101.399889406,107.68322255310636,109.95126686476155,107.55183676681101,109.83107294675624,1303992.4031539238,91.64436998504067,94.13915408203906,90.70632713529767,90.7180782225084,1389002.2590654576,67.03302247825515,67.55444693309882,66.85609893736746,66.88271695155238,6013473.741841164,82.02369580652477,82.06365798420822,81.93378058702433,81.96332658300243,3752581.0480549787,39.88004513637478,40.54667817481062,39.5976533001705,39.977190508001975,14819141.736537289,30.72212409760992,30.92347705885839,30.262217120911263,30.213935420972923,22041247.386722937,32.8061083006431,32.79275319753311,32.68254671899743,32.63959626340529,7941389.011352594,26.938567008407496,26.984785210980586,26.602382294359224,26.659752315339418,4664317.45128889,49.62053688283636,50.195054190387815,49.45067915443903,50.27191423585359,2831268.340454119,122.77813969306712,126.4516384656452,121.85879411182118,123.03189746052436,1811806.7032096814,56.854338893348334,57.79125091121865,56.83564006134171,57.41884656496616,2179550.3359278105,40.445854659797384,41.81063324020591,40.083445752217656,40.424775682632145,4129417.391441725,108.46134146570655,108.54282497042026,108.10607321854947,108.19364918887103,2233659.770256009,181.38979158136135,187.39217182436587,180.44572238663162,190.37221248366646,1999607.9958820515,23.55100839143113,23.887257111832838,23.245490379003993,23.853795288972083,3264803.343124847,9.394599329596735,9.551451273937872,9.278698482500076,9.278745650424051,31747201.593528803,80.23510152844285,80.20745116338169,79.67017326322271,79.83657598586045,8187887.496646785,77.68097302635898,77.79065078821807,77.51675882431428,77.47472377961167,5092729.076420583,50.983426503094265,51.186894029290656,50.83667959173214,51.17035926970176,14212831.499657908,58.55524024420305,58.5472656093614,58.24610743615385,58.33514630116825,4217471.670053989,70.68535784159025,70.91374313466753,70.43642952536945,70.7734218382688,5439812.857669847,56.70910417342903,56.77890529598245,55.9676010722703,56.12469406991055,2484873.7738086036,57.9844211303626,58.01408570212456,57.8691362319351,57.93422563109349,3872105.910285216,167.5199238544232,169.27459397954044,167.0047615908991,168.47395030046005,3139137.0352721075,114.69396896954284,115.83807806149215,114.36227988033275,115.64531778858218,2118429.7252611895,45.22795581179161,45.332541471473846,44.89446785282715,44.98051641580439,8749229.42586915,62.24088550444346,62.40961520510962,62.056832164700445,62.18513983017244,4702227.272846851,125.51206143950448,126.85201378090895,125.13867315243166,126.35023917844248,1233898.2177662053,56.286953375298545,55.9155266234394,55.02079352919048,56.38669071489294,8285043.639456414,73.01241451040644,73.66565913377369,71.08110083730382,71.18367451999127,1711677.5137214952,84.40593176176898,85.48331485361676,83.91156754499715,84.58471342057406,6337728.600341554,86.47411535856581,88.11429847894895,85.91635608913982,86.73099421069406,17616918.684293486,107.6670072385061,110.00078367206574,106.66653674720474,107.49710030563782,18076520.929235186,37.83017985419202,38.06202848714867,37.42979235909448,37.73637513143493,6097086.99012557,40.61851377350046,45.95313301669237,38.300481757419675,38.43217974261197,4944447.808208274
1881,115.14504638649572,116.2474694934321,114.74665415091177,115.96900302965797,3213759.0031919754,102.08323891361057,104.31294621754684,100.71718458423322,101.28714382139745,2820009.7833727314,97.84986897096475,97.88112481608687,97.35908128876864,97.43873554645795,8768870.656088268,6.633618762597742,6.698514136521474,6.0900174818201105,6.170438184214167,23468421.0126004,71.49483236518059,73.44153248457052,70.2520563984422,72.94125258615054,2646619.0701685194,473.5612507742499,485.94042666283536,472.14381794337714,483.6577856175366,551944.9740863881,15.061402381989334,15.533286984567422,15.141547317509348,15.348740576079749,24968221.73805012,41.438952699444656,42.60452409803214,41.2053623829594,42.042357322738745,7796066.257530946,48.20370162430277,48.23363827843359,48.03593058462192,48.0132702574971,4577131.983234723,72.41240140770786,72.444691727421,72.05689281192456,72.20374860042938,6849574.989444548,31.86667491372798,32.08352940360892,31.673842330178203,31.82333777547406,10594064.155856652,77.32294751146593,77.35260042368293,77.09851856840179,77.12268807004101,2244177.186408855,333.40536344570575,340.2076864554827,331.3353918543391,335.60750091452564,2584715.9371290905,41.8256510833509,43.056102984393,41.293591692931976,42.364387947084424,4657939.442316801,9.728558277389888,10.268972616721397,9.537433929148264,9.823087380241796,20403864.018426258,95.31359993536063,98.75745580310422,95.34995900699013,95.71810140528649,10247009.580337346,12.933901172900658,13.24559887575687,12.758261400705985,13.06216169578362,13933831.587543469,151.75003413180022,152.54572175320655,150.07080615452543,150.4237986559924,9195584.281309582,467.96565784365606,481.70784182094786,466.9532673688081,474.59347458080634,1466073.8114549501,33.5147231111717,34.26391289171852,33.10658476277481,34.0866873836011,10088097.032226318,43.79193267280349,43.91401628460811,43.485747764687545,43.53817975541412,27069385.542919703,82.18728897466688,82.41520982876148,81.90018929503918,82.19470820049008,17002593.954349022,89.81980780331656,89.7865313457274,89.60723340854854,89.736162414463,7371948.715212232,41.91763432196931,42.257427714819464,41.51135834072291,42.16048497334752,4126144.8549883305,120.02420289163486,123.31295192296349,118.65822779712816,121.96300158981093,3983625.6086616814,69.27167035771704,69.53503165769163,69.06735804003819,69.33230194573869,4524040.608698995,49.6446799517932,49.788751723831055,49.33232400387339,49.6396209449736,2925168.8094499423,55.27945599890198,55.57573710237038,55.14210526695548,55.29656977654178,3771690.337446573,24.77393849561453,24.885746562495825,24.35112720023923,24.35403762427594,22660316.501156613,37.43193890898351,38.69286987008577,36.609546055071846,36.609460878466955,16710684.81720572,150.09927811622865,152.9591598653036,147.37731775109228,147.42919830196732,1168470.0139790615,36.574228034950856,36.759962328569515,36.06308425124089,36.11661487991704,53109377.133629866,53.962723756599146,54.776702112382914,53.03726307128649,52.891847439178754,5116726.882817952,43.10161619443928,43.59249985421646,42.126492823920756,42.13236723068773,21352967.753436103,277.0572913600487,277.3869685947878,273.6083739505086,273.56635422642285,9456845.522869918,,,,,,24.31700077963795,25.265107293633108,24.174511052982712,24.67849085966729,11148778.808883209,144.00921353633777,143.85444344616923,139.70093510336724,141.2964507950411,2087752.6947491588,5.752698505274091,5.8251440013152305,5.503827495492707,5.474124606571666,24376248.125346344,56.720073266100265,56.78162862570534,55.993474516588286,56.00271742437298,9656089.088567121,94.19291718727501,94.25910827655379,93.58257031233373,93.6956941940792,7616077.66248642,54.06230848382961,54.233616776531555,53.72739858938718,53.85455271196312,11845458.035042211,51.72267817959452,51.68916400964596,51.609574721174134,51.633577903708186,3019203.0070253834,93.67108217203734,94.26103293886207,93.58528372685568,94.51913120005445,3906139.585586669,11.332599383610399,11.609338629530885,11.219451507345994,11.215177492066223,23188158.06820721,26.457643507825214,26.467779766682156,26.059072031760994,26.311288393165288,13892440.003464742,107.1877115950659,107.17531616423207,106.16337338620193,106.23326421352003,33081766.8542006,70.85831742002979,72.17711041824073,70.09481852904393,70.253955052709,2787117.1773831164,92.62548037960298,92.6912307962347,92.27504602599751,92.34898132622018,4048434.2867603544,136.99940615198793,139.54373312976008,135.1961967718323,136.22953985346444,2723697.1741489638,110.48663495392465,113.62098299145298,110.13348374115235,112.94799931364406,8170856.332930955,45.422742129809215,46.21684806079584,43.79945576748987,43.8001667525869,10683143.633938592,129.6894682399885,133.302190580289,128.5511689334755,130.0317940782957,2778162.20233035,54.85413011139459,55.56785822687623,51.80553030985838,51.490106438185514,1599904.2616291773,244.73390923196294,252.0844751195434,243.1391050538135,247.2514288737156,569480.1332564055,92.40762669259611,93.62385556317889,91.32504595687041,91.87104924395828,4448545.439681321,45.45069414517215,46.64147962970734,44.88098350389489,45.75878878878059,12133234.141151438,25.211597782011584,26.010440428757587,24.89309807768246,24.87892372239395,3554728.3049300564,61.23351590871175,61.637389659744954,60.5145144290464,60.6322385356885,3280302.3105150866,168.5260870050765,170.7692654787054,167.9037089002959,170.19266852223095,9915071.374141578,107.68316863710973,109.95124968805303,107.55183082463542,109.83107020462522,1303992.399156035,91.64436644862741,94.13916918413696,90.72799214242423,90.71798885502227,1389013.3639012547,67.03302252382468,67.5544580348737,66.87288815859868,66.8827353244859,6013428.997842141,82.0293412772837,82.06931504963964,81.93938922165948,81.96891705485348,3752516.003231911,39.87998961484813,40.54666371644504,39.59765542273551,39.97687908697428,14819136.005496396,30.72209470369249,30.92347705885839,30.269911465803382,30.22182254154091,22041231.352186665,32.806108300643174,32.792750506991325,32.682549472429784,32.639546333220146,7941509.57440639,26.93865794451027,26.985075514958655,26.602299778424367,26.659971520891773,4664308.103171317,49.62053695034161,50.195054190387815,49.450679154438994,50.28902312891056,2831250.619592217,122.77814061525342,126.452544939615,121.85879448863898,123.03188213741126,1811806.3928412586,56.85428498740969,57.791249524404776,56.83564539236511,57.418846564056416,2179591.735352833,40.4625046069079,41.81054581495436,40.083445752884316,40.424713253396376,4129418.153539471,108.46136172661745,108.54283213898545,108.10607321854947,108.19364483122752,2233658.5753419367,181.38692997071928,187.39212365349547,180.44572227610175,190.64856812891185,1999608.3360918527,23.551094254730224,23.887347389702107,23.245460944311613,23.85394555708352,3264804.339216904,9.392787619051752,9.551451524537061,9.278698482500076,9.278745650424051,31747248.633275196,80.23510152844285,80.2074511633814,79.67011675276567,79.8362683807886,8187853.2157468265,77.6809730263729,77.79851752213152,77.5167588345649,77.47460844051058,5092729.392338536,50.9834176997821,51.186857707708995,50.83667886994797,51.1776156149529,14212749.62547386,58.557851134556174,58.5472656093614,58.24610743615385,58.337600382520186,4217438.984362032,70.68534143477825,70.91374062151958,70.43642662888637,70.77338130333048,5439817.058080937,56.70933565820429,56.779398300455355,55.96759336349801,56.12540318916494,2485552.9500493766,57.98861777394007,58.01828696181551,57.8691362319351,57.93837254443959,3872105.3440231215,167.5199134072192,169.27459235734986,167.00476172766116,168.47393207562192,3139105.701918502,114.69394685926592,115.83807762224556,114.36228102852495,115.64530456963946,2118430.670446056,45.227955381425026,45.332541471473846,44.89446783671442,44.98051194223465,8749231.298307301,62.24087303211163,62.40950227126975,62.0568309569649,62.18510739465132,4702225.150336897,125.512054670208,126.85201345426972,125.13867386886164,126.35582870650522,1233898.1803401934,56.33354377364673,55.91468035649041,55.020764005237105,56.433089072213726,8285043.645763894,73.05994466895523,73.66565998098324,71.08110671315664,71.18367446920554,1711676.0678468132,84.40593107544757,85.48331483532448,83.91156754013798,84.58471313592028,6337856.385545634,86.47411697183853,88.11430005539233,85.91635615890365,86.73099345264416,17617051.26264951,107.66700733114553,110.00082451485311,106.66653436808541,107.49710031909031,18076579.01173674,37.83017985419202,38.06202848714867,37.42979235910976,37.73637513144154,6097086.990126133,39.58577924531028,45.952924113133086,37.441094569175206,37.72177319792234,4944276.491947731
1882,115.14504763123182,116.24746938963719,114.74665409793226,115.96900431034146,3213772.676185356,102.08324742751138,104.31293971236967,100.71718216191974,101.2871439029781,2820010.9944236972,97.84986890096552,97.88112481586174,97.35908128876864,97.43873554645795,8768870.80455068,6.63483269917251,6.698557254283288,6.085703196324824,6.170432940776692,23468437.570311103,71.5651367772095,73.54270755866342,70.08224620401276,72.29311677113817,2646620.4236172605,473.679551435028,485.8590892578918,471.821964619114,483.5747788284356,551949.8730304012,15.061402381989334,15.541541100201563,15.14901317280516,15.348942025319495,24968227.58574816,41.43895277717993,42.60452424928263,41.205365749398375,42.04235762372764,7796065.051270505,48.20614272126801,48.236088492453966,48.035914220813524,48.01318924401528,4577119.713837497,72.4123708906638,72.444691727421,72.05674718004032,72.20374860042938,6849452.595820537,31.86667494087696,32.08353003622806,31.671052721196034,31.823231018842144,10594123.419802368,77.32894106056509,77.35859082827828,77.09852126652626,77.12268807004101,2244179.5453710286,333.5038405522407,340.1317570554548,331.23930691311386,335.8855243645741,2584716.342924571,41.825646782136026,43.05617722289933,41.29365043193126,42.36396993158271,4657950.353664253,9.728558277600028,10.268972634629037,9.537382475104923,9.823087309683043,20403849.83713865,95.31359994235576,98.75745580582695,95.34995878541301,95.71811303815133,10247013.158153567,12.933901172900658,13.24559887575687,12.758261400753215,13.06216484784771,13933820.684180759,151.75003413174215,152.5457222996738,150.07080615453614,150.42379865599287,9195584.22952196,468.0339599290156,481.4113876065339,466.62572705278484,474.15195795472164,1466074.236210783,33.514723109634176,34.263912691388605,33.106585469064655,34.086703174372474,10088096.255891964,43.7919326852028,43.91401628460053,43.485747764707654,43.538179940598305,27070454.403696883,82.18729111436086,82.41520940860106,81.90018924214921,82.19470895073027,17002594.985236645,89.81981023131242,89.78649146589854,89.60720313704151,89.73608988818522,7372034.576696551,41.91763432345064,42.25743554907441,41.49969859209712,42.16048484269524,4126133.8862945363,120.02420367735182,123.31295129369167,118.65823176284736,121.96301182375784,3983623.832734417,69.27167038993022,69.53503153715678,69.067358041794,69.33229983732835,4524029.607892582,49.64468076840617,49.788751636011234,49.33232388802753,49.63962068962163,2925169.3894308424,55.27945596807544,55.57573706000582,55.142101247354546,55.296567679777496,3771690.511674554,24.77393681357951,24.885747938870548,24.3511273257455,24.354037970826678,22660320.127327662,37.43193539600855,38.674522893209684,36.609546053568025,36.60945970333348,16710684.303642971,150.09927799873677,152.9591596829647,147.37731807195914,147.41948727095516,1168500.375352736,36.57422832130507,36.759962866719135,36.06308425825117,36.11661399628597,53106751.24406874,53.96240472123278,54.77669739382585,53.03726562416483,52.89184759226328,5116826.22423953,43.101620051470455,43.592497433736774,42.12636111896793,42.13236723242715,21353059.126283433,277.2021750264997,277.5319185743876,273.7489119073753,273.70515084723723,9456831.27771693,,,,,,24.317000779583605,25.265108158867534,24.174511201205902,24.678490930719217,11148873.163285825,144.01492862276686,143.85444347892934,139.7009351273392,141.29645061878173,2087752.6929139104,5.752698505274091,5.8224568772201115,5.503827495492707,5.471350856420155,24376244.309085283,56.75020582939956,56.811872349637284,56.022828897601286,56.031684768760215,9656405.869917342,94.1929070641778,94.25910767908368,93.58256939653126,93.68612127571478,7616077.946533257,54.062308672258325,54.233616776531036,53.72739858950092,53.85455291135281,11845465.851532515,51.72267817959486,51.68916400964596,51.60940196412305,51.633716904401,3019201.550415139,93.67107302057164,94.26103282550491,93.58526413670931,94.53316467185864,3906140.0622542985,11.332584166893044,11.609338629530885,11.226288154048573,11.215177492066223,23188131.662209045,26.47122871781248,26.46777976668199,26.059072031760994,26.311288393165288,13892446.621335227,107.1877131382581,107.17531616382547,106.16337049353876,106.23323191810218,33080539.12552766,70.85723132560119,72.17710991560051,70.09481879856732,70.25395441843587,2787119.6018470926,92.62547794588504,92.6912307962347,92.27504602599751,92.34898132622018,4048391.6791970064,137.18887440469322,139.54375035911312,135.19619707561455,136.2295612400534,2723763.720259595,110.48663328425998,113.62097944851342,110.13348364144836,112.94799891730763,8170888.841178389,45.422740562436836,46.21684258540317,43.79945538326268,43.80016675499362,10683143.927998694,129.6402539488314,133.30218857698839,128.55117061935775,130.03179407817174,2778161.9245813447,54.85407570201279,55.57123086123102,51.73481348863436,51.75182485030409,1599945.6616081055,244.46554976932114,251.8629355052787,242.5811654491896,247.30013276717165,569480.1026324198,92.40762669850245,93.62385503624898,91.32504603287066,91.87104866601915,4448565.90818353,45.45069434314039,46.641479629705096,44.88098586219584,45.75879855735825,12133092.452203209,25.210190332069004,26.010440165754755,24.89309807596125,24.878439773355215,3554676.4794554645,61.22762415612505,61.633381895005016,60.51746580668534,60.63223805096832,3280309.276751626,168.52608774692732,170.76926569520228,167.90370969296708,170.19266849362984,9915076.76783415,107.68316944099027,109.95124737463792,107.55183031187075,109.83106934191404,1303992.3674295866,91.64436649908136,94.13916159805534,90.70862256570489,90.71799143144199,1388986.8002776254,67.03302252483245,67.55445922630062,66.85809869298238,66.88273555576585,6013441.378666589,82.03498713660524,82.07497250504136,81.94499824022397,81.97450790801379,3752597.051179251,39.87995108002005,40.54665566800081,39.59765600786386,39.97663057488953,14819135.136611937,30.722112674520954,30.92347705885839,30.277596549043054,30.214722523609648,22041225.122135755,32.80610830064319,32.79274893471507,32.68254794766516,32.63951372452391,7941376.519483666,26.938610608079006,26.984862940111224,26.602357705934747,26.659782958509624,4664331.533021173,49.62053692311241,50.195054190387815,49.45067915443899,50.306137844586885,2831257.714984248,122.7781406177095,126.45186761713893,121.85879449631551,123.0318852237776,1811805.8862678057,56.85428616078441,57.791249081648424,56.83564551574363,57.41884656408685,2179566.8879548516,40.447620658405164,41.81053540958437,40.08344575275399,40.42471068412317,4129414.1054313295,108.46136161342223,108.54282931114467,108.10607321854947,108.19364500700594,2233658.6495049587,181.38471431801375,187.3920534046233,180.44572231407562,190.9253252318546,1999605.206566683,23.551092757625007,23.887363798593494,23.245477757147157,23.85393840624875,3264804.6364897937,9.390976257887832,9.551451413987749,9.278698482500076,9.278745650424051,31747269.534346677,80.23510152844285,80.20745116338135,79.6700813064703,79.83604966286015,8187825.774261688,77.68097302637604,77.80638505158403,77.51675883059704,77.47449743771706,5092729.631216352,50.98341856369542,51.186834423046456,50.836678492037585,51.18490211233934,14212622.986117488,58.56046214132498,58.5472656093614,58.24610743615385,58.340054567112034,4217458.515836075,70.68534273867321,70.91374047559927,70.43642510204587,70.77338157716719,5439827.218920042,56.70920640593096,56.779045129253326,55.967593505593136,56.12482230411258,2485750.3144850433,57.99281472125115,58.02248852575297,57.8691362319351,57.94251975462042,3872105.5387500618,167.51991424429343,169.27459221876802,167.00476174747365,168.4739318351836,3139090.9127951628,114.69394846775221,115.83807758622466,114.36228114148244,115.6453045004497,2118431.9166124263,45.227955422046776,45.332541471473846,44.894467845784156,44.98051232874563,8749230.522748971,62.24087459155066,62.409423001128495,62.05683026871195,62.1851081360902,4702223.875841585,125.51205522519942,126.8520134211013,125.13867397766101,126.3505362444616,1233898.235180096,56.38016700471818,55.91529566317602,55.02075516376077,56.47955371516308,8285043.638892566,73.10756825035985,73.66566004190754,71.08110688105754,71.18367447422477,1711676.3191621718,84.40593114434236,85.4833148334883,83.91156753967105,84.58471314381656,6337940.827110383,86.47411706512459,88.11430062805042,85.91635616756363,86.73099423960349,17617258.14869392,107.66700733385618,110.00083546879078,106.66653446994403,107.49710032340035,18076583.417354625,37.83017985419202,38.06202848714867,37.42979235911057,37.73637513144165,6097086.990126656,39.86017873539954,45.95399653625311,37.40395634101736,37.1227717482909,4944412.87260185
1883,115.14504608179776,116.24746934540254,114.74665407533675,115.96900143617592,3213774.470504518,102.08323632590314,104.31291441812787,100.71718140548325,101.28714389347036,2820011.4892409677,97.84986893154941,97.8811248159264,97.35908128876864,97.43873554645795,8768870.843633898,6.633907325300504,6.698530023363837,6.081391967152346,6.170435929497634,23468444.49793468,71.70953991337043,73.51452402712637,70.2285523104549,72.92691094201922,2646621.0095893904,473.832801865322,486.1919427910675,472.3902044675646,483.80886352177316,551951.5094549797,15.061402381989334,15.54979960192765,15.156482709296437,15.348769905881667,24968229.225667804,41.43895275041909,42.604524235007425,41.20536280033218,42.0423585087143,7796064.776140857,48.20858394185351,48.23853883094243,48.03590279962347,48.01313026516296,4577115.459122891,72.41236498997948,72.444691727421,72.05688327774759,72.20374860042938,6849447.114353099,31.866674948035552,32.08353120663708,31.673443581711304,31.823302963081158,10594149.105576534,77.33493507424342,77.36458169678754,77.09855788539002,77.12268807004101,2244180.1517011733,333.67193519685475,340.389829769906,331.5927126899039,335.68413985662636,2584716.4854238764,41.82562503094878,43.05613019793889,41.293615554316084,42.364289475312916,4657954.773575622,9.728558276962984,10.268972607975819,9.537409754179556,9.82308729215858,20403846.612516977,95.31359997358726,98.75745580623857,95.34995879610524,95.71813339866152,10247014.423996152,12.933901172900658,13.24559887575687,12.75826140074077,13.06216405934342,13933816.40415233,151.75003413177012,152.54572299163794,150.07080615453768,150.42379865599293,9195584.226862142,468.3768903513972,481.89696867274495,466.97499589411456,474.4743111854452,1466074.3532777026,33.51472310948225,34.263912652366095,33.10658522736512,34.08671051303971,10088095.962820116,43.79193266761404,43.914016284598716,43.4857477646863,43.53817986854545,27070993.198231883,82.18728813929077,82.41520870448696,81.90018912443922,82.19470367332664,17002595.542825975,89.81980905663214,89.78646594358155,89.60718365598969,89.73603603904179,7372065.59152756,41.91763432689834,42.25743075399943,41.50986580747168,42.16048488892658,4126130.9354849057,120.02420385985428,123.3129515956051,118.65823268147646,121.96306467357773,3983623.2454654467,69.27167036473834,69.53503105292297,69.06735801834212,69.33229548370488,4524027.411601321,49.64468025539731,49.78875161406162,49.332323813457435,49.639620457284636,2925169.5690225936,55.27945597973033,55.57573699928601,55.14210348239389,55.296568730769316,3771690.5624185726,24.77393587532654,24.885747370197592,24.35112707787147,24.35403783308274,22660321.327979535,37.431927554175196,38.69000115851427,36.609546053272325,36.6094574702624,16710684.117552593,150.09927800440565,152.95915976621208,147.37731813086623,147.40326664996138,1168509.5115400231,36.574228058400315,36.75996206577987,36.06308274450473,36.11661320415029,53106809.2318902,53.962187545185955,54.77669588450712,53.03726528778467,52.8918475845953,5116837.59744688,43.10161563886899,43.59249663086732,42.1264461245261,42.132367232307175,21353069.32303676,277.3471280980531,277.6769432863353,273.88952196615253,273.8440159665481,9456827.570161283,,,,,,24.31700077957994,25.26510817870786,24.17451122033238,24.67849098801473,11148869.72804889,144.0614583913349,143.8544434855247,139.70093513829337,141.2964498296211,2087752.6922991558,5.752698505274091,5.819770992688496,5.503827495492707,5.468578511733528,24376243.186516583,56.78035440063606,56.84213218235053,56.05219866754473,56.060667096474674,9656480.43139135,94.19290301256126,94.25910796656923,93.58257240500643,93.69540977601515,7616078.005858916,54.062308443405016,54.23361677653097,53.72739858867712,53.85455282202447,11845468.638040684,51.72267817959492,51.68916400964596,51.609539385179005,51.633606763457095,3019201.322057994,93.67106198566768,94.26103277695077,93.58525088220175,94.54720023795227,3906140.2248263424,11.332574618107882,11.609338629530885,11.233128966706868,11.215177492066223,23188131.422942284,26.484820903399456,26.467779766681957,26.059072031760994,26.311288393165288,13892448.572887078,107.18771389822204,107.1753161637455,106.16336910638555,106.23321307317403,33080130.34920022,70.85814618059938,72.17711024039826,70.0948193955483,70.25395487570168,2787120.3929618793,92.625483616862,92.6912307962347,92.27504602599751,92.34898132622018,4048382.322807077,137.18965434920275,139.5437499129516,135.1961970862357,136.22956246017253,2723780.600211552,110.4866299050946,113.6209774917285,110.13348359873807,112.94799841452127,8170918.143691062,45.422738721006795,46.21684098249904,43.799455231392095,43.800166754743735,10683143.9994123,129.69329388087456,133.3021884844299,128.55116636158039,130.03179407813698,2778161.8156889994,54.85394551669531,55.56290119328553,51.62684571643031,51.48598625349007,1599951.8656923836,244.13434331654534,251.73194458722944,242.38789889445718,247.0933498117675,569480.0928194905,92.40762670019912,93.6238560216143,91.32504632101102,91.87104865660099,4448581.401845126,45.450694390250874,46.641479629705195,44.88098595221064,45.75880722226074,12133065.479151119,25.209095533933617,26.010439651564532,24.893098075765376,24.87810235899926,3554655.0906608966,61.23302751725759,61.63669157896502,60.51483709555129,60.63223821397177,3280311.495882146,168.52608714582584,170.76926571119785,167.90370973438064,170.19266849675662,9915078.901690708,107.68316816668994,109.95124577058604,107.55183020615507,109.83106880608861,1303992.3593669708,91.64436644725234,94.13916540730533,90.72593991529442,90.71798718759752,1388974.256108062,67.03302252483816,67.55445905234775,66.87112659285917,66.88273567347714,6013445.888613647,82.04063338451611,82.08063035044026,81.95060764274407,81.98009914250937,3752620.626049972,39.879923045166144,40.54665081377115,39.59765655467529,39.97644025169397,14819134.80109996,30.722101687530998,30.92347705885839,30.28528378040095,30.221113988554258,22041222.699741837,32.80610830064319,32.792748015921454,32.682548792032065,32.63949242824657,7941364.386323547,26.938596382792646,26.985018597867143,26.602317039892913,26.659945161389885,4664349.1744942,49.620536934095696,50.195054190387815,49.45067915443899,50.32325838486418,2831258.8461419446,122.77814034166268,126.45233133563441,121.85879445650704,123.03186992032319,1811805.8029222933,56.854283313440675,57.791248622373125,56.835645332319736,57.4188465640857,2179559.8365327106,40.46086929020923,41.81053038441664,40.08344575278937,40.42470837643623,4129413.147695317,108.46136430184508,108.54283216088868,108.10607321854947,108.19364504257746,2233658.660288269,181.38299880974697,187.39203528088487,180.44572230089364,191.20248409158742,1999604.8237824528,23.55107605998536,23.887349245933702,23.24546815380443,23.85392480278848,3264804.752829052,9.3891652460376,9.551451462755466,9.278698482500076,9.278745650424051,31747278.556661524,80.23510152844285,80.20745116338134,79.67005907271178,79.83589414678904,8187819.612861,77.68097302637675,77.81425337665607,77.51675883213294,77.47441471397039,5092729.6745600235,50.98341749264836,51.1868194959567,50.83667829417199,51.19218852559757,14212621.041297117,58.56307326451467,58.5472656093614,58.24610743615385,58.342508854948136,4217465.438325855,70.68534085405466,70.91374036315432,70.4364242971933,70.77337989189753,5439831.654191376,56.70916658053491,56.77930248869324,55.9675939548458,56.125300887220476,2485861.611488365,57.99701197231782,58.026690393958965,57.8691362319351,57.94666726165723,3872105.5827701185,167.51991346648052,169.27459218501426,167.00476174724292,168.47393197041123,3139093.54038849,114.69394659444737,115.83807757547538,114.36228111334525,115.64530404881036,2118432.13446308,45.22795535459996,45.332541471473846,44.894467840678864,44.98051214506423,8749230.366486385,62.2408724897401,62.409367360097406,62.05682987649684,62.185106333426845,4702223.739186491,125.51205483073406,126.8520134156048,125.13867397816891,126.3555474286201,1233898.2479228426,56.42682868688878,55.91484828387354,55.02075732762011,56.5260565716692,8285043.637067019,73.15522133057802,73.66566004390127,71.08110684021631,71.18367447366387,1711676.4131235732,84.40593067170315,85.48331483301946,83.91156753953581,84.58471314290705,6337985.608901093,86.47411709039483,88.11430094955433,85.91635616906972,86.73099539396357,17617345.64093821,107.66700733716019,110.0008388612119,106.6665345017353,107.49710032477715,18076585.48818013,37.83017985419202,38.06202848714867,37.429792359110465,37.736375131441825,6097086.990126852,39.398356822987324,45.95435623399464,37.2391776449828,37.4684423351958,4944465.0907701915
1884,115.1450460207125,116.24746931956032,114.74665407105189,115.96899746838301,3213777.755395305,102.0832585752786,104.31294313808795,100.7171830814476,101.28714390401926,2820011.7061576117,97.84986891818677,97.88112481590782,97.35908128876864,97.43873554645795,8768870.847124977,6.634612730196271,6.698547220985952,6.077083792137518,6.170434225948596,23468447.352417402,71.96984654467865,73.93364201325849,70.36062007498147,72.30746355000461,2646621.279871585,474.0308139515602,486.23450816528884,472.06975878993944,484.04939727611537,551952.1026937882,15.061402381989334,15.55806249207637,15.163955928798268,15.348916965760946,24968229.676214177,41.438952762569194,42.60452421014144,41.20536463493445,42.04235699964112,7796064.686187755,48.21102528606554,48.24098929390531,48.03589482815504,48.01308732780311,4577114.07051782,72.41233927190957,72.444691727421,72.05678411432947,72.20374860042938,6849446.102641623,31.866674936509547,32.08353044869611,31.671394472305643,31.823254518891968,10594157.569423718,77.34092955253693,77.37057302924663,77.09855208511917,77.12268807004101,2244180.3277442497,333.76284945906224,340.3577435717651,331.7081622187283,336.2745564177786,2584716.559239916,41.82564495975958,43.05615892569037,41.293636184360324,42.364025353112105,4657956.078059706,9.728558277130691,10.268972584206043,9.537390740777912,9.823087267332507,20403844.394284565,95.31360000787895,98.75745580634974,95.34995886087064,95.71814780444132,10247014.894836353,12.933901172900658,13.24559887575687,12.758261400744049,13.062162880883696,13933814.733567674,151.7500341316959,152.5457225932116,150.07080615453677,150.42379865599295,9195584.2201341,468.50395829840886,481.8552064480648,467.18694547304483,474.66873782546736,1466074.3738934137,33.51472310951706,34.26391266094184,33.106585331771164,34.086709561217454,10088095.690113708,43.79193267375303,43.91401628459892,43.485747764693755,43.53817986842214,27071127.72932105,82.1872880004858,82.41520831590029,81.90018910564044,82.19469968373394,17002595.664826788,89.81980729445573,89.78644960979368,89.6071711190724,89.73599563589457,7372083.177225823,41.91763432498544,42.257433688898054,41.50100926291189,42.16048498500282,4126130.0207727985,120.02420345489134,123.31295141715667,118.6582325547626,121.96306690533413,3983623.275701083,69.27167035816167,69.53503070661435,69.06735800713923,69.3322903181642,4524027.053794307,49.644680289186475,49.78875160645418,49.332323824517516,49.63962029496482,2925169.623660234,55.27945597531871,55.575736993482295,55.14210223963349,55.296568203954266,3771690.5723813446,24.773936029090475,24.885746768179903,24.351127054696395,24.354037131754282,22660321.713949617,37.43193197641745,38.676929387268,36.60954605333514,36.60945628282174,16710684.050105825,150.09927805807882,152.9591597325422,147.37731818129419,147.64948086550118,1168509.0362930854,36.574228159870394,36.759962408975596,36.063083412571075,36.1166136111891,53106559.65351953,53.962043045020565,54.7766963067663,53.037265707383675,52.89184756627234,5116836.456695453,43.10162075321057,43.59249700241908,42.12639125988536,42.13236723225715,21353070.80870981,277.49217094533077,277.8220449641055,274.030204524346,273.98295346980467,9456826.776776388,,,,,,24.31700077957892,25.265108010106204,24.174511205514786,24.67849097572894,11148883.121111391,144.18718265513823,143.8544434730411,139.70093514424272,141.29645179750986,2087752.6921423532,5.752698505274091,5.817086347148575,5.503827495492707,5.465807571799633,24376242.856285125,56.81051898831398,56.87240813242513,56.08158383448621,56.089664415266476,9656485.691005712,94.19289823513357,94.25910782823941,93.58257101043445,93.68639724352028,7616078.030439129,54.062308516301094,54.23361677653098,53.72739858894354,53.854552810856106,11845469.074454226,51.722678179594936,51.68916400964596,51.60943007243894,51.63369403660141,3019201.323647006,93.67105284468738,94.26103275615364,93.5852408937251,94.56123785158496,3906140.336551876,11.33256862606006,11.609338629530885,11.239973947859431,11.215177492066223,23188128.514030624,26.498420068167906,26.46777976668195,26.059072031760994,26.311288393165288,13892449.115557663,107.18771288242793,107.17531616357863,106.16336841268634,106.2332020973866,33080028.06879955,70.85737556651122,72.17711008199001,70.09481856748963,70.25395454604555,2787120.7813398344,92.62547860311645,92.6912307962347,92.27504602599751,92.34898132622018,4048377.596807143,137.30560921843113,139.54374647554033,135.19619706173648,136.22955974417906,2723784.849247182,110.48663005427376,113.62097591959255,110.13348360416465,112.94799762300012,8170917.152023311,45.42273998776068,46.21684089980787,43.799455282841414,43.800166754669135,10683144.018129656,129.9275550088857,133.30218806613712,128.55116666540698,130.03179407807187,2778161.7698047822,54.8540848368698,55.3593783971263,51.42182767704412,51.50298020328151,1599952.6893631741,244.32579458130658,251.3443777726592,242.32896826910334,246.6581442842473,569480.0747169587,92.4076267010008,93.6238565130795,91.32504698077443,91.8710489517155,4448582.988292691,45.450694248920456,46.641479629705415,44.8809857057929,45.758810648768694,12133015.845223255,25.208243934938164,26.01043975889121,24.89309807584918,24.87786689858499,3554647.40585655,61.22807198543954,61.6339580928414,60.51717873994023,60.632238240331965,3280312.490444251,168.52608659256788,170.76926567576643,167.90370961381095,170.1926684905837,9915079.555588646,107.6831665391221,109.95124419336967,107.55183008901477,109.83106830911323,1303992.3573886107,91.64436645544966,94.1391634945394,90.7104573572008,90.71798888686192,1388968.8343719845,67.03302252485099,67.55445921836856,66.85965043952119,66.88273569059933,6013447.7553024115,82.04628002104307,82.08628858586323,81.9562174292461,81.98569075836623,3752623.7989541176,39.87990273197198,40.54664783276259,39.59765610384162,39.97628637698992,14819134.649380567,30.722108404747658,30.92347705885839,30.292974449899695,30.215360365882642,22041221.757858437,32.80610830064319,32.79274747900454,32.68254832444811,32.63947851994968,7941362.18217717,26.938563384244798,26.98490461760433,26.602345588106836,26.65980563316551,4664346.029317761,49.620536929665434,50.195054190387815,49.45067915443899,50.34038475172471,2831260.37779589,122.77814040838736,126.45199175009277,121.8587944715828,123.03186089560484,1811805.768103143,56.85427947000034,57.79124755386245,56.835643643490805,57.41884656408441,2179558.230100538,40.44906049261793,41.810529942372966,40.0834457527797,40.42470567410876,4129412.4298876724,108.46136256482339,108.5428312846886,108.10607321854947,108.19364500865674,2233658.668973347,181.38167054715151,187.39204929477955,180.44572230546999,191.48004529260527,1999604.6050035723,23.551086937291707,23.887355891481423,23.245473639148727,23.853913583049597,3264804.798637952,9.38735458343369,9.551451441242078,9.278698482500076,9.278745650424051,31747282.451994374,80.23510152844285,80.20745116338134,79.670045126543,79.83578356944159,8187818.210243448,77.6809730263769,77.8221224974281,77.51675883153841,77.47435047441941,5092729.687563767,50.98341748297153,51.18680992665294,50.8366781905739,51.19947602781584,14212636.014792293,58.565684504130424,58.5472656093614,58.24610743615385,58.34496324603283,4217467.362312507,70.6853407733537,70.91374031830001,70.43642387292654,70.7733788457506,5439833.693499104,56.709074307296255,56.779115343152924,55.96759359614514,56.12490665513265,2486072.674810257,58.00120952716206,58.030892566455535,57.8691362319351,57.95081506557127,3872105.5951833813,167.5199129156151,169.2745920949879,167.00476174442935,168.47393167798674,3139100.746989944,114.69394660098703,115.8380775697857,114.36228110579992,115.6453035163448,2118432.1184764807,45.227955376507964,45.332541471473846,44.89446784355259,44.980512098740334,8749230.309743874,62.24087260158571,62.4093283047319,62.05682965298499,62.18510469786279,4702223.703731715,125.51205460756637,126.85201340905633,125.13867396408735,126.3508025733026,1233898.2498796014,56.47353033850918,55.915173565956394,55.02076024119291,56.57259965467977,8285043.636568942,73.20290856085487,73.66566004700927,71.0811069281552,71.18367447377727,1711676.4414571095,84.40593050126468,85.48331483237145,83.91156753949542,84.58471313934602,6338008.795405198,86.47411706418208,88.11430083954545,85.9163561688597,86.73099579114424,17617370.79444662,107.66700733403437,110.00083820184099,106.6665344889182,107.49710032521699,18076584.60770429,37.83017985419202,38.06202848714867,37.42979235911073,37.7363751314417,6097086.990126912,38.99480863275302,45.95535703822639,36.66653863595608,37.19582163466195,4944442.986689831
1885,115.14504620827705,116.24746932324955,114.74665407543432,115.96899915061202,3213787.2354676044,102.08326159222703,104.31294023858045,100.7171835781037,101.2871439185515,2820011.752669788,97.84986892402515,97.88112481591315,97.35908128876864,97.43873554645795,8768870.846066244,6.634075005842877,6.698536359868796,6.072778669116718,6.170435196959065,23468448.418532986,71.43213704114352,73.40478116297533,70.13774148610841,72.91284247195698,2646621.3832581723,474.0994697349572,486.0721661395587,472.35690180154063,484.0786616051998,551952.0313614343,15.061402381989334,15.566329772979659,15.171432833126637,15.348791316918685,24968229.790622562,41.438952773510536,42.604524247502326,41.205366009232435,42.04235721966804,7796064.658720624,48.21346675391036,48.24343988134892,48.03588926443455,48.013056068855235,4577113.517528633,72.41232279383422,72.444691727421,72.0568301510158,72.20374860042938,6849440.6029705,31.866674947538623,32.08353075063679,31.673150680720795,31.82328711204765,10594161.240866419,77.34692449548164,77.37656482569149,77.09853059517799,77.12268807004101,2244180.321999569,333.93033280552686,340.54865403054316,331.84004000825826,335.993073715045,2584716.5362301352,41.825660866218094,43.056146327550756,41.29362416273042,42.36425767530956,4657956.763955698,9.728558277606503,10.26897261510885,9.537404185982433,9.823087276546202,20403843.156546745,95.31360003984847,98.75745580641329,95.34995892392095,95.71817045473243,10247014.596177915,12.933901172900658,13.24559887575687,12.758261400743185,13.062166246393094,13933814.017494965,151.75003413166596,152.545721554372,150.07080615453614,150.42379865599287,9195584.217189252,468.83465235449654,482.1566907343273,467.6125749931938,474.907852744649,1466074.3959562702,33.51472310957973,34.26391266628325,33.10658534022349,34.0867081019506,10088095.554540645,43.791932676364986,43.914016284599136,43.48574776469857,43.538179884685434,27071184.983328246,82.18728864614282,82.41520847421899,81.90018914495467,82.19470109209102,17002595.669489518,89.81980709887812,89.78643915648624,89.60716305101239,89.7359653833267,7372078.334002063,41.91763432619278,42.25743189254868,41.50873624122849,42.16048493635535,4126129.49104228,120.02420339125567,123.31295123977256,118.65823228195879,121.96302660692477,3983623.153126236,69.27167037817964,69.53503125225126,69.0673580327297,69.33229614784489,4524026.485549338,49.64468053829831,49.78875161796231,49.3323238694007,49.639620566713695,2925169.643432477,55.279455977003984,55.575737090145665,55.14210293065194,55.29656846803512,3771690.5859568855,24.77393626500815,24.885747051001765,24.351127176803328,24.354037278079414,22660321.849215414,37.43193486068897,38.687970735984386,36.60954605350052,36.60945918063378,16710684.025656482,150.09927809364402,152.95915975082832,147.3773181871756,147.48514969476682,1168512.2387695415,36.57422815014832,36.7599620683122,36.06308311158495,36.116613366954084,53106201.21940341,53.96194499331231,54.776697325520374,53.03726616058037,52.89184758658163,5116834.7994243195,43.101620983813916,43.59249706266138,42.12642667084988,42.132367232323844,21353069.626623914,277.63728465621097,277.9672225429403,274.1709591782659,274.1219607569824,9456826.489948587,,,,,,24.31700077957909,25.265107987286502,24.17451120560997,24.6784909429692,11148866.566423463,144.05807597317036,143.85444346595077,139.70093515166573,141.2964523613918,2087752.6919633222,5.752698505274091,5.814402940028806,5.503827495492707,5.463038035906679,24376242.749957997,56.840699600942074,56.90270020844571,56.11098440649755,56.11867673288973,9656528.926894378,94.19289506463143,94.25910789479977,93.58257013829204,93.69514200740515,7616078.023666079,54.06230854818966,54.23361677653099,53.72739858912639,53.85455284108403,11845469.33239246,51.722678179594936,51.68916400964596,51.609517026181635,51.633624883374196,3019201.3170097778,93.67105302102742,94.26103274724562,93.58523910691812,94.57527757082615,3906140.316768632,11.332564865933879,11.609338629530885,11.246823100046361,11.215177492066223,23188122.65254596,26.51202621570143,26.46777976668195,26.059072031760994,26.311288393165288,13892449.187783157,107.18771241591712,107.17531616333665,106.1633680759568,106.23319564910487,33079913.23276976,70.85802468147895,72.17710997066557,70.09481826128159,70.25395478370417,2787120.6606845586,92.62547609757635,92.6912307962347,92.27504602599751,92.34898132622018,4048377.521313836,137.18613301539722,139.5437469208375,135.1961970623106,136.22954959188255,2723784.4530269513,110.48663090713906,113.62097709389725,110.13348361630175,112.94799823000842,8170908.512755806,45.42274024120077,46.21684098210645,43.79945530351971,43.800166754739664,10683144.01640008,129.8955723872234,133.3021885098352,128.55116846637384,130.03179407811916,2778161.739179816,54.85409977826707,54.992539997702316,51.40504894545337,51.074259353738015,1599952.2688433612,244.063190590476,251.19332648710056,242.09518349524572,246.51751413467167,569480.073192141,92.40762670122497,93.62385707001826,91.32504724528488,91.87104927464807,4448570.94503218,45.45069422536539,46.641479629704236,44.880985532540535,45.758799929780295,12132937.960549347,25.20758151067417,26.01044021428018,24.893098075954317,24.877703598972275,3554643.743551194,61.2326104460317,61.63621197192781,60.51509185476289,60.63223807319206,3280312.7930984353,168.52608639935664,170.76926565673637,167.9037095559841,170.19266847883324,9915079.566005347,107.68316712040394,109.95124237543948,107.55183010294243,109.8310668850996,1303992.3568357704,91.64436648575486,94.13916445501121,90.72429952189714,90.71799145418198,1388966.324563551,67.03302252521449,67.55445929985025,66.86975967406264,66.88273544368299,6013448.429753869,82.05192704621287,82.09194721133714,81.9618275997563,81.99128275561038,3752616.7622312233,39.87988968336868,40.54664602023393,39.59765595158934,39.97615783034479,14819134.48120417,30.7221042979814,30.92347705885839,30.30066671116972,30.220539800352554,22041221.39163029,32.80610830064319,32.79274716524554,32.68254858338147,32.6394694366381,7941357.496554111,26.938539889381037,26.984988079557343,26.602325546802557,26.659925656468218,4664335.3074216,49.62053693145244,50.195054190387815,49.45067915443899,50.357516947151424,2831259.522375878,122.77814054429054,126.45224343684619,121.85879448658362,123.0318726905038,1811805.7531445806,56.85428181896966,57.79124745212493,56.83564407046569,57.41884656408141,2179557.270559758,40.45959250421969,41.810534963247534,40.083445752782524,40.42470896247733,4129412.4831736125,108.46136170534503,108.54282974392689,108.10607321854947,108.19364459662573,2233658.68027581,181.3806421163613,187.39209441384287,180.44572230388363,191.75800942417172,1999604.509001443,23.551089496709398,23.88736066610483,23.245470505968658,23.853943661543195,3264804.8163240515,9.385544270008749,9.551451450732493,9.278698482500076,9.278745650424051,31747284.129002158,80.23510152844285,80.20745116338134,79.6700363787812,79.83570494509308,8187819.434643875,77.68097302637695,77.82999241398058,77.51675883176854,77.4743010561033,5092729.69251705,50.98341771496417,51.186803792063024,50.83667813633221,51.206767014706415,14212607.081317116,58.568295860177436,58.5472656093614,58.24610743615385,58.347417740370474,4217468.032527933,70.68534095746733,70.91374032130373,70.43642364928026,70.77337871871671,5439834.4174245,56.70900254932739,56.77925095283884,55.96759342156708,56.125231145768396,2485782.150213579,58.00540738580586,58.03509504326472,57.8691362319351,57.954963166383784,3872105.5913791764,167.51991267114875,169.27459205078588,167.00476174276034,168.47393129683513,3139091.899774202,114.69394679223775,115.83807757065169,114.36228111665302,115.64530376886954,2118432.0931149526,45.227955383323525,45.332541471473846,44.89446784193499,44.98051212640259,8749230.313445572,62.24087303374173,62.40930089112103,62.05682952561216,62.1851055943021,4702223.658092661,125.5120544793764,126.85201340510372,125.13867395222218,126.35529525432807,1233898.2500363037,56.52027108087122,55.91493705874017,55.02076625744519,56.619185023264905,8285043.636557928,73.25062505904545,73.66566004566981,71.0811069603322,71.18367447389902,1711676.45035326,84.4059303979735,85.48331483211784,83.91156753947469,84.58471313704383,6338020.576141183,86.4741170791753,88.11430078334166,85.91635616902887,86.73099504877773,17617395.157340817,107.66700733399888,110.00083364273063,106.66653447312518,107.49710032535745,18076582.40364041,37.83017985419202,38.06202848714867,37.42979235911075,37.73637513144169,6097086.990126927,38.8306250115672,45.95575626916432,36.43018972471767,36.67578452501037,4944443.696975262
1886,115.14504574146628,116.24746930700542,114.74665407026664,115.96899704653937,3213775.721585829,102.08327183625853,104.31296652320424,100.71718438935942,101.28714392873181,2820011.818858971,97.84986892147425,97.88112481591162,97.35908128876864,97.43873554645795,8768870.8456888,6.634484908697207,6.698543219181385,6.068476595927853,6.170434643490212,23468449.15161113,71.38048076267795,73.31138045300263,70.12202993565406,72.32076185113824,2646621.401593552,474.43792960402413,487.129341803853,473.26866785106665,484.5861045245704,551951.8084050966,15.061402381989334,15.574601446970682,15.178913424098427,15.34889867204259,24968229.81177377,41.43895276067045,42.60452423690229,41.20536520537361,42.042357911228144,7796064.643698093,48.215908345394226,48.24589059327959,48.03588538121205,48.01303331194084,4577113.374905411,72.41232423986531,72.444691727421,72.0567769883581,72.20374860042938,6849436.937757156,31.866674956061296,32.08353096862546,31.67164550584388,31.823265167424903,10594162.262068897,77.35291990311356,77.38255708615804,77.09852352200026,77.12268807004101,2244180.1395977265,333.95390682809904,340.78522772406546,331.88560563843686,336.5651204249808,2584716.5691884123,41.825646422422565,43.056153881872206,41.293631309535726,42.3640839837548,4657956.740811267,9.728558277569432,10.268972627629221,9.53739866108247,9.823087298277338,20403841.67575687,95.31360001853547,98.75745580647079,95.34995895781076,95.71818853451711,10247014.717288582,12.933901172900658,13.24559887575687,12.758261400743413,13.062168518402359,13933813.84950046,151.75003413168594,152.54572146200792,150.07080615453603,150.42379865599284,9195584.214938942,468.8610818570055,482.63987116444326,467.8481724582755,475.5237300133498,1466074.3880225855,33.514723109402574,34.26391262716094,33.106585262031366,34.08670563012165,10088095.760156062,43.791932674208134,43.9140162845988,43.48574776469536,43.53817984911898,27071222.771722417,82.18728799795379,82.41520822816835,81.9001891287348,82.19469764939574,17002595.750214994,89.81980670673518,89.78643246657222,89.60715785885942,89.73593584280263,7372084.284380332,41.917634326242826,42.25743299203165,41.50199969103695,42.16048499716484,4126129.2131535946,120.02420247139908,123.31295106368148,118.65823153933334,121.9630137777957,3983623.160518997,69.27167037404804,69.5350311840465,69.06735803522079,69.33229688577914,4524026.1136108665,49.64468016274193,49.788751594681706,49.332323811737616,49.639620196832865,2925169.644216325,55.27945597636346,55.57573704604589,55.1421025464214,55.29656833566472,3771690.5786621016,24.773937007352536,24.88574788541338,24.35112722331916,24.354037219503233,22660321.88266663,37.4319374246719,38.67865754571615,36.60954605357992,36.60945906747016,16710684.016817601,150.09927817861455,152.95915976025194,147.37731829470764,147.63590776356727,1168511.7361889353,36.57422820612583,36.7599623296251,36.063083243725025,36.11661306372282,53106244.17291943,53.96187957337057,54.77669983393037,53.03726682170366,52.891847618194724,5116841.349397723,43.101626019573494,43.592498310046885,42.12640381575796,42.13236723240951,21353072.938088857,277.7824835224897,278.11247695373106,274.31178631800657,274.26104114816485,9456826.8800024,,,,,,24.317000779577754,25.2651080867821,24.17451118664731,24.6784909429692,11148875.266686784,144.28195531822897,143.8544434714544,139.70093514714483,141.29645215276142,2087752.6919683437,5.752698505274091,5.811720770757908,5.503827495492707,5.460269903343234,24376242.740265828,56.87089624703359,56.93300841900147,56.1404003916548,56.14770405710257,9656523.01761101,94.19289477433607,94.25910786277282,93.5825692233611,93.68665705653862,7616078.021869283,54.06230851632905,54.23361677653097,53.72739858899178,53.854552795059966,11845469.296217803,51.722678179594936,51.68916400964596,51.60944785809232,51.6336796787969,3019201.330742307,93.67104416416045,94.26103274343006,93.58523225107169,94.58931935106561,3906140.3251359635,11.332562506381798,11.609338629530885,11.253676425809308,11.215177492066223,23188126.100876715,26.525639349585468,26.46777976668195,26.059072031760994,26.311288393165288,13892449.209079761,107.18771291527784,107.1753161633244,106.16336790469,106.23319184242449,33079953.832441196,70.85747790943319,72.177109954342,70.09481821748106,70.25395461236921,2787120.6249602456,92.62547844741992,92.6912307962347,92.27504602599751,92.34898132622018,4048377.3162857806,137.22961166002648,139.54374986775795,135.1961970894101,136.22955909636394,2723782.1353563154,110.48662989747162,113.62097667076706,110.13348360898047,112.9479980455142,8170908.444021804,45.422742679443104,46.21684309345628,43.79945539066223,43.80016675482556,10683144.029104387,129.8756783687956,133.30218876827902,128.55116884944297,130.03179407813795,2778161.7304082746,54.85424066931459,55.277201846945275,51.538845425067514,51.193929362800716,1599955.314424796,244.34407836102037,251.58437100577262,242.7349746616079,246.71937392895535,569480.0785273582,92.40762670155847,93.6238570316619,91.32504720724732,91.87104915716253,4448575.534891276,45.450694140305416,46.64147962970428,44.8809850984139,45.75879580033376,12133006.938502984,25.207066237748922,26.010440559518653,24.89309807610842,24.877590053640052,3554643.497330641,61.22844749553709,61.634349723824386,60.51695004442808,60.63223791437034,3280312.757327265,168.52608600814654,170.7692656349792,167.90370946741135,170.19266846773664,9915079.05835364,107.68316560903398,109.95124179533916,107.5518300110295,109.83106679916692,1303992.3568199067,91.64436652814103,94.13916397272834,90.7119239491835,90.71799493832422,1388966.707773078,67.03302252544411,67.55445959517156,66.86085454531398,66.88273588947797,6013449.357844032,82.05757446005224,82.0976062268889,81.96743815430099,81.99687513426784,3752613.49439767,39.879880625357536,40.546645019010484,39.59765589444772,39.97606260611142,14819134.552540217,30.722106808772693,30.92347705885839,30.30836057563494,30.21587725243115,22041221.2492356,32.80610830064319,32.79274698189368,32.68254843999229,32.63946350445605,7941362.482049077,26.93854155474964,26.984926964611393,26.602339616119757,26.659822411456272,4664334.987310409,49.620536930731625,50.195054190387815,49.45067915443899,50.37465497312793,2831259.0505386465,122.77814053055195,126.45207445242555,121.85879448992473,123.03187334218104,1811805.7487648847,56.85427947000034,57.7912474034231,56.83564424458342,57.418846564082735,2179558.2872459916,40.45021553101108,41.81053855829403,40.083445752781884,40.42471130344306,4129412.4986992115,108.46136272062049,108.54282938282576,108.10607321854947,108.19364445561637,2233658.6680687433,181.37984583564537,187.39209179080342,180.4457223044344,192.03637706244967,1999604.5020770407,23.551084001262037,23.887355350420254,23.24547229561336,23.853933157942283,3264804.822936545,9.383734305695443,9.551451446545892,9.278698482500076,9.278745650424051,31747284.85244787,80.23510152844285,80.20745116338134,79.6700308917304,79.83564904044064,8187818.631628872,77.68097302637696,77.83786312639398,77.51675883167947,77.47426479624995,5092729.690691779,50.983417453606535,51.1867998593638,50.83667810793245,51.214056847924,14212611.311293231,58.570907332660894,58.5472656093614,58.24610743615385,58.349872337965394,4217468.545532267,70.68534041390824,70.9137402780526,70.43642353138826,70.7733770064723,5439834.545256757,56.70900477001201,56.77915205023019,55.96759323027025,56.12496359554536,2485854.3186982176,58.00960554827121,58.03929782440855,57.8691362319351,57.95911156411603,3872105.588201899,167.51991242735758,169.2745920282774,167.00476174185022,168.47393085986423,3139093.5751864878,114.69394621596756,115.83807756694821,114.36228110299297,115.6453034244885,2118432.1073222603,45.22795537648282,45.332541471473846,44.89446784284553,44.98051202075049,8749230.296061138,62.24087261859795,62.40928164905143,62.05682945302613,62.185104151992306,4702223.68635404,125.51205434197234,126.85201340256704,125.1386739443209,126.35104134531589,1233898.2497514954,56.5670489674575,55.91510901922086,55.020767624662476,56.66580599605702,8285043.6365385875,73.29837473302564,73.66566005176556,71.08110706722037,71.18367447410174,1711676.4630406613,84.40593038248373,85.48331483220338,83.91156753946072,84.58471313478186,6338026.607937583,86.47411705668436,88.11430081833564,85.91635616865423,86.73099507107192,17617401.568412803,107.66700733345421,110.00083523034587,106.666534438735,107.49710032540231,18076583.85124864,37.83017985419202,38.06202848714867,37.42979235911143,37.73637513144143,6097086.990126942,37.797890483407976,45.956468857889,35.570743079629665,35.965377980225014,4944434.574944396
1887,115.14504577515832,116.24746930573338,114.7466540697605,115.96899709895315,3213775.096844661,102.08327140960724,104.31296780110132,100.71718445583755,101.28714392794497,2820011.794868964,97.84986892258878,97.88112481591206,97.35908128876864,97.43873554645795,8768870.846587677,6.634172443120881,6.698538887198908,6.064177570410364,6.170434958963403,23468448.854336727,71.42239948707945,73.41255552711652,69.95221774244992,72.89965692707821,2646621.472299887,474.60036718942325,487.04800439688347,472.9468145268114,484.50309773546616,551951.9804613573,15.061402381989334,15.582877516383853,15.186397703531412,15.348806947181291,24968229.857510153,41.438952759776846,42.60452423465664,41.20536507315108,42.04235790055388,7796064.655152483,48.2183500605234,48.248341429703636,48.03588267090029,48.013016744615705,4577113.19136558,72.41231844842635,72.444691727421,72.05681075903345,72.20374860042938,6849441.785655503,31.86667495646917,32.08353099375851,31.672935530074803,31.823279967290027,10594163.789497158,77.35891577546872,77.38854981068224,77.09852424019071,77.12268807004101,2244180.175541329,334.05953628089947,340.70929829627966,331.7895204232206,336.04404349855736,2584716.5753368046,41.82564670368045,43.05614835977092,41.29362702103834,42.36421302830127,4657956.968434182,9.728558277568384,10.268972627882015,9.537403134146112,9.823087299227804,20403841.40107465,95.31360001845968,98.75745580647748,95.34995896073345,95.7181878800471,10247014.656337278,12.933901172900658,13.24559887575687,12.758261400743352,13.06216834822286,13933813.71941753,151.75003413168582,152.54572147434118,150.07080615453603,150.42379865599284,9195584.215324458,468.92938394237495,482.3434169500293,467.5206321422522,475.0822133872651,1466074.3939133694,33.5147231093969,34.263912624072645,33.106585249550896,34.08670459988208,10088095.773885772,43.791932674455495,43.91401628459881,43.485747764695404,43.53817985233741,27071280.736008205,82.1872880756523,82.41520821664582,81.90018912787762,82.19469768907483,17002595.736011904,89.81980684285188,89.786428185157,89.60715451747966,89.7359238326394,7372080.736935301,41.917634326255346,42.257432319076365,41.507873624901265,42.16048499471573,4126129.4531061095,120.02420245313587,123.31295105185754,118.65823145109837,121.96301315099501,3983623.192302692,69.27167037440972,69.5350311808025,69.06735803524234,69.33229677588879,4524026.34412875,49.64468018276024,49.788751593580024,49.33232380988415,49.63962019050368,2925169.648850896,55.279455976603906,55.5757370467778,55.142102760067075,55.29656840201091,3771690.5769843175,24.77393694169799,24.885747941162737,24.351127226784875,24.35403723384037,22660321.911308274,37.431937573473434,38.68652587620061,36.60954605358483,36.60945910803496,16710684.013602009,150.09927818009618,152.95915976296433,147.37731829901787,147.6261967370763,1168510.4802829972,36.57422819983414,36.75996231357197,36.063083243481,36.11661309151139,53106395.770612895,53.96183451096939,54.77669999377221,53.03726688725516,52.89184761639095,5116837.759177971,43.101625848787776,43.59249838401974,42.12641856698641,42.132367232403766,21353070.911175262,277.92774641990763,278.25780578906785,274.4526856185353,274.4001896208892,9456826.650298353,,,,,,24.31700077957768,25.26510810947677,24.174511184234063,24.678490941603492,11148879.377140146,144.287670404658,143.85444347206666,139.7009351466675,141.29645216140065,2087752.6919498611,5.752698505274091,5.809039838764866,5.503827495492707,5.45750317339823,24376242.716245186,56.90110893510633,56.96333277268617,56.16983179803825,56.17674639566714,9656505.407050338,94.19289384469916,94.25910787818327,93.58256918043087,93.69488991361234,7616078.024072981,54.06230852008948,54.23361677653097,53.72739858899237,53.85455279864594,11845469.422503667,51.722678179594936,51.68916400964596,51.60950287843338,51.63363626016742,3019201.314783229,93.6710435802346,94.26103274179574,93.58523105410366,94.60336326988299,3906140.320354376,11.332561025717121,11.609338629530885,11.260533927691466,11.215177492066223,23188126.895015776,26.539259473407306,26.46777976668195,26.059072031760994,26.311288393165288,13892449.296584116,107.18771296909688,107.17531616332259,106.16336782570086,106.23318967682413,33079888.394277327,70.85793847448697,72.17710996255285,70.0948182113482,70.25395473588954,2787120.6769593935,92.62547829809421,92.6912307962347,92.27504602599751,92.34898132622018,4048376.4375334396,137.42053292415395,139.5437505119004,135.1961970927079,136.2295582288173,2723785.259868157,110.48662985450112,113.62097657356978,110.13348360811855,112.9479980372836,8170909.664358038,45.42274273145588,46.21684326296127,43.79945539723108,43.800166754817724,10683144.02697151,129.8524944588452,133.30218881677547,128.55116889871942,130.0317940781377,2778161.735464881,54.854245135992215,55.28057448129969,51.46812860384348,51.45564777491826,1599953.7484558516,244.07586267888627,251.36283139012232,242.1770429653789,246.7684138326333,569480.0789062656,92.40762670158814,93.62385701777163,91.3250472056108,91.87104914566726,4448576.483451536,45.45069413654012,46.64147962970428,44.8809850348553,45.758795268495184,12133017.0378569,25.20666542787234,26.01044056648341,24.8930980761148,24.8775103914014,3554641.9330028547,61.23226552848462,61.635887688179764,60.51529481037008,60.63223792473402,3280312.909232445,168.52608602456095,170.76926563255398,167.90370945448092,170.19266846747237,9915079.149905534,107.68316563156831,109.95124171720936,107.5518300030981,109.83106677213135,1303992.3567205737,91.6443665275363,94.1391642149035,90.72298831688539,90.71799483787815,1388965.7198722386,67.03302252544918,67.5544596268714,66.86869898869938,66.88273589508967,6013449.09629133,82.06322226258794,82.10326563254539,81.97304909290645,82.00246789436461,3752617.5662236824,39.87987444015313,40.54664442006251,39.59765587869546,39.97598856647896,14819134.563368699,30.72210527372723,30.92347705885839,30.31605596237605,30.22007449698472,22041221.19386618,32.80610830064319,32.792746874748055,32.682548519396725,32.63945963023204,7941356.979993292,26.938532910303753,26.98497171597993,26.602329739233316,26.65991122364733,4664335.789627785,49.62053693102238,50.195054190387815,49.45067915443899,50.39179883163853,2831259.239461181,122.77814053051536,126.45219568839032,121.8587944899928,123.03187321092086,1811805.7416165045,56.854279521130536,57.79124738787448,56.835644248613114,57.41884656408269,2179557.676997681,40.45857277179874,41.81053898617714,40.08344575278209,40.42471139997752,4129412.4161994737,108.46136271496275,108.54282952617108,108.10607321854947,108.19364446130439,2233658.668826408,181.3792293012276,187.39208796555465,180.4457223042429,192.3151487947357,1999604.565773298,23.551084054545587,23.887354384232047,23.24547127338416,23.853933657778967,3264804.8259656103,9.381924690426446,9.551451448392768,9.278698482500076,9.278745650424051,31747285.167436104,80.23510152844285,80.20745116338134,79.670027449967,79.83560929028405,8187817.988826594,77.68097302637696,77.8457346347488,77.51675883171394,77.47424140321164,5092729.689311646,50.98341748098988,51.18679733822981,50.83667809306296,51.221349104401774,14212617.854032656,58.573518921586,58.5472656093614,58.24610743615385,58.35232703882195,4217468.2357109375,70.68534046953278,70.91374027554131,70.43642346924314,70.7733770180395,5439834.750992084,56.70897818034914,56.779224186529305,55.96759321334744,56.12518389226687,2485875.2904156917,58.013804014580096,58.04350090990907,57.8691362319351,57.963260258789255,3872105.5892945766,167.51991244715083,169.27459202635453,167.00476174171837,168.4739308540993,3139094.365969346,114.69394625961286,115.8380775666445,114.36228110164912,115.64530342268597,2118432.126053695,45.227955377211536,45.332541471473846,44.89446784233299,44.9805120298787,8749230.303262293,62.24087267176784,62.40926814272262,62.05682941166149,62.18510418496186,4702223.703324041,125.51205435337434,126.85201340230945,125.13867394312099,126.35506917230411,1233898.2501688448,56.613865752580864,55.914983989602774,55.020768034100165,56.7124642564956,8285043.63656026,73.34615337086339,73.66566005220392,71.08110707027467,71.1836744740817,1711676.4599642348,84.40593038403864,85.48331483221196,83.91156753945938,84.5847131348446,6338030.200044267,86.47411705538384,88.11430083104753,85.91635616860772,86.73099504792751,17617411.01614991,107.66700733343828,110.00083565614091,106.66653444020737,107.49710032541665,18076583.961051367,37.83017985419202,38.06202848714867,37.42979235911147,37.73637513144142,6097086.990126956,38.072289973490776,45.95691957358606,35.53356784974195,35.36637653061681,4944441.836768448
1888,115.14504573563798,116.24746930519126,114.74665406954463,115.96899698132387,3213775.0148593183,102.08327196593454,104.31296972073582,100.71718447659725,101.28714392803667,2820011.7851218698,97.84986892210182,97.88112481591193,97.35908128876864,97.43873554645795,8768870.846824309,6.634410633061149,6.69854162305209,6.059881590405222,6.170434779145996,23468448.730670705,71.59119681845468,73.38437199557488,70.09852482585057,72.33370497460466,2646621.5054233074,474.7149869454752,487.38085793061464,473.51505437526356,484.7371824288029,551952.0379343146,15.061402381989334,15.591157983554819,15.193885673244266,15.348885317452538,24968229.870336283,41.438952760084476,42.604524234868585,41.20536518898059,42.04235786916873,7796064.6577650625,48.220791899304146,48.25079239062739,48.035880779226616,48.013004683390825,4577113.127706284,72.412315550395,72.444691727421,72.05678891022457,72.20374860042938,6849442.002771364,31.866674956576716,32.08353104214267,31.671829902720873,31.823270000119468,10594164.450622303,77.36491211258313,77.3945429993,77.09852854807731,77.12268807004101,2244180.1847800054,334.2215735952192,340.9673710196262,332.1429263041278,336.62890924381907,2584716.577526801,41.82564812599786,43.05615173549387,41.2936295568413,42.36411174177875,4657957.060560795,9.72855827757156,10.268972627505764,9.537400582560663,9.823087299463868,20403841.336807594,95.3136000181213,98.75745580647849,95.34995896059242,95.71818673455597,10247014.63477282,12.933901172900658,13.24559887575687,12.758261400743368,13.062168390794096,13933813.668361474,151.75003413168588,152.5457214899582,150.07080615453603,150.42379865599284,9195584.21534426,469.27231436475864,482.82899801624035,467.86990098358194,475.4045666179886,1466074.3955396127,33.514723109396336,34.26391262347107,33.106585253821656,34.086704124464546,10088095.779067965,43.79193267422307,43.91401628459881,43.485747764695354,43.53817985108516,27071309.940313846,82.1872879732922,82.41520819733611,81.90018912596993,82.19469740996071,17002595.72860477,89.81980677699772,89.78642544513431,89.6071523671542,89.73591524775824,7372079.455532718,41.91763432628449,42.257432730968894,41.50275231672973,42.16048499558235,4126129.5176591678,120.02420244889379,123.31295105753046,118.65823143065941,121.96300991409103,3983623.2028130153,69.27167037412687,69.53503116777016,69.06735803495465,69.33229654897794,4524026.390151238,49.64468017018443,49.78875159330467,49.33232380869107,49.63962018474494,2925169.6502860505,55.27945597651287,55.575737047826834,55.14210264127257,55.296568368755054,3771690.5764956665,24.773936905075345,24.885747918128928,24.35112721994011,24.35403722814177,22660321.920793768,37.431937905635436,38.67988345560918,36.609546053585795,36.609459185119036,16710684.012436736,150.0992781800247,152.9591597619042,147.3773182998092,147.6099761174652,1168510.102362293,36.57422820561061,36.75996233746418,36.06308329617379,36.11661311642259,53106392.42286358,53.96180411194702,54.776700044900615,53.037266878617764,52.8918476164813,5116837.348147878,43.10162604417363,43.59249840855642,42.12640904618722,42.132367232404164,21353070.68498183,278.07308553500724,278.40321059156327,274.5936572928168,274.53940874969254,9456826.590513797,,,,,,24.317000779577675,25.265108109997172,24.17451118392266,24.6784909405022,11148879.227499925,144.334200173226,143.85444347218993,139.70093514644935,141.29645220008084,2087752.6919436702,5.752698505274091,5.806360143478925,5.503827495492707,5.454737845360956,24376242.709178586,56.931337673682584,56.99367327809818,56.199278633732426,56.20580375634959,9656501.26201667,94.19289336138198,94.2591078707682,93.58256932145967,93.6869016604495,7616078.024533245,54.06230851564386,54.23361677653097,53.72739858898807,53.85455279703939,11845469.467519172,51.722678179594936,51.68916400964596,51.6094591120382,51.63367066408828,3019201.3122812766,93.6710428831101,94.26103274109572,93.58523025972282,94.61740927406791,3906140.3187229387,11.332560096571328,11.609338629530885,11.26739560823758,11.215177492066223,23188126.902211674,26.552886590756064,26.46777976668195,26.059072031760994,26.311288393165288,13892449.32238811,107.18771299560073,107.17531616332224,106.16336778765742,106.23318841582798,33079866.605166864,70.85755052457183,72.17710995742463,70.09481819776421,70.25395464684017,2787120.6939306813,92.6254786367086,92.6912307962347,92.27504602599751,92.34898132622018,4048376.2445630706,137.4202321035007,139.54375049522005,135.1961970928232,136.2295581793232,2723786.052425532,110.4866297675349,113.62097651988718,110.13348360774933,112.94799802684237,8170910.761153936,45.42274279256317,46.21684331258333,43.799455399827494,43.80016675481854,10683144.026453534,129.88330885594644,133.30218881884582,128.5511687742693,130.03179407813764,2778161.737423573,54.85425582341091,55.27224481335414,51.36016083163943,51.18980917810443,1599953.5137841546,243.74474609576276,251.23184047163002,241.9837803425521,246.5618697408127,569480.0790278199,92.40762670159667,93.6238570437466,91.32504719940621,91.87104914547993,4448577.201463611,45.4506941356441,46.64147962970428,44.88098503242931,45.758794796744894,12133018.96061677,25.206353654151478,26.010440580100035,24.893098076115525,24.877454863323027,3554641.2874818305,61.22876498063641,61.634617916204135,60.51676922752483,60.63223792124889,3280312.957715579,168.5260860112608,170.76926563237478,167.90370945380536,170.19266846750125,9915079.186110858,107.6831655958472,109.95124166303653,107.5518300014629,109.83106675533969,1303992.3566953305,91.6443665281575,94.13916409329838,90.71309623063813,90.7179950033316,1388965.2539156268,67.03302252544921,67.5544596222423,66.86178889298225,66.88273589794578,6013449.001022707,82.06887045384673,82.1089254283335,81.97866041559895,82.00806103592672,3752618.7506185374,39.87987025983021,40.54664406932422,39.59765586397474,39.97593060167296,14819134.567547798,30.722106212222034,30.92347705885839,30.323753310573927,30.216296120410487,22041221.17233722,32.80610830064319,32.79274681213519,32.68254847542503,32.639457100031244,7941356.478265717,26.938528428775477,26.984938946827395,26.60233667296609,26.659834826685074,4664336.393731543,49.620536930905104,50.195054190387815,49.45067915443899,50.40894852466819,2831259.269579486,122.77814053462787,126.45211050606025,121.85879448963983,123.03187386176204,1811805.7404403957,56.85427939705658,57.79124737174575,56.835644242622266,57.41884656408269,2179557.503815867,40.45112689977169,41.81053919281894,40.08344575278203,40.424711486457134,4129412.3966809376,108.4613628496798,108.54282938475473,108.10607321854947,108.19364446245545,2233658.668936575,181.378751938558,187.3920869786661,180.44572230430938,192.59432520909616,1999604.5735642316,23.551085163174164,23.887355241117923,23.245471857272424,23.85393460864816,3264804.8271568357,9.380115424134447,9.551451447578037,9.278698482500076,9.278745650424051,31747285.303394493,80.23510152844285,80.20745116338134,79.67002529111413,79.83558102653713,8187817.844499022,77.68097302637696,77.85360693912551,77.5167588317006,77.47422507126802,5092729.689061224,50.983417448833066,51.186795722007396,50.83667808527762,51.228642345852144,14212617.954510527,58.576130626957934,58.5472656093614,58.24610743615385,58.35478184294447,4217468.125934147,70.68534040349182,70.91374027360614,70.4364234364842,70.77337694685168,5439834.840497369,56.70896384678185,56.779171705772406,55.96759323756747,56.12500243420161,2485887.116706983,58.01800278475451,58.04770429978832,57.8691362319351,57.96740925042472,3872105.589541587,167.51991242893416,169.2745920258862,167.0047617417199,168.47393085734163,3139094.2254704325,114.6939462103601,115.83807756655386,114.36228110198387,115.64530341091982,2118432.129328262,45.22795537614055,45.332541471473846,44.894467842621495,44.980512025540705,8749230.304713218,62.24087260174207,62.4092586624057,62.056829388089,62.18510410480285,4702223.705143614,125.5120543453282,126.85201340226676,125.13867394311539,126.35125541178392,1233898.250265821,56.660721289191464,55.915074896567766,55.02076793389455,56.75916093674885,8285043.636566015,73.39396320606406,73.66566005221826,71.08110706953173,71.18367447408394,1711676.4588228257,84.40593037337152,85.48331483221415,83.911567539459,84.58471313483737,6338032.09686989,86.47411705503154,88.11430083818429,85.91635616859963,86.73099501397787,17617415.01991811,107.66700733341885,110.00083578800898,106.66653444066691,107.49710032542123,18076584.012663215,37.83017985419202,38.06202848714867,37.42979235911146,37.73637513144141,6097086.990126962,37.61046806107991,45.95735199273272,35.36876612645044,35.71204711751607,4944444.617215229
1889,115.14504573464386,116.24746930487456,114.74665406950369,115.96899681893635,3213774.864767349,102.0832708509668,104.31296835523735,100.71718443060198,101.28714392793492,2820011.7809192906,97.84986892231458,97.88112481591197,97.35908128876864,97.43873554645795,8768870.846845446,6.6342290628276785,6.69853989523055,6.055588653754928,6.170434881640601,23468448.6799424,71.83053947777942,73.80348998170801,70.23059211286062,72.88697495180443,2646621.5206397222,474.94681038139885,487.4234233046837,473.1946086976387,484.97771618314493,551952.0587694611,15.061402381989334,15.599442850820472,15.201377335056556,15.348818357423072,24968229.873860188,41.438952759944804,42.604524235237776,41.20536511692352,42.04235792268647,7796064.658619228,48.22323386174272,48.25324347605717,48.03587945892488,48.01299590266464,4577113.106910127,72.41231173331937,72.444691727421,72.05680491259047,72.20374860042938,6849442.042844321,31.866674956403557,32.08353101087625,31.67277749100368,31.823276713242308,10594164.669572933,77.37090891449282,77.40053665204728,77.09852798943274,77.12268807004101,2244180.18746238,334.31761781743324,340.9352848186347,332.25837579338753,336.4457190355674,2584716.5786321363,41.82564682284625,43.05614970969319,41.29362805603395,42.364192335545326,4657957.087856452,9.728558277570723,10.268972627170218,9.537402240638778,9.823087299798289,20403841.293819897,95.31360001774978,98.75745580647876,95.34995895973813,95.71818592408056,10247014.62675185,12.933901172900658,13.24559887575687,12.758261400743365,13.062168454418972,13933813.648415614,151.7500341316857,152.54572148096608,150.07080615453603,150.42379865599284,9195584.215394342,469.39938231177075,482.7872357915602,468.08185056251216,475.5989932580108,1466074.3958283297,33.51472310939646,34.263912623603275,33.10658525197703,34.08670418552099,10088095.783887608,43.79193267430577,43.91401628459881,43.48574776469537,43.538179851083015,27071317.24514089,82.18728796987718,82.41520818667946,81.90018912566526,82.19469719895702,17002595.72690377,89.81980667820775,89.78642369157294,89.60715098332479,89.73590906560622,7372078.728969988,41.91763432626832,42.257432478863805,41.50721689183147,42.16048499738332,4126129.5376696386,120.02420245830675,123.31295105417743,118.65823143347872,121.96300977740218,3983623.2022718927,69.27167037405303,69.53503115844983,69.06735803481722,69.33229627974995,4524026.397648958,49.64468017101273,49.788751593209234,49.332323808868026,49.63962018072166,2925169.650722778,55.27945597654733,55.575737047927106,55.14210270732649,55.29656838542444,3771690.576399727,24.773936911077183,24.885747893744508,24.351127219300157,24.35403719912714,22660321.92384745,37.43193771831944,38.68549156486434,36.60954605358559,36.60945922610867,16710684.012014484,150.09927817934786,152.9591597623474,147.3773183004866,147.8561903334279,1168510.1220209987,36.57422820338114,36.75996232722657,36.06308327291872,36.11661310362197,53106406.83150661,53.96178351142888,54.77670003059652,53.03726688939201,52.8918476166972,5116837.389374874,43.10162581771539,43.59249839720134,42.126415191141014,42.13236723240433,21353070.652025312,278.2185000947379,278.54869134677114,274.734701372446,274.6786984541438,9456826.57772041,,,,,,24.317000779577675,25.265108105574836,24.174511184163908,24.67849094073835,11148879.810953274,144.45992443702934,143.8544434719566,139.7009351463309,141.29645210362608,2087752.6919420874,5.752698505274091,5.803681684329597,5.503827495492707,5.451973918521063,24376242.707099527,56.961582471289205,57.02402994384042,56.22874090682608,56.2348761469201,9656500.96962333,94.1928929671654,94.25910787433612,93.58256925608607,93.69465257705383,7616078.0247239405,54.062308517063485,54.23361677653097,53.727398588989466,53.854552796838526,11845469.474573324,51.722678179594936,51.68916400964596,51.609493926387046,51.63364340321468,3019201.3122986862,93.67104230723504,94.26103274079588,93.58522967309908,94.63145736291521,3906140.31766678,11.332559513514328,11.609338629530885,11.274261469993947,11.215177492066223,23188126.98969481,26.56652070522271,26.46777976668195,26.059072031760994,26.311288393165288,13892449.329563558,107.18771296017478,107.1753161633215,106.16336776895825,106.23318768196391,33079861.151979588,70.85787730823772,72.17710995990024,70.09481821660624,70.25395471103843,2787120.7022552807,92.6254783350634,92.6912307962347,92.27504602599751,92.34898132622018,4048376.1470932984,137.53699085721288,139.54375036670783,135.19619709255724,136.22955828949742,2723786.2519287425,110.48662977137417,113.62097647675708,110.13348360779624,112.94799801040507,8170910.725184955,45.42274275052633,46.21684331514325,43.799455398947906,43.80016675481878,10683144.026317775,130.13654682488553,133.30218882894442,128.55116878314982,130.0317940781375,2778161.738217705,54.854244386076296,55.068722017194894,51.155142792253244,51.20680312789584,1599953.4826285136,243.93625353332894,250.84427365691812,241.92485167206803,246.12683401708955,569480.0792472746,92.40762670160069,93.623857056702,91.32504718519941,91.8710491513498,4448577.274983486,45.45069413833216,46.64147962970428,44.88098503907052,45.75879461019275,12133022.498239534,25.206111138039226,26.010440577257842,24.893098076115216,24.877416151671927,3554641.055135898,61.2319744469397,61.635666274762094,60.515455864651706,60.632237920685284,3280312.9794035186,168.52608599901922,170.7692656327717,167.90370945577214,170.1926684674442,9915079.197207715,107.68316555022332,109.95124160977,107.55182999965099,109.83106673976552,1303992.3566891346,91.64436652805925,94.13916415436083,90.72194023989016,90.7179949370829,1388965.0525806332,67.03302252544928,67.55445962665937,66.86787593070744,66.88273589836123,6013448.96164133,82.07451903385535,82.11458561428013,81.9842721224048,82.01365455898018,3752618.910024347,39.87986743460462,40.546643864997165,39.59765587611164,39.97588563367055,14819134.569436397,30.72210563844587,30.92347705885839,30.33145267030679,30.219697430330484,22041221.163966242,32.80610830064319,32.792746775546014,32.68254849977517,32.639455447592965,7941356.387120375,26.93852321987006,26.984962942012192,26.60233180537442,26.659900543967495,4664336.286030054,49.62053693095241,50.195054190387815,49.45067915443899,50.42610405420256,2831259.310361439,122.77814053363382,126.45217133028454,121.8587944897735,123.03187424557461,1811805.7399490543,56.85427922957738,57.79124733422202,56.83564418746305,57.41884656408269,2179557.4643619247,40.45776149764412,41.81053921099639,40.08344575278205,40.42471158783559,4129412.3820523,108.46136276263601,108.5428294286638,108.10607321854947,108.1936444613578,2233658.669025302,181.37838233207415,187.3920877417621,180.4457223042863,192.87390689298562,1999604.5780171102,23.551084443072213,23.88735484981683,23.24547152376062,23.853935392897448,3264804.827624014,9.378306506752146,9.551451447937447,9.278698482500076,9.278745650424051,31747285.36208139,80.23510152844285,80.20745116338134,79.67002393696941,79.83556093002787,8187817.811643438,77.68097302637696,77.86148003960463,77.51675883170577,77.4742138989528,5092729.688986095,50.98341744898069,51.18679468589631,50.836678081201384,51.23593662822321,14212617.180914704,58.578742448781895,58.5472656093614,58.24610743615385,58.35723675033731,4217468.095405276,70.68534040441334,70.9137402728342,70.4364234192158,70.77337690266118,5439834.881308785,56.70894737603446,56.77920989852994,55.967593221403014,56.125151899274506,2485909.54405228,58.02220185881644,58.051907994068344,57.8691362319351,57.971558539043684,3872105.5896112416,167.51991241617347,169.27459202463703,167.00476174173863,168.47393085033028,3139093.8401293433,114.69394621088217,115.83807756650589,114.36228110207364,115.64530339704798,2118432.1290879636,45.22795537649126,45.332541471473846,44.8944678424591,44.980512024446675,8749230.305240074,62.240872605756664,62.40925200801352,62.05682937465573,62.18510403207425,4702223.7056156965,125.51205434083852,126.8520134022159,125.13867394327069,126.35486648280258,1233898.2502807127,56.707615561706035,55.91500879961882,55.02076779897064,56.80589599085462,8285043.636567584,73.44180409864144,73.66566005224063,71.08110707113143,71.18367447408349,1711676.4584665627,84.40593036952484,85.48331483221718,83.91156753945889,84.58471313480908,6338033.084726804,86.47411705539697,88.11430083574231,85.91635616860076,86.73099500229682,17617416.18919086,107.66700733343723,110.00083576237833,106.66653444048164,107.49710032542269,18076583.990718868,37.83017985419202,38.06202848714867,37.429792359111474,37.73637513144142,6097086.990126964,37.20691987084532,45.957631415388164,34.79611278688931,35.43942641698358,4944443.440245201
1890,115.14504573906297,116.24746930491978,114.74665406954556,115.96899688778394,3213774.4316075225,102.08327069978053,104.31296865922698,100.71718441697172,101.28714392779476,2820011.779901427,97.84986892222163,97.88112481591196,97.35908128876864,97.43873554645795,8768870.846839037,6.634367472324089,6.698540986432116,6.05129875830351,6.170434823219427,23468448.660990495,71.31084606854309,73.27462913142463,70.00771375738749,72.34610683410789,2646621.5279878853,474.985872910472,487.26108127899533,473.48175170924,485.00698051222935,551952.0562642337,15.061402381989334,15.607732120518945,15.20887269078875,15.348875568473574,24968229.874755174,41.438952759819024,42.60452423468307,41.20536506294566,42.04235791488344,7796064.658880045,48.22567594784539,48.25569468599931,48.03587853741464,48.01298951018352,4577113.098640562,72.41230914028186,72.444691727421,72.05679068284802,72.20374860042938,6849442.260681212,31.866674956569252,32.08353102334584,31.67196535158752,31.823272191389375,10594164.76440037,77.3769061812338,77.40653076896001,77.09852520799046,77.12268807004101,2244180.1873748484,334.48075659485664,341.12619527832635,332.3902535979521,336.9254029349744,2584716.578358682,41.82564578271761,43.05615073557455,41.293628947438876,42.36412742290767,4657957.102140635,9.728558277568352,10.268972627606457,9.537401150072679,9.823087299674174,20403841.270101827,95.3136000174034,98.75745580647892,95.34995895890647,95.71818464976536,10247014.631839382,12.933901172900658,13.24559887575687,12.758261400743367,13.06216827271559,13933813.639996853,151.75003413168565,152.54572145752041,150.07080615453603,150.42379865599284,9195584.215416264,469.73007636785854,483.0887200778227,468.5074800826611,475.83810817719245,1466074.3961337714,33.5147231093967,34.26391262368562,33.10658525182788,34.086704280796724,10088095.786283413,43.79193267432721,43.91401628459881,43.485747764695375,43.53817985136566,27071320.353828963,82.18728799094198,82.41520819102121,81.90018912630242,82.19469727344296,17002595.726773057,89.81980666724341,89.78642256932766,89.60715009276944,89.73590461001207,7372078.929067454,41.917634326278524,42.25743263316856,41.50332411819225,42.16048499647141,4126129.549257427,120.0242024597859,123.3129510508444,118.65823143954844,121.96301224556728,3983623.2044656067,69.27167037427779,69.53503117313474,69.06735803513115,69.33229658359292,4524026.409556315,49.64468017711942,49.7887515933536,49.33232380958613,49.63962018745726,2925169.650880557,55.279455976534315,55.575737046257096,55.142102670598184,55.296568377068986,3771690.5762690026,24.77393692028571,24.885747905200063,24.351127222672,24.354037205180752,22660321.92491537,37.43193759614834,38.68075662719278,36.60954605358505,36.60945912607819,16710684.01186148,150.09927817889937,152.95915976219752,147.3773183005656,147.69185916282288,1168509.9895497526,36.57422820359475,36.759962337388636,36.0630832833959,36.11661311130271,53106427.52460279,53.961769605361376,54.77669999608607,53.03726690102896,52.891847616457895,5116837.449268999,43.10162580750449,43.59249839536026,42.12641122503939,42.13236723240411,21353070.678247392,278.3639908964813,278.69424812164397,274.8758179014386,274.8180588496717,9456826.573095301,,,,,,24.317000779577675,25.265108104976285,24.17451118416236,24.678490941368032,11148879.089772554,144.33081775506147,143.8544434718241,139.70093514618307,141.2964520759878,2087752.691940293,5.752698505274091,5.801004460746653,5.503827495492707,5.449211392168562,24376242.706430756,56.99184333645755,57.0544027785204,56.258218625412226,56.263963575152864,9656498.56604673,94.19289271408854,94.25910787261934,93.5825692152025,93.68713194557375,7616078.024671396,54.062308517666985,54.23361677653097,53.72739858899042,53.85455279738217,11845469.47874031,51.722678179594936,51.68916400964596,51.609466233019106,51.63366500410233,3019201.3122259667,93.67104231728601,94.26103274066746,93.58522955902033,94.64550753797998,3906140.317820304,11.332559147634756,11.609338629530885,11.281131515508417,11.215177492066223,23188127.1659741,26.58016182040006,26.46777976668195,26.059072031760994,26.311288393165288,13892449.33051902,107.18771294390515,107.17531616332042,106.16336775989896,106.23318725380217,33079855.0322096,70.85760204702454,72.17710996151486,70.09481822357384,70.25395466475605,2787120.6996809333,92.62547818432223,92.6912307962347,92.27504602599751,92.34898132622018,4048376.145535907,137.4169167164534,139.54375038335587,135.19619709256347,136.22955870132517,2723786.2333252165,110.48662979332352,113.62097650897304,110.13348360790116,112.94799802301064,8170910.403017686,45.422742742116,46.216843312595486,43.79945539859438,43.800166754818555,10683144.026330316,130.08836119652187,133.30218881827147,128.5511688357901,130.03179407813758,2778161.7386651435,54.85424315947892,54.7018836177709,51.1383640606625,50.77808227835236,1599953.4985348252,243.6736846531718,250.69322237131422,241.69106787013496,245.98632457795904,569480.0792660265,92.40762670160181,93.62385707138331,91.32504717950366,91.87104915777296,4448576.716872021,45.45069413878017,46.64147962970428,44.88098504373984,45.758795193775306,12133028.04926252,25.205922494607254,26.010440565198376,24.893098076114825,24.877389193083815,3554640.944643993,61.229032132901715,61.634800864937624,60.516625796061845,60.63223792425886,3280312.9860198307,168.52608599474416,170.76926563298488,167.90370945671543,170.19266846733564,9915079.19739275,107.68316556651779,109.95124154837396,107.55182999986643,109.8310666951399,1303992.3566874047,91.64436652769602,94.1391641236991,90.71403326276776,90.71799483699161,1388964.959460709,67.03302252545112,67.55445962882685,66.86251391695473,66.88273589237014,6013448.947412338,82.08016800264058,82.12024619041217,81.98988421335031,82.01924846355101,3752618.5565013736,39.879865471336146,40.54664374568884,39.597655880210425,39.97585096574827,14819134.5715279,30.722105989240656,30.92347705885839,30.339153971059176,30.21663555734229,22041221.160711408,32.80610830064319,32.792746754164334,32.68254848629083,32.63945436840895,7941356.193361595,26.93851949659371,26.984945371558005,26.602335222501882,26.659844013431712,4664335.918876032,49.62053693093333,50.195054190387815,49.45067915443899,50.44326542222795,2831259.28758495,122.77814053160915,126.45212775944702,121.85879448990651,123.03187374394892,1811805.7397379705,56.85427933193451,57.79124733064923,56.83564420140858,57.4188465640827,2179557.440795992,40.451849486220105,41.81053900453113,40.08344575278204,40.42471146449453,4129412.383138211,108.46136271956507,108.54282950310821,108.10607321854947,108.19364444802486,2233658.6691407673,181.3780961577216,187.39209019862207,180.44572230429432,193.15389443469138,1999604.5799710732,23.551084284980295,23.887354568679548,23.245471714259608,23.853933290438786,3264804.8278088514,9.376497938212259,9.551451447778897,9.278698482500076,9.278745650424051,31747285.387391895,80.23510152844285,80.20745116338134,79.67002308757948,79.83554664070927,8187817.840324308,77.68097302637696,77.86935393626666,77.51675883170377,77.47420625877247,5092729.688957477,50.98341745554564,51.18679402167697,50.836678079067156,51.24323206562692,14212618.675743753,58.58135438706308,58.5472656093614,58.24610743615385,58.35969176100481,4217468.084773329,70.68534040850994,70.9137402728859,70.436423410113,70.77337689729512,5439834.8960622465,56.708934902596305,56.77918208948344,55.967593218741165,56.12502879294595,2485878.673243521,58.02640123678788,58.056111992771186,57.8691362319351,57.9757081246674,3872105.5895898957,167.51991241046852,169.27459202402372,167.00476174174975,168.47393084119153,3139094.313195014,114.6939462156777,115.83807756651319,114.36228110194452,115.64530340362678,2118432.128706748,45.22795537658862,45.332541471473846,44.89446784255051,44.980512025099976,8749230.305205707,62.240872619855956,62.40924733718492,62.0568293670005,62.1851040719362,4702223.706223384,125.51205433823574,126.85201340218521,125.13867394340154,126.35144732896931,1233898.2502819053,56.75454863141393,55.91505685761592,55.02076752036553,56.85266937107164,8285043.636567621,73.48967623858957,73.66566005223099,71.08110707171676,71.183674474083,1711676.458351309,84.40593036719363,85.48331483221835,83.91156753945883,84.58471313479079,6338033.593717722,86.47411705518795,88.1143008344947,85.91635616859985,86.73099502412977,17617417.29684159,107.66700733343744,110.00083558515935,106.66653444025336,107.49710032542316,18076583.935786333,37.83017985419202,38.06202848714867,37.429792359111474,37.73637513144142,6097086.990126964,37.042736249659555,45.95791091184467,34.55975495734089,34.91938930733167,4944443.478065578
1891,115.14504572761732,116.2474693047207,114.74665406949619,115.9689968016718,3213774.957695391,102.08327018642838,104.31296724556185,100.71718439470756,101.28714392769658,2820011.778715143,97.84986892226225,97.88112481591196,97.35908128876864,97.43873554645795,8768870.846836751,6.634261963902745,6.698540297286375,6.047011901896524,6.170434856519068,23468448.64823535,71.24370705359806,73.18122842145198,69.99200209285222,72.87489055913788,2646621.5318579045,475.3502341620517,488.31825694327813,474.393517758766,485.51442343159994,551952.0484338236,15.061402381989334,15.616025794989612,15.216371742262213,15.34882668700913,24968229.874920797,41.438952759966625,42.60452423484045,41.20536509451856,42.04235789035797,7796064.65902269,48.22811815761842,48.25814602046013,48.035877894242624,48.0129848563754,4577113.096498851,72.41230833343545,72.444691727421,72.05679921713299,72.20374860042938,6849442.405856926,31.86667495669729,32.08353103224441,31.67266140328344,31.82327523699654,10594164.791079342,77.38290391284214,77.41252535007413,77.09852439735738,77.12268807004101,2244180.184595586,334.50801003795635,341.36276897155597,332.4358192224175,336.7485231629707,2584716.5788237075,41.82564672720223,43.05615012689913,41.29362842049316,42.364178129823394,4657957.101732673,9.728558277568537,10.268972627783201,9.537401700223628,9.823087299381443,20403841.242259767,95.31360001763431,98.75745580647906,95.34995895845945,95.71818363258885,10247014.629776258,12.933901172900658,13.24559887575687,12.758261400743367,13.062168150050129,13933813.63779961,151.7500341316857,152.54572145543585,150.07080615453603,150.42379865599284,9195584.215433015,469.7565058703675,483.57190050793866,468.7430775477428,476.45398544589324,1466074.3960250863,33.514723109396044,34.26391262308251,33.10658525320896,34.086704441315455,10088095.782650527,43.79193267430663,43.91401628459881,43.48574776469537,43.53817985074753,27071322.40244615,82.18728796948693,82.41520818427348,81.90018912603955,82.19469709136386,17002595.725754984,89.81980664525935,89.78642185111245,89.60714951965774,89.73590080558373,7372078.683225593,41.91763432627895,42.25743253872399,41.50671803410565,42.1604849976113,4126129.555336033,120.02420248116705,123.31295104753568,118.65823145607143,121.96301303131564,3983623.2043332993,69.2716703742314,69.53503117129912,69.0673580351617,69.33229662205406,4524026.417350144,49.644680167913094,49.78875159306155,49.33232380866355,49.63962017828934,2925169.6508872453,55.27945597653924,55.57573704701899,55.14210269102041,55.29656838125713,3771690.5763392462,24.773936949261493,24.88574793899748,24.351127223956485,24.3540372027574,22660321.925183136,37.43193748754393,38.68475377074603,36.609546053584786,36.60945912998452,16710684.01180601,150.09927817782784,152.95915976238783,147.37731830201008,147.84261723166293,1168510.0103391258,36.57422820236483,36.75996232959361,36.063083278796164,36.11661312083878,53106425.04481307,53.96176018706387,54.776699911113305,53.03726691800494,52.8918476160854,5116837.21255159,43.101625584525785,43.59249835723861,42.12641378485719,42.13236723240382,21353070.604789536,278.50955741024393,278.83988093391685,275.01700691154315,274.9574898729548,9456826.579384897,,,,,,24.317000779577672,25.265108107586006,24.174511184471093,24.678490941368032,11148879.468787631,144.55469710012008,143.85444347192697,139.70093514627308,141.29645208621366,2087752.6919403414,5.752698505274091,5.798328472160132,5.503827495492707,5.446450265593822,24376242.70636823,57.02212027772352,57.08479179075022,56.287711797588095,56.29306604882609,9656498.894556578,94.19289262719904,94.2591078734454,93.58256917231311,93.69442913386081,7616078.024657457,54.06230851705897,54.23361677653097,53.727398588989715,53.85455279655444,11845469.478157023,51.722678179594936,51.68916400964596,51.60948826194262,51.63364788805703,3019201.3123764247,93.67104176090557,94.26103274061245,93.58522916750962,94.65955979860331,3906140.317738484,11.332558918038231,11.609338629530885,11.288005747330388,11.215177492066223,23188127.06226842,26.593809939882767,26.46777976668195,26.059072031760994,26.311288393165288,13892449.330800744,107.18771296132043,107.17531616332036,106.16336775540684,106.23318700363988,33079857.19475471,70.85783390908922,72.17710996177628,70.0948182245705,70.25395469812236,2787120.698919057,92.62547832510981,92.6912307962347,92.27504602599751,92.34898132622018,4048376.1413073274,137.46084011344553,139.54375049353044,135.19619709285766,136.22955831577605,2723786.124504653,110.48662976733871,113.62097649736485,110.13348360783786,112.94799801917931,8170910.400625495,45.42274266120368,46.21684324723317,43.79945539710457,43.80016675481828,10683144.026238179,130.08230180036662,133.30218881207517,128.55116884698677,130.0317940781376,2778161.7388035352,54.85423159318523,54.98654546701386,51.27216054027664,50.89775228741506,1599953.383334623,243.9545943695561,251.08426688997181,242.33085951971978,246.18827018311276,569480.079201781,92.40762670160349,93.62385707037221,91.32504718032273,91.87104915543615,4448576.929576364,45.450694140397985,46.64147962970428,44.88098505543999,45.758795418598105,12133023.133100316,25.2057757565448,26.01044055605588,24.893098076114253,24.877370410732897,3554640.936733426,61.23172981178543,61.635515400232535,60.51558368456159,60.632237927654586,3280312.9852796434,168.52608598608813,170.7692656332286,167.90370945816028,170.19266846723312,9915079.188800823,107.68316552415115,109.95124152878252,107.55182999844473,109.83106669244694,1303992.3566873518,91.644366527188,94.13916413909548,90.72110248730525,90.71799470115644,1388964.9732299824,67.03302252545227,67.55445963668322,66.86723726397217,66.88273590318676,6013448.927961415,82.08581736022916,82.12590715675653,81.99549668846174,82.02484274966524,3752618.3923263378,39.87986413109927,40.54664367411181,39.597655881748736,39.97582365326638,14819134.57064127,30.722105774772036,30.92347705885839,30.346857213747633,30.21939186782747,22041221.15944585,32.80610830064319,32.79274674166949,32.682548493758034,32.63945366360916,7941356.399520608,26.938518441945504,26.98495823750853,26.60233282362357,26.65989264145403,4664335.907914341,49.62053693094103,50.195054190387815,49.45067915443899,50.46043263073137,2831259.2750217705,122.77814053181383,126.45215821974288,121.85879448993614,123.03187371623372,1811805.7396761675,56.85427922957738,57.79124732893893,56.83564420709548,57.4188465640827,2179557.465764953,40.457116879663275,41.810538856697875,40.08344575278204,40.42471137670143,4129412.383454607,108.46136277044288,108.54282952096558,108.10607321854947,108.19364444346192,2233658.669016061,181.37787458217127,187.3920900557902,180.44572230429154,193.4342884234265,1999604.580112008,23.55108463709789,23.887354881675506,23.245471605448273,23.853934024630696,3264804.8278829628,9.374689718447511,9.551451447848839,9.278698482500076,9.278745650424051,31747285.398314543,80.23510152844285,80.20745116338134,79.67002255479797,79.83553648050565,8187817.821514133,77.68097302637696,77.87722862919212,77.51675883170454,77.47420091444172,5092729.688968022,50.98341744802021,51.18679359586613,50.83667807794972,51.25052843754434,14212618.457204808,58.58396644180667,58.5472656093614,58.24610743615385,58.362146874951314,4217468.076652955,70.68534039232357,70.91374027214155,70.43642340531459,70.77337682496787,5439834.899075606,56.70893092017125,56.7792023187225,55.96759321162358,56.12513020062615,2485886.341783511,58.03060091869084,58.06031629591889,57.8691362319351,57.97985800731713,3872105.5895720674,167.51991240480666,169.2745920237114,167.0047617417558,168.47393083071444,3139094.2236097637,114.69394620085052,115.83807756648197,114.36228110210703,115.64530339465495,2118432.128920302,45.22795537648689,45.332541471473846,44.894467842499054,44.9805120226048,8749230.30536712,62.24087260623664,62.40924405865262,62.05682936263801,62.18510400780104,4702223.705847081,125.51205433545964,126.85201340216551,125.13867394348868,126.35468476541826,1233898.2502797379,56.801520593863906,55.915021915442,55.02076745705141,56.899481371969394,8285043.636567682,73.53757951167887,73.66566005227484,71.08110707366117,71.1836744740822,1711676.458215892,84.40593036684405,85.48331483221796,83.91156753945879,84.58471313477281,6338033.857174896,86.4741170555015,88.1143008352715,85.91635616860187,86.7309950234741,17617417.592696913,107.66700733344064,110.00083564687216,106.66653443975625,107.49710032542332,18076583.9718655,37.83017985419202,38.06202848714867,37.4297923591115,37.73637513144143,6097086.990126964,36.01000172150031,45.95809961987905,33.70030276212815,34.20898276254639,4944442.992347252
1893,115.14504572841193,116.2474693047051,114.74665406949136,115.96899680381692,3213774.9862408247,102.08327020780887,104.31296721330091,100.71718439288313,101.28714392770416,2820011.7790686926,97.8498689222445,97.88112481591196,97.35908128876864,97.43873554645795,8768870.846842194,6.634342392105023,6.698540732514721,6.042728082381053,6.170434837538517,23468448.653147385,71.29893138824542,73.28240349556586,69.82218995540842,72.35793693018445,2646621.53258985,475.49000166160175,488.23691953631175,474.0716644345107,485.4314166424957,551952.0544765888,15.061402381989334,15.624323876573095,15.223874491299206,15.348868451625322,24968229.87527803,41.4389527599769,42.604524234873786,41.20536509971183,42.04235789073652,7796064.658913927,48.23056049106806,48.260597479445956,48.03587744533797,48.01298146834348,4577113.093773626,72.41230720109654,72.444691727421,72.05679249126113,72.20374860042938,6849442.213836152,31.86667495670342,32.08353103329472,31.67206484565583,31.82327318605905,10594164.829946825,77.38890210935384,77.41852039542562,77.09852444118104,77.12268807004101,2244180.18514326,334.610523385272,341.28683954386395,332.33973400937225,336.96432942844353,2584716.5789138987,41.82564670881069,43.05615052620184,41.293628731297005,42.36413854643566,4657957.106439726,9.728558277568542,10.26897262778677,9.537401317332693,9.82308729936864,20403841.237038575,95.31360001763514,98.75745580647907,95.3499589584209,95.71818366940961,10247014.63081455,12.933901172900658,13.24559887575687,12.758261400743367,13.062168159238096,13933813.63630943,151.7500341316857,152.54572145571422,150.07080615453603,150.42379865599284,9195584.215430144,469.8248079557369,483.2754462935247,468.41553723171955,476.01246881980853,1466074.3961063896,33.51472310939602,34.263912623034905,33.10658525342942,34.08670450839087,10088095.782407973,43.79193267430831,43.91401628459881,43.48574776469537,43.538179850803466,27071325.538633525,82.18728797197524,82.41520818395749,81.90018912602565,82.19469709346244,17002595.725919772,89.81980665289024,89.78642139146865,89.60714915083504,89.7358988999758,7372078.829789043,41.91763432627906,42.25743259653023,41.50375899678686,42.16048499756539,4126129.5500875125,120.02420248159156,123.3129510473135,118.6582314580346,121.96301306970544,3983623.203764469,69.27167037423547,69.53503117121181,69.06735803516197,69.33229661632657,4524026.412519731,49.644680168403816,49.78875159304773,49.3323238086339,49.63962017813247,2925169.650924008,55.27945597653737,55.57573704700634,55.14210267966494,55.296568379157826,3771690.576355402,24.77393694669881,24.885747941255577,24.35112722405219,24.35403720335054,22660321.925404932,37.431937481241036,38.68137889825522,36.60954605358477,36.609459128584255,16710684.011785924,150.09927817780917,152.95915976235918,147.37731830206798,147.83290620518406,1168510.0622899912,36.574228202503065,36.75996233007248,36.063083278804655,36.11661311996488,53106416.29278442,53.96175384816905,54.776699905698635,53.037266919688136,52.89184761610665,5116837.342302883,43.10162559208801,43.592498354977906,42.12641213268895,42.132367232403844,21353070.649752334,278.6552005218856,278.98558988371224,275.15826844559643,275.09699171260945,9456826.575680928,,,,,,24.317000779577672,25.265108108181277,24.174511184510383,24.678490941394283,11148879.64785386,144.56041218654912,143.85444347193842,139.70093514628257,141.2964520857902,2087752.691940156,5.752698505274091,5.795653718000332,5.503827495492707,5.443690538087574,24376242.70621819,57.05241330362755,57.11519698914656,56.31722043145518,56.32218357572202,9656499.87356575,94.19289254202958,94.25910787304792,93.58256917030067,93.68734875011407,7616078.024674553,54.06230851712991,54.23361677653097,53.727398588989715,53.85455279661893,11845469.480196184,51.722678179594936,51.68916400964596,51.60947073884928,51.63366145041667,3019201.312201572,93.67104172402699,94.26103274058889,93.58522909665115,94.67361414676108,3906140.3177783405,11.33255877396196,11.609338629530885,11.294884168010816,11.215177492066223,23188127.03838535,26.60746506726733,26.46777976668195,26.059072031760994,26.311288393165288,13892449.331957355,107.18771296319737,107.17531616332035,106.16336775328509,106.23318685904462,33079853.708082642,70.8576386036322,72.17710996164666,70.09481822471005,70.25395467406763,2787120.7000320125,92.62547831604888,92.6912307962347,92.27504602599751,92.34898132622018,4048376.123184063,137.65143056609242,139.54375051761258,135.19619709289347,136.22955835096806,2723786.2712084865,110.48662976623282,113.62097649469833,110.13348360783041,112.94799801900838,8170910.446264568,45.42274265947765,46.21684324198571,43.79945539699227,43.80016675481831,10683144.026253648,130.04730546714492,133.30218881090795,128.55116884842707,130.0317940781376,2778161.738763485,54.85423122649831,54.989918101368275,51.201443719052605,51.159470699532605,1599953.442567956,243.68639240461525,250.86272727431685,241.77292806374004,246.2373710881847,569480.0791972498,92.40762670160363,93.62385707000605,91.32504718035797,91.87104915520752,4448576.973534772,45.4506941404696,46.64147962970428,44.88098505715296,45.758795447553425,12133022.413307967,25.205661614966967,26.01044055587144,24.893098076114228,24.877357304178968,3554640.889905519,61.229256448763714,61.63492546326113,60.51651196255671,60.632237927433,3280312.9885702333,168.52608598645133,170.76926563325577,167.9037094583712,170.19266846723067,9915079.190351812,107.68316552478284,109.95124152614387,107.55182999832205,109.8310666915997,1303992.3566870426,91.64436652719525,94.13916413136438,90.71478225458068,90.7179947050725,1388964.936747208,67.0330225254523,67.5544596375265,66.86307651241948,66.88273590332291,6013448.933413408,82.09146710664785,82.13156851334008,82.00110954776541,82.03043741734889,3752618.596893728,39.87986321280288,40.54664363211305,39.5976558821728,39.97580232405099,14819134.570506716,30.72210590589368,30.92347705885839,30.354562395738235,30.21691062594709,22041221.15895377,32.80610830064319,32.79274673436786,32.682548489622924,32.63945320331441,7941356.172000894,26.938516824822603,26.98494881642692,26.602334507674637,26.659850811237465,4664335.935388405,49.620536930937924,50.195054190387815,49.45067915443899,50.47760568170048,2831259.2800520384,122.77814053181437,126.45213657561213,121.85879448993674,123.03187372181608,1811805.739575295,56.85427923180539,57.7912473283929,56.83564420722709,57.4188465640827,2179557.450777685,40.45242343115531,41.81053883910273,40.08344575278204,40.42471137307911,4129412.3817733047,108.46136277015925,108.54282951385703,108.10607321854947,108.19364444364598,2233658.669023801,181.3777030233853,187.39208984749465,180.4457223042925,193.71508944920632,1999604.578815577,23.551084636223266,23.887354938566233,23.245471667600345,23.853933989692578,3264804.827910071,9.372881847390643,9.551451447817984,9.278698482500076,9.278745650424051,31747285.403041452,80.23510152844285,80.20745116338134,79.67002222060972,79.83552925624672,8187817.806456854,77.68097302637696,77.88510411846151,77.51675883170424,77.47419691232359,5092729.688975996,50.98341744878119,51.18679332289174,50.83667807736466,51.25782591428163,14212618.119178459,58.58657861301787,58.5472656093614,58.24610743615385,58.36460209218117,4217468.081544919,70.68534039367853,70.91374027209834,70.43642340278517,70.77337682545648,5439834.9030937655,56.70892533394994,56.77918760344882,55.967593211765546,56.125046674643706,2485888.570214036,58.034800904547296,58.0645209035335,57.8691362319351,57.984008187014126,3872105.5895781987,167.51991240526394,169.2745920236847,167.00476174175668,168.47393083057622,3139094.181326153,114.69394620195354,115.83807756647941,114.36228110212302,115.64530339460798,2118432.129201859,45.227955376497,45.332541471473846,44.894467842528016,44.98051202282038,8749230.305300258,62.240872607962636,62.409241757396245,62.05682936015196,62.18510400926709,4702223.705621124,125.51205433568894,126.85201340216351,125.13867394350191,126.35161938864023,1233898.250282914,56.8485314259904,55.91504732131806,55.020767438090864,56.94633196057084,8285043.636567614,73.58551408473359,73.665660052278,71.08110707371674,71.18367447408228,1711676.458242873,84.40593036687913,85.48331483221791,83.91156753945879,84.58471313477331,6338034.005916376,86.47411705551963,88.11430083555368,85.91635616860212,86.73099502415477,17617418.018266506,107.66700733344074,110.0008356634234,106.66653443977754,107.49710032542336,18076583.974602148,37.83017985419202,38.06202848714867,37.4297923591115,37.73637513144143,6097086.990126964,36.28440121158311,45.958271507043214,33.663124078235754,33.60998131293817,4944443.379015646
1894,115.1450457274512,116.24746930469846,114.7466540694893,115.96899679900278,3213774.9899868676,102.08327017993001,104.3129671260732,100.7171843923134,101.28714392770328,2820011.7792127775,97.84986892225226,97.88112481591196,97.35908128876864,97.43873554645795,8768870.846843626,6.634281082347571,6.698540457647299,6.038447297605706,6.170434848357292,23468448.65519582,71.45629409601587,73.25421996402422,69.96849701155462,72.86332064429575,2646621.53291612,475.6244633234728,488.56977307004206,474.63990428296285,485.66550133583246,551952.0564950889,15.061402381989334,15.632626367611254,15.231380939722891,15.34883276768693,24968229.87537821,41.43895275997336,42.60452423487064,41.20536509516243,42.04235789184956,7796064.65888912,48.23300294820059,48.26304906296311,48.03587713202304,48.01297900181286,4577113.092828337,72.4123064846103,72.444691727421,72.05679767946278,72.20374860042938,6849442.205236394,31.866674956705037,32.08353103526967,31.67257613095999,31.823274567389856,10594164.846760323,77.39490077080494,77.4245159050504,77.09852500713711,77.12268807004101,2244180.1852840297,334.7751997329177,341.54491226718045,332.6931398894544,336.8241616068682,2584716.5789463124,41.82564661580488,43.056150286526446,41.29362854733405,42.364169758194954,4657957.108344214,9.728558277568526,10.268972627781459,9.537401543249056,9.82308729936546,20403841.235799592,95.3136000176388,98.75745580647907,95.34995895842276,95.71818373385544,10247014.631181896,12.933901172900658,13.24559887575687,12.758261400743367,13.06216815693968,13933813.635724604,151.7500341316857,152.54572145606667,150.07080615453603,150.42379865599284,9195584.215429997,470.1677383781206,483.76102735973575,468.7648060730493,476.33482205053207,1466074.3961288466,33.51472310939602,34.26391262302563,33.106585253353984,34.08670453925656,10088095.78231642,43.791932674306196,43.91401628459881,43.48574776469537,43.5381798507817,27071327.118554063,82.18728796859872,82.41520818342794,81.90018912599473,82.1946970787005,17002595.726007245,89.81980664919837,89.78642109730553,89.60714891348135,89.73589756373097,7372078.882730474,41.917634326279305,42.25743256114904,41.50633885105694,42.160484997581634,4126129.548675535,120.02420248169017,123.3129510474201,118.65823145848937,121.96301326795678,3983623.2035763664,69.2716703742323,69.53503117086107,69.06735803515845,69.33229660449997,4524026.411555347,49.64468016809553,49.788751593044275,49.33232380861482,49.639620177989734,2925169.650935392,55.279455976538074,55.575737046988216,55.14210268597898,55.2965683802101,3771690.5763601074,24.773936945269327,24.885747940322606,24.351127223863177,24.354037203114782,22660321.925478395,37.431937467171416,38.68422814658149,36.60954605358477,36.609459125923365,16710684.011778645,150.09927817781008,152.95915976237146,147.3773183020786,147.8166855855767,1168510.0779227763,36.57422820237615,36.75996232935977,36.063083276970445,36.11661311918147,53106416.48605648,53.961749564236236,54.77669990396665,53.03726691946635,52.891847616105586,5116837.357157596,43.10162558343651,43.592498354228034,42.12641319903825,42.132367232403844,21353070.654769957,278.800919785618,279.1313749737147,275.2996025381276,275.23656432786487,9456826.574716905,,,,,,24.317000779577672,25.265108108194926,24.174511184515453,24.67849094141545,11148879.641335024,144.60694195511712,143.85444347194073,139.70093514628692,141.29645208389434,2087752.6919400939,5.752698505274091,5.792980197697815,5.503827495492707,5.4409322089409065,24376242.70617405,57.08272242271462,57.1456183823307,56.346744535119235,56.351316163626926,9656500.103997141,94.19289249312314,94.25910787323917,93.5825691769117,93.69421877073421,7616078.024678124,54.06230851704509,54.23361677653097,53.72739858898969,53.85455279659004,11845469.480923045,51.722678179594936,51.68916400964596,51.60948467774193,51.63365070391561,3019201.31217416,93.67104168016378,94.2610327405788,93.58522905016594,94.68767058160903,3906140.3177919365,11.332558683551307,11.609338629530885,11.301766780102207,11.215177492066223,23188127.03816894,26.621127206152103,26.46777976668195,26.059072031760994,26.311288393165288,13892449.332298426,107.1877129641217,107.17531616332035,106.16336775226108,106.23318677490013,33079852.54710661,70.85780311619096,72.17710996172599,70.09481822501915,70.25395469140938,2787120.700395275,92.62547833631531,92.6912307962347,92.27504602599751,92.34898132622018,4048376.119204268,137.65137580649431,139.54375051698895,135.19619709289472,136.2295583529758,2723786.308421085,110.48662976399466,113.6209764932256,110.13348360782722,112.94799801879155,8170910.487248503,45.422742657449824,46.21684324044953,43.799455396947884,43.80016675481831,10683144.026257405,130.0882056722134,133.30218881085938,128.55116884478952,130.0317940781376,2778161.738747857,54.85423034912657,54.98158843342273,51.09347594684856,50.893632102718776,1599953.4514444964,243.35528439538962,250.73173635582307,241.57966556036072,246.03087036115065,569480.0791957969,92.40762670160368,93.62385707069078,91.32504718049158,91.87104915520379,4448577.006809057,45.45069414048664,46.64147962970428,44.880985057218346,45.758795473237306,12133022.276271803,25.205572828870356,26.01044055551085,24.893098076114224,24.877348168720374,3554640.8705829545,61.231524098568805,61.635412514362294,60.515685084539854,60.63223792750752,3280312.9896211945,168.52608598615706,170.7692656332578,167.90370945838222,170.19266846723093,9915079.19096511,107.68316552378151,109.95124152431433,107.55182999829675,109.83106669107349,1303992.3566869642,91.6443665271878,94.13916413524645,90.72043285196669,90.71799469862202,1388964.919546825,67.0330225254523,67.55445963740337,66.86674167896756,66.88273590339222,6013448.935399298,82.09711724192343,82.13723026018975,82.00672279128761,82.03603246662799,3752618.656397391,39.87986258216992,40.546643607326395,39.5976558825691,39.97578568740588,14819134.570454782,30.72210582572864,30.92347705885839,30.362269534394958,30.219144249953548,22041221.15876244,32.80610830064319,32.792746730100994,32.68254849191282,32.63945290270243,7941356.151253574,26.938515814213368,26.984955715006123,26.602333325443762,26.659886793926756,4664335.956074962,49.620536930939174,50.195054190387815,49.45067915443899,50.49478457712364,2831259.280853971,122.77814053175311,126.45215187757935,121.85879448993362,123.03187369413644,1811805.7395586986,56.85427922639883,57.7912473278265,56.83564420703142,57.4188465640827,2179557.4465244617,40.45660535949247,41.81053883060534,40.08344575278204,40.42471136983643,4129412.381375527,108.46136277691024,108.54282952080352,108.10607321854947,108.19364444368323,2233658.6690249266,181.37757019096313,187.3920897937558,180.44572230429216,193.99629810290315,1999604.5786570057,23.551084562803865,23.887354888111414,23.245471632099633,23.853933923227707,3264804.827920707,9.371074324974408,9.551451447831594,9.278698482500076,9.278745650424051,31747285.405081674,80.23510152844285,80.20745116338134,79.67002201098948,79.83552411954679,8187817.803076062,77.68097302637696,77.8929804041554,77.51675883170435,77.47419403906446,5092729.688977444,50.983417447860965,51.18679314789615,50.83667807705833,51.265124427556096,14212618.113987336,58.589190900701865,58.5472656093614,58.24610743615385,58.36705741269872,4217468.083278373,70.68534039179934,70.91374027206503,70.43642340145182,70.77337682244942,5439834.904838251,56.70892172085392,56.77919831170677,55.96759321217346,56.12511547382823,2485889.826862117,58.03900119437926,58.068725815637066,57.8691362319351,57.98815866377966,3872105.5895795845,167.51991240484148,169.2745920236782,167.00476174175668,168.47393083065396,3139094.18883871,114.69394620069124,115.83807756647865,114.36228110211904,115.64530339430145,2118432.1292510796,45.22795537648106,45.332541471473846,44.894467842511716,44.980512022717924,8749230.305286786,62.24087260566632,62.40924014210611,62.05682935873523,62.18510400570266,4702223.705596897,125.51205433552668,126.85201340216318,125.13867394350197,126.3545218501833,1233898.250283652,56.89558116570948,55.91502884912626,55.02076744273126,56.99322112551437,8285043.636567596,73.63347990150432,73.6656600522781,71.08110707370322,71.18367447408227,1711676.4582529257,84.40593036663839,85.4833148322179,83.91156753945879,84.58471313477325,6338034.084272088,86.47411705552454,88.1143008357121,85.91635616860216,86.73099502515322,17617418.198779482,107.66700733344085,110.0008356685493,106.66653443978417,107.49710032542338,18076583.975888487,37.83017985419202,38.06202848714867,37.4297923591115,37.73637513144143,6097086.990126964,35.82257929917224,45.95840723435918,33.49832020541627,33.955651899837434,4944443.527065349
1895,115.14504572741996,116.24746930469458,114.7466540694889,115.96899679235685,3213774.9968448123,102.08327023580362,104.31296721491195,100.71718439357569,101.28714392770426,2820011.7792754667,97.84986892224887,97.88112481591196,97.35908128876864,97.43873554645795,8768870.846843755,6.634327818271691,6.698540631239163,6.034169545420613,6.170434842190669,23468448.656037718,71.70546348365801,73.67333795015735,70.10056431188606,72.36925037229793,2646621.533066382,475.8389202073174,488.61233844411134,474.319458605338,485.9060350901745,551952.0572268371,15.061402381989334,15.640933270447196,15.238891089357328,15.348863256257765,24968229.875405733,41.43895275997497,42.60452423486516,41.20536509799259,42.04235788995161,7796064.65888101,48.235445529022265,48.265500771017926,48.03587691334355,48.01297720614697,4577113.092519425,72.41230582793837,72.444691727421,72.05679388987093,72.20374860042938,6849442.203649141,31.866674956702436,32.08353103399184,31.672137929099595,31.823273637056083,10594164.85234074,77.40089989723148,77.43051187898443,77.09852491814749,77.12268807004101,2244180.1853249012,334.8690089547669,341.5128260661985,332.8085893790276,337.3543458911024,2584716.5789624047,41.8256467010184,43.0561504289904,41.293628656196574,42.3641450877188,4657957.10890932,9.72855827756853,10.268972627776721,9.537401401102935,9.823087299360955,20403841.234982267,95.31360001764283,98.75745580647907,95.34995895843403,95.71818377945314,10247014.631318532,12.933901172900658,13.24559887575687,12.758261400743367,13.062168153504583,13933813.635495998,151.7500341316857,152.54572145586374,150.07080615453603,150.42379865599284,9195584.215429625,470.2948063251327,483.7192651350556,468.9767556519795,476.52924869055425,1466074.3961328438,33.51472310939602,34.26391262302767,33.10658525338657,34.08670453530828,10088095.782231266,43.791932674306935,43.91401628459881,43.48574776469537,43.53817985078167,27071327.513908267,82.18728796846116,82.41520818313569,81.9001891259898,82.19469706754083,17002595.72602687,89.81980664366007,89.78642090904684,89.60714876073376,89.73589662243306,7372078.9127485845,41.91763432627917,42.25743258280463,41.50408962163417,42.16048499761539,4126129.5482378425,120.02420248147138,123.3129510473571,118.65823145842664,121.9630132763286,3983623.203586051,69.27167037423148,69.53503117061024,69.06735803515676,69.3322965904678,4524026.411398235,49.64468016811584,49.78875159304308,49.332323808617645,49.63962017789001,2925169.6509388564,55.279455976537804,55.57573704698648,55.142102682468156,55.29656837968265,3771690.5763610313,24.773936945503596,24.885747939334927,24.351127223845506,24.35403720191442,22660321.92550206,37.43193747510569,38.68182263220489,36.60954605358477,36.60945912450843,16710684.011776008,150.0992781778186,152.95915976236643,147.3773183020877,148.0628998015405,1168510.077109589,36.57422820242513,36.759962329665164,36.063083277779945,36.11661311958403,53106415.65421759,53.96174667170418,54.776699904451206,53.037266919743004,52.89184761610304,5116837.355667644,43.101625593463865,43.592498354575056,42.12641251079065,42.132367232403844,21353070.655501027,278.94671527376175,279.2772362450474,275.4410092264924,275.37620775814094,9456826.574510612,,,,,,24.317000779577672,25.26510810807893,24.174511184511523,24.67849094141091,11148879.666752359,144.73266621892046,143.85444347193638,139.70093514628928,141.296452088622,2087752.691940078,5.752698505274091,5.7903079106834054,5.503827495492707,5.438175277445268,24376242.706161063,57.11304764353422,57.17605597892851,56.37628411669023,56.38046382033109,9656500.12025192,94.19289245885795,94.25910787314714,93.58256917384718,93.68755286320584,7616078.024679604,54.06230851707215,54.23361677653097,53.7273985889897,53.85455279658643,11845469.48103696,51.722678179594936,51.68916400964596,51.609473589931994,51.63365921919526,3019201.312174351,93.67104164396777,94.26103274057448,93.58522901626615,94.70172910343507,3906140.317801008,11.33255862681687,11.609338629530885,11.308653586158627,11.215177492066223,23188127.03553796,26.634796360137276,26.46777976668195,26.059072031760994,26.311288393165288,13892449.33239327,107.18771296288621,107.17531616332035,106.16336775176191,106.23318672594144,33079852.256537266,70.85766454155815,72.17710996168793,70.09481822459041,70.2539546789072,2787120.700573421,92.6254783181914,92.6912307962347,92.27504602599751,92.34898132622018,4048376.1171940663,137.7679515374083,139.54375051218435,135.19619709289182,136.22955834850657,2723786.3177882717,110.48662976409346,113.62097649204236,110.13348360782763,112.9479980184502,8170910.485917018,45.422742658844804,46.21684324037028,43.79945539696292,43.80016675481831,10683144.02625839,130.33283207009583,133.3021888106165,128.5511688450491,130.0317940781376,2778161.738741369,54.85423128806182,54.77806563726348,50.88845790746237,50.91062605251018,1599953.4526229696,243.54679719204952,250.3441695411107,241.52073694926366,245.59586546466917,569480.0791931538,92.40762670160369,93.62385707103229,91.3250471807975,91.87104915532055,4448577.010216133,45.450694140435516,46.64147962970428,44.88098505703936,45.75879548339392,12133022.024140093,25.205503765772566,26.01044055558612,24.893098076114224,24.877341800994653,3554640.863623415,61.229445052365826,61.63501040525263,60.51642163928043,60.63223792751957,3280312.9900910063,168.5260859858862,170.76926563325335,167.90370945835014,170.1926684672304,9915079.191153094,107.68316552250259,109.95124152251539,107.55182999826873,109.83106669058543,1303992.3566869448,91.64436652718898,94.13916413329711,90.7153809413472,90.71799470120484,1388964.9121154505,67.0330225254523,67.55445963752088,66.86351306854587,66.88273590340229,6013448.93622052,82.10276776608264,82.14289239733245,82.01233641905466,82.04162789752856,3752618.664405894,39.87986214910485,40.54664359267768,39.597655882242364,39.97577269020259,14819134.570431309,30.722105874739874,30.92347705885839,30.369978632120954,30.217133532561714,22041221.158688046,32.80610830064319,32.79274672760756,32.68254849064475,32.63945270637701,7941356.147484553,26.938514914502562,26.984950663527215,26.602334155388807,26.659855841327538,4664335.952386899,49.62053693093867,50.195054190387815,49.45067915443899,50.51196931898986,2831259.281939835,122.77814053176792,126.45214101692612,121.8587944899348,123.03187367781325,1811805.7395517651,56.85427921910087,57.791247326508746,56.835644205229855,57.4188465640827,2179557.4455555,40.452879171049695,41.810538829857855,40.08344575278204,40.424711366033954,4129412.381077403,108.46136277254828,108.5428295186371,108.10607321854947,108.19364444364771,2233658.6690258333,181.37746734311258,187.39208983530852,180.44572230429227,194.27791497625466,1999604.5785663747,23.551084610372666,23.88735491115185,23.245471652377326,23.853933868409413,3264804.8279248863,9.369267151131572,9.55145144782559,9.278698482500076,9.278745650424051,31747285.40596229,80.23510152844285,80.20745116338134,79.67002187950477,79.83552046717409,8187817.802306439,77.68097302637696,77.90085748635428,77.51675883170431,77.47419195766315,5092729.688977878,50.98341744785833,51.18679303571179,50.83667807689795,51.272423980170274,14212618.153954657,58.59180330486385,58.5472656093614,58.24610743615385,58.369512836508314,4217468.083760378,70.68534039173957,70.91374027205174,70.43642340074896,70.77337682058275,5439834.905629528,56.70891850664043,56.779190519697096,55.96759321184609,56.125058804942796,2485892.2099659764,58.04320178820873,58.07293103225164,57.8691362319351,57.992309437634994,3872105.589579975,167.51991240454424,169.27459202366086,167.00476174175657,168.47393083048584,3139094.209443118,114.69394620070061,115.83807756647825,114.36228110211798,115.64530339394005,2118432.1292474675,45.22795537648626,45.332541471473846,44.894467842520896,44.98051202269209,8749230.305281894,62.2408726057938,62.40923900830708,62.056829357927874,62.18510400246864,4702223.705590611,125.51205433543566,126.85201340216278,125.13867394350025,126.35177364543749,1233898.2502837654,56.9426698467501,55.915042279951045,55.02076744897942,57.040148901602194,8285043.636567592,73.68147698790591,73.66566005227826,71.08110707373233,71.18367447408227,1711676.4582560048,84.40593036655157,85.48331483221789,83.91156753945879,84.58471313477303,6338034.125211913,86.47411705551944,88.1143008356579,85.91635616860216,86.73099502549675,17617418.251857344,107.66700733344074,110.000835667553,106.6665344397815,107.49710032542338,18076583.975341562,37.83017985419202,38.06202848714867,37.4297923591115,37.73637513144143,6097086.990126964,35.41903110893765,45.95852844661301,32.925665528141124,33.68303119930495,4944443.464395542
1896,115.14504572753196,116.24746930469513,114.7466540694893,115.96899679517453,3213775.016636585,102.08327024337991,104.312967203861,100.71718439394976,101.28714392770561,2820011.7792896964,97.84986892225035,97.88112481591196,97.35908128876864,97.43873554645795,8768870.846843716,6.634292191860919,6.698540521607636,6.029894823677429,6.170434845705599,23468448.656352207,71.17732514498967,73.14447709987395,69.8776859499017,72.85226010721185,2646621.533129563,475.8931827445886,488.4499964184229,474.60660161693926,485.9352994192589,551952.0571388515,15.061402381989334,15.649244587425272,15.246404942027473,15.34883720664011,24968229.875412725,41.43895275997641,42.604524234873395,41.20536510011266,42.04235789022834,7796064.658878533,48.23788823353935,48.26795260361672,48.03587676071526,48.01297589887921,4577113.092396651,72.41230536596423,72.444691727421,72.05679641766486,72.20374860042938,6849442.195020823,31.866674956704927,32.08353103450113,31.672513494109754,31.823274263634787,10594164.85475598,77.40689948866952,77.43650831726369,77.09852458467151,77.12268807004101,2244180.1853235676,335.03404055657495,341.70373652588705,332.940467183473,337.1321268858623,2584716.5789590944,41.82564676903276,43.05615035159392,41.29362859183078,42.36416463077045,4657957.109204512,9.728558277568542,10.26897262778288,9.537401491194634,9.823087299362626,20403841.234533895,95.31360001764658,98.75745580647907,95.349958958445,95.71818385114666,10247014.631231867,12.933901172900658,13.24559887575687,12.758261400743367,13.062168163314723,13933813.635400504,151.7500341316857,152.5457214553346,150.07080615453603,150.42379865599284,9195584.21542946,470.62550038122043,484.0207494213181,469.40238517212845,476.7683636097359,1466074.396137057,33.51472310939602,34.26391262302894,33.106585253389206,34.08670452910343,10088095.782188935,43.79193267430722,43.91401628459881,43.48574776469537,43.53817985078658,27071327.682156157,82.18728796917706,82.41520818325476,81.90018912600013,82.19469707148028,17002595.726028018,89.8198066430454,89.78642078856493,89.60714866243394,89.73589595863665,7372078.904481503,41.917634326279256,42.25743256955,41.50605064000201,42.160484997598296,4126129.5479843793,120.024202481437,123.31295104729448,118.6582314582916,121.96301312516037,3983623.20354679,69.271670374234,69.53503117100546,69.06735803516061,69.3322966063041,4524026.41114872,49.64468016826554,49.78875159304489,49.332323808629134,49.63962017805696,2925169.650940107,55.2794559765379,55.57573704701534,55.1421026844203,55.296568379947026,3771690.57636229,24.77393694586303,24.88574793979893,24.351127223938615,24.354037202164864,22660321.92551033,37.43193748028058,38.683853522188016,36.60954605358477,36.609459127961415,16710684.011775052,150.09927817782426,152.95915976236876,147.37731830208875,147.89856863093584,1168510.0825892955,36.574228202420436,36.759962329362025,36.06308327741524,36.11661311934249,53106414.45956504,53.961744717133136,54.776699905620255,53.03726692004181,52.89184761610586,5116837.353503058,43.101625593916,43.592498354631324,42.12641295500227,42.132367232403844,21353070.654919345,279.0925869958775,279.42317373684665,275.58248854787377,275.51592203696185,9456826.574436031,,,,,,24.317000779577672,25.26510810806323,24.174511184511548,24.678490941398806,11148879.635335136,144.6035595369526,143.8544434719339,139.70093514629224,141.29645208997667,2087752.6919400601,5.752698505274091,5.7876368563881915,5.503827495492707,5.435419742892465,24376242.706156887,57.143388974640416,57.20650978757044,56.40583918428241,56.409626553628826,9656500.253871944,94.19289243725598,94.25910787319143,93.58256917193067,93.69402072198439,7616078.024679196,54.06230851708379,54.23361677653097,53.72739858898971,53.85455279659621,11845469.481104244,51.722678179594936,51.68916400964596,51.60948240982409,51.63365247188401,3019201.312173554,93.67104164457423,94.26103274057263,93.58522900934153,94.71578971257595,3906140.3177995416,11.332558591214909,11.609338629530885,11.315544588735696,11.215177492066223,23188127.030236505,26.648472532824897,26.46777976668195,26.059072031760994,26.311288393165288,13892449.3324059,107.1877129623188,107.17531616332035,106.1633677515203,106.23318669743458,33079851.930472154,70.85778126777652,72.17710996166431,70.09481822443186,70.25395468792038,2787120.700518394,92.62547830913437,92.6912307962347,92.27504602599751,92.34898132622018,4048376.1171619464,137.64801353092915,139.54375051280675,135.19619709289188,136.22955833180077,2723786.3169147884,110.48662976465836,113.62097649292618,110.13348360782854,112.94799801871198,8170910.473891741,45.4227426591239,46.21684324044915,43.799455396968966,43.80016675481831,10683144.0262583,130.29199926426307,133.30218881087288,128.5511688465877,130.0317940781376,2778161.7387372954,54.85423138875797,54.41122723783949,50.87167917587162,50.4819052029667,1599953.4520213078,243.28423166158072,250.19311825550665,241.28695317685674,245.4553779400667,569480.0791929291,92.40762670160369,93.6238570714193,91.32504718092015,91.8710491554483,4448576.984352002,45.450694140427,46.64147962970428,44.88098505691352,45.75879545162146,12133021.628509302,25.20545004439435,26.010440555905472,24.893098076114224,24.87733736332681,3554640.860316452,61.23135116949074,61.635342380751105,60.51576554046669,60.632237927443164,3280312.9902344574,168.5260859857916,170.76926563325097,167.90370945833476,170.1926684672294,9915079.191156263,107.68316552295936,109.9512415204419,107.55182999827205,109.83106668918695,1303992.3566869395,91.64436652719333,94.13916413427594,90.71989759669596,90.71799470510707,1388964.9086793931,67.03302252545231,67.55445963757855,66.8663571208197,66.88273590325693,6013448.936517238,82.10841867915225,82.14855492479505,82.01795043109284,82.04722371007664,3752618.6466449997,39.87986185352269,40.54664358402608,39.597655882132024,39.97576252539508,14819134.570405308,30.722105844775427,30.92347705885839,30.377689686682693,30.21894358851479,22041221.15865912,32.80610830064319,32.79274672615046,32.682548491346964,32.639452578159656,7941356.139472285,26.938514269858437,26.98495436246846,26.602333572754066,26.659882467002753,4664335.939814302,49.620536930938876,50.195054190387815,49.45067915443899,50.529159909288865,2831259.281333386,122.77814053179809,126.45214873148609,121.85879448993597,123.03187369914691,1811805.7395487865,56.854279223561115,57.79124732638328,56.835644205685334,57.4188465640827,2179557.444976738,40.45619929859029,41.81053883834799,40.08344575278204,40.42471137065996,4129412.3810995333,108.46136277038991,108.54282951502529,108.10607321854947,108.19364444321627,2233658.669027013,181.37738771134656,187.39208996909147,180.44572230429225,194.55994066185755,1999604.5785266052,23.551084620161006,23.887354927705662,23.245471640794886,23.853934015369315,3264804.8279265207,9.367460325794914,9.551451447828239,9.278698482500076,9.278745650424051,31747285.406342283,80.23510152844285,80.20745116338134,79.67002179703073,79.8355178702098,8187817.802978272,77.68097302637696,77.90873536513874,77.51675883170432,77.47419045117414,5092729.688978043,50.98341744805247,51.186792963793806,50.836678076813975,51.27972457769375,14212618.076725293,58.59441582550902,58.5472656093614,58.24610743615385,58.37196836361429,4217468.083928251,70.68534039191016,70.91374027205264,70.43642340037846,70.77337682035609,5439834.905918827,56.70891611036147,56.77919618922817,55.967593211684026,56.12510548211569,2485888.929669422,58.0474026860577,58.07713655339927,57.8691362319351,57.996460508601395,3872105.5895798556,167.51991240441174,169.27459202365236,167.00476174175648,168.47393083026674,3139094.1841480266,114.69394620082619,115.8380775664783,114.36228110211951,115.64530339411145,2118432.1292417375,45.2279553764878,45.332541471473846,44.89446784251573,44.980512022707515,8749230.305282213,62.240872606260474,62.40923821247468,62.05682935746779,62.18510400424118,4702223.70558252,125.51205433538308,126.85201340216254,125.1386739434988,126.35437579165469,1233898.2502837745,56.98979750040433,55.91503251462074,55.02076746188127,57.0871153237334,8285043.636567592,73.72950535844576,73.66566005227818,71.08110707374297,71.18367447408227,1711676.458256985,84.40593036649896,85.48331483221789,83.91156753945879,84.58471313477288,6338034.146468392,86.47411705552236,88.1143008356302,85.91635616860216,86.73099502485465,17617418.301653612,107.66700733344074,110.00083566066425,106.6665344397782,107.49710032542338,18076583.973972462,37.83017985419202,38.06202848714867,37.4297923591115,37.73637513144143,6097086.990126964,35.25484748775189,45.95862344585105,32.689306866094206,33.16299408965305,4944443.466409354
1897,115.14504572724793,116.24746930469269,114.74665406948883,115.96899679165027,3213774.99259878,102.08327026910518,104.31296728722128,100.71718439456079,101.28714392770657,2820011.779308177,97.8498689222497,97.88112481591196,97.35908128876864,97.43873554645795,8768870.846843703,6.6343193495809905,6.698540590845164,6.025623130229331,6.170434843702115,23468448.65656584,71.11744356413745,73.05107638990131,69.86197428854898,72.38005984504856,2646621.5331503516,476.2442402472049,489.5071720827057,475.5183676664653,486.44274233862944,551952.0568638408,15.061402381989334,15.657560320891081,15.253922499559188,15.348859463589562,24968229.875414018,41.43895275997471,42.60452423487106,41.205365098872576,42.042357891098106,7796064.658877179,48.24033106175811,48.270404560765826,48.035876654187696,48.012974947171536,4577113.092364807,72.41230511708262,72.444691727421,72.05679439107963,72.20374860042938,6849442.189270547,31.86667495670685,32.08353103486706,31.672191612598958,31.823273841631142,10594164.855438823,77.41289954515508,77.44250521992412,77.09852447546703,77.12268807004101,2244180.18528122,335.05969096452213,341.9403102191176,332.98603280798363,337.6458629022578,2584716.5789655955,41.82564670727259,43.05615039730037,41.29362862993107,42.36414923447361,4657957.1091966685,9.72855827756854,10.268972627785375,9.53740144119264,9.82308729936657,20403841.234012745,95.31360001764408,98.75745580647907,95.3499589584509,95.71818390837345,10247014.631267011,12.933901172900658,13.24559887575687,12.758261400743367,13.062168169937415,13933813.635373862,151.7500341316857,152.54572145528755,150.07080615453603,150.42379865599284,9195584.215429336,470.65192988372945,484.50392985143407,469.63798263721014,477.3842408784367,1466074.396135563,33.51472310939602,34.26391262301964,33.10658525336481,34.086704518671965,10088095.782253124,43.79193267430698,43.91401628459881,43.48574776469537,43.53817985077583,27071327.792989023,82.18728796845383,82.41520818306971,81.90018912599587,82.19469706185038,17002595.726040356,89.81980664181295,89.78642071145885,89.60714859917367,89.73589543968684,7372078.914638521,41.91763432627926,42.2574325776627,41.50434091905301,42.16048499761966,4126129.54785142,120.02420248094002,123.3129510472323,118.65823145792397,121.96301307703548,3983623.203549158,69.27167037423348,69.53503117095606,69.06735803516098,69.3322966083087,4524026.410985404,49.644680168039855,49.788751593041226,49.332323808614376,49.63962017782972,2925169.6509401617,55.27945597653787,55.57573704700217,55.14210268333484,55.2965683798145,3771690.5763616133,24.773936946994038,24.885747941167875,24.351127223974085,24.354037202064607,22660321.925512414,37.43193748488081,38.68213893930313,36.60954605358477,36.60945912782657,16710684.011774706,150.09927817783776,152.95915976236876,147.37731830210816,148.049326699776,1168510.0817293378,36.57422820244746,36.75996232959455,36.06308327757535,36.1166131190426,53106414.60272811,53.96174339724698,54.77669990849872,53.03726692047771,52.891847616110255,5116837.362058074,43.10162560378929,43.592498355796366,42.12641266829736,42.132367232403844,21353070.656548854,279.2385350146124,279.56918748948425,275.72404053966403,275.6557072032683,9456826.57453745,,,,,,24.317000779577672,25.26510810813168,24.17451118450652,24.678490941398806,11148879.651846398,144.8274388820112,143.85444347193584,139.70093514629045,141.29645208947545,2087752.6919400606,5.752698505274091,5.784967034243523,5.503827495492707,5.432665604574665,24376242.706156492,57.173746424591805,57.23697981689155,56.43540974601425,56.43880437131849,9656500.235609371,94.19289242679037,94.25910787317012,93.58256916992013,93.68774502778953,7616078.024679088,54.062308517072104,54.23361677653097,53.7273985889897,53.85455279658132,11845469.481094828,51.722678179594936,51.68916400964596,51.6094753939664,51.63365781829786,3019201.3121752026,93.67104160964165,94.26103274057184,93.58522898712167,94.72985240932067,3906140.317800232,11.332558568873988,11.609338629530885,11.32243979039059,11.215177492066223,23188127.033355366,26.66215572781886,26.46777976668195,26.059072031760994,26.311288393165288,13892449.332409624,107.18771296292616,107.17531616332035,106.16336775140199,106.23318668082915,33079852.045685362,70.85768294523524,72.17710996166024,70.09481822440918,70.25395468142253,2787120.7005021106,92.6254783175754,92.6912307962347,92.27504602599751,92.34898132622018,4048376.117074737,137.69183566981317,139.54375051692577,135.19619709289506,136.22955834744056,2723786.3118053842,110.48662976398961,113.62097649260771,110.13348360782798,112.94799801863242,8170910.473804326,45.42274266180895,46.21684324247261,43.79945539699444,43.80016675481831,10683144.026258968,130.27966180353457,133.30218881102158,128.55116884691498,130.0317940781376,2778161.738736097,54.85423233827997,54.69588908708245,51.00547565548576,50.6015752120294,1599953.4563787964,243.5651434716795,250.58416277416418,241.92674484112143,245.65733912386165,569480.0791937046,92.4076267016037,93.62385707139264,91.32504718090252,91.87104915540182,4448576.994209196,45.45069414039622,46.64147962970428,44.880985056598185,45.75879543938125,12133021.97889288,25.205408256716563,26.010440556147582,24.893098076114228,24.87733427046818,3554640.8600742873,61.22960358560032,61.63506830084174,60.516349970110745,60.63223792737056,3280312.9902187292,168.52608598560008,170.76926563324824,167.9037094583112,170.19266846722846,9915079.191010809,107.68316552177174,109.95124151978024,107.55182999825007,109.83106668910256,1303992.3566869393,91.64436652719941,94.13916413378443,90.71585948575614,90.71799471040283,1388964.9091816922,67.03302252545231,67.55445963778755,66.863851822168,66.88273590351938,6013448.93692364,82.11406998115905,82.15421784260448,82.02356482742846,82.05281990429825,3752618.638396892,39.87986165098717,40.54664357895328,39.59765588209061,39.97575460547003,14819134.570416331,30.722105863095067,30.92347705885839,30.385402698593317,30.217314168802915,22041221.158647873,32.80610830064319,32.792746725298976,32.6825484909581,32.63945249442272,7941356.147997324,26.938513948320825,26.984951653921797,26.602333981773004,26.659859563382426,4664335.939438936,49.62053693093879,50.195054190387815,49.45067915443899,50.54635635001102,2831259.2809988777,122.77814053179503,126.45214328420046,121.85879448993623,123.03187370032562,1811805.7395479144,56.85427921910087,57.791247326323216,56.83564420587108,57.4188465640827,2179557.445589957,40.45324101420432,41.81053884442709,40.08344575278204,40.42471137395258,4129412.3811059813,108.4613627729395,108.5428295141495,108.10607321854947,108.19364444306862,2233658.6690257387,181.3773260550443,187.39208996131387,180.44572230429225,194.8423757531684,1999604.5785237367,23.55108459757561,23.88735490927596,23.24547164741067,23.853933964049986,3264804.8279271554,9.365653848897226,9.55145144782707,9.278698482500076,9.278745650424051,31747285.406506285,80.23510152844285,80.20745116338134,79.67002174529873,79.83551602367766,8187817.802537654,77.68097302637696,77.91661404058932,77.51675883170432,77.47418937175931,5092729.688977983,50.98341744783208,51.186792917689374,50.836678076770006,51.28702620977674,14212618.088015964,58.59702846264256,58.5472656093614,58.24610743615385,58.374423994021,4217468.084056532,70.68534039138396,70.91374027203983,70.43642340018316,70.7733768173009,5439834.905982814,56.70891483867037,56.77919206345451,55.96759321150865,56.12506703465047,2485889.744519642,58.05160388794818,58.08134237910202,57.8691362319351,58.00061187670013,3872105.5895797554,167.51991240428,169.27459202364804,167.00476174175645,168.47393083001552,3139094.188938201,114.69394620044247,115.83807756647803,114.36228110211758,115.64530339387771,2118432.1292449473,45.22795537648622,45.332541471473846,44.89446784251864,44.98051202264859,8749230.305280713,62.24087260581079,62.40923765386668,62.0568293572056,62.185104001389284,4702223.7055875305,125.5120543353269,126.85201340216238,125.13867394349784,126.3519119414099,1233898.250283758,57.03696415689347,55.915039614830704,55.02076746481327,57.13412041342903,8285043.636567592,73.77756503817473,73.6656600522785,71.08110707377834,71.18367447408227,1711676.4582582684,84.40593036649108,85.48331483221789,83.91156753945879,84.58471313477274,6338034.157535403,86.47411705551798,88.11430083564744,85.91635616860215,86.73099502487393,17617418.315041453,107.66700733344072,110.00083566306311,106.66653443977101,107.49710032542338,18076583.974871673,37.83017985419202,38.06202848714867,37.4297923591115,37.73637513144143,6097086.990126964,34.22211295959265,45.95870690675809,31.829854152793345,32.45258754486777,4944443.44054644
1898,115.14504572726807,116.2474693046925,114.74665406948878,115.96899679173806,3213774.991294493,102.08327026803376,104.31296729081704,100.71718439461085,101.2871439277065,2820011.7793019945,97.84986892224998,97.88112481591196,97.35908128876864,97.43873554645795,8768870.846843736,6.634298647474225,6.698540547118369,6.021354462931016,6.1704348448440856,23468448.65648167,71.16643097874471,73.1522514640152,69.6921621495496,72.84169116919887,2646621.5331775313,476.3956518020854,489.42583467573934,475.19651434221,486.3597355495252,551952.0570760679,15.061402381989334,15.665880473191466,15.26144376377923,15.348840447118553,24968229.875416808,41.43895275997459,42.60452423487056,41.2053650986686,42.042357891084684,7796064.658878212,48.24277401368481,48.27285664247157,48.03587657983633,48.01297425431616,4577113.092324452,72.41230489288562,72.444691727421,72.05679582585499,72.20374860042938,6849442.196876312,31.86667495670694,32.083531034909655,31.67246748416364,31.82327412585815,10594164.856422354,77.41890006672423,77.44850258700168,77.09852448635145,77.12268807004101,2244180.185289565,335.1635619241558,341.8643807914253,332.8899475949212,337.1821589904277,2584716.578966891,41.82564670847522,43.056150368841394,41.29362860736611,42.36416136263622,4657957.109293679,9.72855827756854,10.268972627785425,9.537401473719301,9.823087299366742,20403841.233914454,95.31360001764406,98.75745580647907,95.34995895845141,95.71818390630189,10247014.631249323,12.933901172900658,13.24559887575687,12.758261400743367,13.062168169441359,13933813.635357263,151.7500341316857,152.54572145529383,150.07080615453603,150.42379865599284,9195584.215429356,470.72023196909885,484.2074756370201,469.3104423211869,476.942724252352,1466074.3961366834,33.51472310939602,34.26391262301891,33.10658525336092,34.086704514308536,10088095.78225741,43.791932674307006,43.91401628459881,43.48574776469537,43.53817985077681,27071327.962577872,82.1872879685393,82.41520818306104,81.90018912599564,82.19469706196136,17002595.726038273,89.81980664224075,89.78642066211245,89.60714855846288,89.73589514381396,7372078.9085832145,41.91763432627926,42.2574325726972,41.50583154842215,42.1604849976188,4126129.547966223,120.02420248093016,123.31295104722813,118.65823145788029,121.96301307468421,3983623.203559338,69.27167037423352,69.53503117095372,69.06735803516098,69.33229660801018,4524026.411086624,49.644680168051885,49.788751593041056,49.3323238086139,49.63962017782583,2925169.6509404527,55.27945597653788,55.57573704700239,55.1421026839384,55.29656837988093,3771690.576361458,24.773936946894008,24.88574794125934,24.35112722397673,24.354037202089145,22660321.925514113,37.43193748514779,38.683586503811156,36.60954605358477,36.609459127874906,16710684.01177458,150.099278177838,152.95915976236913,147.37731830210893,148.03961567329716,1168510.079580377,36.574228202444424,36.75996232958027,36.06308327757505,36.11661311907008,53106415.10799969,53.961742504832664,54.77669990868214,53.037266920520935,52.891847616110006,5116837.357368835,43.10162560345444,43.59249835586546,42.12641285334364,42.132367232403844,21353070.65555145,279.38455933603353,279.71527754132075,275.8656652391033,275.7955632884121,9456826.574477725,,,,,,24.317000779577672,25.265108108147295,24.17451118450588,24.6784909413983,11148879.659647167,144.83315396844023,143.85444347193607,139.70093514629025,141.2964520894962,2087752.6919400587,5.752698505274091,5.782298443681011,5.503827495492707,5.429912861784392,24376242.706155557,57.20412000195152,57.267466075531495,56.46499581000852,56.46799728120247,9656500.181184134,94.1928924189959,94.25910787318037,93.5825691698258,93.69383426674416,7616078.02467922,54.062308517073475,54.23361677653097,53.7273985889897,53.85455279658248,11845469.481127752,51.722678179594936,51.68916400964596,51.609480974789676,51.63365358192281,3019201.312173287,93.6710416073215,94.2610327405715,93.58522898300653,94.74391719401513,3906140.317799866,11.332558554854629,11.609338629530885,11.329339193682046,11.215177492066223,23188127.03407363,26.67584594872491,26.46777976668195,26.059072031760994,26.311288393165288,13892449.33242491,107.18771296299161,107.17531616332035,106.16336775134545,106.23318667118654,33079851.859918263,70.85776576572114,72.17710996166224,70.09481822440601,70.25395468610702,2787120.700525919,92.62547831702864,92.6912307962347,92.27504602599751,92.34898132622018,4048376.116700966,137.88250143930478,139.5437505178261,135.19619709289546,136.229558346013,2723786.3186935047,110.48662976396115,113.62097649253455,110.13348360782791,112.94799801862887,8170910.475509302,45.422742661866224,46.216843242635065,43.79945539699636,43.80016675481831,10683144.026258856,130.25002587369815,133.30218881104963,128.55116884695707,130.0317940781376,2778161.7387366644,54.854232368382725,54.69926172143686,50.93475883426173,50.86329362414695,1599953.4541382745,243.29694281540972,250.3626231585092,241.36881339244022,245.7064511035076,569480.0791937595,92.4076267016037,93.62385707138299,91.32504718090176,91.87104915539727,4448576.996246327,45.45069414039486,46.64147962970428,44.88098505655202,45.758795437804814,12133022.03019378,25.205375751779556,26.010440556152467,24.893098076114228,24.877332114281884,3554640.858676879,61.23120582069658,61.635294580943345,60.51582938014656,60.6322379273753,3280312.9902898427,168.52608598560812,170.76926563324793,167.90370945830776,170.19266846722843,9915079.191037072,107.68316552178945,109.95124151969112,107.55182999824817,109.83106668907601,1303992.3566869383,91.64436652719932,94.13916413403123,90.71946975457303,90.71799471025017,1388964.9078377024,67.03302252545231,67.55445963780998,66.86605871596947,66.88273590352267,6013448.936809544,82.11972167212978,82.15988115078764,82.02917960808783,82.05841648021942,3752618.6486743004,39.87986151232097,40.5466435759611,39.597655882079195,39.97574842526755,14819134.570418004,30.72210585189482,30.92347705885839,30.39311766822957,30.21878097903767,22041221.1586435,32.80610830064319,32.79274672480139,32.68254849117344,32.639452439735315,7941356.138588983,26.93851364228421,26.984953637252847,26.60233369463515,26.659879265261154,4664335.940379742,49.620536930938826,50.195054190387815,49.45067915443899,50.56355864314738,2831259.281132814,122.77814053179502,126.45214714586719,121.85879448993623,123.03187370008821,1811805.7395464908,56.854279219197956,57.79124732630404,56.835644205875376,57.4188465640827,2179557.445221881,40.45587690814072,41.81053884515063,40.08344575278204,40.42471137408845,4129412.3810717175,108.46136277292528,108.54282951449858,108.10607321854947,108.19364444307458,2233658.669025818,181.37727831656258,187.3920899499716,180.44572230429225,195.1252208445056,1999604.5785501234,23.551084597480262,23.88735490592614,23.24547164363179,23.85393396649213,3264804.827927414,9.363847720371314,9.551451447827585,9.278698482500076,9.278745650424051,31747285.40657713,80.23510152844285,80.20745116338134,79.67002171284973,79.83551471072894,8187817.802184945,77.68097302637696,77.9244935127866,77.51675883170432,77.47418862038968,5092729.688977937,50.98341744785482,51.18679288813322,50.836678076746985,51.29432888466219,14212618.105479874,58.59964121626968,58.5472656093614,58.24610743615385,58.376879727732785,4217468.083979206,70.68534039143614,70.91374027203909,70.4364234000802,70.77337681732153,5439834.906059509,56.70891365367246,56.77919506582536,55.967593211492726,56.12509870320588,2485889.981310101,58.05580539390218,58.08554850938194,57.8691362319351,58.00476354195246,3872105.58957979,167.51991240429066,169.27459202364767,167.00476174175645,168.4739308300122,3139094.19119913,114.69394620047125,115.838077566478,114.3622811021174,115.64530339387649,2118432.1292491793,45.227955376486385,45.332541471473846,44.894467842517,44.980512022653684,8749230.305281334,62.24087260586805,62.40923726177043,62.05682935705619,62.18510400145448,4702223.705590539,125.51205433533154,126.85201340216237,125.1386739434977,126.35424484568277,1233898.2502837821,57.08416985026893,55.915034452385605,55.02076746569131,57.18116420506439,8285043.636567592,73.82565604242964,73.66566005227853,71.08110707377935,71.18367447408227,1711676.4582579804,84.40593036649187,85.48331483221789,83.91156753945879,84.58471313477274,6338034.163601052,86.47411705551772,88.11430083565371,85.91635616860215,86.73099502485391,17617418.334094614,107.66700733344072,110.00083566370648,106.66653443977133,107.49710032542338,18076583.97493988,37.83017985419202,38.06202848714867,37.4297923591115,37.73637513144143,6097086.990126964,34.49651244967545,45.95877427831317,31.792675146479574,31.853586095259544,4944443.461135268
1899,115.14504572724412,116.24746930469242,114.74665406948877,115.96899679154104,3213774.9911233303,102.08327026943083,104.31296729670434,100.71718439462649,101.28714392770651,2820011.7792994794,97.84986892224985,97.88112481591196,97.35908128876864,97.43873554645795,8768870.846843746,6.634314428520034,6.698540574733922,6.017088819638702,6.170434844193171,23468448.656446606,71.32915359348624,73.12406793247355,69.83846920645612,72.39039261846655,2646621.533190202,476.51992204912204,489.75868820946965,475.76475419066213,486.59382024286197,551952.0571469594,15.061402381989334,15.674205046674519,15.26896873651526,15.348856694905358,24968229.87541759,41.43895275997463,42.60452423487061,41.20536509884729,42.042357891045214,7796064.6588784475,48.245217089325706,48.27530884874027,48.03587652794247,48.012973749908575,4577113.092310454,72.41230473876581,72.444691727421,72.05679480303989,72.20374860042938,6849442.19721694,31.866674956706966,32.08353103499087,31.672231045854364,31.823273934429366,10594164.856847705,77.42490105341301,77.45450041853235,77.09852455324467,77.12268807004101,2244180.18529171,335.32708850836485,342.12245351474195,333.2433534750099,337.71057432147416,2584716.5789673594,41.8256467145569,43.05615038575872,41.29362862071897,42.36415179171651,4657957.109332925,9.72855827756854,10.26897262778535,9.537401454210304,9.823087299366785,20403841.233890958,95.31360001764402,98.75745580647907,95.34995895845138,95.71818390267615,10247014.631243065,12.933901172900658,13.24559887575687,12.758261400743367,13.06216816956545,13933813.635350749,151.7500341316857,152.5457214553018,150.07080615453603,150.42379865599284,9195584.215429358,471.06316239148254,484.69305670323115,469.6597111625166,477.2650774830755,1466074.3961369928,33.51472310939602,34.26391262301877,33.106585253362255,34.086704512302894,10088095.782259027,43.79193267430698,43.91401628459881,43.48574776469537,43.53817985077643,27071328.048009247,82.18728796842525,82.41520818304652,81.90018912599514,82.19469706118063,17002595.72603718,89.81980664203378,89.78642063053171,89.6071485322637,89.73589493844689,7372078.906395926,41.91763432627926,42.25743257573641,41.504531936840486,42.16048499761911,4126129.547997108,120.02420248092787,123.31295104723013,118.65823145787017,121.96301306254188,3983623.2035627044,69.27167037423348,69.53503117094428,69.06735803516094,69.33229660739379,4524026.411106831,49.644680168044324,49.78875159304101,49.332323808613594,49.639620177822295,2925169.6509405426,55.279455976537875,55.575737047002704,55.1421026836028,55.296568379847635,3771690.5763614126,24.773936946838212,24.88574794122155,24.35112722397151,24.354037202079393,22660321.925514676,37.431937485743745,38.68236438386675,36.60954605358477,36.60945912796676,16710684.011774536,150.099278177838,152.95915976236898,147.37731830210907,148.0233950536898,1168510.078933723,36.57422820244721,36.75996232960153,36.0630832776389,36.116613119094716,53106415.09684172,53.961741901940854,54.77669990874081,53.03726692051524,52.89184761611002,5116837.356831983,43.10162560383752,43.592498355888374,42.1264127339103,42.132367232403844,21353070.655440144,279.530660019465,279.8614439331419,276.00736268357974,275.9354903306906,9456826.57446218,,,,,,24.317000779577672,25.265108108147654,24.1745111845058,24.678490941397893,11148879.659363182,144.87968373700824,143.85444347193612,139.70093514629016,141.29645208958914,2087752.691940058,5.752698505274091,5.7796310841325305,5.503827495492707,5.4271615138145295,24376242.70615528,57.23450971528727,57.297968572134536,56.494597384392215,56.497205291087184,9656500.168373954,94.19289241432722,94.25910787317544,93.58256917013571,93.68792594331487,7616078.024679248,54.06230851707185,54.23361677653097,53.7273985889897,53.85455279658196,11845469.481139489,51.722678179594936,51.68916400964596,51.609476535476645,51.63365693872872,3019201.3121729866,93.67104160456584,94.26103274057135,93.58522898032638,94.75798406694443,3906140.3177997414,11.332558546057209,11.609338629530885,11.336242801170359,11.215177492066223,23188127.034080137,26.689543199150638,26.46777976668195,26.059072031760994,26.311288393165288,13892449.332429418,107.18771296302384,107.17531616332035,106.16336775131813,106.2331866655762,33079851.79806231,70.85769600315402,72.17710996166103,70.09481822439898,70.25395468272984,2787120.70053369,92.62547831824308,92.6912307962347,92.27504602599751,92.34898132622018,4048376.1166188875,137.88239065824615,139.5437505178028,135.19619709289546,136.22955834593154,2723786.3204407315,110.48662976390355,113.62097649249415,110.13348360782788,112.94799801862436,8170910.47703999,45.42274266193352,46.21684324268262,43.79945539699712,43.80016675481831,10683144.026258828,130.28634920254663,133.3021888110508,128.55116884685074,130.0317940781376,2778161.7387368847,54.85423244040958,54.690932053491316,50.82679106205768,50.59745502733312,1599953.4538025162,242.96583562416572,250.23163224001541,241.17555089268956,245.4999582491877,569480.079193777,92.4076267016037,93.62385707140103,91.32504718089889,91.8710491553972,4448576.9977883315,45.45069414039453,46.64147962970428,44.88098505655026,45.75879543640649,12133022.039960602,25.205350467509508,26.010440556162017,24.893098076114228,24.877330611399874,3554640.8581002792,61.22973684769216,61.63510776487931,60.516293103875704,60.63223792737371,3280312.990312561,168.5260859856016,170.7692656332479,167.9037094583076,170.19266846722843,9915079.191047456,107.68316552176138,109.95124151962933,107.55182999824777,109.83106668905953,1303992.356686938,91.64436652719941,94.1391641339073,90.71624199755387,90.71799471050166,1388964.9072041502,67.03302252545231,67.5544596378067,66.86411468416804,66.88273590352435,6013448.936767985,82.12537375209124,82.16554484937144,82.03479477309726,82.0640134378662,3752618.6516637476,39.879861417431,40.54664357419893,39.59765588206853,39.975743601623876,14819134.57041865,30.722105858742417,30.92347705885839,30.400834596737237,30.217460550513884,22041221.1586418,32.80610830064319,32.792746724510614,32.68254849105419,32.63945240401975,7941356.137731045,26.938513435653896,26.984952184960328,26.60233389621053,26.659862317546345,4664335.9410881195,49.62053693093881,50.195054190387815,49.45067915443899,50.580766790689694,2831259.2811541664,122.77814053179593,126.45214441164293,121.8587944899362,123.0318737012654,1811805.7395462566,56.85427921896236,57.79124732628415,56.83564420586899,57.4188465640827,2179557.4451174247,40.453528275987885,41.810538845500055,40.08344575278204,40.42471137421006,4129412.381063611,108.46136277326359,108.54282951415895,108.10607321854947,108.19364444307578,2233658.6690258295,181.37724135419936,187.39208994704535,180.44572230429225,195.40847653105027,1999604.5785533509,23.551084602331716,23.887354908897002,23.245471645790253,23.853933971137963,3264804.8279275154,9.362041940149995,9.551451447827358,9.278698482500076,9.278745650424051,31747285.406607706,80.23510152844285,80.20745116338134,79.67002169249604,79.83551377717664,8187817.802105752,77.68097302637696,77.93237378181114,77.51675883170432,77.47418808796397,5092729.688977929,50.983417447827776,51.186792869185666,50.836678076734934,51.3016325992427,14212618.10574807,58.60225408639557,58.5472656093614,58.24610743615385,58.379335564753994,4217468.083951807,70.68534039137269,70.91374027203852,70.43642340002593,70.77337681719452,5439834.906092761,56.708912829488945,56.7791928810868,55.967593211515194,56.12507261828534,2485890.1148400777,58.0600072039417,58.08975494426108,57.8691362319351,58.00891550437966,3872105.589579798,167.51991240428083,169.27459202364759,167.00476174175645,168.47393083001407,3139094.190797429,114.69394620043852,115.838077566478,114.36228110211744,115.6453033938685,2118432.129249919,45.227955376486136,45.332541471473846,44.894467842517926,44.98051202265126,8749230.305281458,62.24087260579221,62.40923698655155,62.05682935697104,62.185104001295976,4702223.705590861,125.51205433532826,126.85201340216237,125.1386739434977,126.35203592801098,1233898.2502837877,57.131414612654716,55.91503820591395,55.02076746547642,57.22824673219554,8285043.636567592,73.87377839428207,73.66566005227853,71.08110707377911,71.18367447408227,1711676.4582578733,84.40593036648644,85.48331483221789,83.91156753945879,84.58471313477274,6338034.166791949,86.47411705551765,88.11430083565722,85.91635616860215,86.73099502482455,17617418.342179667,107.66700733344072,110.00083566390573,106.66653443977143,107.49710032542338,18076583.97497194,37.83017985419202,38.06202848714867,37.4297923591115,37.73637513144143,6097086.990126964,34.03469053726458,45.95883081384788,31.62787107300786,32.19925668215881,4944443.469018431
1900,115.14504572724344,116.24746930469237,114.74665406948877,115.96899679126905,3213774.99080998,102.08327026663088,104.31296729218077,100.71718439459184,101.2871439277065,2820011.779298391,97.84986892224991,97.88112481591196,97.35908128876864,97.43873554645795,8768870.846843746,6.634302398758539,6.698540557293385,6.012826198210124,6.170434844564188,23468448.656432208,71.57371676483024,73.54318591860668,69.97053650641594,72.83158945945155,2646621.533196024,476.74329892977016,489.80125358353894,475.4443085130373,486.834353997204,551952.057172659,15.061402381989334,15.682534043689577,15.27649741959584,15.34884281269893,24968229.875417806,41.43895275997461,42.60452423487069,41.20536509873613,42.04235789111252,7796064.658878525,48.24766028868707,48.27776117957827,48.03587649172293,48.01297338269339,4577113.092305879,72.41230461608116,72.444691727421,72.0567955509977,72.20374860042938,6849442.19727981,31.866674956706927,32.08353103493836,31.672433687522624,31.82327406335806,10594164.856989015,77.43090250525746,77.46049871455209,77.09852454448736,77.12268807004101,2244180.1852923324,335.4218714661934,342.09036731376,333.35880296458055,337.5829267631539,2584716.5789675894,41.82564670898476,43.05615037575487,41.29362861281697,42.364159347854766,4657957.1093445765,9.72855827756854,10.268972627785283,9.537401466294776,9.823087299366845,20403841.23387557,95.31360001764398,98.75745580647907,95.34995895845124,95.7181839001108,10247014.631240737,12.933901172900658,13.24559887575687,12.758261400743367,13.06216816975091,13933813.6353482,151.7500341316857,152.5457214552972,150.07080615453603,150.42379865599284,9195584.21542936,471.19023033849464,484.651294478551,469.8716607414468,477.4595041230977,1466074.396137048,33.51472310939602,34.2639126230188,33.10658525336168,34.086704512559045,10088095.782260532,43.791932674306985,43.91401628459881,43.48574776469537,43.53817985077643,27071328.069389604,82.18728796842109,82.4152081830385,81.90018912599506,82.19469706059041,17002595.72603693,89.8198066417233,89.78642061032065,89.60714851540337,89.7358947955157,7372078.90515572,41.91763432627926,42.257432573876216,41.5056650068733,42.16048499761974,4126129.548006682,120.02420248093296,123.31295104722895,118.65823145787157,121.96301306202912,3983623.203562531,69.27167037423347,69.53503117093753,69.06735803516092,69.33229660666242,4524026.411110124,49.64468016804482,49.788751593041,49.33232380861364,49.63962017781982,2925169.65094057,55.279455976537875,55.57573704700273,55.1421026837894,55.296568379864325,3771690.576361404,24.773936946847357,24.885747941181542,24.351127223971023,24.354037202029733,22660321.92551486,37.431937485407666,38.68339617126276,36.60954605358477,36.6094591280156,16710684.01177452,150.09927817783787,152.95915976236904,147.3773183021092,148.26960926965359,1168510.0789673608,36.574228202446136,36.75996232959242,36.06308327761072,36.116613119082054,53106415.14486539,53.961741494569296,54.776699908724396,53.03726692052235,52.89184761611005,5116837.35688583,43.101625603393515,43.592498355877765,42.12641281099546,42.132367232403844,21353070.655423928,279.6768371035403,280.00768670480653,276.14913291045724,276.07548836599835,9456826.574458852,,,,,,24.317000779577672,25.265108108144613,24.174511184505864,24.678490941397982,11148879.660470452,145.00540800081157,143.85444347193604,139.7009351462901,141.29645208935742,2087752.6919400578,5.752698505274091,5.776964955030218,5.503827495492707,5.42441155995832,24376242.7061552,57.26491557317128,57.32848731534953,56.5242144772966,56.52642840878309,9656500.167470315,94.19289241126855,94.25910787317781,93.58256916999206,93.69365872634494,7616078.024679259,54.06230851707237,54.23361677653097,53.7273985889897,53.8545527965819,11845469.481141327,51.722678179594936,51.68916400964596,51.609480066765705,51.63365427887312,3019201.3121729884,93.67104160229277,94.2610327405713,93.58522897838746,94.77205302841816,3906140.3177996594,11.332558540536658,11.609338629530885,11.343150615417384,11.215177492066223,23188127.03415926,26.7032474827055,26.46777976668195,26.059072031760994,26.311288393165288,13892449.332430672,107.18771296298075,107.17531616332035,106.16336775130488,106.23318666231208,33079851.782580905,70.85775476658335,72.17710996166161,70.09481822440874,70.25395468516456,2787120.700537501,92.62547831715487,92.6912307962347,92.27504602599751,92.34898132622018,4048376.1165774297,137.99900805851107,139.54375051762318,135.19619709289543,136.22955834611284,2723786.320880545,110.4866297639061,113.6209764924617,110.13348360782788,112.94799801861727,8170910.476990399,45.42274266188723,46.21684324268507,43.79945539699686,43.80016675481831,10683144.02625882,130.5348834772114,133.30218881105662,128.55116884685833,130.0317940781376,2778161.7387369745,54.85423236332874,54.48740925733207,50.62177302267149,50.614448977124525,1599953.45375794,243.15734893210302,249.84406542530303,241.11662228339662,245.0649589492762,569480.079193809,92.4076267016037,93.62385707141003,91.3250471808923,91.87104915539952,4448576.997946223,45.450694140395505,46.64147962970428,44.88098505655508,45.75879543585352,12133022.057930475,25.205330799902963,26.010440556160024,24.893098076114228,24.877329563871882,3554640.8578925487,61.23108364236845,61.63526199958804,60.5158800346328,60.63223792737345,3280312.990322714,168.5260859855956,170.76926563324795,167.9037094583081,170.19266846722843,9915079.19105064,107.68316552172553,109.95124151956858,107.55182999824733,109.83106668904423,1303992.356686938,91.6443665271994,94.13916413396953,90.71912777030465,90.71799471040096,1388964.9069304354,67.03302252545231,67.55445963780983,66.86582716332879,66.88273590352459,6013448.936750801,82.13102622107017,82.1712089383828,82.04041032248305,82.06961077726461,3752618.6520660925,39.879861352496896,40.54664357316154,39.597655882077326,39.97573983781817,14819134.570418943,30.722105854555938,30.92347705885839,30.408553484686983,30.218649205627624,22041221.15864114,32.80610830064319,32.792746724340695,32.68254849112023,32.639452380694415,7941356.137575189,26.93851327205567,26.98495324840032,26.602333754701377,26.65987689610716,4664335.9409618275,49.62053693093882,50.195054190387815,49.45067915443899,50.59798079463037,2831259.281183079,122.7781405317957,126.4521463494378,121.85879448993622,123.03187370195961,1811805.7395461588,56.85427921864435,57.79124732623787,56.83564420581015,57.4188465640827,2179557.4450936276,40.455620953792796,41.81053884553079,40.08344575278204,40.424711374352675,4129412.3810575353,108.461362773045,108.5428295142651,108.10607321854947,108.19364444307463,2233658.669025839,181.37721273543636,187.392089949308,180.44572230429225,195.69214340884747,1999604.5785551956,23.551084599195374,23.887354907540345,23.24547164455736,23.85393397496971,3264804.8279275554,9.3602365081661,9.551451447827457,9.278698482500076,9.278745650424051,31747285.406620905,80.23510152844285,80.20745116338134,79.67002167972913,79.83551311338842,8187817.802087724,77.68097302637696,77.94025484774352,77.51675883170432,77.47418771224795,5092729.688977926,50.98341744782781,51.18679285703897,50.836678076728624,51.3089373537926,14212618.103683185,58.60486707302541,58.5472656093614,58.24610743615385,58.38179150508897,4217468.0839441875,70.6853403913731,70.9137402720383,70.43642339999732,70.77337681711566,5439834.906107792,56.70891217127914,56.77919447086864,55.96759321150023,56.125094104047406,2485890.3680659467,58.06420931808875,58.093961683761506,57.8691362319351,58.013067764003004,3872105.5895798,167.51991240427392,169.27459202364736,167.00476174175645,168.47393083001003,3139094.1896956996,114.6939462004388,115.838077566478,114.36228110211745,115.64530339385908,2118432.1292498647,45.227955376486214,45.332541471473846,44.89446784251741,44.98051202265065,8749230.305281503,62.24087260579648,62.40923679337084,62.05682935692252,62.18510400115217,4702223.705590945,125.51205433532643,126.85201340216237,125.13867394349771,126.35412744858365,1233898.2502837887,57.17869847633668,55.91503547678565,55.02076746518707,57.27536802659798,8285043.636567592,73.9219321139735,73.66566005227853,71.08110707377963,71.18367447408227,1711676.45825784,84.40593036648448,85.48331483221789,83.91156753945879,84.58471313477274,6338034.168462289,86.47411705551772,88.11430083565601,85.91635616860215,86.73099502481445,17617418.34456422,107.66700733344072,110.00083566386701,106.66653443977138,107.49710032542338,18076583.974958308,37.83017985419202,38.06202848714867,37.4297923591115,37.73637513144143,6097086.990126964,33.63114234702999,45.95887664803887,31.05521627086097,31.926635981626323,4944443.465681469
1901,115.14504572724617,116.24746930469237,114.74665406948877,115.96899679138437,3213774.989905662,102.0832702662512,104.31296729307846,100.71718439458158,101.28714392770648,2820011.779298134,97.84986892224988,97.88112481591196,97.35908128876864,97.43873554645795,8768870.846843746,6.634311568946838,6.698540568307915,6.008566596504537,6.170434844352711,23468448.65642683,71.04953693303518,73.01432506832329,69.74765814461323,72.4002682462297,2646621.533198801,476.78975427400025,489.63891155785046,475.73145152463854,486.8636183262884,551952.0571695688,15.061402381989334,15.690867466587228,15.284029814850431,15.348854673739305,24968229.875417862,41.4389527599746,42.60452423487057,41.20536509865286,42.04235789110271,7796064.658878548,48.250103611775174,48.28021363499189,48.03587646644335,48.01297311535603,4577113.092304061,72.41230452829514,72.444691727421,72.05679498104102,72.20374860042938,6849442.19762157,31.866674956706966,32.0835310349593,31.6722600115822,31.82327397652354,10594164.857050156,77.43690442229365,77.46649747509687,77.09852450146612,77.12268807004101,2244180.185292312,335.5860784098784,342.2812777734485,333.49068076902694,338.00796117939416,2584716.5789675484,41.825646704537284,43.0561503813908,41.2936286174942,42.36415338002035,4657957.109350659,9.72855827756854,10.26897262778537,9.537401458779364,9.823087299366822,20403841.233867154,95.31360001764394,98.75745580647907,95.3499589584511,95.71818389607729,10247014.631242214,12.933901172900658,13.24559887575687,12.758261400743367,13.062168169221263,13933813.635347145,151.7500341316857,152.54572145528527,150.07080615453603,150.42379865599284,9195584.215429362,471.5209243945824,484.9527787648135,470.2972902615958,477.69861904227935,1466074.396137106,33.51472310939602,34.26391262301882,33.10658525336163,34.08670451296273,10088095.78226128,43.791932674306985,43.91401628459881,43.48574776469537,43.538179850776515,27071328.07848826,82.18728796844486,82.41520818304177,81.90018912599523,82.19469706079876,17002595.72603691,89.81980664168884,89.78642059738596,89.607148504553,89.73589469595954,7372078.905497277,41.91763432627926,42.257432575014775,41.50467713408255,42.16048499761942,4126129.5480122264,120.02420248093375,123.31295104722777,118.65823145787456,121.96301307128775,3983623.203563234,69.2716703742335,69.53503117094816,69.06735803516096,69.33229660748782,4524026.411115352,49.64468016804849,49.78875159304102,49.33232380861382,49.63962017782396,2925169.65094058,55.279455976537875,55.575737047002235,55.14210268368564,55.29656837985596,3771690.5763613917,24.773936946861387,24.885747941200336,24.351127223973595,24.354037202040093,22660321.92551492,37.43193748518847,38.68252507392749,36.60954605358477,36.60945912789641,16710684.011774514,150.0992781778378,152.959159762369,147.37731830210922,148.10527809904892,1168510.0787406913,36.57422820244624,36.759962329601464,36.06308327762342,36.11661311908965,53106415.213835,53.961741219352646,54.7766999086848,53.03726692053002,52.89184761611001,5116837.356964058,43.10162560337349,43.592498355876046,42.12641276124283,42.132367232403844,21353070.655436832,279.82309062942346,280.1540058962439,276.2909759571219,276.2155574304269,9456826.57445765,,,,,,24.317000779577672,25.2651081081442,24.174511184505864,24.678490941398213,11148879.659101805,144.8763013188437,143.85444347193598,139.70093514629005,141.29645208929102,2087752.6919400576,5.752698505274091,5.774300055806472,5.503827495492707,5.421662999509362,24376242.706155173,57.295337584180366,57.359022313829946,56.55384709685722,56.55566664210469,9656500.160042088,94.19289240935763,94.25910787317667,93.58256916990221,93.68809626828671,7616078.024679257,54.06230851707259,54.23361677653097,53.7273985889897,53.85455279658208,11845469.481142413,51.722678179594936,51.68916400964596,51.609477257771985,51.63365638648137,3019201.3121729796,93.67104160233025,94.26103274057127,93.58522897797913,94.78612407874697,3906140.317799672,11.332558537072405,11.609338629530885,11.350062638986538,11.215177492066223,23188127.034318697,26.716958803000793,26.46777976668195,26.059072031760994,26.311288393165288,13892449.33243084,107.18771296296097,107.17531616332035,106.16336775129845,106.23318666041261,33079851.76520848,70.85770526810917,72.17710996166196,70.09481822441235,70.2539546834093,2787120.700536324,92.62547831661107,92.6912307962347,92.27504602599751,92.34898132622018,4048376.116576767,137.87903905793087,139.54375051764646,135.19619709289543,136.2295583467905,2723786.3208395327,110.48662976392063,113.62097649248594,110.1334836078279,112.94799801862271,8170910.476541417,45.42274266187797,46.21684324268263,43.799455396996755,43.80016675481831,10683144.02625882,130.49071400676033,133.30218881105046,128.5511688469033,130.0317940781376,2778161.738737026,54.8542323550622,54.12057085790808,50.60499429108074,50.185728127581044,1599953.4537806981,242.8947837212069,249.69301413969896,240.88283851188663,244.92447540317397,569480.0791938116,92.4076267016037,93.62385707142023,91.32504718088965,91.87104915540206,4448576.996747621,45.45069414039567,46.64147962970428,44.88098505655847,45.75879543758334,12133022.086127775,25.205315501270793,26.01044055615157,24.893098076114228,24.877328833756252,3554640.8577938713,61.229848864643984,61.635134664150144,60.51624798262201,60.63223792737509,3280312.9903258155,168.5260859855935,170.76926563324798,167.90370945830836,170.19266846722843,9915079.191050693,107.68316552173833,109.95124151949855,107.55182999824738,109.83106668900041,1303992.356686938,91.64436652719934,94.13916413393828,90.71654774822748,90.71799471024882,1388964.906803891,67.03302252545231,67.55445963781136,66.8643186566913,66.88273590352107,6013448.936744592,82.13667907909338,82.17687341784864,82.04602625627153,82.0752084984407,3752618.65117379,39.8798613080016,40.54664357255072,39.597655882080296,39.9757369015345,14819134.570419267,30.722105857115462,30.92347705885839,30.41627433247131,30.217579173472178,22041221.158640884,32.80610830064319,32.7927467242414,32.68254849108366,32.63945236546097,7941356.137243867,26.938513154688483,26.984952469697266,26.602333854043074,26.659864355511697,4664335.940531299,49.62053693093882,50.195054190387815,49.45067915443899,50.615200656962486,2831259.2811669316,122.77814053179524,126.45214497581858,121.85879448993623,123.0318737010523,1811805.7395461167,56.854279218838705,57.79124732623347,56.83564420582503,57.4188465640827,2179557.4450794137,40.45375633579513,41.81053884518167,40.08344575278204,40.424711374179175,4129412.3810579865,108.46136277293684,108.54282951444067,108.10607321854947,108.19364444306068,2233658.669025851,181.3771905768533,187.39208995659286,180.44572230429225,195.97622207480754,1999604.5785560051,23.551084598587888,23.88735490656563,23.245471645261578,23.85393396469735,3264804.8279275713,9.358431424352473,9.551451447827413,9.278698482500076,9.278745650424051,31747285.4066266,80.23510152844285,80.20745116338134,79.67002167172107,79.83551264141185,8187817.802103462,77.68097302637696,77.94813671066433,77.51675883170432,77.47418744706795,5092729.688977925,50.98341744783341,51.186792849252086,50.83667807672532,51.3162431487179,14212618.107673189,58.60748017616441,58.5472656093614,58.24610743615385,58.38424754874206,4217468.083941534,70.68534039137734,70.91374027203831,70.43642339998225,70.77337681710608,5439834.906113328,56.708911684479126,56.7791933140096,55.96759321149782,56.125076406548,2485890.019505416,58.06841173636534,58.09816872790528,57.8691362319351,58.01722032084377,3872105.5895797997,167.51991240427085,169.27459202364724,167.00476174175645,168.47393083000478,3139094.1910482426,114.69394620044203,115.838077566478,114.36228110211744,115.64530339386354,2118432.1292497786,45.227955376486236,45.332541471473846,44.8944678425177,44.98051202265101,8749230.3052815,62.24087260581183,62.40923665777408,62.056829356894866,62.18510400123099,4702223.705591053,125.51205433532536,126.85201340216237,125.13867394349772,126.35214708581968,1233898.2502837887,57.22602147370638,55.915037461089646,55.0207674645896,57.322528120070714,8285043.636567592,73.97011722215402,73.66566005227853,71.08110707377983,71.18367447408227,1711676.4582578293,84.40593036648329,85.48331483221789,83.91156753945879,84.58471313477274,6338034.169333379,86.47411705551768,88.1143008356554,85.91635616860215,86.73099502483333,17617418.346791692,107.66700733344072,110.00083566359923,106.66653443977134,107.49710032542338,18076583.974924184,37.83017985419202,38.06202848714867,37.4297923591115,37.73637513144143,6097086.990126964,33.46695872584423,45.95891520859347,30.81885753110273,31.406598871974417,4944443.465788698
1902,115.14504572723916,116.24746930469234,114.74665406948877,115.96899679124013,3213774.991003988,102.08327026496205,104.31296728850324,100.71718439456481,101.28714392770647,2820011.7792978217,97.8498689222499,97.88112481591196,97.35908128876864,97.43873554645795,8768870.846843746,6.634304578587679,6.698540561351715,6.00431001238271,6.170434844473251,23468448.65642319,70.98625347618506,72.92092435835065,69.73194648317171,72.82193518774466,2646621.5332002165,477.1476449924263,490.69608722213326,476.64321757416457,487.37106124565895,551952.0571599102,15.061402381989334,15.69920531771931,15.291565924109397,15.34884453959532,24968229.875417873,41.43895275997462,42.6045242348706,41.20536509870157,42.042357891071866,7796064.658878561,48.25254705859628,48.28266621498746,48.03587644879936,48.012972920731016,4577113.092303589,72.41230447156342,72.444691727421,72.05679538056373,72.20374860042938,6849442.197849333,31.866674956706994,32.083531034974285,31.672408862174187,31.823274035007238,10594164.857067479,77.44290680455764,77.47249670020267,77.0985244888642,77.12268807004101,2244180.1852916665,335.61242722174023,342.5178514666791,333.5362463935373,337.88485208657266,2584716.578967639,41.8256467085758,43.05615037807016,41.29362861472648,42.36415808878658,4657957.1093505025,9.72855827756854,10.268972627785406,9.537401463150115,9.823087299366769,20403841.233857423,95.31360001764396,98.75745580647907,95.34995895845103,95.7181838928577,10247014.631241616,12.933901172900658,13.24559887575687,12.758261400743367,13.062168168863705,13933813.635346835,151.7500341316857,152.54572145528422,150.07080615453603,150.42379865599284,9195584.215429362,471.5473538970914,485.43595919492947,470.5328877266775,478.31449631098013,1466074.3961370855,33.51472310939602,34.263912623018676,33.10658525336206,34.086704513640825,10088095.782260146,43.791932674306985,43.91401628459881,43.48574776469537,43.53817985077633,27071328.084481414,82.18728796842073,82.4152081830367,81.90018912599515,82.19469706028944,17002595.726036757,89.81980664161975,89.786420589108,89.60714849757031,89.73589462226832,7372078.905077637,41.91763432627926,42.2574325743179,41.50553841492527,42.16048499761982,4126129.5480151344,120.0242024809453,123.3129510472266,118.65823145788275,121.96301307423526,3983623.2035631915,69.2716703742335,69.53503117094682,69.06735803516096,69.3322966075923,4524026.411118775,49.64468016804295,49.78875159304098,49.33232380861359,49.63962017781832,2925169.6509405803,55.279455976537875,55.57573704700246,55.14210268374334,55.296568379860155,3771690.576361398,24.773936946905533,24.885747941255783,24.351127223974576,24.354037202035947,22660321.925514936,37.43193748499362,38.683260505895866,36.60954605358477,36.60945912790106,16710684.011774512,150.09927817783762,152.95915976236904,147.37731830210947,148.25603616788905,1168510.0787762636,36.574228202445646,36.75996232959453,36.06308327761785,36.11661311909908,53106415.20556992,53.961741033394105,54.77669990858729,53.037266920541214,52.89184761610996,5116837.356654878,43.10162560293631,43.59249835584044,42.126412793354376,42.132367232403844,21353070.655400686,279.96942063617803,280.3004015473741,276.432891860976,276.35569755992293,9456826.574459285,,,,,,24.317000779577672,25.265108108145995,24.174511184505945,24.678490941398213,11148879.659821095,145.1001806639023,143.854443471936,139.70093514629008,141.29645208931558,2087752.6919400576,5.752698505274091,5.7716363858939514,5.503827495492707,5.4189158317616135,24376242.70615517,57.32577575689587,57.389573576233865,56.583495251213854,56.584919998870525,9656500.161057344,94.1928924082954,94.25910787317723,93.58256916980797,93.69349346184649,7616078.024679256,54.06230851707236,54.23361677653097,53.7273985889897,53.85455279658181,11845469.48114226,51.722678179594936,51.68916400964596,51.60947949220977,51.63365471646119,3019201.3121729977,93.67104160013744,94.26103274057125,93.58522897672322,94.80019721824056,3906140.3177996655,11.332558534898519,11.609338629530885,11.356978874442797,11.215177492066223,23188127.0342249,26.730677163649673,26.46777976668195,26.059072031760994,26.311288393165288,13892449.332430888,107.18771296298216,107.17531616332035,106.16336775129533,106.23318665930712,33079851.771346856,70.85774696239037,72.17710996166201,70.09481822441286,70.25395468467472,2787120.700535976,92.62547831711734,92.6912307962347,92.27504602599751,92.34898132622018,4048376.1165749687,137.92288425055293,139.54375051780045,135.19619709289546,136.22955834615607,2723786.3205996333,110.48662976390342,113.6209764924772,110.1334836078279,112.94799801862106,8170910.476538174,45.42274266178887,46.21684324261999,43.79945539699632,43.80016675481831,10683144.026258815,130.48122549224874,133.30218881104688,128.55116884691287,130.0317940781376,2778161.738737042,54.85423227711225,54.405232707151036,50.738790770694884,50.305398136643745,1599953.4536158745,243.1756957310538,250.0840586583565,241.52263017659726,245.12643941521273,569480.0791938023,92.4076267016037,93.62385707141954,91.32504718089004,91.87104915540114,4448576.997204426,45.45069414039625,46.64147962970428,44.88098505656697,45.75879543824974,12133022.061155327,25.205303601086303,26.010440556145156,24.893098076114228,24.877328324866387,3554640.857786584,61.230980942725964,61.63523979189929,60.515920227159214,60.632237927376636,3280312.990325478,168.52608598558928,170.769265633248,167.90370945830875,170.19266846722843,9915079.191048231,107.68316552170504,109.95124151947621,107.55182999824704,109.83106668899777,1303992.356686938,91.64436652719927,94.13916413395397,90.71885441423812,90.71799471004235,1388964.9068223152,67.03302252545231,67.55445963781692,66.86564748586922,66.88273590352743,6013448.936736093,82.14233232618763,82.18253828779586,82.051642574489,82.0808066014205,3752618.6507594073,39.8798612775382,40.546643572190355,39.59765588208141,39.97573460933538,14819134.570419129,30.722105855550623,30.92347705885839,30.423997140588455,30.21854242075935,22041221.158640783,32.80610830064319,32.792746724183374,32.68254849110391,32.63945235551222,7941356.137596392,26.938513082748095,26.98495303990193,26.60233378430361,26.65987514303295,4664335.940518445,49.62053693093882,50.195054190387815,49.45067915443899,50.63242637967982,2831259.281158025,122.77814053179529,126.4521459481048,121.85879448993623,123.03187370100217,1811805.7395461043,56.85427921864435,57.79124732623136,56.835644205831095,57.4188465640827,2179557.445094474,40.455417746455296,41.810538844931685,40.08344575278204,40.42471137405568,4129412.381058118,108.46136277306461,108.54282951448346,108.10607321854947,108.1936444430559,2233658.669025838,181.37717342017874,187.39208995616934,180.44572230429225,196.26071312670732,1999604.5785560636,23.551084600037964,23.8873549076508,23.245471644859336,23.853933968284526,3264804.8279275773,9.356626688641969,9.551451447827432,9.278698482500076,9.278745650424051,31747285.40662906,80.23510152844285,80.20745116338134,79.670021666698,79.83551230582006,8187817.802093141,77.68097302637696,77.95601937065416,77.51675883170432,77.4741872590318,5092729.688977925,50.983417447827016,51.186792844260154,50.836678076723594,51.32354998366729,14212618.107089864,58.610093395817756,58.5472656093614,58.24610743615385,58.386703695717614,4217468.083939507,70.68534039136142,70.91374027203808,70.4364233999743,70.77337681697703,5439834.906114614,56.708911372973894,56.77919415582029,55.96759321149125,56.12509098371968,2485890.1060904614,58.07261445879349,58.102376076714464,57.8691362319351,58.02137317492323,3872105.589579799,167.51991240426779,169.2745920236472,167.00476174175645,168.47393082999875,3139094.1907921094,114.69394620043212,115.838077566478,114.36228110211746,115.64530339385746,2118432.129249827,45.227955376486214,45.332541471473846,44.894467842517535,44.98051202264962,8749230.305281512,62.24087260579702,62.40923656259646,62.056829356879106,62.18510400110417,4702223.705590986,125.51205433532422,126.85201340216237,125.13867394349774,126.35402219846651,1233898.2502837884,57.27338363721738,55.915036018335066,55.020767464453826,57.369727044963945,8285043.636567592,74.0183337391226,73.66566005227853,71.08110707378047,71.18367447408227,1711676.4582578163,84.4059303664831,85.48331483221789,83.91156753945879,84.58471313477274,6338034.169788416,86.47411705551774,88.11430083565578,85.91635616860215,86.73099502483277,17617418.34739231,107.66700733344072,110.00083566369248,106.66653443977124,107.49710032542338,18076583.974946596,37.83017985419202,38.06202848714867,37.4297923591115,37.73637513144143,6097086.990126964,32.43422419768499,45.958946606938014,29.959404769439836,30.696192327189138,4944443.464411582
1903,115.14504572723966,116.24746930469234,114.74665406948877,115.96899679124373,3213774.9910635827,102.08327026501574,104.3129672883776,100.71718439456343,101.28714392770647,2820011.7792979195,97.8498689222499,97.88112481591196,97.35908128876864,97.43873554645795,8768870.846843746,6.634309907281003,6.698540565744886,6.00005644370693,6.170434844404544,23468448.656424608,71.03816440732916,73.02209943246453,69.56213434421575,72.40970654657863,2646621.533200571,477.29307580133866,490.6147498151669,476.32136424990927,487.28805445655473,551952.0571673638,15.061402381989334,15.707547599438906,15.299105749204008,15.34885319826868,24968229.875417896,41.43895275997462,42.60452423487061,41.205365098709585,42.04235789107234,7796064.658878551,48.254990629156644,48.2851189195713,48.035876436484656,48.01297277904151,4577113.092302992,72.41230442694435,72.444691727421,72.05679508404843,72.20374860042938,6849442.197548076,31.866674956706994,32.08353103497604,31.672281288379676,31.823273995618116,10594164.857092306,77.44890965208548,77.47849638990546,77.09852448957186,77.12268807004101,2244180.1852917937,335.71570670229363,342.4419220389868,333.440161180475,338.0477523450318,2584716.578967657,41.82564670849716,43.05615038008303,41.293628616364046,42.364154373522595,4657957.109352499,9.72855827756854,10.268972627785406,9.537401460397481,9.823087299366767,20403841.233855583,95.31360001764396,98.75745580647907,95.34995895845103,95.71818389297424,10247014.631241918,12.933901172900658,13.24559887575687,12.758261400743367,13.062168168890487,13933813.635346655,151.7500341316857,152.54572145528437,150.07080615453603,150.42379865599284,9195584.215429362,471.6156559824608,485.1395049805155,470.2053474106542,477.8729796848954,1466074.3961371009,33.51472310939602,34.26391262301866,33.106585253362134,34.08670451392458,10088095.78226007,43.791932674306985,43.91401628459881,43.48574776469537,43.538179850776345,27071328.09365062,82.18728796842356,82.41520818303646,81.90018912599515,82.19469706029531,17002595.726036783,89.81980664164374,89.78642058381028,89.60714849307664,89.73589457685675,7372078.905327814,41.91763432627926,42.257432574744435,41.504787503603055,42.160484997619804,4126129.548012623,120.02420248094553,123.31295104722652,118.65823145788372,121.96301307437928,3983623.2035630094,69.2716703742335,69.53503117094677,69.06735803516096,69.33229660757674,4524026.411116654,49.64468016804325,49.78875159304098,49.33232380861358,49.63962017781822,2925169.6509405826,55.279455976537875,55.575737047002455,55.14210268371126,55.29656837985805,3771690.5763613996,24.773936946901628,24.88574794125949,24.35112722397465,24.354037202036963,22660321.925514948,37.431937484982306,38.68263960959398,36.60954605358477,36.60945912789939,16710684.011774512,150.09927817783762,152.95915976236904,147.37731830210947,148.2463251414102,1168510.078865156,36.57422820244571,36.759962329594956,36.06308327761786,36.11661311909821,53106415.17639962,53.96174090777695,54.77669990858108,53.03726692054232,52.89184761610996,5116837.356824348,43.10162560295114,43.59249835583833,42.12641277262881,42.132367232403844,21353070.65542281,280.11582716515125,280.44687369818826,276.57488065944375,276.4959087906812,9456826.574458322,,,,,,24.317000779577672,25.265108108146404,24.174511184505956,24.678490941398223,11148879.660160925,145.10589575033134,143.854443471936,139.70093514629008,141.29645208931456,2087752.6919400576,5.752698505274091,5.7689739447255795,5.503827495492707,5.41617005600939,24376242.706155162,57.35623009990372,57.42014111122398,56.613158948510566,56.614188486903174,9656500.164082961,94.19289240758243,94.25910787317696,93.58256916980355,93.68825662266194,7616078.024679257,54.06230851707239,54.23361677653097,53.7273985889897,53.85455279658183,11845469.481142791,51.722678179594936,51.68916400964596,51.609477714807355,51.63365603974667,3019201.312172977,93.67104159999168,94.26103274057125,93.5852289764871,94.81427244720989,3906140.3177996688,11.332558533534364,11.609338629530885,11.363899324352705,11.215177492066223,23188127.0342033,26.744402568267155,26.46777976668195,26.059072031760994,26.311288393165288,13892449.33243109,107.18771296298445,107.17531616332035,106.16336775129382,106.23318665866432,33079851.76144941,70.85771184185154,72.17710996166198,70.09481822441293,70.25395468376246,2787120.7005364853,92.62547831708444,92.6912307962347,92.27504602599751,92.34898132622018,4048376.11656726,138.11353287243196,139.5437505178341,135.19619709289546,136.22955834621396,2723786.320923048,110.48662976390268,113.6209764924752,110.1334836078279,112.94799801862099,8170910.476601847,45.42274266178696,46.21684324261496,43.79945539699629,43.80016675481831,10683144.026258815,130.44915704507076,133.3021888110462,128.5511688469141,130.0317940781376,2778161.738737037,54.854232274641,54.40860534150545,50.66807394947085,50.56711654876129,1599953.453700623,242.90749519963606,249.86251904270154,240.96469872813776,245.175553405406,569480.0791938016,92.4076267016037,93.62385707141928,91.32504718089005,91.87104915540105,4448576.997298831,45.45069414039628,46.64147962970428,44.880985056568214,45.75879543833557,12133022.057499023,25.20529434441621,26.010440556145028,24.893098076114228,24.87732797015323,3554640.857744933,61.22994302253135,61.63515299879064,60.51621218051824,60.632237927376536,3280312.9903270137,168.52608598558945,170.769265633248,167.9037094583088,170.19266846722843,9915079.191048676,107.68316552170553,109.9512415194732,107.55182999824702,109.83106668899693,1303992.356686938,91.64436652719927,94.1391641339461,90.71679214192979,90.7179947100483,1388964.9067728466,67.03302252545231,67.55445963781752,66.8644769328599,66.88273590352752,6013448.936738478,82.14798596237969,82.1882035482514,82.05725927716178,82.08640508623007,3752618.6512757414,39.87986125667786,40.546643571978095,39.59765588208172,39.975732820412134,14819134.570419108,30.722105856507333,30.92347705885839,30.431721909531532,30.217675301643798,22041221.158640746,32.80610830064319,32.79274672414947,32.682548491092696,32.63945234901483,7941356.13720734,26.93851302451718,26.984952622370038,26.602333833261834,26.65986586352026,4664335.940550662,49.62053693093882,50.195054190387815,49.45067915443899,50.64965796477682,2831259.281161591,122.77814053179529,126.45214525922621,121.85879448993623,123.03187370101227,1811805.7395460843,56.85427921864858,57.79124732623068,56.83564420583124,57.4188465640827,2179557.4450854342,40.453937396682456,41.810538844901934,40.08344575278204,40.42471137405059,4129412.3810574193,108.4613627730639,108.54282951446639,108.10607321854947,108.1936444430561,2233658.669025839,181.3771601363202,187.3920899555517,180.44572230429225,196.54561716319142,1999604.5785555264,23.55108460005311,23.887354907848042,23.245471645089093,23.85393396811382,3264804.8279275796,9.35482230096746,9.551451447827423,9.278698482500076,9.278745650424051,31747285.40663012,80.23510152844285,80.20745116338134,79.67002166354727,79.8355120672026,8187817.802084879,77.68097302637696,77.96390282779363,77.51675883170432,77.47418712387078,5092729.688977925,50.98341744782767,51.186792841059976,50.83667807672269,51.33085785917398,14212618.106187603,58.61270673199065,58.5472656093614,58.24610743615385,58.38915994601998,4217468.083940729,70.6853403913628,70.91374027203807,70.43642339997011,70.7733768169779,5439834.906116055,56.708911120508986,56.77919354326072,55.96759321149139,56.125078976721156,2485890.1312515424,58.076817485395196,58.10658373021111,57.8691362319351,58.02552632626265,3872105.589579799,167.51991240426804,169.2745920236472,167.00476174175645,168.47393082999866,3139094.190671216,114.69394620043286,115.838077566478,114.36228110211746,115.64530339385743,2118432.129249891,45.227955376486214,45.332541471473846,44.89446784251763,44.98051202264974,8749230.305281507,62.240872605798906,62.409236495789706,62.056829356870125,62.18510400110707,4702223.705590946,125.51205433532432,126.85201340216237,125.13867394349774,126.35224674222067,1233898.2502837887,57.32078499922808,55.915037067338034,55.02076746441316,57.41696483315182,8285043.636567592,74.0665816855282,73.66566005227853,71.08110707378049,71.18367447408227,1711676.458257819,84.40593036648312,85.48331483221789,83.91156753945879,84.58471313477274,6338034.170033566,86.47411705551774,88.11430083565592,85.91635616860215,86.73099502483335,17617418.348242998,107.66700733344072,110.0008356637175,106.66653443977124,107.49710032542338,18076583.974948294,37.83017985419202,38.06202848714867,37.4297923591115,37.73637513144143,6097086.990126964,32.70862368776779,45.958972805276694,29.92222573302896,30.097190877580914,4944443.46550787
1904,115.14504572723908,116.24746930469234,114.74665406948877,115.96899679123567,3213774.9910714035,102.08327026494572,104.31296728808599,100.717184394563,101.28714392770647,2820011.779297959,97.8498689222499,97.88112481591196,97.35908128876864,97.43873554645795,8768870.846843746,6.634305845261886,6.698540562970389,5.995805888340995,6.170434844443706,23468448.6564252,71.19837459982298,72.99391590092289,69.70844140110106,72.8127081133667,2646621.533200731,477.4225806733793,490.9476033488972,476.8896040983614,487.5221391498915,551952.0571698536,15.061402381989334,15.715894314100353,15.306649291966433,15.348845800246265,24968229.875417903,41.43895275997462,42.60452423487061,41.205365098702565,42.04235789107374,7796064.658878549,48.25743432346254,48.287571748749755,48.03587642788956,48.012972675889735,4577113.092302785,72.41230439528152,72.444691727421,72.05679530328891,72.20374860042938,6849442.1975345835,31.866674956706994,32.083531034979366,31.67239062669556,31.823274022146972,10594164.857103042,77.45491296491325,77.48449654424122,77.09852449832054,77.12268807004101,2244180.1852918263,335.8797342108174,342.6999947623034,333.79356706056365,337.95963976286765,2584716.5789676635,41.82564670809948,43.05615037889271,41.29362861539496,42.36415730584156,4657957.109353307,9.72855827756854,10.268972627785404,9.537401462061997,9.823087299366767,20403841.23385514,95.31360001764396,98.75745580647907,95.34995895845103,95.71818389317822,10247014.631242024,12.933901172900658,13.24559887575687,12.758261400743367,13.062168168883787,13933813.635346584,151.7500341316857,152.54572145528454,150.07080615453603,150.42379865599284,9195584.215429362,471.9585864048445,485.62508604672655,470.55461625198393,478.19533291561896,1466074.396137105,33.51472310939602,34.26391262301866,33.10658525336211,34.08670451405495,10088095.782260042,43.791932674306985,43.91401628459881,43.48574776469537,43.53817985077634,27071328.098269626,82.18728796841977,82.41520818303606,81.90018912599514,82.19469706025401,17002595.7260368,89.81980664163214,89.78642058041984,89.60714849018476,89.73589454551107,7372078.905418182,41.91763432627926,42.25743257448337,41.50544218869964,42.16048499761981,4126129.5480119474,120.02420248094559,123.31295104722656,118.65823145788394,121.96301307512296,3983623.2035629493,69.2716703742335,69.53503117094651,69.06735803516096,69.3322966075446,4524026.41111623,49.64468016804307,49.78875159304098,49.33232380861357,49.63962017781814,2925169.6509405836,55.279455976537875,55.57573704700245,55.14210268372909,55.2965683798591,3771690.5763614,24.77393694689945,24.885747941257957,24.351127223974505,24.354037202036558,22660321.92551495,37.43193748495706,38.683163807499675,36.60954605358477,36.60945912789622,16710684.011774512,150.09927817783762,152.95915976236904,147.37731830210947,148.23010452180284,1168510.078891905,36.574228202445646,36.75996232959432,36.06308327761563,36.11661311909744,53106415.17704379,53.96174082290719,54.77669990857909,53.03726692054217,52.89184761610996,5116837.35684375,43.10162560293418,43.59249835583763,42.126412786005595,42.132367232403844,21353070.65542528,280.2623102555829,280.5934223886389,276.71694238996656,276.6361911587055,9456826.57445807,,,,,,24.317000779577672,25.265108108146414,24.174511184505956,24.67849094139823,11148879.660148554,145.15242551889935,143.854443471936,139.70093514629008,141.29645208931,2087752.6919400576,5.752698505274091,5.766312731734539,5.503827495492707,5.413425671547365,24376242.706155162,57.386700621794375,57.45072492746758,56.642838196895696,56.64347211402928,9656500.164795106,94.19289240714733,94.25910787317709,93.58256916981807,93.6933378717113,7616078.024679257,54.06230851707236,54.23361677653097,53.7273985889897,53.85455279658182,11845469.481142981,51.722678179594936,51.68916400964596,51.60947912865713,51.633654991205766,3019201.3121729735,93.67104159981866,94.26103274057125,93.58522897633404,94.82834976596465,3906140.3177996697,11.33255853267833,11.609338629530885,11.370823991284364,11.215177492066223,23188127.0342031,26.758135020470103,26.46777976668195,26.059072031760994,26.311288393165288,13892449.332431149,107.18771296298557,107.17531616332035,106.1633677512931,106.23318665829034,33079851.7581538,70.8577414250992,72.177109961662,70.09481822441309,70.25395468442014,2787120.7005366515,92.62547831715726,92.6912307962347,92.27504602599751,92.34898132622018,4048376.1165655674,138.11343484594775,139.54375051783322,135.19619709289546,136.22955834621726,2723786.321005085,110.4866297639012,113.62097649247409,110.1334836078279,112.9479980186209,8170910.476659008,45.42274266178473,46.216843242613486,43.79945539699627,43.80016675481831,10683144.026258815,130.48755733156125,133.30218881104616,128.551168846911,130.0317940781376,2778161.738737035,54.85423226872803,54.400275673559904,50.5601061772668,50.30127795194746,1599953.4537133232,242.57638808643054,249.73152812420776,240.77143622849735,244.9690619803478,569480.0791938014,92.4076267016037,93.62385707141975,91.32504718089011,91.87104915540105,4448576.9973702915,45.45069414039629,46.64147962970428,44.880985056568264,45.758795438411695,12133022.056802925,25.205287144028578,26.010440556144776,24.893098076114228,24.87732772291517,3554640.857727747,61.23089461610299,61.6352246548613,60.51595211844996,60.63223792737657,3280312.9903275045,168.5260859855893,170.769265633248,167.9037094583088,170.19266846722843,9915079.191048851,107.68316552170475,109.95124151947111,107.55182999824702,109.83106668899642,1303992.356686938,91.64436652719927,94.13916413395005,90.71863591430694,90.7179947100385,1388964.9067495286,67.03302252545231,67.55445963781743,66.86550806189467,66.88273590352756,6013448.936739347,82.15363998769635,82.19386919924214,82.06287636431618,82.09200395289544,3752618.65142593,39.8798612423918,40.54664357185302,39.597655882082,39.97573142431622,14819134.570419101,30.722105855922422,30.92347705885839,30.439448639823347,30.21845588578929,22041221.15864073,32.80610830064319,32.79274672412965,32.682548491098906,32.639452344771485,7941356.137171864,26.938512983844134,26.984952928107422,26.602333798892374,26.659873845831832,4664335.940574919,49.62053693093882,50.195054190387815,49.45067915443899,50.666895414248614,2831259.2811621595,122.77814053179527,126.4521457471599,121.85879448993623,123.03187370096221,1811805.739546081,56.85427921863831,57.791247326229986,56.83564420583103,57.4188465640827,2179557.445082869,40.45525641739461,41.81053884488757,40.08344575278204,40.424711374046026,4129412.381057254,108.46136277308085,108.54282951448296,108.10607321854947,108.19364444305614,2233658.669025839,181.377149851058,187.39208995539238,180.44572230429225,196.83093478377347,1999604.5785554608,23.55108459973315,23.887354907673114,23.245471644957856,23.853933967789082,3264804.8279275806,9.353018261261827,9.551451447827427,9.278698482500076,9.278745650424051,31747285.40663058,80.23510152844285,80.20745116338134,79.67002166157097,79.83551189753727,8187817.802083024,77.68097302637696,77.97178708216335,77.51675883170432,77.47418702752934,5092729.688977925,50.98341744782689,51.18679283900844,50.836678076722215,51.33816677523125,14212618.106173746,58.61532018468829,58.5472656093614,58.24610743615385,58.3916162996535,4217468.083941162,70.68534039136094,70.91374027203805,70.43642339996791,70.77337681697253,5439834.906116679,56.708910939428485,56.779193989004945,55.96759321149176,56.125088866707536,2485890.1454402837,58.081020816192485,58.110791688417294,57.8691362319351,58.02967977488331,3872105.589579799,167.5199124042678,169.2745920236472,167.00476174175645,168.47393082999872,3139094.1906926953,114.69394620043202,115.838077566478,114.36228110211746,115.64530339385722,2118432.129249902,45.22795537648621,45.332541471473846,44.89446784251758,44.980512022649684,8749230.305281505,62.24087260579641,62.409236448896934,62.05682935686501,62.18510400110002,4702223.705590941,125.51205433532425,126.85201340216237,125.13867394349774,126.35392783849305,1233898.2502837887,57.368225592186384,55.915036304625346,55.020767464423116,57.46424151656793,8285043.636567592,74.11486108176591,73.66566005227853,71.08110707378049,71.18367447408227,1711676.45825782,84.40593036648299,85.48331483221789,83.91156753945879,84.58471313477274,6338034.1701624235,86.47411705551774,88.114300835656,85.91635616860215,86.73099502483421,17617418.348604046,107.66700733344072,110.00083566372524,106.66653443977124,107.49710032542338,18076583.97494909,37.83017985419202,38.06202848714867,37.4297923591115,37.73637513144143,6097086.990126964,32.24680177535692,45.9589944186215,29.757421640826937,30.44286146448018,4944443.465927622
1905,115.14504572723907,116.24746930469234,114.74665406948877,115.96899679122454,3213774.991085721,102.08327026508604,104.31296728836455,100.71718439456396,101.28714392770647,2820011.7792979763,97.8498689222499,97.88112481591196,97.35908128876864,97.43873554645795,8768870.846843746,6.634308941705668,6.698540564722616,5.99155834415022,6.170434844421384,23468448.656425443,71.44509690571309,73.41303388705602,69.84050870107124,72.41872710672072,2646621.5332008046,477.6413759685399,490.9901687229665,476.5691584207366,487.7626729042335,551952.0571707562,15.061402381989334,15.724245464059239,15.314196554229746,15.348852121160956,24968229.875417903,41.43895275997462,42.60452423487061,41.20536509870693,42.042357891071354,7796064.658878548,48.25987814152024,48.290024702529145,48.03587642189058,48.01297260079392,4577113.092302717,72.41230437145751,72.444691727421,72.05679514305208,72.20374860042938,6849442.197532093,31.866674956706994,32.08353103497721,31.67229691726749,31.823274004279597,10594164.857106611,77.46091674307701,77.49049716324595,77.09852449695425,77.12268807004101,2244180.1852918356,335.97409293526664,342.66790856132144,333.90901655013437,338.4386058943229,2584716.5789676667,41.82564670846384,43.05615037959461,41.293628615968444,42.36415499129387,4657957.109353547,9.72855827756854,10.268972627785402,9.537401461038934,9.823087299366767,20403841.233854853,95.31360001764396,98.75745580647907,95.34995895845103,95.71818389332255,10247014.631242063,12.933901172900658,13.24559887575687,12.758261400743367,13.062168168873773,13933813.635346556,151.7500341316857,152.54572145528442,150.07080615453603,150.42379865599284,9195584.215429362,472.0856543518566,485.5833238220464,470.76656583091415,478.38975955564115,1466074.3961371058,33.51472310939602,34.26391262301866,33.10658525336212,34.08670451403831,10088095.782260016,43.791932674306985,43.91401628459881,43.48574776469537,43.53817985077634,27071328.099425625,82.18728796841962,82.41520818303584,81.90018912599514,82.1946970602228,17002595.726036802,89.81980664161473,89.78642057825003,89.6071484883237,89.73589452384087,7372078.905469421,41.91763432627926,42.257432574643154,41.5048713989404,42.160484997619825,4126129.548011738,120.02420248094548,123.31295104722653,118.65823145788391,121.96301307515436,3983623.2035629526,69.2716703742335,69.53503117094633,69.06735803516096,69.33229660750649,4524026.411116161,49.64468016804308,49.78875159304098,49.33232380861357,49.639620177818074,2925169.6509405836,55.279455976537875,55.57573704700245,55.14210268371917,55.29656837985858,3771690.5763614,24.773936946899806,24.885747941256337,24.35112722397449,24.354037202034505,22660321.92551495,37.43193748497129,38.682721248130974,36.60954605358477,36.60945912789454,16710684.011774512,150.09927817783762,152.95915976236904,147.37731830210947,148.47631873776666,1168510.0788905136,36.57422820244567,36.75996232959459,36.06308327761661,36.116613119097835,53106415.174271286,53.961740765569346,54.776699908579644,53.03726692054236,52.89184761610996,5116837.3568418035,43.10162560295384,43.592498355837954,42.1264127773719,42.132367232403844,21353070.65542564,280.40886994756187,280.74004765872303,276.8590770900057,276.7765447000912,9456826.574458016,,,,,,24.317000779577672,25.265108108146336,24.174511184505956,24.67849094139823,11148879.66019679,145.27814978270268,143.854443471936,139.70093514629008,141.29645208932138,2087752.6919400576,5.752698505274091,5.763652746354275,5.503827495492707,5.410682677670569,24376242.706155162,57.41718733116288,57.48132503363661,56.67253300452184,56.67277088807951,9656500.164845342,94.19289240687077,94.25910787317703,93.58256916981134,93.68840759010598,7616078.024679257,54.06230851707237,54.23361677653097,53.7273985889897,53.85455279658182,11845469.48114301,51.722678179594936,51.68916400964596,51.60947800399838,51.633655822045405,3019201.3121729735,93.67104159967597,94.26103274057125,93.58522897622389,94.8424291748151,3906140.3177996706,11.332558532141153,11.609338629530885,11.377752877807445,11.215177492066223,23188127.03420072,26.771874523877244,26.46777976668195,26.059072031760994,26.311288393165288,13892449.332431166,107.18771296298407,107.17531616332035,106.16336775129274,106.23318665807275,33079851.75732897,70.85771650610388,72.17710996166198,70.09481822441286,70.25395468394599,2787120.700536733,92.62547831709195,92.6912307962347,92.27504602599751,92.34898132622018,4048376.1165647125,138.23004275922622,139.5437505178265,135.19619709289546,136.2295583462099,2723786.3210257352,110.48662976390128,113.62097649247319,110.1334836078279,112.94799801862075,8170910.476657158,45.422742661786266,46.21684324261341,43.79945539699628,43.80016675481831,10683144.026258815,130.7343182363211,133.30218881104602,128.55116884691122,130.0317940781376,2778161.738737034,54.8542322750559,54.196752877400655,50.355088137880614,50.31827190173887,1599953.4537150094,242.7679014431456,249.34396130949537,240.71250761925918,244.53406369647254,569480.079193801,92.4076267016037,93.62385707141999,91.32504718089025,91.8710491554011,4448576.997377609,45.450694140396266,46.64147962970428,44.880985056568136,45.7587954384418,12133022.055522181,25.20528154313954,26.01044055614483,24.893098076114228,24.877327550588003,3554640.8577215546,61.23002216913591,61.635165495872776,60.51618377284736,60.63223792737658,3280312.990327724,168.52608598558916,170.769265633248,167.9037094583088,170.19266846722843,9915079.191048905,107.68316552170374,109.95124151946906,107.55182999824702,109.83106668899593,1303992.356686938,91.64436652719927,94.13916413394806,90.71698749156228,90.71799471004242,1388964.9067394545,67.03302252545231,67.55445963781752,66.86459975011563,66.88273590352756,6013448.936739706,82.15929440216439,82.19953524079504,82.06849383597853,82.09760320144265,3752618.651446144,39.87986123260809,40.546643571779306,39.59765588208177,39.975730334734564,14819134.570419097,30.722105856280024,30.92347705885839,30.447177331964706,30.217753200774897,22041221.158640724,32.80610830064319,32.79274672411807,32.68254849109547,32.63945234200021,7941356.137165419,26.938512953304105,26.984952704231475,26.602333823020285,26.659866979383107,4664335.940570594,49.62053693093882,50.195054190387815,49.45067915443899,50.68413873009101,2831259.2811629293,122.77814053179527,126.45214540147542,121.85879448993623,123.03187370093268,1811805.7395460797,56.854279218624455,57.79124732622836,56.83564420582911,57.4188465640827,2179557.4450822845,40.45408114397931,41.8105388448863,40.08344575278204,40.424711374040676,4129412.38105713,108.4613627730699,108.54282951447777,108.10607321854947,108.1936444430561,2233658.669025839,181.37714188751193,187.3920899555156,180.44572230429225,197.11666658883743,1999604.5785554233,23.551084599939593,23.887354907752997,23.24547164503282,23.853933967521247,3264804.827927581,9.351214569457968,9.551451447827425,9.278698482500076,9.278745650424051,31747285.406630777,80.23510152844285,80.20745116338134,79.67002166033133,79.83551177689931,8187817.802082602,77.68097302637696,77.97967213384392,77.51675883170432,77.47418695872886,5092729.688977925,50.98341744782689,51.18679283769326,50.83667807672197,51.34547673199327,14212618.106280427,58.61793375391586,58.5472656093614,58.24610743615385,58.39407275662252,4217468.083941282,70.6853403913609,70.91374027203805,70.43642339996674,70.7733768169692,5439834.906116961,56.708910801440695,56.779193664648375,55.96759321149146,56.125080720472646,2485890.172347773,58.08522445120737,58.114999951355074,57.8691362319351,58.0338335208065,3872105.589579799,167.51991240426764,169.2745920236472,167.00476174175645,168.47393082999864,3139094.190751605,114.69394620043202,115.838077566478,114.36228110211746,115.64530339385698,2118432.129249901,45.22795537648621,45.332541471473846,44.89446784251761,44.98051202264967,8749230.305281505,62.240872605796554,62.409236415982114,62.056829356862096,62.18510400109363,4702223.70559094,125.51205433532421,126.85201340216237,125.13867394349774,126.35233608725524,1233898.2502837887,57.4157054485627,55.915036859181114,55.02076746443652,57.51155712724296,8285043.636567592,74.16317194834255,73.66566005227853,71.0811070737805,71.18367447408227,1711676.4582578202,84.40593036648295,85.48331483221789,83.91156753945879,84.58471313477274,6338034.170229952,86.47411705551774,88.11430083565597,85.91635616860215,86.73099502483451,17617418.34871068,107.66700733344072,110.00083566372373,106.66653443977124,107.49710032542338,18076583.974948753,37.83017985419202,38.06202848714867,37.4297923591115,37.73637513144143,6097086.990126964,31.843253585122334,45.95901242824855,29.18476682702363,30.170240763947692,4944443.46574994
1906,115.14504572723914,116.24746930469234,114.74665406948877,115.96899679122926,3213774.9911270407,102.08327026510507,104.3129672883257,100.71718439456424,101.28714392770647,2820011.7792979805,97.8498689222499,97.88112481591196,97.35908128876864,97.43873554645795,8768870.846843746,6.6343065813120266,6.698540563616001,5.98731380900143,6.170434844434107,23468448.656425532,70.91906154903864,72.88417303677262,69.61763033926346,72.80388946163342,2646621.5332008367,477.6918413279217,490.827826697278,476.85630143233783,487.7919372333179,551952.0571706477,15.061402381989334,15.732601051672404,15.321747537827921,15.348846720533558,24968229.875417903,41.43895275997462,42.60452423487061,41.205365098710196,42.0423578910717,7796064.658878548,48.262322083336,48.292477780915796,48.03587641770356,48.01297254612321,4577113.09230269,72.41230435428403,72.444691727421,72.05679525796356,72.20374860042938,6849442.197518556,31.866674956706994,32.08353103497807,31.672377231810824,31.823274016313402,10594164.857108155,77.46692098661282,77.49649824695561,77.0985244917802,77.12268807004101,2244180.185291835,336.1386591626894,342.85881902101,334.04089435458076,338.26678141619993,2584716.5789676663,41.82564670875467,43.056150379191465,41.29362861562908,42.36415681834818,4657957.109353672,9.72855827756854,10.268972627785404,9.537401461669063,9.823087299366767,20403841.233854696,95.31360001764396,98.75745580647907,95.34995895845103,95.71818389354948,10247014.631242037,12.933901172900658,13.24559887575687,12.758261400743367,13.06216816890237,13933813.635346545,151.7500341316857,152.54572145528417,150.07080615453603,150.42379865599284,9195584.215429362,472.4163484079443,485.8848081083089,471.1921953510631,478.6288744748228,1466074.3961371065,33.51472310939602,34.26391262301866,33.10658525336212,34.086704514012055,10088095.782260003,43.791932674306985,43.91401628459881,43.48574776469537,43.53817985077634,27071328.099917572,82.18728796842042,82.41520818303593,81.90018912599514,82.1946970602338,17002595.726036802,89.8198066416128,89.78642057686139,89.60714848712604,89.73589450885201,7372078.90545531,41.91763432627926,42.257432574545355,41.50536904436788,42.16048499761982,4126129.548011617,120.02420248094546,123.3129510472265,118.65823145788384,121.9630130745873,3983623.20356294,69.2716703742335,69.53503117094661,69.06735803516096,69.33229660754951,4524026.4111160515,49.64468016804317,49.78875159304098,49.33232380861357,49.63962017781817,2925169.6509405836,55.279455976537875,55.575737047002455,55.14210268372469,55.29656837985884,3771690.5763614,24.773936946900353,24.885747941257097,24.35112722397456,24.354037202034934,22660321.92551495,37.43193748498058,38.68309488334848,36.60954605358477,36.60945912789865,16710684.011774512,150.09927817783762,152.95915976236904,147.37731830210947,148.311987567162,1168510.07889989,36.57422820244567,36.75996232959432,36.06308327761617,36.11661311909759,53106415.17028954,53.96174072683082,54.77669990858099,53.03726692054256,52.89184761610996,5116837.356838976,43.101625602954726,43.592498355838,42.12641278294429,42.132367232403844,21353070.655425355,280.55550628109756,280.8867495484572,277.00128479704176,276.9169694509464,9456826.574457997,,,,,,24.317000779577672,25.265108108146325,24.174511184505956,24.678490941398227,11148879.660137167,145.14904310073481,143.854443471936,139.70093514629008,141.29645208932465,2087752.6919400576,5.752698505274091,5.760993988018493,5.503827495492707,5.4079410736743885,24376242.706155162,57.447690236608835,57.51194143840758,56.70224337954587,56.7020848168886,9656500.165258292,94.19289240669873,94.25910787317706,93.58256916980713,93.69319138961504,7616078.024679257,54.062308517072374,54.23361677653097,53.7273985889897,53.85455279658182,11845469.481143028,51.722678179594936,51.68916400964596,51.60947889861769,51.63365516370723,3019201.3121729735,93.67104159967832,94.26103274057125,93.58522897620023,94.85651067407157,3906140.3177996706,11.332558531804063,11.609338629530885,11.384685986493185,11.215177492066223,23188127.034195926,26.78562108210916,26.46777976668195,26.059072031760994,26.311288393165288,13892449.332431167,107.18771296298337,107.17531616332035,106.16336775129257,106.23318665794616,33079851.756403387,70.85773749623773,72.17710996166198,70.09481822441278,70.25395468428782,2787120.700536708,92.6254783170593,92.6912307962347,92.27504602599751,92.34898132622018,4048376.116564699,138.11008081516624,139.5437505178274,135.19619709289546,136.22955834618242,2723786.3210238097,110.48662976390165,113.62097649247386,110.1334836078279,112.94799801862086,8170910.476640393,45.42274266178657,46.216843242613486,43.79945539699628,43.80016675481831,10683144.026258815,130.69166292328757,133.30218881104616,128.55116884691253,130.0317940781376,2778161.7387370337,54.85423227573453,53.829914477976665,50.338309406289866,49.88955105219539,1599953.4537141486,242.5053362627379,249.1929100238913,240.47872384777648,244.3935808726521,569480.079193801,92.4076267016037,93.62385707142026,91.32504718089031,91.87104915540115,4448576.997322063,45.450694140396266,46.64147962970428,44.88098505656804,45.758795438347626,12133022.05351251,25.205277186435485,26.010440556145053,24.893098076114228,24.87732743047513,3554640.8577186135,61.230822052312774,61.63521433730794,60.51597742303078,60.63223792737654,3280312.990327791,168.5260859855891,170.769265633248,167.9037094583088,170.19266846722843,9915079.191048905,107.6831655217041,109.9512415194667,107.55182999824702,109.83106668899455,1303992.356686938,91.64436652719927,94.13916413394905,90.71846126217453,90.71799471004834,1388964.9067347972,67.03302252545231,67.55445963781756,66.86539987333991,66.88273590352748,6013448.936739836,82.1649492058106,82.20520167293701,82.07411169217514,82.10320283189776,3752618.651401315,39.879861225909806,40.54664357173587,39.59765588208169,39.97572948434401,14819134.570419094,30.722105856061393,30.92347705885839,30.454907986449697,30.21838576067546,22041221.15864072,32.80610830064319,32.7927467241113,32.68254849109737,32.63945234019033,7941356.137151718,26.938512931380682,26.984952868164452,26.602333806082104,26.65987288595762,4664335.940555851,49.62053693093882,50.195054190387815,49.45067915443899,50.70138791430048,2831259.2811624995,122.77814053179527,126.45214564639285,121.85879448993623,123.03187370097126,1811805.739546079,56.854279218632925,57.7912473262282,56.835644205829595,57.4188465640827,2179557.4450819353,40.45512833575035,41.81053884490066,40.08344575278204,40.424711374047185,4129412.3810571395,108.46136277306448,108.54282951446923,108.10607321854947,108.19364444305565,2233658.669025839,181.37713572159564,187.39208995591227,180.44572230429225,197.40281317963877,1999604.5785554068,23.551084599977383,23.88735490781039,23.24547164499,23.853933968239275,3264804.827927581,9.349411225488788,9.551451447827425,9.278698482500076,9.278745650424051,31747285.406630863,80.23510152844285,80.20745116338134,79.67002165955377,79.83551169112151,8187817.802082971,77.68097302637696,77.98755798291599,77.51675883170432,77.47418690960251,5092729.688977925,50.98341744782705,51.18679283685014,50.83667807672184,51.352787729620495,14212618.106074287,58.62054743967856,58.5472656093614,58.24610743615385,58.39652931693139,4217468.083941324,70.68534039136105,70.91374027203805,70.43642339996613,70.7733768169688,5439834.906117065,56.70891069977258,56.77919390067389,55.96759321149131,56.12508743040523,2485890.1353101325,58.08942839046186,58.11920851904652,57.8691362319351,58.0379875640535,3872105.589579799,167.51991240426756,169.2745920236472,167.00476174175645,168.47393082999852,3139094.190679284,114.69394620043211,115.838077566478,114.36228110211746,115.64530339385709,2118432.1292498996,45.22795537648621,45.332541471473846,44.89446784251759,44.98051202264968,8749230.305281505,62.24087260579706,62.409236392878654,62.05682935686043,62.18510400109713,4702223.705590938,125.51205433532418,126.85201340216237,125.13867394349774,126.353843241869,1233898.2502837887,57.46322460085177,55.9150364559728,55.020767464464186,57.55891169723407,8285043.636567592,74.21151430576465,73.66566005227853,71.0811070737805,71.18367447408227,1711676.4582578202,84.40593036648292,85.48331483221789,83.91156753945879,84.58471313477274,6338034.17026526,86.47411705551774,88.11430083565595,85.91635616860215,86.73099502483396,17617418.34881009,107.66700733344072,110.00083566371333,106.66653443977124,107.49710032542338,18076583.974947903,37.83017985419202,38.06202848714867,37.4297923591115,37.73637513144143,6097086.990126964,31.67906996393657,45.95902727557908,28.948408080011255,29.650203654295787,4944443.46575565
1907,115.14504572723897,116.24746930469234,114.74665406948877,115.96899679122336,3213774.9910768564,102.08327026516967,104.31296728859122,100.7171843945647,101.28714392770647,2820011.7792979856,97.8498689222499,97.88112481591196,97.35908128876864,97.43873554645795,8768870.846843746,6.634308380620697,6.698540564314881,5.983072280762962,6.170434844426855,23468448.656425595,70.85737269989107,72.79077232679998,69.60191867782441,72.42734834014507,2646621.5332008493,478.04622229594344,491.8850023615608,477.76806748186385,488.29938015268846,551952.0571703084,15.061402381989334,15.740961079297938,15.329302244595844,15.348851334861974,24968229.875417903,41.43895275997462,42.60452423487061,41.205365098708285,42.0423578910728,7796064.658878548,48.264766148916095,48.294930983916046,48.035876414781214,48.01297250632223,4577113.092302684,72.41230434239127,72.444691727421,72.0567951723255,72.20374860042938,6849442.197509535,31.866674956706994,32.08353103497869,31.672308397478957,31.82327400820855,10594164.857108593,77.47292569555677,77.50249979540621,77.09852449009371,77.12268807004101,2244180.1852918253,336.16470369673976,343.0953927142406,334.08645997909105,338.73093328663225,2584716.5789676677,41.82564670849059,43.056150379428715,41.29362861582991,42.36415537636294,4657957.109353669,9.72855827756854,10.268972627785404,9.537401461293934,9.823087299366767,20403841.233854514,95.31360001764396,98.75745580647907,95.34995895845103,95.71818389373061,10247014.631242046,12.933901172900658,13.24559887575687,12.758261400743367,13.062168168921673,13933813.635346541,151.7500341316857,152.54572145528414,150.07080615453603,150.42379865599284,9195584.215429362,472.44277791045334,486.36798853842487,471.4277928161448,479.2447517435236,1466074.3961371062,33.51472310939602,34.26391262301866,33.10658525336211,34.08670451396797,10088095.782260023,43.791932674306985,43.91401628459881,43.48574776469537,43.53817985077634,27071328.100241605,82.18728796841961,82.41520818303579,81.90018912599514,82.19469706020686,17002595.726036806,89.81980664160892,89.78642057597268,89.60714848635529,89.73589449811335,7372078.905472647,41.91763432627926,42.25743257460522,41.504935170189626,42.160484997619825,4126129.548011553,120.02420248094519,123.31295104722648,118.65823145788366,121.96301307440677,3983623.203562941,69.2716703742335,69.53503117094657,69.06735803516096,69.33229660755495,4524026.41111598,49.64468016804304,49.78875159304098,49.332323808613566,49.63962017781803,2925169.6509405836,55.279455976537875,55.57573704700245,55.14210268372162,55.296568379858705,3771690.5763614,24.773936946902076,24.885747941259343,24.35112722397459,24.354037202034764,22660321.92551495,37.431937484988836,38.68277943808983,36.60954605358477,36.60945912789849,16710684.011774512,150.09927817783762,152.95915976236904,147.37731830210947,148.46274563600213,1168510.0788984185,36.57422820244568,36.75996232959453,36.063083277616364,36.116613119097295,53106415.1707667,53.96174070065903,54.77669990858429,53.03726692054284,52.89184761610996,5116837.35685015,43.10162560297408,43.59249835583909,42.12641277934773,42.132367232403844,21353070.655426156,280.70221929630515,281.03352809787975,277.14356554857454,277.0574654474025,9456826.574458024,,,,,,24.317000779577672,25.26510810814637,24.174511184505956,24.678490941398227,11148879.660168502,145.37292244579342,143.854443471936,139.70093514629008,141.29645208932345,2087752.6919400576,5.752698505274091,5.758336456161161,5.503827495492707,5.4052008588545695,24376242.706155162,57.47820934673642,57.542574150461675,56.73196933012895,56.73141390829533,9656500.165201852,94.19289240659721,94.25910787317704,93.58256916980271,93.68854972011725,7616078.024679257,54.06230851707237,54.23361677653097,53.7273985889897,53.854552796581814,11845469.481143026,51.722678179594936,51.68916400964596,51.60947818698521,51.633655685359216,3019201.3121729735,93.67104159954069,94.26103274057125,93.58522897612943,94.87059426404443,3906140.3177996706,11.332558531592532,11.609338629530885,11.391623319914386,11.215177492066223,23188127.034198746,26.79937469878829,26.46777976668195,26.059072031760994,26.311288393165288,13892449.332431167,107.18771296298411,107.17531616332035,106.16336775129248,106.23318665787251,33079851.75673043,70.85771981552016,72.17710996166198,70.09481822441276,70.25395468404139,2787120.7005367004,92.62547831708967,92.6912307962347,92.27504602599751,92.34898132622018,4048376.1165646617,138.15392075907442,139.54375051783316,135.19619709289546,136.22955834620814,2723786.321012546,110.4866297639012,113.62097649247362,110.1334836078279,112.94799801862084,8170910.476640272,45.42274266178953,46.216843242615425,43.79945539699629,43.80016675481831,10683144.026258815,130.68088157490143,133.30218881104625,128.55116884691282,130.0317940781376,2778161.7387370337,54.854232282133744,54.11457632721962,50.47210588590401,50.00922106125809,1599953.453720383,242.7862482916415,249.58395454254884,241.11851551250066,244.59554539814792,569480.0791938012,92.4076267016037,93.62385707142025,91.3250471808903,91.87104915540114,4448576.997343232,45.45069414039625,46.64147962970428,44.880985056567816,45.758795438311346,12133022.05529234,25.20527379753238,26.010440556145223,24.893098076114228,24.877327346755663,3554640.8577183955,61.23008869757542,61.63517401399693,60.51616123239029,60.63223792737651,3280312.9903277834,168.52608598558902,170.769265633248,167.9037094583088,170.19266846722843,9915079.191048864,107.68316552170316,109.95124151946595,107.55182999824702,109.83106668899447,1303992.356686938,91.64436652719927,94.13916413394855,90.71714363911663,90.71799471005639,1388964.9067354742,67.03302252545231,67.5544596378177,66.86469505238658,66.88273590352763,6013448.936740014,82.17060439866177,82.21086849569497,82.07972993293234,82.10880284428681,3752618.6513804966,39.879861221323026,40.546643571710284,39.59765588208166,39.97572882071136,14819134.570419095,30.72210585619506,30.92347705885839,30.46264060377659,30.217816327686844,22041221.15864072,32.80610830064319,32.792746724107346,32.68254849109632,32.63945233900832,7941356.137166296,26.938512916713737,26.984952748124666,26.60233381797298,26.659867805074636,4664335.94055541,49.62053693093882,50.195054190387815,49.45067915443899,50.71864296887421,2831259.2811622624,122.77814053179527,126.45214547293031,121.85879448993623,123.03187370097339,1811805.7395460787,56.854279218624455,57.79124732622813,56.835644205829794,57.4188465640827,2179557.445082305,40.45419526731369,41.810538844910944,40.08344575278204,40.42471137405182,4129412.3810571423,108.46136277307089,108.54282951446714,108.10607321854947,108.19364444305549,2233658.669025839,181.37713094752598,187.39208995588922,180.44572230429225,197.6893751583058,1999604.5785554056,23.5510845998842,23.887354907746495,23.245471645014458,23.853933967988535,3264804.827927581,9.347608229287212,9.551451447827425,9.278698482500076,9.278745650424051,31747285.4066309,80.23510152844285,80.20745116338134,79.67002165906604,79.83551163013051,8187817.802082729,77.68097302637696,77.9954446294602,77.51675883170432,77.47418687459823,5092729.688977925,50.98341744782687,51.18679283630964,50.83667807672177,51.36009976823737,14212618.106104424,58.62316124198159,58.5472656093614,58.24610743615385,58.39898598058446,4217468.083941355,70.68534039136054,70.91374027203805,70.4364233999658,70.77337681696335,5439834.90611709,56.70891062943911,56.77919372892398,55.96759321149115,56.12508190353332,2485890.1445105597,58.093632633978,58.12341739151371,57.8691362319351,58.04214190464558,3872105.589579799,167.51991240426747,169.2745920236472,167.00476174175645,168.47393082999838,3139094.1906929794,114.69394620043185,115.838077566478,114.36228110211746,115.64530339385693,2118432.1292499006,45.22795537648621,45.332541471473846,44.8944678425176,44.98051202264964,8749230.305281505,62.24087260579657,62.40923637666195,62.05682935685949,62.18510400109149,4702223.705590939,125.51205433532415,126.85201340216237,125.13867394349774,126.35241618783203,1233898.2502837887,57.51078308157411,55.91503674913889,55.020767464470474,57.60630525860429,8285043.636567592,74.25988817456471,73.66566005227853,71.08110707378052,71.18367447408227,1711676.4582578205,84.40593036648292,85.48331483221789,83.91156753945879,84.58471313477274,6338034.17028374,86.47411705551774,88.11430083565597,85.91635616860215,86.73099502483397,17617418.348836932,107.66700733344072,110.00083566371696,106.66653443977124,107.49710032542338,18076583.974948462,37.83017985419202,38.06202848714867,37.4297923591115,37.73637513144143,6097086.990126964,30.646335435777328,45.95903963148153,28.08895531383391,28.939797109510508,4944443.465682323
1908,115.14504572723898,116.24746930469234,114.74665406948877,115.9689967912235,3213774.991074133,102.08327026516699,104.31296728860178,100.71718439456474,101.28714392770647,2820011.7792979837,97.8498689222499,97.88112481591196,97.35908128876864,97.43873554645795,8768870.846843746,6.634307009022488,6.698540563873506,5.978833757304663,6.170434844430988,23468448.656425573,70.90791325128265,72.89194740091386,69.43210653886723,72.7954611899649,2646621.53320086,478.1947250004558,491.8036649545944,477.44621415760855,488.21637336358424,551952.0571705702,15.061402381989334,15.749325549295186,15.3368606763693,15.34884739235212,24968229.875417903,41.43895275997462,42.60452423487061,41.20536509870797,42.04235789107278,7796064.658878548,48.26721033826679,48.29738431153622,48.03587641274155,48.01297247734661,4577113.092302675,72.41230433349278,72.444691727421,72.05679523449912,72.20374860042938,6849442.197521467,31.866674956706994,32.08353103497876,31.672367392588022,31.823274013667227,10594164.857109219,77.47893086994492,77.50850180863372,77.0985244902589,77.12268807004101,2244180.185291827,336.2682408705224,343.0194632865483,333.99037476602876,338.31601617113785,2584716.578967668,41.82564670849573,43.056150379286926,41.29362861571106,42.364156514432445,4657957.10935371,9.72855827756854,10.268972627785404,9.537401461526432,9.823087299366767,20403841.23385448,95.31360001764396,98.75745580647907,95.34995895845103,95.71818389372406,10247014.63124204,12.933901172900658,13.24559887575687,12.758261400743367,13.062168168920227,13933813.63534654,151.7500341316857,152.54572145528414,150.07080615453603,150.42379865599284,9195584.215429362,472.51107999582274,486.0715343240109,471.10025250012154,478.8032351174389,1466074.3961371065,33.51472310939602,34.26391262301866,33.10658525336211,34.08670451394952,10088095.782260025,43.791932674306985,43.91401628459881,43.48574776469537,43.53817985077634,27071328.10073734,82.18728796841971,82.41520818303579,81.90018912599514,82.19469706020718,17002595.726036806,89.81980664161027,89.78642057540394,89.60714848585927,89.7358944911872,7372078.905462312,41.91763432627926,42.25743257456858,41.505313445156716,42.160484997619825,4126129.548011608,120.02420248094519,123.31295104722648,118.65823145788363,121.96301307439795,3983623.203562944,69.2716703742335,69.53503117094657,69.06735803516096,69.33229660755414,4524026.4111160245,49.644680168043045,49.78875159304098,49.332323808613566,49.63962017781803,2925169.6509405836,55.279455976537875,55.57573704700245,55.14210268372332,55.29656837985877,3771690.5763614,24.773936946901923,24.885747941259492,24.351127223974594,24.354037202034807,22660321.92551495,37.43193748498931,38.683045755942274,36.60954605358477,36.609459127898546,16710684.011774512,150.09927817783762,152.95915976236904,147.37731830210947,148.45303460952329,1168510.0788947414,36.57422820244568,36.759962329594515,36.063083277616364,36.11661311909732,53106415.17245075,53.961740682976455,54.776699908584504,53.03726692054287,52.89184761610996,5116837.356844026,43.10162560297343,43.592498355839155,42.12641278166904,42.132367232403844,21353070.655425664,280.8490090332302,281.1803833470485,277.28591938212304,277.1980327256023,9456826.574458009,,,,,,24.317000779577672,25.265108108146382,24.174511184505956,24.678490941398227,11148879.660183307,145.37863753222246,143.854443471936,139.70093514629008,141.2964520893235,2087752.6919400576,5.752698505274091,5.7556801502165085,5.503827495492707,5.402462032507213,24376242.706155162,57.50874467015438,57.57322317848467,56.7617108644365,56.760758170142545,9656500.165033652,94.19289240653201,94.25910787317704,93.5825691698025,93.69305348238527,7616078.024679257,54.06230851707237,54.23361677653097,53.7273985889897,53.854552796581814,11845469.481143035,51.722678179594936,51.68916400964596,51.60947875305928,51.63365527201421,3019201.3121729735,93.67104159953153,94.26103274057125,93.58522897611599,94.88467994504411,3906140.3177996706,11.332558531459792,11.609338629530885,11.398564880645418,11.215177492066223,23188127.034199394,26.813135377538945,26.46777976668195,26.059072031760994,26.311288393165288,13892449.33243117,107.1877129629842,107.17531616332035,106.16336775129244,106.23318665782966,33079851.756203108,70.85773470860167,72.17710996166198,70.09481822441276,70.25395468421905,2787120.700536711,92.6254783170877,92.6912307962347,92.27504602599751,92.34898132622018,4048376.116564503,138.34457328500199,139.5437505178344,135.19619709289546,136.22955834620578,2723786.321027731,110.48662976390119,113.62097649247356,110.1334836078279,112.94799801862084,8170910.47664265,45.42274266178959,46.21684324261558,43.79945539699629,43.80016675481831,10683144.026258815,130.64991698879354,133.30218881104628,128.55116884691284,130.0317940781376,2778161.7387370337,54.85423228233662,54.11794896157404,50.401389064679975,50.270939473375634,1599953.4537171775,242.5180477721351,249.36241492689388,240.5605840640479,244.6446597533485,569480.0791938012,92.4076267016037,93.62385707142025,91.3250471808903,91.87104915540114,4448576.997347607,45.45069414039625,46.64147962970428,44.88098505656778,45.75879543830667,12133022.055552932,25.205271161442326,26.010440556145227,24.893098076114228,24.877327288402135,3554640.8577171545,61.2307610572212,61.6352073047741,60.51599750129837,60.63223792737651,3280312.9903278165,168.52608598558902,170.769265633248,167.9037094583088,170.19266846722843,9915079.191048872,107.68316552170317,109.95124151946585,107.55182999824702,109.83106668899444,1303992.356686938,91.64436652719927,94.13916413394881,90.71832165861863,90.71799471005616,1388964.906733654,67.03302252545231,67.55445963781771,66.86531592247407,66.88273590352763,6013448.9367399635,82.17625998074467,82.21653570909585,82.08534855827645,82.11440323863586,3752618.651406437,39.87986121818227,40.546643571695206,39.59765588208165,39.97572830279806,14819134.570419095,30.72210585611334,30.92347705885839,30.470375184443586,30.218328933573236,22041221.15864072,32.80610830064319,32.79274672410504,32.6825484910969,32.639452338236374,7941356.1371502085,26.938512905606164,26.984952836023698,26.602333809625396,26.65987217569111,4664335.940556514,49.62053693093882,50.195054190387815,49.45067915443899,50.73590389581002,2831259.2811623574,122.77814053179527,126.45214559581402,121.85879448993623,123.03187370097297,1811805.7395460785,56.85427921862464,57.79124732622811,56.8356442058298,57.4188465640827,2179557.445082083,40.455026649652616,41.810538844912166,40.08344575278204,40.42471137405201,4129412.381057128,108.46136277307085,108.54282951446798,108.10607321854947,108.19364444305549,2233658.669025839,181.37712725111817,187.3920899558556,180.44572230429225,197.97635312784095,1999604.5785554165,23.55108459988269,23.88735490773488,23.24547164500049,23.85393396800047,3264804.827927581,9.345805580786173,9.551451447827425,9.278698482500076,9.278745650424051,31747285.406630915,80.23510152844285,80.20745116338134,79.6700216587601,79.83551158676379,8187817.802082535,77.68097302637696,78.00333207355719,77.51675883170432,77.47418684980838,5092729.688977925,50.98341744782689,51.186792835963146,50.83667807672173,51.36741284801043,14212618.106151039,58.62577516083015,58.5472656093614,58.24610743615385,58.401442747586074,4217468.083941336,70.68534039136058,70.91374027203805,70.43642339996563,70.77337681696339,5439834.906117117,56.70891057554737,56.77919385390213,55.967593211491135,56.12508645593559,2485890.147184147,58.097837181777784,58.12762656877871,57.8691362319351,58.04629654260404,3872105.589579799,167.51991240426747,169.2745920236472,167.00476174175645,168.47393082999838,3139094.1906994437,114.69394620043187,115.838077566478,114.36228110211746,115.64530339385693,2118432.1292499015,45.22795537648621,45.332541471473846,44.89446784251759,44.98051202264964,8749230.305281505,62.24087260579663,62.40923636527918,62.05682935685895,62.18510400109162,4702223.70559094,125.51205433532415,126.85201340216237,125.13867394349774,126.35376739838857,1233898.2502837887,57.55838092328108,55.915036535982686,55.02076746447236,57.65373784346268,8285043.636567592,74.30829357527695,73.66566005227853,71.08110707378052,71.18367447408227,1711676.4582578205,84.40593036648292,85.48331483221789,83.91156753945879,84.58471313477274,6338034.170293596,86.47411705551774,88.11430083565597,85.91635616860215,86.73099502483396,17617418.348874867,107.66700733344072,110.00083566371792,106.66653443977124,107.49710032542338,18076583.974948503,37.83017985419202,38.06202848714867,37.4297923591115,37.73637513144143,6097086.990126964,30.92073492586013,45.95904984221124,28.05177627461356,28.340795659902284,4944443.4657406965
1909,115.14504572723897,116.24746930469234,114.74665406948877,115.96899679122318,3213774.991073776,102.0832702651705,104.31296728862014,100.71718439456475,101.28714392770647,2820011.7792979833,97.8498689222499,97.88112481591196,97.35908128876864,97.43873554645795,8768870.846843746,6.6343080545805275,6.698540564152255,5.974598236497889,6.170434844428632,23468448.65642556,71.06930112569985,72.86376386937222,69.57841359575315,72.43558796142466,2646621.533200865,478.32154120763704,492.1365184883247,478.0144540060607,488.450458056921,551952.0571706577,15.061402381989334,15.757694464024746,15.344422834984979,15.34885076085617,24968229.875417903,41.43895275997462,42.60452423487061,41.20536509870825,42.04235789107273,7796064.658878548,48.269654651394355,48.29983776378265,48.03587641131796,48.01297245625198,4577113.092302673,72.41230432709861,72.444691727421,72.05679518928868,72.20374860042938,6849442.197522001,31.866674956706994,32.0835310349789,31.672316830277047,31.82327400999077,10594164.857109489,77.48493650981335,77.51450428667415,77.09852449129741,77.12268807004101,2244180.1852918277,336.4320501383533,343.2775360098649,334.3437806461174,338.79642923350616,2584716.578967668,41.82564670852174,43.056150379370536,41.293628615781394,42.364155616173576,4657957.109353727,9.72855827756854,10.268972627785404,9.537401461385262,9.823087299366767,20403841.233854473,95.31360001764396,98.75745580647907,95.34995895845103,95.71818389371258,10247014.631242039,12.933901172900658,13.24559887575687,12.758261400743367,13.06216816892059,13933813.63534654,151.7500341316857,152.54572145528414,150.07080615453603,150.42379865599284,9195584.215429362,472.8540104182064,486.55711539022195,471.44952134145126,479.1255883481624,1466074.3961371065,33.51472310939602,34.26391262301866,33.10658525336211,34.086704513941044,10088095.782260025,43.791932674306985,43.91401628459881,43.48574776469537,43.53817985077634,27071328.10098707,82.18728796841958,82.41520818303577,81.90018912599514,82.19469706020499,17002595.726036806,89.81980664160962,89.78642057503994,89.60714848554007,89.73589448642105,7372078.905458578,41.91763432627926,42.25743257459101,41.50498364459364,42.160484997619825,4126129.548011623,120.02420248094519,123.31295104722648,118.65823145788363,121.9630130743524,3983623.203562945,69.2716703742335,69.53503117094657,69.06735803516096,69.33229660755246,4524026.411116034,49.64468016804304,49.78875159304098,49.332323808613566,49.63962017781803,2925169.6509405836,55.279455976537875,55.57573704700245,55.14210268372238,55.29656837985873,3771690.5763614,24.773936946901838,24.88574794125943,24.35112722397459,24.35403720203479,22660321.92551495,37.43193748499038,38.682820914418805,36.60954605358477,36.60945912789865,16710684.011774512,150.09927817783762,152.95915976236904,147.37731830210947,148.43681398991592,1168510.078893635,36.57422820244568,36.759962329594536,36.06308327761644,36.116613119097345,53106415.172413565,53.96174067102989,54.77669990858457,53.03726692054286,52.89184761610996,5116837.356843324,43.10162560297418,43.592498355839176,42.12641278017081,42.132367232403844,21353070.65542561,280.9958755320244,281.32731533604385,277.4283463352256,277.33867132171326,9456826.574458005,,,,,,24.317000779577672,25.265108108146382,24.174511184505956,24.678490941398227,11148879.660182768,145.42516730079046,143.854443471936,139.70093514629008,141.29645208932374,2087752.6919400576,5.752698505274091,5.753025069619024,5.503827495492707,5.399724593928776,24376242.706155162,57.53929621547603,57.603888531166966,56.791467990638246,56.79011761027713,9656500.164994061,94.19289240649188,94.25910787317704,93.58256916980318,93.68868353002729,7616078.024679257,54.06230851707237,54.23361677653097,53.7273985889897,53.854552796581814,11845469.481143039,51.722678179594936,51.68916400964596,51.609478302770874,51.63365559953926,3019201.3121729735,93.67104159952068,94.26103274057125,93.5852289761073,94.89876771738106,3906140.3177996706,11.332558531376495,11.609338629530885,11.40551067126222,11.215177492066223,23188127.0341994,26.82690312198728,26.46777976668195,26.059072031760994,26.311288393165288,13892449.33243117,107.18771296298424,107.17531616332035,106.16336775129243,106.23318665780474,33079851.75602752,70.85772216364269,72.17710996166198,70.09481822441276,70.25395468409097,2787120.700536715,92.62547831709206,92.6912307962347,92.27504602599751,92.34898132622018,4048376.116564468,138.34447235464546,139.54375051783438,135.19619709289546,136.22955834620564,2723786.321031583,110.48662976390115,113.62097649247353,110.1334836078279,112.94799801862084,8170910.476644784,45.42274266178966,46.216843242615624,43.79945539699629,43.80016675481831,10683144.026258815,130.6873747649693,133.30218881104628,128.55116884691276,130.0317940781376,2778161.7387370337,54.85423228282204,54.10961929362849,50.29342129247593,50.005100876561805,1599953.4537166972,242.18694066637474,249.2314240084001,240.36732156441084,244.4381685877674,569480.0791938012,92.4076267016037,93.62385707142026,91.3250471808903,91.87104915540114,4448576.997350919,45.45069414039625,46.64147962970428,44.88098505656778,45.75879543830253,12133022.055602543,25.205269110934957,26.010440556145234,24.893098076114228,24.877327247729244,3554640.8577166423,61.23014461954472,61.63517982003183,60.51614334735608,60.63223792737651,3280312.990327827,168.52608598558902,170.769265633248,167.9037094583088,170.19266846722843,9915079.191048875,107.68316552170315,109.95124151946578,107.55182999824702,109.83106668899443,1303992.356686938,91.64436652719927,94.13916413394868,90.7172684515282,90.71799471005654,1388964.906732796,67.03302252545231,67.55445963781771,66.86476900390743,66.88273590352763,6013448.936739945,82.18191595208611,82.22220331316659,82.09096756823381,82.12000401497095,3752618.6514139827,39.87986121603172,40.546643571686324,39.597655882081646,39.97572789860474,14819134.570419095,30.722105856163303,30.92347705885839,30.478111728950132,30.2178674836748,22041221.15864072,32.80610830064319,32.79274672410369,32.682548491096576,32.63945233773222,7941356.137148742,26.938512897728707,26.984952771659703,26.602333815485533,26.65986841605161,4664335.940557345,49.62053693093882,50.195054190387815,49.45067915443899,50.75317069710645,2831259.281162373,122.77814053179527,126.45214550876756,121.85879448993623,123.0318737009751,1811805.7395460785,56.85427921862419,57.79124732622809,56.835644205829794,57.4188465640827,2179557.44508202,40.45428587163805,41.810538844912756,40.08344575278204,40.42471137405218,4129412.3810571246,108.4613627730717,108.54282951446717,108.10607321854947,108.19364444305549,2233658.669025839,181.3771243891091,187.39208995584693,180.44572230429225,198.2637476921219,1999604.578555418,23.551084599903753,23.88735490774518,23.245471645008468,23.853933968023167,3264804.827927581,9.344003279918619,9.551451447827425,9.278698482500076,9.278745650424051,31747285.406630922,80.23510152844285,80.20745116338134,79.67002165856822,79.83551155592853,8187817.802082491,77.68097302637696,78.01122031528762,77.51675883170432,77.47418683218602,5092729.688977925,50.98341744782687,51.18679283574102,50.83667807672171,51.37472696908058,14212618.106151754,58.628389196229435,58.5472656093614,58.24610743615385,58.40389961794058,4217468.083941329,70.68534039136053,70.91374027203805,70.43642339996555,70.77337681696316,5439834.906117128,56.708910536374276,56.779193762958734,55.967593211491156,56.12508270618946,2485890.1486918265,58.102042033883244,58.13183605086359,57.8691362319351,58.05045147795015,3872105.589579799,167.51991240426747,169.2745920236472,167.00476174175645,168.47393082999838,3139094.1906982954,114.69394620043184,115.838077566478,114.36228110211746,115.64530339385693,2118432.1292499015,45.22795537648621,45.332541471473846,44.89446784251759,44.98051202264964,8749230.305281505,62.24087260579655,62.40923635728942,62.05682935685864,62.185104001091304,4702223.70559094,125.51205433532415,126.85201340216237,125.13867394349774,126.35248800046755,1233898.2502837887,57.60601815854894,55.91503669096504,55.020767464471895,57.70120948394349,8285043.636567592,74.35673052845824,73.66566005227853,71.08110707378052,71.18367447408227,1711676.4582578205,84.40593036648292,85.48331483221789,83.91156753945879,84.58471313477274,6338034.170298773,86.47411705551774,88.11430083565597,85.91635616860215,86.73099502483393,17617418.348890968,107.66700733344072,110.00083566371822,106.66653443977124,107.49710032542338,18076583.97494852,37.83017985419202,38.06202848714867,37.4297923591115,37.73637513144143,6097086.990126964,30.458913013449262,45.9590583075865,27.88697218066312,28.68646624680155,4944443.465763047
1910,115.14504572723897,116.24746930469234,114.74665406948877,115.96899679122272,3213774.991073122,102.08327026516346,104.31296728860535,100.71718439456473,101.28714392770647,2820011.779297983,97.8498689222499,97.88112481591196,97.35908128876864,97.43873554645795,8768870.846843746,6.634307257560229,6.698540563976211,5.970365716215503,6.170434844429975,23468448.656425558,71.31501135102611,73.28288185550535,69.71048089572304,72.78740599785534,2646621.5332008675,478.54268974641883,492.179083862394,477.69400832843587,488.690991811263,551952.0571706893,15.061402381989334,15.766067825848472,15.35198872228048,15.34884788278612,24968229.875417903,41.43895275997462,42.60452423487061,41.20536509870808,42.04235789107282,7796064.658878548,48.272099088305055,48.30229134066166,48.035876410324356,48.01297244089482,4577113.092302672,72.41230432239493,72.444691727421,72.05679522233994,72.20374860042938,6849442.1975221,31.866674956706994,32.08353103497881,31.67236016517941,31.82327401246689,10594164.857109578,77.49094261519815,77.52050722956349,77.09852449116029,77.12268807004101,2244180.1852918277,336.52659369109676,343.24544980888294,334.45923013568813,338.71601203198975,2584716.578967668,41.82564670849791,43.05615037932131,41.29362861573977,42.36415632516369,4657957.109353731,9.72855827756854,10.268972627785404,9.53740146147169,9.823087299366767,20403841.23385447,95.31360001764396,98.75745580647907,95.34995895845103,95.71818389370446,10247014.631242039,12.933901172900658,13.24559887575687,12.758261400743367,13.06216816892113,13933813.63534654,151.7500341316857,152.54572145528414,150.07080615453603,150.42379865599284,9195584.215429362,472.98107836521854,486.5153531655418,471.6614709203815,479.3200149881846,1466074.3961371065,33.51472310939602,34.26391262301866,33.10658525336211,34.086704513942124,10088095.782260025,43.791932674306985,43.91401628459881,43.48574776469537,43.53817985077634,27071328.10104957,82.18728796841958,82.41520818303577,81.90018912599514,82.19469706020334,17002595.726036806,89.81980664160864,89.786420574807,89.60714848533465,89.73589448313838,7372078.905456461,41.91763432627926,42.25743257457728,41.505271182544625,42.160484997619825,4126129.5480116275,120.02420248094519,123.31295104722648,118.65823145788363,121.96301307435048,3983623.203562945,69.2716703742335,69.53503117094657,69.06735803516096,69.33229660755048,4524026.411116036,49.64468016804304,49.78875159304098,49.332323808613566,49.63962017781803,2925169.6509405836,55.279455976537875,55.57573704700245,55.142102683722904,55.29656837985875,3771690.5763614,24.773936946901852,24.885747941259368,24.35112722397459,24.354037202034704,22660321.92551495,37.431937484989774,38.683010739136876,36.60954605358477,36.60945912789871,16710684.011774512,150.09927817783762,152.95915976236904,147.37731830210947,148.68302820587974,1168510.0788936925,36.57422820244568,36.75996232959453,36.06308327761641,36.11661311909733,53106415.172573626,53.961740662958576,54.77669990858455,53.03726692054287,52.89184761610996,5116837.356843395,43.10162560297331,43.59249835583917,42.1264127811378,42.132367232403844,21353070.6554256,281.14281883282746,281.47432410496646,277.5708464454399,277.47938127191907,9456826.574458005,,,,,,24.317000779577672,25.26510810814638,24.174511184505956,24.678490941398227,11148879.66018487,145.5508915645938,143.854443471936,139.70093514629008,141.29645208932317,2087752.6919400576,5.752698505274091,5.750371213803459,5.503827495492707,5.396988542416075,24376242.706155162,57.56986399131926,57.63457021720361,56.82124071690818,56.81949223655004,9656500.164991269,94.19289240646673,94.25910787317704,93.58256916980287,93.69292364806074,7616078.024679257,54.06230851707237,54.23361677653097,53.7273985889897,53.854552796581814,11845469.481143039,51.722678179594936,51.68916400964596,51.60947866095659,51.63365534001596,3019201.3121729735,93.67104159951172,94.26103274057125,93.58522897610108,94.91285758136578,3906140.3177996706,11.332558531324226,11.609338629530885,11.412460694342302,11.215177492066223,23188127.034199473,26.840677935761317,26.46777976668195,26.059072031760994,26.311288393165288,13892449.33243117,107.18771296298418,107.17531616332035,106.16336775129241,106.23318665779023,33079851.755983572,70.85773273069664,72.17710996166198,70.09481822441276,70.25395468418331,2787120.7005367167,92.62547831708814,92.6912307962347,92.27504602599751,92.34898132622018,4048376.1165644503,138.46108242785465,139.54375051783413,135.19619709289546,136.22955834620592,2723786.3210325525,110.48662976390115,113.6209764924735,110.1334836078279,112.94799801862084,8170910.476644715,45.42274266178961,46.216843242615624,43.79945539699629,43.80016675481831,10683144.026258815,130.93494041383823,133.30218881104628,128.55116884691276,130.0317940781376,2778161.7387370337,54.85423228230256,53.90609649746924,50.08840325308974,50.02209482635321,1599953.4537166334,242.37845402774337,248.8438571936877,240.30839295517438,244.00317048834972,569480.0791938012,92.4076267016037,93.62385707142026,91.3250471808903,91.87104915540114,4448576.997351258,45.45069414039625,46.64147962970428,44.88098505656778,45.758795438300886,12133022.055693824,25.205267515928572,26.010440556145234,24.893098076114228,24.877327219379897,3554640.857716458,61.23070978643327,61.63520251133322,60.51601343267523,60.63223792737651,3280312.990327832,168.52608598558902,170.769265633248,167.9037094583088,170.19266846722843,9915079.191048875,107.68316552170312,109.95124151946571,107.55182999824702,109.83106668899441,1303992.356686938,91.64436652719927,94.13916413394874,90.71821007021401,90.71799471005639,1388964.9067324253,67.03302252545231,67.55445963781771,66.86525077928133,66.88273590352763,6013448.936739937,82.18757231271287,82.22787130793411,82.09658696283073,82.12560517331814,3752618.6514149983,39.879861214559185,40.546643571681095,39.59765588208165,39.975727583164165,14819134.570419095,30.722105856132757,30.92347705885839,30.48585023779497,30.218282882745353,22041221.15864072,32.80610830064319,32.7927467241029,32.68254849109675,32.63945233740297,7941356.137148475,26.93851289195483,26.984952818790184,26.602333811371622,26.659871650123797,4664335.940557197,49.62053693093882,50.195054190387815,49.45067915443899,50.7704433747627,2831259.2811623933,122.77814053179527,126.45214557043168,121.85879448993623,123.03187370097635,1811805.7395460785,56.85427921862359,57.79124732622803,56.83564420582973,57.4188465640827,2179557.4450820056,40.45494591942058,41.810538844912806,40.08344575278204,40.42471137405238,4129412.3810571223,108.46136277307114,108.54282951446743,108.10607321854947,108.19364444305549,2233658.669025839,181.377122173148,187.39208995585363,180.44572230429225,198.5515594559031,1999604.5785554186,23.551084599890185,23.887354907740477,23.24547164500391,23.85393396804189,3264804.827927581,9.342201326617507,9.551451447827425,9.278698482500076,9.278745650424051,31747285.406630926,80.23510152844285,80.20745116338134,79.67002165844785,79.83551153400359,8187817.802082481,77.68097302637696,78.01910935473214,77.51675883170432,77.47418681966958,5092729.688977925,50.98341744782687,51.18679283559862,50.836678076721704,51.38204213159635,14212618.106146242,58.631003348184635,58.5472656093614,58.24610743615385,58.406356591652326,4217468.083941327,70.68534039136053,70.91374027203805,70.4364233999655,70.77337681696302,5439834.906117134,56.708910507131456,56.77919382913592,55.96759321149114,56.12508579479965,2485890.1515509854,58.10624719031641,58.13604583779043,57.8691362319351,58.0546067107052,3872105.589579799,167.51991240426747,169.2745920236472,167.00476174175645,168.47393082999838,3139094.1906951456,114.69394620043184,115.838077566478,114.36228110211746,115.64530339385693,2118432.1292499015,45.22795537648621,45.332541471473846,44.89446784251759,44.98051202264964,8749230.305281505,62.240872605796554,62.40923635168128,62.056829356858465,62.18510400109102,4702223.70559094,125.51205433532415,126.85201340216237,125.13867394349774,126.35369940237112,1233898.2502837887,57.65369481998108,55.91503657827994,55.02076746447128,57.74872021220461,8285043.636567592,74.40519905467545,73.66566005227853,71.08110707378052,71.18367447408227,1711676.4582578205,84.40593036648292,85.48331483221789,83.91156753945879,84.58471313477274,6338034.170301488,86.47411705551774,88.11430083565597,85.91635616860215,86.73099502483392,17617418.348895725,107.66700733344072,110.00083566371816,106.66653443977124,107.49710032542338,18076583.974948514,37.83017985419202,38.06202848714867,37.4297923591115,37.73637513144143,6097086.990126964,30.055364823214674,45.959065305887115,27.314317365771718,28.413845546269062,4944443.465753586
1911,115.14504572723897,116.24746930469234,114.74665406948877,115.96899679122292,3213774.991071234,102.08327026516251,104.31296728860808,100.71718439456471,101.28714392770647,2820011.779297983,97.8498689222499,97.88112481591196,97.35908128876864,97.43873554645795,8768870.846843746,6.634307865122251,6.698540564087391,5.9661361943318765,6.170434844429209,23468448.656425558,70.78984575981836,72.75402100522196,69.4876025339154,72.44346285105895,2646621.5332008684,478.5910954383334,492.01674183670553,477.9811513400371,488.72025614034743,551952.0571706855,15.061402381989334,15.77444563712947,15.359558340094305,15.34885034182642,24968229.875417903,41.43895275997462,42.60452423487061,41.20536509870795,42.042357891072804,7796064.658878548,48.27454364900516,48.30474504217959,48.035876409630866,48.012972429714615,4577113.092302672,72.41230431899389,72.444691727421,72.05679519796698,72.20374860042938,6849442.1975226365,31.866674956706994,32.08353103497885,31.672323024595315,31.823274010799203,10594164.857109617,77.4969491861354,77.52651063733774,77.09852449049478,77.12268807004101,2244180.1852918277,336.69100338722416,343.4363602685715,334.5911079401345,339.0945755903884,2584716.578967668,41.8256467084789,43.05615037934988,41.293628615764405,42.36415576555524,4657957.109353734,9.72855827756854,10.268972627785404,9.537401461418717,9.823087299366767,20403841.233854465,95.31360001764396,98.75745580647907,95.34995895845103,95.7181838936917,10247014.631242039,12.933901172900658,13.24559887575687,12.758261400743367,13.062168168919586,13933813.63534654,151.7500341316857,152.54572145528414,150.07080615453603,150.42379865599284,9195584.215429362,473.3117724213063,486.8168374518043,472.08710044053043,479.55912990736624,1466074.3961371065,33.51472310939602,34.26391262301866,33.10658525336211,34.08670451394383,10088095.782260025,43.791932674306985,43.91401628459881,43.48574776469537,43.53817985077634,27071328.101076167,82.18728796841961,82.41520818303577,81.90018912599514,82.19469706020392,17002595.726036806,89.81980664160852,89.78642057465791,89.60714848520244,89.73589448087677,7372078.905457044,41.91763432627926,42.25743257458568,41.50502049141385,42.160484997619825,4126129.5480116303,120.02420248094519,123.31295104722648,118.65823145788363,121.96301307438522,3983623.203562945,69.2716703742335,69.53503117094658,69.06735803516096,69.33229660755272,4524026.4111160375,49.64468016804304,49.78875159304098,49.332323808613566,49.63962017781803,2925169.6509405836,55.279455976537875,55.57573704700245,55.14210268372261,55.29656837985874,3771690.5763614,24.773936946901873,24.8857479412594,24.351127223974594,24.35403720203472,22660321.92551495,37.43193748498938,38.68285047770872,36.60954605358477,36.60945912789857,16710684.011774512,150.09927817783762,152.95915976236904,147.37731830210947,148.51869703527507,1168510.0788933046,36.57422820244568,36.759962329594536,36.06308327761642,36.11661311909734,53106415.1728035,53.96174065750549,54.776699908584504,53.037266920542876,52.89184761610996,5116837.356843498,43.101625602973265,43.59249835583917,42.12641278051368,42.132367232403844,21353070.65542561,281.28983897580395,281.62140969393806,277.7134197503427,277.6201626124218,9456826.574458005,,,,,,24.317000779577672,25.26510810814638,24.174511184505956,24.678490941398227,11148879.660182273,145.42178488262593,143.854443471936,139.70093514629008,141.296452089323,2087752.6919400576,5.752698505274091,5.747718582204824,5.503827495492707,5.39425387726628,24376242.706155162,57.60044800630654,57.66526824529427,56.851029051424575,56.84888205681629,9656500.164968312,94.19289240645111,94.25910787317704,93.58256916980267,93.68880950688371,7616078.024679257,54.06230851707237,54.23361677653097,53.7273985889897,53.854552796581814,11845469.481143039,51.722678179594936,51.68916400964596,51.60947837603474,51.63365554565624,3019201.3121729735,93.67104159951187,94.26103274057125,93.58522897609973,94.92694953730883,3906140.3177996706,11.332558531291426,11.609338629530885,11.419414952464741,11.215177492066223,23188127.034199618,26.854459822490952,26.46777976668195,26.059072031760994,26.311288393165288,13892449.33243117,107.18771296298415,107.17531616332035,106.16336775129241,106.23318665778179,33079851.755934257,70.85772382970067,72.17710996166198,70.09481822441276,70.25395468411675,2787120.7005367163,92.62547831708618,92.6912307962347,92.27504602599751,92.34898132622018,4048376.11656445,138.34111887721548,139.54375051783416,135.19619709289546,136.22955834620703,2723786.321032462,110.48662976390116,113.62097649247352,110.1334836078279,112.94799801862084,8170910.476644089,45.422742661789606,46.216843242615624,43.79945539699629,43.80016675481831,10683144.026258815,130.89159798569204,133.30218881104628,128.5511688469128,130.0317940781376,2778161.7387370337,54.85423228224685,53.53925809804525,50.07162452149899,49.59337397680973,1599953.453716666,242.11588885024437,248.69280590808364,240.07460918369247,243.86268779565683,569480.0791938012,92.4076267016037,93.62385707142026,91.3250471808903,91.87104915540114,4448576.997348684,45.45069414039625,46.64147962970428,44.88098505656778,45.75879543830602,12133022.055837056,25.2052662752379,26.010440556145227,24.893098076114228,24.877327199620186,3554640.8577163704,61.23019162600358,61.63518377747917,60.51612915623039,60.63223792737651,3280312.990327833,168.52608598558902,170.769265633248,167.9037094583088,170.19266846722843,9915079.191048875,107.68316552170313,109.95124151946563,107.55182999824702,109.83106668899437,1303992.356686938,91.64436652719927,94.13916413394871,90.71736821702339,90.71799471005616,1388964.906732254,67.03302252545231,67.55445963781771,66.86482638792756,66.88273590352763,6013448.936739935,82.19322906265175,82.23353969342534,82.10220674209354,82.13120671370348,3752618.651412746,39.87986121355084,40.54664357167801,39.59765588208165,39.975727336989415,14819134.570419095,30.722105856151433,30.92347705885839,30.4935907114767,30.21790893881688,22041221.15864072,32.80610830064319,32.792746724102436,32.682548491096654,32.63945233718794,7941356.137147909,26.93851288780878,26.984952784278928,26.602333814259655,26.659868868148845,4664335.940556692,49.62053693093882,50.195054190387815,49.45067915443899,50.78772193077865,2831259.2811623816,122.77814053179527,126.45214552674803,121.85879448993623,123.03187370097471,1811805.7395460785,56.85427921862396,57.791247326228024,56.835644205829745,57.4188465640827,2179557.445081997,40.454357803861626,41.810538844912216,40.08344575278204,40.42471137405214,4129412.3810571223,108.46136277307087,108.54282951446784,108.10607321854947,108.19364444305548,2233658.669025839,181.37712045740093,187.39208995587524,180.44572230429225,198.83978902481675,1999604.5785554189,23.55108459988783,23.887354907737098,23.245471645006514,23.8539339679917,3264804.827927581,9.340399720815814,9.551451447827425,9.278698482500076,9.278745650424051,31747285.406630926,80.23510152844285,80.20745116338134,79.67002165837235,79.8355115184142,8187817.802082489,77.68097302637696,78.02699919197143,77.51675883170432,77.47418681077924,5092729.688977925,50.983417447826874,51.186792835507326,50.8366780767217,51.38935833570663,14212618.106156893,58.63361761670095,58.5472656093614,58.24610743615385,58.40881366872566,4217468.0839413265,70.68534039136053,70.91374027203805,70.43642339996548,70.77337681696301,5439834.906117136,56.70891048562266,56.779193780980464,55.96759321149114,56.12508325075732,2485890.1476154085,58.1104526510993,58.1402559295813,57.8691362319351,58.05876224089049,3872105.589579799,167.51991240426747,169.2745920236472,167.00476174175645,168.47393082999838,3139094.1906990125,114.69394620043184,115.838077566478,114.36228110211746,115.64530339385693,2118432.1292499015,45.22795537648621,45.332541471473846,44.89446784251759,44.98051202264964,8749230.305281505,62.24087260579657,62.40923634774483,62.056829356858366,62.185104001091176,4702223.70559094,125.51205433532415,126.85201340216237,125.13867394349774,126.35255238270831,1233898.2502837887,57.70141094020792,55.915036660211406,55.02076746447,57.796270060430444,8285043.636567592,74.45369917450932,73.66566005227853,71.08110707378052,71.18367447408227,1711676.4582578205,84.40593036648292,85.48331483221789,83.91156753945879,84.58471313477274,6338034.17030291,86.47411705551774,88.11430083565597,85.91635616860215,86.73099502483393,17617418.348900158,107.66700733344072,110.00083566371777,106.66653443977124,107.49710032542338,18076583.974948492,37.83017985419202,38.06202848714867,37.4297923591115,37.73637513144143,6097086.990126964,29.89118120202891,45.95907110912967,27.077958618082196,27.893808436617157,4944443.46575389
1912,115.14504572723897,116.24746930469234,114.74665406948877,115.96899679122268,3213774.991073527,102.08327026515927,104.31296728859333,100.7171843945647,101.28714392770647,2820011.779297983,97.8498689222499,97.88112481591196,97.35908128876864,97.43873554645795,8768870.846843746,6.634307401982716,6.698540564017176,5.961909668722886,6.1704348444296455,23468448.656425558,70.72740944846856,72.66062029524932,69.4718908724763,72.77970737747738,2646621.533200869,478.94727912241797,493.07391750098833,478.89291738956314,489.22769905971796,551952.0571706736,15.061402381989334,15.782827900232103,15.367131690265865,15.34884824080765,24968229.875417903,41.43895275997462,42.60452423487061,41.20536509870803,42.04235789107277,7796064.658878548,48.27698833350094,48.30719886834277,48.035876409146844,48.012972421575284,4577113.092302672,72.4123043165737,72.444691727421,72.0567952156267,72.20374860042938,6849442.197522994,31.866674956706994,32.083531034978876,31.6723548562809,31.8232740119224,10594164.857109629,77.50295622266117,77.5325145100329,77.09852449029893,77.12268807004101,2244180.1852918277,336.7171804878089,343.6729339618021,334.6366735646448,339.0171900697496,2584716.578967668,41.825646708496166,43.056150379333076,41.29362861574983,42.364156207242445,4657957.109353734,9.72855827756854,10.268972627785404,9.537401461450626,9.823087299366767,20403841.23385446,95.31360001764396,98.75745580647907,95.34995895845103,95.71818389368151,10247014.631242039,12.933901172900658,13.24559887575687,12.758261400743367,13.062168168918543,13933813.63534654,151.7500341316857,152.54572145528414,150.07080615453603,150.42379865599284,9195584.215429362,473.3382019238153,487.30001788192027,472.32269790561213,480.175007176067,1466074.3961371065,33.51472310939602,34.26391262301866,33.10658525336211,34.08670451394669,10088095.782260025,43.791932674306985,43.91401628459881,43.48574776469537,43.53817985077634,27071328.101093687,82.18728796841958,82.41520818303577,81.90018912599514,82.1946970602025,17002595.726036806,89.81980664160831,89.7864205745625,89.60714848511736,89.73589447928696,7372078.905456328,41.91763432627926,42.257432574580534,41.505239057491245,42.160484997619825,4126129.5480116317,120.02420248094519,123.31295104722648,118.65823145788363,121.96301307439627,3983623.203562945,69.2716703742335,69.53503117094658,69.06735803516096,69.332296607553,4524026.411116039,49.64468016804304,49.78875159304098,49.332323808613566,49.63962017781803,2925169.6509405836,55.279455976537875,55.57573704700245,55.142102683722776,55.29656837985875,3771690.5763614,24.77393694690194,24.885747941259492,24.351127223974594,24.354037202034714,22660321.92551495,37.431937484989035,38.68298578002982,36.60954605358477,36.609459127898575,16710684.011774512,150.09927817783762,152.95915976236904,147.37731830210947,148.6694551041152,1168510.0788933653,36.57422820244568,36.75996232959453,36.063083277616414,36.116613119097345,53106415.172775954,53.96174065382129,54.77669990858439,53.03726692054288,52.89184761610996,5116837.356843093,43.101625602972405,43.59249835583913,42.1264127809165,42.132367232403844,21353070.65542559,281.4369360011361,281.76857214310127,277.8560662875303,277.76101537944174,9456826.574458005,,,,,,24.317000779577672,25.26510810814638,24.174511184505956,24.678490941398227,11148879.660183638,145.64566422768453,143.854443471936,139.70093514629008,141.29645208932305,2087752.6919400576,5.752698505274091,5.7450671742583905,5.503827495492707,5.391520597776918,24376242.706155162,57.631048269064934,57.695982624143255,56.880833002370004,56.87828707893495,9656500.16497145,94.19289240644164,94.25910787317704,93.58256916980245,93.69280141406436,7616078.024679257,54.06230851707237,54.23361677653097,53.7273985889897,53.854552796581814,11845469.481143039,51.722678179594936,51.68916400964596,51.60947860267823,51.63365538271162,3019201.3121729735,93.67104159950323,94.26103274057125,93.58522897609575,94.94104358552079,3906140.3177996706,11.332558531270843,11.609338629530885,11.42637344821019,11.215177492066223,23188127.034199532,26.868248785807932,26.46777976668195,26.059072031760994,26.311288393165288,13892449.33243117,107.18771296298418,107.17531616332035,106.16336775129241,106.23318665777688,33079851.75595168,70.85773132731822,72.17710996166198,70.09481822441276,70.25395468416474,2787120.7005367163,92.625478317088,92.6912307962347,92.27504602599751,92.34898132622018,4048376.116564449,138.38496001611412,139.54375051783438,135.19619709289546,136.22955834620598,2723786.321031933,110.48662976390115,113.62097649247352,110.1334836078279,112.94799801862084,8170910.476644085,45.422742661789506,46.21684324261557,43.79945539699629,43.80016675481831,10683144.026258815,130.8814033171868,133.30218881104628,128.5511688469128,130.0317940781376,2778161.7387370337,54.85423228172151,53.82391994728821,50.20542100111313,49.71304398587243,1599953.45371643,242.39680088096608,249.08385042674118,240.71440084841706,244.06465241436882,569480.0791938012,92.4076267016037,93.62385707142026,91.3250471808903,91.87104915540114,4448576.997349665,45.45069414039625,46.64147962970428,44.88098505656779,45.75879543830799,12133022.055710204,25.205265310155028,26.010440556145223,24.893098076114228,24.87732718584751,3554640.857716364,61.23066668962973,61.63519924407973,60.516026073644774,60.63223792737651,3280312.990327833,168.52608598558902,170.769265633248,167.9037094583088,170.19266846722843,9915079.191048875,107.6831655217031,109.9512415194656,107.55182999824702,109.83106668899437,1303992.356686938,91.64436652719927,94.13916413394873,90.71812087497851,90.71799471005585,1388964.9067322789,67.03302252545231,67.55445963781771,66.86520023024268,66.88273590352763,6013448.936739931,82.19888620192954,82.23920846966722,82.10782690604859,82.13680863615303,3752618.6514117,39.87986121286038,40.54664357167619,39.59765588208165,39.97572714486699,14819134.570419095,30.722105856140015,30.92347705885839,30.501333150494197,30.218245564658282,22041221.15864072,32.80610830064319,32.792746724102166,32.68254849109671,32.63945233704751,7941356.137148512,26.938512884925178,26.984952809549767,26.60233381223221,26.65987126122611,4664335.940556677,49.62053693093882,50.195054190387815,49.45067915443899,50.805006367154874,2831259.281162375,122.77814053179527,126.45214555769142,121.85879448993623,123.03187370097463,1811805.7395460785,56.85427921862359,57.791247326228024,56.83564420582975,57.4188465640827,2179557.4450820065,40.454881826391365,41.8105388449118,40.08344575278204,40.42471137405197,4129412.3810571223,108.4613627730712,108.54282951446794,108.10607321854947,108.19364444305548,2233658.669025839,181.37711912895344,187.39208995587398,180.44572230429225,199.12843700537434,1999604.5785554189,23.551084599893823,23.88735490774086,23.245471645005026,23.853933968009226,3264804.827927581,9.338598462446525,9.551451447827425,9.278698482500076,9.278745650424051,31747285.406630926,80.23510152844285,80.20745116338134,79.670021658325,79.83551150732958,8187817.802082484,77.68097302637696,78.03488982708616,77.51675883170432,77.4741868044584,5092729.688977925,50.98341744782687,51.186792835448806,50.8366780767217,51.3966755815586,14212618.106155336,58.63623200178358,58.5472656093614,58.24610743615385,58.41127084916493,4217468.083941326,70.68534039136051,70.91374027203805,70.43642339996546,70.77337681696278,5439834.906117137,56.708910470233754,56.77919381602195,55.967593211491135,56.125085346247204,2485890.1485930355,58.114658416253945,58.14446632625828,57.8691362319351,58.062918068527296,3872105.589579799,167.51991240426747,169.2745920236472,167.00476174175645,168.47393082999838,3139094.19069828,114.69394620043184,115.838077566478,114.36228110211746,115.64530339385693,2118432.1292499015,45.22795537648621,45.332541471473846,44.89446784251759,44.98051202264964,8749230.305281505,62.240872605796554,62.40923634498177,62.05682935685831,62.18510400109093,4702223.70559094,125.51205433532415,126.85201340216237,125.13867394349774,126.35363844184607,1233898.2502837887,57.74916655188695,55.91503660064039,55.02076746446971,57.84385906083269,8285043.636567592,74.50223090855357,73.66566005227853,71.08110707378052,71.18367447408227,1711676.4582578205,84.40593036648292,85.48331483221789,83.91156753945879,84.58471313477274,6338034.170303655,86.47411705551774,88.11430083565597,85.91635616860215,86.73099502483393,17617418.348901354,107.66700733344072,110.00083566371791,106.66653443977124,107.49710032542338,18076583.974948507,37.83017985419202,38.06202848714867,37.4297923591115,37.73637513144143,6097086.990126964,28.85844667386967,45.959075908409446,26.218505851483435,27.183401891831878,4944443.465749986
1913,115.14504572723897,116.24746930469234,114.74665406948877,115.96899679122268,3213774.9910736512,102.0832702651594,104.31296728859289,100.7171843945647,101.28714392770647,2820011.779297983,97.8498689222499,97.88112481591196,97.35908128876864,97.43873554645795,8768870.846843746,6.634307755030177,6.69854056406152,5.957686137265914,6.170434844429397,23468448.656425558,70.77859235663921,72.7617953693632,69.30207873351914,72.45098915098612,2646621.533200869,479.0942040066003,492.99258009402195,478.57106406530784,489.14469227061375,551952.0571706828,15.061402381989334,15.791214617521993,15.374708774635476,15.34885003593068,24968229.875417903,41.43895275997462,42.60452423487061,41.20536509870804,42.04235789107277,7796064.658878548,48.279433141798656,48.309652819157535,48.03587640880902,48.01297241564974,4577113.092302672,72.41230431479757,72.444691727421,72.0567952026766,72.20374860042938,6849442.197522522,31.866674956706994,32.083531034978876,31.672327574636526,31.823274011165918,10594164.857109644,77.50896372481158,77.53851884768497,77.0985244903103,77.12268807004101,2244180.1852918277,336.8206053908408,343.5970045341098,334.5405883515825,339.1351020247806,2584716.578967668,41.82564670849583,43.05615037934304,41.29362861575846,42.3641558586282,4657957.109353735,9.72855827756854,10.268972627785404,9.537401461431008,9.823087299366767,20403841.23385446,95.31360001764396,98.75745580647907,95.34995895845103,95.71818389368188,10247014.631242039,12.933901172900658,13.24559887575687,12.758261400743367,13.062168168918621,13933813.63534654,151.7500341316857,152.54572145528414,150.07080615453603,150.42379865599284,9195584.215429362,473.4065040091847,487.0035636675063,471.99515758958887,479.7334905499823,1466074.3961371065,33.51472310939602,34.26391262301866,33.10658525336211,34.08670451394789,10088095.782260025,43.791932674306985,43.91401628459881,43.48574776469537,43.53817985077634,27071328.10112049,82.18728796841958,82.41520818303577,81.90018912599514,82.19469706020251,17002595.726036806,89.81980664160838,89.78642057450143,89.60714848506261,89.73589447823426,7372078.905456755,41.91763432627926,42.25743257458368,41.5050484997711,42.160484997619825,4126129.5480116303,120.02420248094519,123.31295104722648,118.65823145788363,121.96301307439681,3983623.203562945,69.2716703742335,69.53503117094658,69.06735803516096,69.33229660755296,4524026.411116038,49.64468016804304,49.78875159304098,49.332323808613566,49.63962017781803,2925169.6509405836,55.279455976537875,55.57573704700245,55.14210268372268,55.29656837985875,3771690.5763614,24.773936946901934,24.8857479412595,24.351127223974594,24.354037202034714,22660321.92551495,37.431937484989014,38.682871549683604,36.60954605358477,36.609459127898575,16710684.011774512,150.09927817783762,152.95915976236904,147.37731830210947,148.65974407763636,1168510.0788935174,36.57422820244568,36.75996232959453,36.063083277616414,36.116613119097345,53106415.17267873,53.96174065133221,54.77669990858438,53.03726692054288,52.89184761610996,5116837.356843315,43.10162560297243,43.59249835583913,42.12641278065651,42.132367232403844,21353070.6554256,281.5841099490306,281.9158114926197,277.9987860946182,277.9019396092179,9456826.574458005,,,,,,24.317000779577672,25.26510810814638,24.174511184505956,24.678490941398227,11148879.660184283,145.65137931411357,143.854443471936,139.70093514629008,141.29645208932305,2087752.6919400576,5.752698505274091,5.7424169893996915,5.503827495492707,5.388788703245872,24376242.706155162,57.66166478822606,57.726713362459506,56.91065257793132,56.907707310769176,9656500.1649808,94.19289240643567,94.25910787317704,93.58256916980244,93.68892810922303,7616078.024679257,54.06230851707237,54.23361677653097,53.7273985889897,53.854552796581814,11845469.481143039,51.722678179594936,51.68916400964596,51.60947842239275,51.633655511825175,3019201.3121729735,93.67104159950266,94.26103274057125,93.58522897609498,94.95513972631232,3906140.3177996706,11.332558531257927,11.609338629530885,11.433336184160874,11.215177492066223,23188127.034199513,26.882044829345872,26.46777976668195,26.059072031760994,26.311288393165288,13892449.33243117,107.18771296298418,107.17531616332035,106.16336775129241,106.23318665777403,33079851.755923584,70.85772501181498,72.17710996166198,70.09481822441276,70.25395468413014,2787120.7005367167,92.62547831708788,92.6912307962347,92.27504602599751,92.34898132622018,4048376.1165644457,138.5756116531952,139.54375051783444,135.19619709289546,136.22955834620606,2723786.321032646,110.48662976390115,113.62097649247352,110.1334836078279,112.94799801862084,8170910.476644173,45.422742661789506,46.21684324261556,43.79945539699629,43.80016675481831,10683144.026258815,130.84993780586814,133.30218881104628,128.5511688469128,130.0317940781376,2778161.7387370337,54.85423228170485,53.827292581642624,50.1347041798891,49.97476239798998,1599953.4537165514,242.12860036259607,248.86231081108622,240.1564693999645,244.1137668358351,569480.0791938012,92.4076267016037,93.62385707142026,91.3250471808903,91.87104915540114,4448576.997349868,45.45069414039625,46.64147962970428,44.88098505656779,45.75879543830825,12133022.055691632,25.205264559456264,26.010440556145223,24.893098076114228,24.877327176247828,3554640.857716327,61.230231138329565,61.63518647491161,60.516117896087025,60.63223792737651,3280312.990327834,168.52608598558902,170.769265633248,167.9037094583088,170.19266846722843,9915079.191048875,107.6831655217031,109.9512415194656,107.55182999824702,109.83106668899437,1303992.356686938,91.64436652719927,94.13916413394871,90.71744796192941,90.71799471005586,1388964.9067322118,67.03302252545231,67.55445963781771,66.86487091609588,66.88273590352763,6013448.936739932,82.20454373057304,82.24487763668668,82.11344745472219,82.14241094069286,3752618.6514130034,39.879861212387596,40.54664357167512,39.59765588208165,39.97572699492988,14819134.570419095,30.722105856146996,30.92347705885839,30.509077555346465,30.21794253271025,22041221.15864072,32.80610830064319,32.79274672410201,32.68254849109668,32.63945233695579,7941356.137147847,26.93851288280397,26.984952791045217,26.60233381365551,26.65986920268177,4664335.940556715,49.62053693093882,50.195054190387815,49.45067915443899,50.82229668589261,2831259.2811623774,122.77814053179527,126.45214553577135,121.85879448993623,123.03187370097464,1811805.7395460785,56.854279218623596,57.791247326228024,56.83564420582975,57.4188465640827,2179557.445082001,40.454414912009646,41.81053884491175,40.08344575278204,40.42471137405196,4129412.381057122,108.4613627730712,108.5428295144679,108.10607321854947,108.19364444305548,2233658.669025839,181.3771181003795,187.39208995587217,180.44572230429225,199.41750400496775,1999604.5785554186,23.55108459989395,23.887354907741543,23.245471645005875,23.85393396800839,3264804.827927581,9.336797551442638,9.551451447827425,9.278698482500076,9.278745650424051,31747285.406630926,80.23510152844285,80.20745116338134,79.6700216582953,79.83551149944805,8187817.802082479,77.68097302637696,78.04278126015703,77.51675883170432,77.4741867999518,5092729.688977925,50.98341744782687,51.18679283541129,50.8366780767217,51.40399386930145,14212618.106152928,58.63884650343772,58.5472656093614,58.24610743615385,58.413728132974484,4217468.083941326,70.68534039136051,70.91374027203805,70.43642339996546,70.77337681696278,5439834.9061171375,56.70891045872007,56.77919379052316,55.967593211491135,56.125083620223315,2485890.148877128,58.118864485802376,58.148677027843455,57.8691362319351,58.06707419363692,3872105.589579799,167.51991240426747,169.2745920236472,167.00476174175645,168.47393082999838,3139094.1906979345,114.69394620043184,115.838077566478,114.36228110211746,115.64530339385693,2118432.1292499015,45.22795537648621,45.332541471473846,44.89446784251759,44.98051202264964,8749230.305281505,62.240872605796554,62.40923634304233,62.05682935685827,62.185104001090934,4702223.70559094,125.51205433532415,126.85201340216237,125.13867394349774,126.35261010337118,1233898.2502837887,57.796961687702556,55.91503664395349,55.02076746446962,57.89148724564879,8285043.636567592,74.55079427741576,73.66566005227853,71.08110707378052,71.18367447408227,1711676.4582578205,84.40593036648292,85.48331483221789,83.91156753945879,84.58471313477274,6338034.17030405,86.47411705551774,88.11430083565597,85.91635616860215,86.73099502483393,17617418.348903045,107.66700733344072,110.00083566371795,106.66653443977124,107.49710032542338,18076583.974948507,37.83017985419202,38.06202848714867,37.4297923591115,37.73637513144143,6097086.990126964,29.132846163952472,45.95907988541665,26.181326812000826,26.584400442223654,4944443.465753093
1914,115.14504572723897,116.24746930469234,114.74665406948877,115.96899679122266,3213774.9910736675,102.08327026515923,104.31296728859193,100.7171843945647,101.28714392770647,2820011.779297983,97.8498689222499,97.88112481591196,97.35908128876864,97.43873554645795,8768870.846843746,6.634307485905,6.698540564033514,5.953465597839844,6.170434844429539,23468448.656425558,70.93942820015718,72.73361183782156,69.44838579040503,72.77234954156206,2646621.533200869,479.22240119498275,493.32543362775226,479.13930391376,489.3787769639505,551952.0571706858,15.061402381989334,15.799605791366014,15.382289595044362,15.348848502166803,24968229.875417903,41.43895275997462,42.60452423487061,41.20536509870803,42.04235789107277,7796064.658878548,48.281878073904586,48.31210689463021,48.03587640857323,48.01297241133587,4577113.092302672,72.41230431351491,72.444691727421,72.0567952121659,72.20374860042938,6849442.1975225005,31.866674956706994,32.08353103497888,31.67235095662545,31.823274011675412,10594164.857109651,77.5149716926227,77.54452365032998,77.09852449044556,77.12268807004101,2244180.1852918277,336.9845097408999,343.8550772574264,334.8939942316712,339.0912543009538,2584716.578967668,41.82564670849413,43.05615037933717,41.293628615753356,42.364156133784746,4657957.109353735,9.72855827756854,10.268972627785404,9.537401461442945,9.823087299366767,20403841.23385446,95.31360001764396,98.75745580647907,95.34995895845103,95.71818389368252,10247014.631242039,12.933901172900658,13.24559887575687,12.758261400743367,13.062168168918602,13933813.63534654,151.7500341316857,152.54572145528414,150.07080615453603,150.42379865599284,9195584.215429362,473.7494344315684,487.48914473371735,472.3444264309186,480.05584378070586,1466074.3961371065,33.51472310939602,34.26391262301866,33.10658525336211,34.08670451394845,10088095.782260025,43.791932674306985,43.91401628459881,43.48574776469537,43.53817985077634,27071328.10113399,82.18728796841958,82.41520818303577,81.90018912599514,82.1946970602024,17002595.726036806,89.81980664160834,89.78642057446235,89.60714848502738,89.7358944775111,7372078.90545691,41.91763432627926,42.257432574581756,41.505214638291164,42.160484997619825,4126129.54801163,120.02420248094519,123.31295104722648,118.65823145788363,121.9630130743996,3983623.203562945,69.2716703742335,69.53503117094658,69.06735803516096,69.33229660755288,4524026.411116038,49.64468016804304,49.78875159304098,49.332323808613566,49.63962017781803,2925169.6509405836,55.279455976537875,55.57573704700245,55.14210268372273,55.29656837985875,3771690.5763614,24.77393694690193,24.885747941259496,24.351127223974594,24.354037202034714,22660321.92551495,37.43193748498897,38.68296798980213,36.60954605358477,36.60945912789857,16710684.011774512,150.09927817783762,152.95915976236904,147.37731830210947,148.643523458029,1168510.0788935632,36.57422820244568,36.75996232959453,36.063083277616414,36.116613119097345,53106415.17268088,53.961740649650544,54.77669990858438,53.03726692054288,52.89184761610996,5116837.35684334,43.1016256029724,43.59249835583913,42.12641278082431,42.132367232403844,21353070.6554256,281.7313608597121,282.06312778267795,278.1415792092412,278.04293533800734,9456826.574458005,,,,,,24.317000779577672,25.26510810814638,24.174511184505956,24.678490941398227,11148879.660184259,145.69790908268158,143.854443471936,139.70093514629008,141.29645208932305,2087752.6919400576,5.752698505274091,5.73976802706452,5.503827495492707,5.386058192971381,24376242.706155162,57.692297572426156,57.7574604689566,56.940487786299684,56.93714276018616,9656500.164983002,94.192892406432,94.25910787317704,93.58256916980247,93.69268633548305,7616078.024679257,54.06230851707237,54.23361677653097,53.7273985889897,53.854552796581814,11845469.481143039,51.722678179594936,51.68916400964596,51.609478565802355,51.63365540951857,3019201.3121729735,93.67104159950198,94.26103274057125,93.58522897609448,94.96923795999412,3906140.3177996706,11.332558531249822,11.609338629530885,11.440303162900587,11.215177492066223,23188127.034199513,26.89584795674026,26.46777976668195,26.059072031760994,26.311288393165288,13892449.33243117,107.18771296298418,107.17531616332035,106.16336775129241,106.23318665777236,33079851.75591423,70.85773033158235,72.17710996166198,70.09481822441276,70.25395468415508,2787120.7005367167,92.62547831708814,92.6912307962347,92.27504602599751,92.34898132622018,4048376.1165644447,138.57551138397204,139.54375051783444,135.19619709289546,136.22955834620606,2723786.321032827,110.48662976390115,113.62097649247352,110.1334836078279,112.94799801862084,8170910.476644253,45.422742661789506,46.21684324261556,43.79945539699629,43.80016675481831,10683144.026258815,130.88782328729673,133.30218881104628,128.5511688469128,130.0317940781376,2778161.7387370337,54.854232281665006,53.81896291369708,50.02673640768505,49.70892380117615,1599953.4537165696,241.797493257546,248.73131989259244,239.96320690032755,243.90727571736107,569480.0791938012,92.4076267016037,93.62385707142026,91.3250471808903,91.87104915540114,4448576.997350021,45.45069414039625,46.64147962970428,44.88098505656779,45.758795438308475,12133022.055688096,25.205263975518193,26.010440556145223,24.893098076114228,24.87732716955677,3554640.8577163117,61.23063046365054,61.63519701708947,60.516036103795436,60.63223792737651,3280312.990327834,168.52608598558902,170.769265633248,167.9037094583088,170.19266846722843,9915079.191048875,107.6831655217031,109.9512415194656,107.55182999824702,109.83106668899437,1303992.356686938,91.64436652719927,94.13916413394871,90.7180495791296,90.71799471005585,1388964.9067321802,67.03302252545231,67.55445963781771,66.86516100580188,66.88273590352763,6013448.936739932,82.21020164860903,82.25054719451067,82.11906838814069,82.14801362734902,3752618.6514133825,39.87986121206385,40.54664357167449,39.59765588208165,39.97572687791537,14819134.570419095,30.72210585614273,30.92347705885839,30.51682392653267,30.21821532329919,22041221.15864072,32.80610830064319,32.79274672410192,32.682548491096696,32.63945233689589,7941356.137147786,26.938512881289196,26.98495280459516,26.60233381265633,26.659870973458197,4664335.940556744,49.62053693093882,50.195054190387815,49.45067915443899,50.839592888993785,2831259.281162378,122.77814053179527,126.45214555129908,121.85879448993623,123.03187370097456,1811805.7395460785,56.854279218623574,57.791247326228024,56.83564420582975,57.4188465640827,2179557.4450819995,40.45483094190768,41.810538844911726,40.08344575278204,40.42471137405195,4129412.381057122,108.46136277307124,108.54282951446794,108.10607321854947,108.19364444305548,2233658.669025839,181.37711730398794,187.39208995587168,180.44572230429225,199.7069906318706,1999604.5785554186,23.551084599892565,23.887354907740935,23.245471645005388,23.853933968006803,3264804.827927581,9.334996987737167,9.551451447827425,9.278698482500076,9.278745650424051,31747285.406630926,80.23510152844285,80.20745116338134,79.67002165827667,79.835511493844,8187817.802082478,77.68097302637696,78.05067349126472,77.51675883170432,77.47418679674426,5092729.688977925,50.98341744782687,51.18679283538724,50.8366780767217,51.411313199083196,14212618.10615289,58.64146112166856,58.5472656093614,58.24610743615385,58.41618552015867,4217468.083941326,70.68534039136051,70.91374027203805,70.43642339996546,70.77337681696277,5439834.9061171375,56.708910450301914,56.77919380907798,55.967593211491135,56.125085041923555,2485890.1490373323,58.12307085976662,58.152888034358895,57.8691362319351,58.07123061624065,3872105.589579799,167.51991240426747,169.2745920236472,167.00476174175645,168.47393082999838,3139094.190697996,114.69394620043184,115.838077566478,114.36228110211746,115.64530339385693,2118432.1292499015,45.22795537648621,45.332541471473846,44.89446784251759,44.98051202264964,8749230.305281505,62.240872605796554,62.40923634168101,62.05682935685825,62.18510400109092,4702223.70559094,125.51205433532415,126.85201340216237,125.13867394349774,126.35358378885678,1233898.2502837887,57.84479638036623,55.91503661246126,55.02076746446964,57.93915464714278,8285043.636567592,74.59938930171653,73.66566005227853,71.08110707378052,71.18367447408227,1711676.4582578205,84.40593036648292,85.48331483221789,83.91156753945879,84.58471313477274,6338034.170304257,86.47411705551774,88.11430083565597,85.91635616860215,86.73099502483393,17617418.348903764,107.66700733344072,110.00083566371796,106.66653443977124,107.49710032542338,18076583.974948507,37.83017985419202,38.06202848714867,37.4297923591115,37.73637513144143,6097086.990126964,28.671024251541603,45.95908317796223,26.016522717887174,26.93007102912292,4944443.465754284
1915,115.14504572723897,116.24746930469234,114.74665406948877,115.96899679122265,3213774.9910736973,102.08327026515958,104.31296728859282,100.7171843945647,101.28714392770647,2820011.779297983,97.8498689222499,97.88112481591196,97.35908128876864,97.43873554645795,8768870.846843746,6.63430769105691,6.698540564051201,5.949248048325065,6.170434844429458,23468448.656425558,71.18561283180034,73.15272982395469,69.58045309037493,72.45818229356479,2646621.533200869,479.442341035257,493.36799900182154,478.81885823613516,489.6193107182925,551952.057170687,15.061402381989334,15.808001424132303,15.389874153334656,15.34884981262385,24968229.875417903,41.43895275997462,42.60452423487061,41.205365098708036,42.04235789107277,7796064.658878548,48.284323129825,48.314561094767136,48.03587640840866,48.012972408195324,4577113.092302672,72.41230431257988,72.444691727421,72.0567952052295,72.20374860042938,6849442.197522497,31.866674956706994,32.083531034978876,31.672330916872763,31.823274011332263,10594164.857109653,77.52098012613062,77.55052891800392,77.09852449042457,77.12268807004101,2244180.1852918277,337.0789727683948,343.82299105644444,335.0094437212419,339.526667385632,2584716.578967668,41.82564670849569,43.05615037934062,41.293628615756376,42.36415591660685,4657957.109353735,9.72855827756854,10.268972627785404,9.537401461435651,9.823087299366767,20403841.23385446,95.31360001764396,98.75745580647907,95.34995895845103,95.71818389368298,10247014.631242039,12.933901172900658,13.24559887575687,12.758261400743367,13.062168168918573,13933813.63534654,151.7500341316857,152.54572145528414,150.07080615453603,150.42379865599284,9195584.215429362,473.8765023785805,487.4473825090372,472.5563760098488,480.25027042072804,1466074.3961371065,33.51472310939602,34.26391262301866,33.10658525336211,34.086704513948376,10088095.782260025,43.791932674306985,43.91401628459881,43.48574776469537,43.53817985077634,27071328.10113737,82.18728796841958,82.41520818303577,81.90018912599514,82.19469706020232,17002595.726036806,89.81980664160828,89.78642057443734,89.6071484850047,89.73589447701407,7372078.905456997,41.91763432627926,42.257432574582936,41.505069789749975,42.160484997619825,4126129.54801163,120.02420248094519,123.31295104722648,118.65823145788363,121.96301307439971,3983623.203562945,69.2716703742335,69.53503117094658,69.06735803516096,69.33229660755278,4524026.411116038,49.64468016804304,49.78875159304098,49.332323808613566,49.63962017781803,2925169.6509405836,55.279455976537875,55.57573704700245,55.142102683722705,55.29656837985875,3771690.5763614,24.77393694690193,24.885747941259492,24.351127223974594,24.35403720203471,22660321.92551495,37.431937484989,38.68288656926214,36.60954605358477,36.60945912789857,16710684.011774512,150.09927817783762,152.95915976236904,147.37731830210947,148.8897376739928,1168510.078893561,36.57422820244568,36.75996232959453,36.063083277616414,36.116613119097345,53106415.17267164,53.96174064851439,54.77669990858438,53.03726692054288,52.89184761610996,5116837.356843337,43.10162560297243,43.59249835583913,42.126412780716,42.132367232403844,21353070.6554256,281.87868877342726,282.2105210534816,278.2844456690534,278.1840026020857,9456826.574458005,,,,,,24.317000779577672,25.26510810814638,24.174511184505956,24.678490941398227,11148879.66018435,145.8236333464849,143.854443471936,139.70093514629008,141.29645208932308,2087752.6919400576,5.752698505274091,5.737120286688929,5.503827495492707,5.38332906625204,24376242.706155162,57.72294663030602,57.78822395235276,56.97033863567053,56.96659343505719,9656500.164983157,94.1928924064297,94.25910787317704,93.58256916980245,93.68903976873962,7616078.024679257,54.06230851707237,54.23361677653097,53.7273985889897,53.854552796581814,11845469.481143039,51.722678179594936,51.68916400964596,51.60947845172597,51.63365549058396,3019201.3121729735,93.67104159950141,94.26103274057125,93.58522897609413,94.9833382868769,3906140.3177996706,11.332558531244736,11.609338629530885,11.447274387014701,11.215177492066223,23188127.03419951,26.909658171628436,26.46777976668195,26.059072031760994,26.311288393165288,13892449.33243117,107.18771296298418,107.17531616332035,106.16336775129241,106.2331866577714,33079851.755911887,70.85772585055783,72.17710996166198,70.09481822441276,70.2539546841371,2787120.7005367167,92.6254783170879,92.6912307962347,92.27504602599751,92.34898132622018,4048376.1165644443,138.6921209654233,139.54375051783444,135.19619709289546,136.22955834620606,2723786.3210328724,110.48662976390115,113.62097649247352,110.1334836078279,112.94799801862084,8170910.476644251,45.422742661789506,46.21684324261556,43.79945539699629,43.80016675481831,10683144.026258815,131.13502374835048,133.30218881104628,128.5511688469128,130.0317940781376,2778161.7387370337,54.85423228170765,53.61544011753783,49.82171836829886,49.725917750967554,1599953.453716572,241.9890066193586,248.34375307788005,239.90427829109112,243.47227765143097,569480.0791938012,92.4076267016037,93.62385707142026,91.3250471808903,91.87104915540114,4448576.997350037,45.45069414039625,46.64147962970428,44.88098505656779,45.75879543830857,12133022.05568159,25.205263521296487,26.010440556145223,24.893098076114228,24.87732716489305,3554640.857716306,61.23026435129613,61.63518831350652,60.51610896157181,60.63223792737651,3280312.990327834,168.52608598558902,170.769265633248,167.9037094583088,170.19266846722843,9915079.191048875,107.6831655217031,109.9512415194656,107.55182999824702,109.83106668899437,1303992.356686938,91.64436652719927,94.13916413394871,90.71751170390776,90.71799471005585,1388964.9067321664,67.03302252545231,67.55445963781771,66.86490546853346,66.88273590352763,6013448.936739932,82.21585995606434,82.25621714316613,82.12468970633043,82.15361669614757,3752618.6514134337,39.87986121184217,40.54664357167412,39.59765588208165,39.975726786594315,14819134.570419095,30.722105856145337,30.92347705885839,30.524572264552074,30.217969756104388,22041221.15864072,32.80610830064319,32.79274672410186,32.68254849109669,32.63945233685678,7941356.137147775,26.938512880191084,26.984952794673227,26.60233381335777,26.659869450222047,4664335.940556739,49.62053693093882,50.195054190387815,49.45067915443899,50.85689497846101,2831259.2811623784,122.77814053179527,126.4521455402994,121.85879448993623,123.0318737009745,1811805.7395460785,56.854279218623546,57.791247326228024,56.83564420582975,57.4188465640827,2179557.445081999,40.45446025108535,41.810538844911726,40.08344575278204,40.424711374051945,4129412.381057122,108.46136277307122,108.54282951446793,108.10607321854947,108.19364444305548,2233658.669025839,181.3771166873677,187.39208995587205,180.44572230429225,199.99689749523952,1999604.5785554186,23.551084599893457,23.887354907741212,23.245471645005665,23.853933968005496,3264804.827927581,9.333196771263136,9.551451447827425,9.278698482500076,9.278745650424051,31747285.406630926,80.23510152844285,80.20745116338134,79.67002165826499,79.83551148985931,8187817.802082478,77.68097302637696,78.05856652048995,77.51675883170432,77.47418679446044,5092729.688977925,50.98341744782687,51.18679283537182,50.8366780767217,51.41863357105222,14212618.106153175,58.644075856481315,58.5472656093614,58.24610743615385,58.418643010721844,4217468.083941326,70.68534039136051,70.91374027203805,70.43642339996546,70.77337681696277,5439834.9061171375,56.7089104440744,56.77919379557611,55.967593211491135,56.12508387089018,2485890.149341143,58.12727753816871,58.15709934582669,57.8691362319351,58.075387336359775,3872105.589579799,167.51991240426747,169.2745920236472,167.00476174175645,168.47393082999838,3139094.1906981645,114.69394620043184,115.838077566478,114.36228110211746,115.64530339385693,2118432.1292499015,45.22795537648621,45.332541471473846,44.89446784251759,44.98051202264964,8749230.305281505,62.240872605796554,62.40923634072547,62.056829356858245,62.185104001090906,4702223.70559094,125.51205433532415,126.85201340216237,125.13867394349774,126.3526618517242,1233898.2502837887,57.892670662616545,55.91503663535874,55.02076746446967,57.98686129760537,8285043.636567592,74.6480160020901,73.66566005227853,71.08110707378052,71.18367447408227,1711676.4582578205,84.40593036648292,85.48331483221789,83.91156753945879,84.58471313477274,6338034.170304366,86.47411705551774,88.11430083565597,85.91635616860215,86.73099502483393,17617418.348903976,107.66700733344072,110.00083566371796,106.66653443977124,107.49710032542338,18076583.974948507,37.83017985419202,38.06202848714867,37.4297923591115,37.73637513144143,6097086.990126964,28.267476061307015,45.95908590608959,25.4438679028942,26.657450328590432,4944443.46575378
1916,115.14504572723897,116.24746930469234,114.74665406948877,115.96899679122266,3213774.9910737835,102.08327026515963,104.31296728859269,100.7171843945647,101.28714392770647,2820011.779297983,97.8498689222499,97.88112481591196,97.35908128876864,97.43873554645795,8768870.846843746,6.634307534671295,6.698540564040031,5.9450334866034655,6.170434844429504,23468448.656425558,70.66003954357087,72.62386897367129,69.3575747285673,72.76531740604882,2646621.533200869,479.49180463591136,493.20565697613307,479.1060012477364,489.64857504737694,551952.0571706869,15.061402381989334,15.816401518190252,15.397462451349398,15.348848692961495,24968229.875417903,41.43895275997462,42.60452423487061,41.20536509870804,42.04235789107277,7796064.658878548,48.28676830956616,48.31701541957464,48.0358764082938,48.01297240590896,4577113.092302672,72.41230431190294,72.444691727421,72.05679521027963,72.20374860042938,6849442.197522475,31.866674956706994,32.083531034978876,31.672348092130562,31.823274011563377,10594164.857109655,77.52698902537146,77.5565346507428,77.0985244903443,77.12268807004101,2244180.1852918277,337.2434506614481,344.013901516133,335.1413215256883,339.39769558918044,2584716.578967668,41.82564670849693,43.056150379338604,41.293628615754585,42.36415608802324,4657957.109353735,9.72855827756854,10.268972627785404,9.53740146144011,9.823087299366767,20403841.23385446,95.31360001764396,98.75745580647907,95.34995895845103,95.7181838936837,10247014.631242039,12.933901172900658,13.24559887575687,12.758261400743367,13.062168168918657,13933813.63534654,151.7500341316857,152.54572145528414,150.07080615453603,150.42379865599284,9195584.215429362,474.2071964346682,487.7488667952997,472.98200552999776,480.4893853399097,1466074.3961371065,33.51472310939602,34.26391262301866,33.10658525336211,34.08670451394826,10088095.782260025,43.791932674306985,43.91401628459881,43.48574776469537,43.53817985077634,27071328.101138808,82.18728796841958,82.41520818303577,81.90018912599514,82.19469706020234,17002595.726036806,89.81980664160828,89.78642057442134,89.6071484849901,89.7358944766724,7372078.905456973,41.91763432627926,42.25743257458221,41.505196076537416,42.160484997619825,4126129.54801163,120.02420248094519,123.31295104722648,118.65823145788363,121.96301307439758,3983623.203562945,69.2716703742335,69.53503117094658,69.06735803516096,69.33229660755289,4524026.411116038,49.64468016804304,49.78875159304098,49.332323808613566,49.63962017781803,2925169.6509405836,55.279455976537875,55.57573704700245,55.14210268372272,55.29656837985875,3771690.5763614,24.77393694690193,24.885747941259492,24.351127223974594,24.35403720203471,22660321.92551495,37.431937484989014,38.68295530937191,36.60954605358477,36.609459127898575,16710684.011774512,150.09927817783762,152.95915976236904,147.37731830210947,148.72540650338814,1168510.078893577,36.57422820244568,36.75996232959453,36.063083277616414,36.116613119097345,53106415.17265837,53.961740647746794,54.77669990858438,53.03726692054288,52.89184761610996,5116837.356843334,43.10162560297243,43.59249835583913,42.126412780785905,42.132367232403844,21353070.6554256,282.02609373044385,282.35799134525735,278.42738551172846,278.32514143774694,9456826.574458005,,,,,,24.317000779577672,25.26510810814638,24.174511184505956,24.678490941398227,11148879.660184236,145.69452666451704,143.854443471936,139.70093514629008,141.29645208932308,2087752.6919400576,5.752698505274091,5.734473767709231,5.503827495492707,5.380601322386798,24376242.706155162,57.75361197051105,57.81900382137084,57.0002051342436,56.99605934325761,9656500.164984433,94.19289240642829,94.25910787317704,93.58256916980244,93.69257799344835,7616078.024679257,54.06230851707237,54.23361677653097,53.7273985889897,53.854552796581814,11845469.481143039,51.722678179594936,51.68916400964596,51.609478542469,51.63365542634961,3019201.3121729735,93.67104159950142,94.26103274057125,93.58522897609406,94.99744070727147,3906140.3177996706,11.332558531241544,11.609338629530885,11.454249859090163,11.215177492066223,23188127.034199506,26.923475477649625,26.46777976668195,26.059072031760994,26.311288393165288,13892449.33243117,107.18771296298418,107.17531616332035,106.16336775129241,106.23318665777083,33079851.75590926,70.85772962508017,72.17710996166198,70.09481822441276,70.25395468415006,2787120.7005367167,92.62547831708778,92.6912307962347,92.27504602599751,92.34898132622018,4048376.1165644443,138.57215778055885,139.54375051783444,135.19619709289546,136.229558346206,2723786.321032868,110.48662976390115,113.62097649247352,110.1334836078279,112.94799801862084,8170910.476644227,45.422742661789506,46.21684324261556,43.79945539699629,43.80016675481831,10683144.026258815,131.09199312872076,133.30218881104628,128.5511688469128,130.0317940781376,2778161.7387370337,54.85423228171223,53.24860171811384,49.80493963670811,49.29719690142407,1599953.4537165707,241.72644144213712,248.19270179227598,239.67049451960926,243.33179498254378,569480.0791938012,92.4076267016037,93.62385707142026,91.3250471808903,91.87104915540114,4448576.997349918,45.45069414039625,46.64147962970428,44.88098505656779,45.75879543830829,12133022.05567138,25.205263167975875,26.010440556145223,24.893098076114228,24.8773271616424,3554640.8577163033,61.230600013096165,61.63519549915232,60.516044062356066,60.63223792737651,3280312.990327834,168.52608598558902,170.769265633248,167.9037094583088,170.19266846722843,9915079.191048875,107.6831655217031,109.9512415194656,107.55182999824702,109.83106668899437,1303992.356686938,91.64436652719927,94.13916413394871,90.71799259068123,90.71799471005586,1388964.9067321601,67.03302252545231,67.55445963781771,66.86513056888761,66.88273590352763,6013448.936739932,82.22151865296576,82.26188748267998,82.13031140931774,82.15922014711458,3752618.6514133206,39.879861211690375,40.5466435716739,39.59765588208165,39.975726715325,14819134.570419095,30.72210585614374,30.92347705885839,30.532322569904064,30.21819081668935,22041221.15864072,32.80610830064319,32.79274672410183,32.682548491096696,32.639452336831226,7941356.137147752,26.938512879402452,26.984952801938555,26.60233381286535,26.659870760522054,4664335.940556722,49.62053693093882,50.195054190387815,49.45067915443899,50.874202956297566,2831259.281162378,122.77814053179527,126.4521455480915,121.85879448993623,123.03187370097457,1811805.7395460785,56.85427921862356,57.791247326228024,56.83564420582975,57.4188465640827,2179557.445081999,40.454790543899485,41.81053884491175,40.08344575278204,40.42471137405195,4129412.381057122,108.4613627730712,108.54282951446791,108.10607321854947,108.19364444305548,2233658.669025839,181.37711620993858,187.39208995587322,180.44572230429225,200.28722520511542,1999604.5785554186,23.551084599893603,23.88735490774141,23.245471645005505,23.853933968009002,3264804.827927581,9.331396901953582,9.551451447827425,9.278698482500076,9.278745650424051,31747285.406630926,80.23510152844285,80.20745116338134,79.67002165825765,79.83551148702607,8187817.802082478,77.68097302637696,78.0664603479134,77.51675883170432,77.47418679283435,5092729.688977925,50.98341744782687,51.186792835361935,50.8366780767217,51.42595498535694,14212618.106152626,58.64669070788117,58.5472656093614,58.24610743615385,58.42110060466835,4217468.083941326,70.68534039136051,70.91374027203805,70.43642339996546,70.77337681696277,5439834.9061171375,56.70891043949744,56.77919380540108,55.967593211491135,56.125084835452974,2485890.1489229533,58.13148452103068,58.16131096226892,57.8691362319351,58.0795443540156,3872105.589579799,167.51991240426747,169.2745920236472,167.00476174175645,168.47393082999838,3139094.1906979578,114.69394620043184,115.838077566478,114.36228110211746,115.64530339385693,2118432.1292499015,45.22795537648621,45.332541471473846,44.89446784251759,44.98051202264964,8749230.305281505,62.240872605796554,62.40923634005476,62.05682935685824,62.18510400109091,4702223.70559094,125.51205433532415,126.85201340216237,125.13867394349774,126.35353479076767,1233898.2502837887,57.94058456721916,55.91503661871036,55.02076746446973,58.03460722935388,8285043.636567592,74.69667439918413,73.66566005227853,71.08110707378052,71.18367447408227,1711676.4582578205,84.40593036648292,85.48331483221789,83.91156753945879,84.58471313477274,6338034.170304423,86.47411705551774,88.11430083565597,85.91635616860215,86.73099502483393,17617418.348904174,107.66700733344072,110.00083566371795,106.66653443977124,107.49710032542338,18076583.974948507,37.83017985419202,38.06202848714867,37.4297923591115,37.73637513144143,6097086.990126964,28.10329244012125,45.959088164561365,25.207509155141466,26.137413218938526,4944443.465753796
1918,115.14504572723897,116.24746930469234,114.74665406948877,115.96899679122265,3213774.9910736787,102.08327026515978,104.31296728859354,100.7171843945647,101.28714392770647,2820011.779297983,97.8498689222499,97.88112481591196,97.35908128876864,97.43873554645795,8768870.846843746,6.634307653882764,6.698540564047086,5.9408219105584354,6.170434844429478,23468448.656425558,70.59795360036671,72.53046826369865,69.34186306712819,72.46505702567562,2646621.533200869,479.84706238942294,494.26283264041587,480.0177672972624,490.15601796674747,551952.0571706864,15.061402381989334,15.824806075910512,15.405054490932537,15.348849649607722,24968229.875417903,41.43895275997462,42.60452423487061,41.20536509870804,42.04235789107277,7796064.658878548,48.28921361313435,48.31946986905905,48.03587640821363,48.01297240424446,4577113.092302672,72.412304311416,72.444691727421,72.056795206573,72.20374860042938,6849442.197522461,31.866674956706994,32.083531034978876,31.67233337191494,31.823274011407722,10594164.857109655,77.53299839038131,77.56254084858266,77.09852449031825,77.12268807004101,2244180.1852918277,337.26957000597776,344.2504752093636,335.1868871501986,339.8196838806596,2584716.578967668,41.8256467084958,43.05615037933979,41.293628615755644,42.364155952726705,4657957.109353735,9.72855827756854,10.268972627785404,9.537401461437408,9.823087299366767,20403841.23385446,95.31360001764396,98.75745580647907,95.34995895845103,95.71818389368427,10247014.631242039,12.933901172900658,13.24559887575687,12.758261400743367,13.062168168918713,13933813.63534654,151.7500341316857,152.54572145528414,150.07080615453603,150.42379865599284,9195584.215429362,474.23362593717724,488.23204722541567,473.21760299507946,481.1052626086105,1466074.3961371065,33.51472310939602,34.26391262301866,33.10658525336211,34.08670451394808,10088095.782260025,43.791932674306985,43.91401628459881,43.48574776469537,43.53817985077634,27071328.101139754,82.18728796841958,82.41520818303577,81.90018912599514,82.19469706020227,17002595.726036806,89.81980664160827,89.7864205744111,89.60714848498071,89.73589447643482,7372078.905457003,41.91763432627926,42.25743257458265,41.50508597289038,42.160484997619825,4126129.54801163,120.02420248094519,123.31295104722648,118.65823145788363,121.9630130743969,3983623.203562945,69.2716703742335,69.53503117094658,69.06735803516096,69.3322966075529,4524026.411116038,49.64468016804304,49.78875159304098,49.332323808613566,49.63962017781803,2925169.6509405836,55.279455976537875,55.57573704700245,55.14210268372271,55.29656837985875,3771690.5763614,24.773936946901934,24.885747941259496,24.351127223974594,24.35403720203471,22660321.92551495,37.43193748498903,38.68289727484298,36.60954605358477,36.609459127898575,16710684.011774512,150.09927817783762,152.95915976236904,147.37731830210947,148.87616457222828,1168510.0788935744,36.57422820244568,36.75996232959453,36.063083277616414,36.116613119097345,53106415.172659956,53.96174064722819,54.77669990858439,53.03726692054288,52.89184761610996,5116837.356843349,43.10162560297247,43.59249835583913,42.126412780740786,42.132367232403844,21353070.6554256,282.17357577105076,282.50553869825274,278.57039877495913,278.4663518813035,9456826.574458005,,,,,,24.317000779577672,25.26510810814638,24.174511184505956,24.678490941398227,11148879.660184296,145.91840600957565,143.854443471936,139.70093514629008,141.29645208932308,2087752.6919400576,5.752698505274091,5.731828469561999,5.503827495492707,5.377874960674959,24376242.706155162,57.78429360169125,57.84980008473836,57.03008729022294,57.02554049266685,9656500.164984258,94.19289240642742,94.25910787317704,93.58256916980243,93.6891448918571,7616078.024679257,54.06230851707237,54.23361677653097,53.7273985889897,53.854552796581814,11845469.481143039,51.722678179594936,51.68916400964596,51.60947847028669,51.63365547724743,3019201.3121729735,93.67104159950088,94.26103274057125,93.58522897609383,95.01154522148863,3906140.3177996706,11.332558531239542,11.609338629530885,11.461229581715497,11.215177492066223,23188127.03419951,26.937299878444907,26.46777976668195,26.059072031760994,26.311288393165288,13892449.33243117,107.18771296298418,107.17531616332035,106.16336775129241,106.2331866577705,33079851.755910188,70.85772644566912,72.17710996166198,70.09481822441276,70.25395468414071,2787120.7005367167,92.6254783170879,92.6912307962347,92.27504602599751,92.34898132622018,4048376.1165644443,138.61599864739046,139.54375051783444,135.19619709289546,136.22955834620603,2723786.3210328436,110.48662976390115,113.62097649247352,110.1334836078279,112.94799801862084,8170910.476644227,45.422742661789506,46.21684324261556,43.79945539699629,43.80016675481831,10683144.026258815,131.08153222857553,133.30218881104628,128.5511688469128,130.0317940781376,2778161.7387370337,54.85423228175536,53.5332635673568,49.938736116322254,49.416866910486775,1599953.4537165796,242.00735347303228,248.58374631093352,240.31028618433385,243.53375961817883,569480.0791938012,92.4076267016037,93.62385707142026,91.3250471808903,91.87104915540114,4448576.9973499635,45.45069414039625,46.64147962970428,44.88098505656779,45.758795438308184,12133022.055680422,25.205262893142123,26.010440556145223,24.893098076114228,24.877327159376666,3554640.8577163033,61.23029226919552,61.63518956670978,60.51610187235815,60.63223792737651,3280312.990327834,168.52608598558902,170.769265633248,167.9037094583088,170.19266846722843,9915079.191048875,107.6831655217031,109.9512415194656,107.55182999824702,109.83106668899437,1303992.356686938,91.64436652719927,94.13916413394871,90.71756265436977,90.71799471005588,1388964.906732161,67.03302252545231,67.55445963781771,66.86493228012235,66.88273590352763,6013448.936739932,82.22717773934009,82.26755821307918,82.13593349712896,82.16482398027613,3752618.651413268,39.87986121158644,40.54664357167377,39.59765588208165,39.975726659704776,14819134.570419095,30.72210585614472,30.92347705885839,30.540074843088146,30.217991817053985,22041221.15864072,32.80610830064319,32.79274672410181,32.682548491096696,32.63945233681454,7941356.137147777,26.938512878844254,26.984952796618526,26.602333813211036,26.65986963339143,4664335.940556721,49.62053693093882,50.195054190387815,49.45067915443899,50.891516824507434,2831259.281162378,122.77814053179527,126.45214554257176,121.85879448993623,123.03187370097457,1811805.7395460785,56.854279218623546,57.791247326228024,56.83564420582975,57.4188465640827,2179557.445081999,40.454496246505414,41.81053884491176,40.08344575278204,40.42471137405196,4129412.381057122,108.46136277307122,108.54282951446791,108.10607321854947,108.19364444305548,2233658.669025839,181.37711584028065,187.39208995587316,180.44572230429225,200.5779743724248,1999604.5785554186,23.551084599893215,23.88735490774119,23.245471645005594,23.853933968007777,3264804.827927581,9.329597379741557,9.551451447827425,9.278698482500076,9.278745650424051,31747285.406630926,80.23510152844285,80.20745116338134,79.67002165825305,79.83551148501154,8187817.802082478,77.68097302637696,78.07435497361583,77.51675883170432,77.47418679167707,5092729.688977925,50.98341744782687,51.1867928353556,50.8366780767217,51.43327744214573,14212618.106152706,58.64930567587333,58.5472656093614,58.24610743615385,58.423558302002526,4217468.083941326,70.68534039136051,70.91374027203805,70.43642339996546,70.77337681696275,5439834.9061171375,56.70891043617423,56.779193798251704,55.967593211491135,56.12508404095693,2485890.149026835,58.13569180837456,58.16552288370767,57.8691362319351,58.08370166922942,3872105.589579799,167.51991240426747,169.2745920236472,167.00476174175645,168.47393082999838,3139094.190697997,114.69394620043184,115.838077566478,114.36228110211746,115.64530339385693,2118432.1292499015,45.22795537648621,45.332541471473846,44.89446784251759,44.98051202264964,8749230.305281505,62.240872605796554,62.409236339583984,62.05682935685824,62.1851040010909,4702223.70559094,125.51205433532415,126.85201340216237,125.13867394349774,126.3527082457174,1233898.2502837887,57.98853812696686,55.91503663081512,55.02076746446974,58.08239247473219,8285043.636567592,74.74536451365975,73.66566005227853,71.08110707378052,71.18367447408227,1711676.4582578205,84.40593036648292,85.48331483221789,83.91156753945879,84.58471313477274,6338034.170304453,86.47411705551774,88.11430083565597,85.91635616860215,86.73099502483393,17617418.348904226,107.66700733344072,110.00083566371795,106.66653443977124,107.49710032542338,18076583.974948507,37.83017985419202,38.06202848714867,37.4297923591115,37.73637513144143,6097086.990126964,27.07055791196201,45.95909003568183,24.348056388503366,25.427006674153247,4944443.465753588
1919,115.14504572723897,116.24746930469234,114.74665406948877,115.96899679122265,3213774.991073673,102.08327026515978,104.31296728859357,100.7171843945647,101.28714392770647,2820011.779297983,97.8498689222499,97.88112481591196,97.35908128876864,97.43873554645795,8768870.846843746,6.634307563008841,6.698540564042631,5.936613318074865,6.170434844429493,23468448.656425558,70.64883540788927,72.63164333781253,69.17205092817105,72.75859655382614,2646621.533200869,479.99479769079323,494.1814952334495,479.6959139730071,490.07301117764325,551952.0571706868,15.061402381989334,15.833215099664995,15.41265027392893,15.348848832243451,24968229.875417903,41.43895275997462,42.60452423487061,41.20536509870804,42.04235789107277,7796064.658878548,48.29165904053583,48.321924443226706,48.03587640815768,48.01297240303268,4577113.092302672,72.41230431106136,72.444691727421,72.05679520927862,72.20374860042938,6849442.19752248,31.866674956706994,32.083531034978876,31.67234598801366,31.82327401151256,10594164.857109655,77.53900822119627,77.56854751155949,77.09852449032077,77.12268807004101,2244180.1852918277,337.3730438226793,344.17454578167127,335.0908019371363,339.4462523226799,2584716.578967668,41.825646708495825,43.056150379339094,41.29362861575502,42.36415605951434,4657957.109353735,9.72855827756854,10.268972627785404,9.537401461439062,9.823087299366767,20403841.23385446,95.31360001764396,98.75745580647907,95.34995895845103,95.71818389368426,10247014.631242039,12.933901172900658,13.24559887575687,12.758261400743367,13.06216816891871,13933813.63534654,151.7500341316857,152.54572145528414,150.07080615453603,150.42379865599284,9195584.215429362,474.30192802254663,487.9355930110017,472.8900626790562,480.66374598252577,1466074.3961371065,33.51472310939602,34.26391262301866,33.10658525336211,34.086704513948,10088095.782260025,43.791932674306985,43.91401628459881,43.48574776469537,43.53817985077634,27071328.101141203,82.18728796841958,82.41520818303577,81.90018912599514,82.19469706020227,17002595.726036806,89.81980664160827,89.78642057440454,89.60714848497467,89.73589447627513,7372078.905456985,41.91763432627926,42.25743257458238,41.505181967200954,42.160484997619825,4126129.54801163,120.02420248094519,123.31295104722648,118.65823145788363,121.96301307439687,3983623.203562945,69.2716703742335,69.53503117094658,69.06735803516096,69.3322966075529,4524026.411116038,49.64468016804304,49.78875159304098,49.332323808613566,49.63962017781803,2925169.6509405836,55.279455976537875,55.57573704700245,55.14210268372272,55.29656837985875,3771690.5763614,24.773936946901934,24.885747941259496,24.351127223974594,24.35403720203471,22660321.92551495,37.43193748498903,38.682946271077725,36.60954605358477,36.609459127898575,16710684.011774512,150.09927817783762,152.95915976236904,147.37731830210947,148.86645354574944,1168510.0788935681,36.57422820244568,36.75996232959453,36.063083277616414,36.116613119097345,53106415.172665566,53.961740646877814,54.77669990858439,53.03726692054288,52.89184761610996,5116837.35684334,43.10162560297247,43.59249835583913,42.126412780769904,42.132367232403844,21353070.6554256,282.3211349355578,282.65316315273645,278.7134854964576,278.60763396908624,9456826.574458005,,,,,,24.317000779577672,25.26510810814638,24.174511184505956,24.678490941398227,11148879.660184324,145.92412109600468,143.854443471936,139.70093514629008,141.29645208932308,2087752.6919400576,5.752698505274091,5.729184391684067,5.503827495492707,5.375149980416185,24376242.706155162,57.8149915325012,57.88061275118747,57.05998511181688,57.0550368911684,9656500.164983738,94.19289240642688,94.25910787317704,93.58256916980243,93.69247599361184,7616078.024679257,54.06230851707237,54.23361677653097,53.7273985889897,53.854552796581814,11845469.481143039,51.722678179594936,51.68916400964596,51.60947852770472,51.633655436917174,3019201.3121729735,93.67104159950084,94.26103274057125,93.58522897609379,95.02565182983928,3906140.3177996706,11.332558531238284,11.609338629530885,11.468213557480803,11.215177492066223,23188127.03419951,26.951131377657237,26.46777976668195,26.059072031760994,26.311288393165288,13892449.33243117,107.18771296298418,107.17531616332035,106.16336775129241,106.23318665777032,33079851.75590869,70.85772912379728,72.17710996166198,70.09481822441276,70.25395468414744,2787120.7005367167,92.62547831708788,92.6912307962347,92.27504602599751,92.34898132622018,4048376.1165644443,138.8066504868379,139.54375051783444,135.19619709289546,136.22955834620603,2723786.321032877,110.48662976390115,113.62097649247352,110.1334836078279,112.94799801862084,8170910.476644231,45.422742661789506,46.21684324261556,43.79945539699629,43.80016675481831,10683144.026258815,131.0502940339669,133.30218881104628,128.5511688469128,130.0317940781376,2778161.7387370337,54.85423228175672,53.53663620171121,49.86801929509822,49.67858532260432,1599953.453716575,241.73915295477073,248.36220669527856,239.75235473588128,243.5828740516754,569480.0791938012,92.4076267016037,93.62385707142026,91.3250471808903,91.87104915540114,4448576.997349973,45.45069414039625,46.64147962970428,44.88098505656779,45.75879543830817,12133022.055681746,25.205262679360114,26.010440556145223,24.893098076114228,24.87732715779743,3554640.8577163024,61.23057441720393,61.635194464512345,60.51605037718517,60.63223792737651,3280312.990327834,168.52608598558902,170.769265633248,167.9037094583088,170.19266846722843,9915079.191048875,107.6831655217031,109.9512415194656,107.55182999824702,109.83106668899437,1303992.356686938,91.64436652719927,94.13916413394871,90.71794703847452,90.71799471005588,1388964.9067321585,67.03302252545231,67.55445963781771,66.86510695081347,66.88273590352763,6013448.936739932,82.23283721521415,82.27322933439069,82.14155596979043,82.17042819565826,3752618.6514133336,39.87986121151526,40.54664357167369,39.59765588208165,39.9757266162974,14819134.570419095,30.722105856144122,30.92347705885839,30.547829084603965,30.218170957333033,22041221.15864072,32.80610830064319,32.7927467241018,32.682548491096696,32.63945233680364,7941356.137147749,26.938512878438953,26.98495280051411,26.602333812968357,26.659870602958275,4664335.940556722,49.62053693093882,50.195054190387815,49.45067915443899,50.908836585095266,2831259.281162378,122.77814053179527,126.45214554648186,121.85879448993623,123.03187370097457,1811805.7395460785,56.854279218623546,57.791247326228024,56.83564420582975,57.4188465640827,2179557.445081999,40.454758471272264,41.81053884491176,40.08344575278204,40.42471137405196,4129412.381057122,108.46136277307122,108.54282951446791,108.10607321854947,108.19364444305548,2233658.669025839,181.37711555406648,187.39208995587305,180.44572230429225,200.869145608981,1999604.5785554186,23.551084599893205,23.887354907741152,23.24547164500554,23.853933968007833,3264804.827927581,9.327798204560123,9.551451447827425,9.278698482500076,9.278745650424051,31747285.406630926,80.23510152844285,80.20745116338134,79.67002165825016,79.83551148357914,8187817.802082478,77.68097302637696,78.08225039767794,77.51675883170432,77.47418679085449,5092729.688977925,50.98341744782687,51.18679283535153,50.8366780767217,51.44060094156706,14212618.10615283,58.65192076046299,58.5472656093614,58.24610743615385,58.42601610272874,4217468.083941326,70.68534039136051,70.91374027203805,70.43642339996546,70.77337681696275,5439834.9061171375,56.70891043371346,56.77919380345412,55.967593211491135,56.12508469537152,2485890.1490570223,58.1398994002224,58.169735110165036,57.8691362319351,58.087859282022535,3872105.589579799,167.51991240426747,169.2745920236472,167.00476174175645,168.47393082999838,3139094.1906980155,114.69394620043184,115.838077566478,114.36228110211746,115.64530339385693,2118432.1292499015,45.22795537648621,45.332541471473846,44.89446784251759,44.98051202264964,8749230.305281505,62.240872605796554,62.40923633925354,62.05682935685824,62.1851040010909,4702223.70559094,125.51205433532415,126.85201340216237,125.13867394349774,126.35349086247082,1233898.2502837887,58.036531374679555,55.91503662201395,55.02076746446975,58.13021706611083,8285043.636567592,74.79408636619154,73.66566005227853,71.08110707378052,71.18367447408227,1711676.4582578205,84.40593036648292,85.48331483221789,83.91156753945879,84.58471313477274,6338034.170304469,86.47411705551774,88.11430083565597,85.91635616860215,86.73099502483393,17617418.3489043,107.66700733344072,110.00083566371795,106.66653443977124,107.49710032542338,18076583.974948507,37.83017985419202,38.06202848714867,37.4297923591115,37.73637513144143,6097086.990126964,27.344957402044813,45.959091584988585,24.310877348996275,24.828005224545024,4944443.465753754
1920,115.14504572723897,116.24746930469234,114.74665406948877,115.96899679122265,3213774.991073672,102.0832702651598,104.31296728859363,100.7171843945647,101.28714392770647,2820011.779297983,97.8498689222499,97.88112481591196,97.35908128876864,97.43873554645795,8768870.846843746,6.634307632281285,6.6985405640454445,5.9324077070391406,6.170434844429484,23468448.656425558,70.80993001237456,72.60345980627089,69.31835798505693,72.47162744230768,2646621.533200869,480.1222855646356,494.5143487671798,480.2641538214593,490.30709587098,551952.0571706869,15.061402381989334,15.841628591826874,15.420249802184346,15.348849530604383,24968229.875417903,41.43895275997462,42.60452423487061,41.20536509870804,42.04235789107277,7796064.658878548,48.29410459177688,48.32437914208394,48.035876408118625,48.01297240215049,4577113.092302672,72.41230431080474,72.444691727421,72.05679520730301,72.20374860042938,6849442.197522481,31.866674956706994,32.083531034978876,31.67233517526805,31.823274011441953,10594164.857109655,77.54501851785244,77.57455463970932,77.09852449033689,77.12268807004101,2244180.1852918277,337.53690674769524,344.4326185049879,335.44420781722494,339.88584694588735,2584716.578967668,41.82564670849594,43.056150379339506,41.29362861575539,42.36415597522823,4657957.109353735,9.72855827756854,10.268972627785404,9.537401461438055,9.823087299366767,20403841.23385446,95.31360001764396,98.75745580647907,95.34995895845103,95.71818389368421,10247014.631242039,12.933901172900658,13.24559887575687,12.758261400743367,13.062168168918712,13933813.63534654,151.7500341316857,152.54572145528414,150.07080615453603,150.42379865599284,9195584.215429362,474.6448584449303,488.42117407721275,473.2393315203859,480.9860992132493,1466074.3961371065,33.51472310939602,34.26391262301866,33.10658525336211,34.086704513947964,10088095.782260025,43.791932674306985,43.91401628459881,43.48574776469537,43.53817985077634,27071328.101141933,82.18728796841958,82.41520818303577,81.90018912599514,82.19469706020227,17002595.726036806,89.81980664160827,89.78642057440035,89.60714848497078,89.73589447616554,7372078.905456979,41.91763432627926,42.257432574582545,41.50509827417254,42.160484997619825,4126129.54801163,120.02420248094519,123.31295104722648,118.65823145788363,121.9630130743967,3983623.203562945,69.2716703742335,69.53503117094658,69.06735803516096,69.3322966075529,4524026.411116038,49.64468016804304,49.78875159304098,49.332323808613566,49.63962017781803,2925169.6509405836,55.279455976537875,55.57573704700245,55.14210268372272,55.29656837985875,3771690.5763614,24.773936946901934,24.885747941259496,24.351127223974594,24.35403720203471,22660321.92551495,37.43193748498903,38.68290490551379,36.60954605358477,36.609459127898575,16710684.011774512,150.09927817783762,152.95915976236904,147.37731830210947,148.85023292614207,1168510.0788935663,36.57422820244568,36.75996232959453,36.063083277616414,36.116613119097345,53106415.17266544,53.9617406466411,54.77669990858439,53.03726692054288,52.89184761610996,5116837.356843339,43.10162560297247,43.59249835583913,42.12641278075111,42.132367232403844,21353070.6554256,282.468771264296,282.8008647489982,278.8566457139556,278.74898773744434,9456826.574458005,,,,,,24.317000779577672,25.26510810814638,24.174511184505956,24.678490941398227,11148879.660184322,145.9706508645727,143.854443471936,139.70093514629008,141.29645208932308,2087752.6919400576,5.752698505274091,5.726541533512527,5.503827495492707,5.37242638091049,24376242.706155162,57.84570577160009,57.911441829454986,57.08989860723807,57.08454854664984,9656500.164983615,94.19289240642654,94.25910787317704,93.58256916980243,93.68924386120752,7616078.024679257,54.06230851707237,54.23361677653097,53.7273985889897,53.854552796581814,11845469.481143039,51.722678179594936,51.68916400964596,51.609478482031065,51.63365546887394,3019201.3121729735,93.6710415995008,94.26103274057125,93.58522897609376,95.03976053263433,3906140.3177996706,11.332558531237495,11.609338629530885,11.47520178897776,11.215177492066223,23188127.03419951,26.964969978931443,26.46777976668195,26.059072031760994,26.311288393165288,13892449.33243117,107.18771296298418,107.17531616332035,106.16336775129241,106.2331866577702,33079851.75590819,70.85772686791705,72.17710996166198,70.09481822441276,70.25395468414258,2787120.7005367167,92.6254783170879,92.6912307962347,92.27504602599751,92.34898132622018,4048376.1165644443,138.8065500670925,139.54375051783444,135.19619709289546,136.22955834620603,2723786.3210328855,110.48662976390115,113.62097649247352,110.1334836078279,112.94799801862084,8170910.476644234,45.422742661789506,46.21684324261556,43.79945539699629,43.80016675481831,10683144.026258815,131.08798542544184,133.30218881104628,128.5511688469128,130.0317940781376,2778161.7387370337,54.85423228175999,53.528306533765665,49.76005152289417,49.41274672579049,1599953.4537165742,241.4080458497884,248.23121577678478,239.5590922362443,243.3763829417535,569480.0791938012,92.4076267016037,93.62385707142026,91.3250471808903,91.87104915540114,4448576.99734998,45.45069414039625,46.64147962970428,44.88098505656779,45.758795438308155,12133022.055681998,25.205262513067773,26.010440556145223,24.893098076114228,24.877327156696694,3554640.857716302,61.230315736208205,61.63519042090471,60.51609624732433,60.63223792737651,3280312.990327834,168.52608598558902,170.769265633248,167.9037094583088,170.19266846722843,9915079.191048875,107.6831655217031,109.9512415194656,107.55182999824702,109.83106668899437,1303992.356686938,91.64436652719927,94.13916413394871,90.71760338027201,90.71799471005588,1388964.9067321573,67.03302252545231,67.55445963781771,66.86495308505967,66.88273590352763,6013448.936739932,82.23849708061474,82.27890084664143,82.1471788273285,82.17603279328706,3752618.6514133527,39.879861211466526,40.54664357167365,39.59765588208165,39.975726582421224,14819134.570419095,30.722105856144488,30.92347705885839,30.55558529495129,30.21800969452711,22041221.15864072,32.80610830064319,32.79274672410179,32.682548491096696,32.63945233679652,7941356.137147746,26.938512878148615,26.98495279766157,26.60233381313872,26.659869768929067,4664335.940556723,49.62053693093882,50.195054190387815,49.45067915443899,50.9261622400664,2831259.281162378,122.77814053179527,126.452145543712,121.85879448993623,123.03187370097457,1811805.7395460785,56.854279218623546,57.791247326228024,56.83564420582975,57.4188465640827,2179557.445081999,40.45452482384714,41.81053884491176,40.08344575278204,40.42471137405196,4129412.381057122,108.46136277307122,108.54282951446791,108.10607321854947,108.19364444305548,2233658.669025839,181.37711533246008,187.39208995587302,180.44572230429225,201.16073952748553,1999604.5785554186,23.551084599893297,23.887354907741187,23.24547164500557,23.853933968007944,3264804.827927581,9.32599937634236,9.551451447827425,9.278698482500076,9.278745650424051,31747285.406630926,80.23510152844285,80.20745116338134,79.67002165824836,79.83551148256065,8187817.802082478,77.68097302637696,78.09014662018048,77.51675883170432,77.47418679026936,5092729.688977925,50.98341744782687,51.18679283534893,50.8366780767217,51.44792548376938,14212618.106152833,58.654535961655355,58.5472656093614,58.24610743615385,58.42847400685133,4217468.083941326,70.68534039136051,70.91374027203805,70.43642339996546,70.77337681696275,5439834.9061171375,56.708910431909665,56.779193799668455,55.967593211491135,56.12508415633994,2485890.1490740455,58.144107296596225,58.1739476416631,57.8691362319351,58.09201719241624,3872105.589579799,167.51991240426747,169.2745920236472,167.00476174175645,168.47393082999838,3139094.1906980122,114.69394620043184,115.838077566478,114.36228110211746,115.64530339385693,2118432.1292499015,45.22795537648621,45.332541471473846,44.89446784251759,44.98051202264964,8749230.305281505,62.240872605796554,62.40923633902159,62.05682935685824,62.1851040010909,4702223.70559094,125.51205433532415,126.85201340216237,125.13867394349774,126.35274983936199,1233898.2502837887,58.08456434320434,55.915036628413134,55.02076746446975,58.178081035887004,8285043.636567592,74.84283997746755,73.66566005227853,71.08110707378052,71.18367447408227,1711676.4582578205,84.40593036648292,85.48331483221789,83.91156753945879,84.58471313477274,6338034.170304477,86.47411705551774,88.11430083565597,85.91635616860215,86.73099502483393,17617418.348904334,107.66700733344072,110.00083566371795,106.66653443977124,107.49710032542338,18076583.974948507,37.83017985419202,38.06202848714867,37.4297923591115,37.73637513144143,6097086.990126964,26.883135489633943,45.959092868173926,24.14607325486739,25.17367581144429,4944443.465753817
1921,115.14504572723897,116.24746930469234,114.74665406948877,115.96899679122265,3213774.991073671,102.08327026515978,104.31296728859358,100.7171843945647,101.28714392770647,2820011.779297983,97.8498689222499,97.88112481591196,97.35908128876864,97.43873554645795,8768870.846843746,6.63430757947547,6.698540564043667,5.928205075339148,6.170434844429488,23468448.656425558,71.05589226907887,73.02257779240402,69.45042528502684,72.75217320553357,2646621.533200869,480.34284622974457,494.5569141412491,479.94370814383444,490.54762962532203,551952.0571706869,15.061402381989334,15.850046554770582,15.427853077545462,15.348848933920618,24968229.875417903,41.43895275997462,42.60452423487061,41.20536509870804,42.04235789107277,7796064.658878548,48.29655026686376,48.326833965637086,48.03587640809137,48.01297240150824,4577113.092302672,72.41230431061835,72.444691727421,72.0567952087472,72.20374860042938,6849442.197522481,31.866674956706994,32.083531034978876,31.672344442432987,31.823274011489506,10594164.857109655,77.55102928038595,77.58056223306818,77.09852449033474,77.12268807004101,2244180.1852918277,337.63140485810686,344.40053230400594,335.55965730679566,339.8455917929331,2584716.578967668,41.82564670849584,43.056150379339265,41.29362861575517,42.364156041754214,4657957.109353735,9.72855827756854,10.268972627785404,9.53740146143867,9.823087299366767,20403841.23385446,95.31360001764396,98.75745580647907,95.34995895845103,95.71818389368418,10247014.631242039,12.933901172900658,13.24559887575687,12.758261400743367,13.062168168918713,13933813.63534654,151.7500341316857,152.54572145528414,150.07080615453603,150.42379865599284,9195584.215429362,474.77192639194243,488.3794118525326,473.45128109931613,481.1805258532715,1466074.3961371065,33.51472310939602,34.26391262301866,33.10658525336211,34.08670451394797,10088095.782260025,43.791932674306985,43.91401628459881,43.48574776469537,43.53817985077634,27071328.101142116,82.18728796841958,82.41520818303577,81.90018912599514,82.19469706020227,17002595.726036806,89.81980664160827,89.78642057439767,89.60714848496828,89.73589447609031,7372078.905456975,41.91763432627926,42.257432574582445,41.50517124227827,42.160484997619825,4126129.54801163,120.02420248094519,123.31295104722648,118.65823145788363,121.96301307439668,3983623.203562945,69.2716703742335,69.53503117094658,69.06735803516096,69.3322966075529,4524026.411116038,49.64468016804304,49.78875159304098,49.332323808613566,49.63962017781803,2925169.6509405836,55.279455976537875,55.57573704700245,55.14210268372272,55.29656837985875,3771690.5763614,24.773936946901934,24.885747941259496,24.351127223974594,24.35403720203471,22660321.92551495,37.43193748498903,38.68293982880716,36.60954605358477,36.609459127898575,16710684.011774512,150.09927817783762,152.95915976236904,147.37731830210947,149.0964471421059,1168510.0788935663,36.57422820244568,36.75996232959453,36.063083277616414,36.116613119097345,53106415.172665976,53.96174064648117,54.77669990858439,53.03726692054288,52.89184761610996,5116837.356843339,43.10162560297247,43.59249835583913,42.12641278076324,42.132367232403844,21353070.6554256,282.61648479761743,282.9486435273488,278.9998794652039,278.8904132227455,9456826.574458005,,,,,,24.317000779577672,25.26510810814638,24.174511184505956,24.678490941398227,11148879.660184326,146.09637512837602,143.854443471936,139.70093514629008,141.29645208932308,2087752.6919400576,5.752698505274091,5.723899894484732,5.503827495492707,5.369704161458244,24376242.706155162,57.876436327651696,57.94228732828237,57.11982778470345,57.114075467002834,9656500.164983606,94.19289240642632,94.25910787317704,93.58256916980243,93.69237996470966,7616078.024679257,54.06230851707237,54.23361677653097,53.7273985889897,53.854552796581814,11845469.481143039,51.722678179594936,51.68916400964596,51.60947851836256,51.633655443552136,3019201.3121729735,93.67104159950077,94.26103274057125,93.58522897609375,95.05387133018476,3906140.3177996706,11.332558531237,11.609338629530885,11.482194278799627,11.215177492066223,23188127.03419951,26.978815685914217,26.46777976668195,26.059072031760994,26.311288393165288,13892449.33243117,107.18771296298418,107.17531616332035,106.16336775129241,106.23318665777013,33079851.75590807,70.8577287681232,72.17710996166198,70.09481822441276,70.25395468414608,2787120.7005367167,92.62547831708788,92.6912307962347,92.27504602599751,92.34898132622018,4048376.1165644443,138.92315976050378,139.54375051783444,135.19619709289546,136.22955834620603,2723786.321032888,110.48662976390115,113.62097649247352,110.1334836078279,112.94799801862084,8170910.476644234,45.422742661789506,46.21684324261556,43.79945539699629,43.80016675481831,10683144.026258815,131.33535160642924,133.30218881104628,128.5511688469128,130.0317940781376,2778161.7387370337,54.85423228175649,53.32478373760642,49.555033483507984,49.4297406755819,1599953.4537165742,241.59955921164337,247.8436489620724,239.50016362700788,242.94138488190293,569480.0791938012,92.4076267016037,93.62385707142026,91.3250471808903,91.87104915540114,4448576.997349981,45.45069414039625,46.64147962970428,44.88098505656779,45.75879543830815,12133022.055682462,25.205262383715716,26.010440556145223,24.893098076114228,24.87732715592947,3554640.857716302,61.230552902006146,61.635193759292186,60.516055387772944,60.63223792737651,3280312.990327834,168.52608598558902,170.769265633248,167.9037094583088,170.19266846722843,9915079.191048875,107.6831655217031,109.9512415194656,107.55182999824702,109.83106668899437,1303992.356686938,91.64436652719927,94.13916413394871,90.71791062752466,90.71799471005588,1388964.9067321569,67.03302252545231,67.55445963781771,66.86508862394166,66.88273590352763,6013448.936739932,82.24415733556866,82.28457274985837,82.15280206976952,82.18163777318861,3752618.6514133555,39.87986121143315,40.54664357167362,39.59765588208165,39.975726555983435,14819134.570419095,30.722105856144264,30.92347705885839,30.56334347463001,30.218154863959203,22041221.15864072,32.80610830064319,32.79274672410178,32.682548491096696,32.63945233679188,7941356.137147746,26.938512877939193,26.984952799750342,26.602333813019122,26.659870486367712,4664335.940556723,49.62053693093882,50.195054190387815,49.45067915443899,50.943493791426846,2831259.281162378,122.77814053179527,126.45214554567413,121.85879448993623,123.03187370097457,1811805.7395460785,56.854279218623546,57.791247326228024,56.83564420582975,57.4188465640827,2179557.445081999,40.45473300829868,41.81053884491176,40.08344575278204,40.42471137405196,4129412.381057122,108.46136277307122,108.54282951446791,108.10607321854947,108.19364444305548,2233658.669025839,181.37711516087742,187.39208995587305,180.44572230429225,201.4527567415293,1999604.5785554186,23.55108459989324,23.88735490774117,23.24547164500555,23.853933968008036,3264804.827927581,9.324200895021352,9.551451447827425,9.278698482500076,9.278745650424051,31747285.406630926,80.23510152844285,80.20745116338134,79.67002165824722,79.83551148183646,8187817.802082478,77.68097302637696,78.09804364120419,77.51675883170432,77.4741867898532,5092729.688977925,50.98341744782687,51.18679283534726,50.8366780767217,51.45525106890116,14212618.106152818,58.65715127945562,58.5472656093614,58.24610743615385,58.430932014374655,4217468.083941326,70.68534039136051,70.91374027203805,70.43642339996546,70.77337681696275,5439834.9061171375,56.70891043058058,56.77919380242319,55.967593211491135,56.125084600332244,2485890.149106328,58.148315497518084,58.17816047822395,57.8691362319351,58.09617540043185,3872105.589579799,167.51991240426747,169.2745920236472,167.00476174175645,168.47393082999838,3139094.1906980034,114.69394620043184,115.838077566478,114.36228110211746,115.64530339385693,2118432.1292499015,45.22795537648621,45.332541471473846,44.89446784251759,44.98051202264964,8749230.305281505,62.240872605796554,62.40923633885878,62.05682935685824,62.1851040010909,4702223.70559094,125.51205433532415,126.85201340216237,125.13867394349774,126.35345147939898,1233898.2502837887,58.13263706541548,55.91503662376039,55.02076746446975,58.22598441648458,8285043.636567592,74.89162536818934,73.66566005227853,71.08110707378052,71.18367447408227,1711676.4582578205,84.40593036648292,85.48331483221789,83.91156753945879,84.58471313477274,6338034.170304482,86.47411705551774,88.11430083565597,85.91635616860215,86.73099502483393,17617418.348904345,107.66700733344072,110.00083566371795,106.66653443977124,107.49710032542338,18076583.974948507,37.83017985419202,38.06202848714867,37.4297923591115,37.73637513144143,6097086.990126964,26.479587299399356,45.959093930697726,23.573418439864938,24.901055110911802,4944443.46575379
1922,115.14504572723897,116.24746930469234,114.74665406948877,115.96899679122265,3213774.991073667,102.08327026515978,104.3129672885936,100.7171843945647,101.28714392770647,2820011.779297983,97.8498689222499,97.88112481591196,97.35908128876864,97.43873554645795,8768870.846843746,6.634307619728909,6.69854056404479,5.924005420864269,6.170434844429486,23468448.656425558,70.53051008623112,72.49371694212063,69.2275469232192,72.47790701414102,2646621.533200869,480.3917664558399,494.3945721155606,480.2308511554357,490.57689395440644,551952.0571706869,15.061402381989334,15.858468990871813,15.435460101859869,15.348849443730803,24968229.875417903,41.43895275997462,42.60452423487061,41.20536509870804,42.04235789107277,7796064.658878548,48.29899606580275,48.32928891389248,48.03587640807235,48.01297240104068,4577113.092302672,72.41230431048335,72.444691727421,72.05679520768956,72.20374860042938,6849442.197522482,31.866674956706994,32.083531034978876,31.67233649992245,31.823274011457478,10594164.857109655,77.5570405088329,77.5865702916721,77.09852449032444,77.12268807004101,2244180.1852918277,337.7958530393974,344.5914427636945,335.69153511124205,340.1846391381236,2584716.578967668,41.82564670849576,43.05615037933941,41.293628615755296,42.36415598924606,4657957.109353735,9.72855827756854,10.268972627785404,9.537401461438295,9.823087299366767,20403841.23385446,95.31360001764396,98.75745580647907,95.34995895845103,95.71818389368414,10247014.631242039,12.933901172900658,13.24559887575687,12.758261400743367,13.062168168918708,13933813.63534654,151.7500341316857,152.54572145528414,150.07080615453603,150.42379865599284,9195584.215429362,475.10262044803017,488.6808961387951,473.8769106194651,481.41964077245314,1466074.3961371065,33.51472310939602,34.26391262301866,33.10658525336211,34.08670451394798,10088095.782260025,43.791932674306985,43.91401628459881,43.48574776469537,43.53817985077634,27071328.101142194,82.18728796841958,82.41520818303577,81.90018912599514,82.19469706020227,17002595.726036806,89.81980664160827,89.78642057439595,89.60714848496667,89.73589447603865,7372078.905456976,41.91763432627926,42.25743257458251,41.505107624739786,42.160484997619825,4126129.54801163,120.02420248094519,123.31295104722648,118.65823145788363,121.96301307439681,3983623.203562945,69.2716703742335,69.53503117094658,69.06735803516096,69.3322966075529,4524026.411116038,49.64468016804304,49.78875159304098,49.332323808613566,49.63962017781803,2925169.6509405836,55.279455976537875,55.57573704700245,55.14210268372272,55.29656837985875,3771690.5763614,24.773936946901934,24.885747941259496,24.351127223974594,24.35403720203471,22660321.92551495,37.43193748498903,38.682910344465505,36.60954605358477,36.609459127898575,16710684.011774512,150.09927817783762,152.95915976236904,147.37731830210947,148.93211597150122,1168510.0788935656,36.57422820244568,36.75996232959453,36.063083277616414,36.116613119097345,53106415.17266674,53.961740646373116,54.77669990858439,53.03726692054288,52.89184761610996,5116837.356843339,43.10162560297247,43.59249835583913,42.12641278075541,42.132367232403844,21353070.6554256,282.7642755758953,283.09649952812,279.143186787973,279.0319104613759,9456826.574458005,,,,,,24.317000779577672,25.26510810814638,24.174511184505956,24.678490941398227,11148879.66018432,145.96726844640816,143.854443471936,139.70093514629008,141.29645208932308,2087752.6919400576,5.752698505274091,5.721259474038294,5.503827495492707,5.36698332136017,24376242.706155162,57.907183209324415,57.97314925641574,57.14977265243429,57.14361766012311,9656500.164983535,94.1928924064262,94.25910787317704,93.58256916980243,93.6893370370242,7616078.024679257,54.06230851707237,54.23361677653097,53.7273985889897,53.854552796581814,11845469.481143039,51.722678179594936,51.68916400964596,51.60947848946236,51.63365546361655,3019201.3121729735,93.67104159950077,94.26103274057125,93.58522897609375,95.06798422280157,3906140.3177996706,11.332558531236689,11.609338629530885,11.48919102954124,11.215177492066223,23188127.03419951,26.992668502254134,26.46777976668195,26.059072031760994,26.311288393165288,13892449.33243117,107.18771296298418,107.17531616332035,106.16336775129241,106.23318665777009,33079851.755907927,70.85772716751367,72.17710996166198,70.09481822441276,70.25395468414355,2787120.7005367167,92.62547831708788,92.6912307962347,92.27504602599751,92.34898132622018,4048376.1165644443,138.8031964923623,139.54375051783444,135.19619709289546,136.22955834620603,2723786.321032888,110.48662976390115,113.62097649247352,110.1334836078279,112.94799801862084,8170910.476644233,45.422742661789506,46.21684324261556,43.79945539699629,43.80016675481831,10683144.026258815,131.2921794900559,133.30218881104628,128.5511688469128,130.0317940781376,2778161.7387370337,54.85423228175611,52.95794533818243,49.538254751917236,49.001019826038416,1599953.4537165742,241.33699403444834,247.69259767646832,239.266379855526,242.80090221733758,569480.0791938012,92.4076267016037,93.62385707142026,91.3250471808903,91.87104915540114,4448576.997349976,45.45069414039625,46.64147962970428,44.88098505656779,45.75879543830816,12133022.05568319,25.205262283098005,26.010440556145223,24.893098076114228,24.87732715539471,3554640.857716302,61.23033546192883,61.63519100313187,60.51609178406408,60.63223792737651,3280312.990327834,168.52608598558902,170.769265633248,167.9037094583088,170.19266846722843,9915079.191048875,107.6831655217031,109.9512415194656,107.55182999824702,109.83106668899437,1303992.356686938,91.64436652719927,94.13916413394871,90.71763593344323,90.71799471005588,1388964.9067321566,67.03302252545231,67.55445963781771,66.86496922902707,66.88273590352763,6013448.936739932,82.24981798010273,82.29024504406846,82.15842569713983,82.18724313538897,3752618.65141335,39.8798612114103,40.546643571673606,39.59765588208165,39.97572653535075,14819134.570419095,30.7221058561444,30.92347705885839,30.57110362414015,30.21802418184752,22041221.15864072,32.80610830064319,32.79274672410178,32.682548491096696,32.63945233678884,7941356.137147745,26.938512877788785,26.984952798220842,26.602333813103083,26.659869869221207,4664335.940556722,49.62053693093882,50.195054190387815,49.45067915443899,50.960831241183314,2831259.281162378,122.77814053179527,126.45214554428418,121.85879448993623,123.03187370097457,1811805.7395460785,56.854279218623546,57.791247326228024,56.83564420582975,57.4188465640827,2179557.445081999,40.45454751185744,41.81053884491176,40.08344575278204,40.42471137405196,4129412.381057122,108.46136277307122,108.54282951446791,108.10607321854947,108.19364444305548,2233658.669025839,181.3771150280265,187.3920899558731,180.44572230429225,201.74519786559398,1999604.5785554186,23.55108459989323,23.88735490774116,23.245471645005562,23.85393396800779,3264804.827927581,9.322402760530206,9.551451447827425,9.278698482500076,9.278745650424051,31747285.406630926,80.23510152844285,80.20745116338134,79.67002165824651,79.83551148132155,8187817.802082478,77.68097302637696,78.10594146082981,77.51675883170432,77.47418678955722,5092729.688977925,50.98341744782687,51.18679283534619,50.8366780767217,51.462577697110916,14212618.106152846,58.659766713868976,58.5472656093614,58.24610743615385,58.433390125303056,4217468.083941326,70.68534039136051,70.91374027203805,70.43642339996546,70.77337681696275,5439834.9061171375,56.70891042960409,56.77919380041864,55.967593211491135,56.12508423462238,2485890.1490618917,58.152524003010015,58.182373619869686,57.8691362319351,58.100333906090654,3872105.589579799,167.51991240426747,169.2745920236472,167.00476174175645,168.47393082999838,3139094.1906980146,114.69394620043184,115.838077566478,114.36228110211746,115.64530339385693,2118432.1292499015,45.22795537648621,45.332541471473846,44.89446784251759,44.98051202264964,8749230.305281505,62.240872605796554,62.409236338744506,62.05682935685824,62.1851040010909,4702223.70559094,125.51205433532415,126.85201340216237,125.13867394349774,126.35278712934615,1233898.2502837887,58.180749574214445,55.91503662714332,55.02076746446975,58.27392724035412,8285043.636567592,74.94044255907195,73.66566005227853,71.08110707378052,71.18367447408227,1711676.4582578205,84.40593036648292,85.48331483221789,83.91156753945879,84.58471313477274,6338034.170304484,86.47411705551774,88.11430083565597,85.91635616860215,86.73099502483393,17617418.348904353,107.66700733344072,110.00083566371795,106.66653443977124,107.49710032542338,18076583.974948507,37.83017985419202,38.06202848714867,37.4297923591115,37.73637513144143,6097086.990126964,26.315403678213592,45.95909481072868,23.3370596921063,24.381018001259896,4944443.465753791
1923,115.14504572723897,116.24746930469234,114.74665406948877,115.96899679122265,3213774.9910736717,102.08327026515977,104.31296728859355,100.7171843945647,101.28714392770647,2820011.779297983,97.8498689222499,97.88112481591196,97.35908128876864,97.43873554645795,8768870.846843746,6.6343075890440435,6.698540564044081,5.919808741505379,6.170434844429487,23468448.656425558,70.4682599101907,72.40031623214799,69.2118352617801,72.74603419197119,2646621.533200869,480.74749979585323,495.4517477798434,481.1426172049617,491.084336873777,551952.0571706869,15.061402381989334,15.866895902507526,15.443070876976064,15.348849008145924,24968229.875417903,41.43895275997462,42.60452423487061,41.20536509870804,42.04235789107277,7796064.658878548,48.30144198860012,48.33174398685646,48.03587640805907,48.012972400700285,4577113.092302672,72.4123043103858,72.444691727421,72.05679520846125,72.20374860042938,6849442.197522483,31.866674956706994,32.083531034978876,31.672343307125523,31.82327401147905,10594164.857109655,77.56305220322939,77.5925788155571,77.0985244903214,77.12268807004101,2244180.1852918277,337.8219975468531,344.82801645692507,335.73710073575234,340.1461343808476,2584716.578967668,41.82564670849583,43.05615037933932,41.29362861575522,42.36415603069006,4657957.109353735,9.72855827756854,10.268972627785404,9.537401461438524,9.823087299366767,20403841.23385446,95.31360001764396,98.75745580647907,95.34995895845103,95.71818389368411,10247014.631242039,12.933901172900658,13.24559887575687,12.758261400743367,13.062168168918705,13933813.63534654,151.7500341316857,152.54572145528414,150.07080615453603,150.42379865599284,9195584.215429362,475.1290499505392,489.16407656891107,474.1125080845468,482.0355180411539,1466074.3961371065,33.51472310939602,34.26391262301866,33.10658525336211,34.08670451394799,10088095.782260025,43.791932674306985,43.91401628459881,43.48574776469537,43.53817985077634,27071328.101142246,82.18728796841958,82.41520818303577,81.90018912599514,82.19469706020227,17002595.726036806,89.81980664160827,89.78642057439485,89.60714848496563,89.73589447600295,7372078.905456975,41.91763432627926,42.257432574582474,41.50516308994835,42.160484997619825,4126129.54801163,120.02420248094519,123.31295104722648,118.65823145788363,121.96301307439686,3983623.203562945,69.2716703742335,69.53503117094658,69.06735803516096,69.3322966075529,4524026.411116038,49.64468016804304,49.78875159304098,49.332323808613566,49.63962017781803,2925169.6509405836,55.279455976537875,55.57573704700245,55.14210268372272,55.29656837985875,3771690.5763614,24.773936946901934,24.885747941259496,24.351127223974594,24.35403720203471,22660321.92551495,37.43193748498903,38.682935236917466,36.60954605358477,36.609459127898575,16710684.011774512,150.09927817783762,152.95915976236904,147.37731830210947,149.08287404034135,1168510.0788935656,36.57422820244568,36.75996232959453,36.063083277616414,36.116613119097345,53106415.172666654,53.961740646300115,54.77669990858439,53.03726692054288,52.89184761610996,5116837.356843338,43.10162560297247,43.59249835583913,42.12641278076046,42.132367232403844,21353070.6554256,282.91214363952383,283.2444327916647,279.2865677200526,279.17347948974015,9456826.574458005,,,,,,24.317000779577672,25.26510810814638,24.174511184505956,24.678490941398227,11148879.660184322,146.19114779146676,143.854443471936,139.70093514629008,141.29645208932308,2087752.6919400576,5.752698505274091,5.718620271611084,5.503827495492707,5.364263859917347,24376242.706155162,57.93794642529124,58.00402762260587,57.17973321865614,57.1731751339105,9656500.164983544,94.19289240642611,94.25910787317704,93.58256916980243,93.69228955721131,7616078.024679257,54.06230851707237,54.23361677653097,53.7273985889897,53.854552796581814,11845469.481143039,51.722678179594936,51.68916400964596,51.60947851245126,51.63365544771797,3019201.3121729735,93.67104159950074,94.26103274057125,93.58522897609373,95.08209921079583,3906140.3177996706,11.332558531236494,11.609338629530885,11.496192043799022,11.215177492066223,23188127.03419951,27.006528431601634,26.46777976668195,26.059072031760994,26.311288393165288,13892449.33243117,107.18771296298418,107.17531616332035,106.16336775129241,106.23318665777006,33079851.755907975,70.85772851576257,72.17710996166198,70.09481822441276,70.25395468414537,2787120.7005367167,92.62547831708788,92.6912307962347,92.27504602599751,92.34898132622018,4048376.1165644443,138.8470374211362,139.54375051783444,135.19619709289546,136.22955834620603,2723786.3210328864,110.48662976390115,113.62097649247352,110.1334836078279,112.94799801862084,8170910.476644233,45.422742661789506,46.21684324261556,43.79945539699629,43.80016675481831,10683144.026258815,131.28183940415443,133.30218881104628,128.5511688469128,130.0317940781376,2778161.7387370337,54.85423228175257,53.242607187425385,49.67205123153138,49.12068983510112,1599953.453716574,241.61790606536002,248.08364219512586,239.90617152025058,243.00286685604496,569480.0791938012,92.4076267016037,93.62385707142026,91.3250471808903,91.87104915540114,4448576.9973499775,45.45069414039625,46.64147962970428,44.88098505656779,45.75879543830817,12133022.055682546,25.205262204831577,26.010440556145223,24.893098076114228,24.877327155021977,3554640.857716302,61.23053481692704,61.63519327860761,60.516059363492545,60.63223792737651,3280312.990327834,168.52608598558902,170.769265633248,167.9037094583088,170.19266846722843,9915079.191048875,107.6831655217031,109.9512415194656,107.55182999824702,109.83106668899437,1303992.356686938,91.64436652719927,94.13916413394871,90.71788152339634,90.71799471005588,1388964.9067321566,67.03302252545231,67.55445963781771,66.86507440287401,66.88273590352763,6013448.936739932,82.25547901424378,82.29591772929864,82.1640497094658,82.19284887991421,3752618.651413347,39.879861211394655,40.5466435716736,39.59765588208165,39.9757265192485,14819134.570419095,30.722105856144317,30.92347705885839,30.578865743981858,30.2181418224146,22041221.15864072,32.80610830064319,32.79274672410178,32.682548491096696,32.63945233678686,7941356.137147746,26.93851287768147,26.984952799340817,26.602333813044144,26.659870400095603,4664335.940556722,49.62053693093882,50.195054190387815,49.45067915443899,50.97817459134318,2831259.281162378,122.77814053179527,126.45214554526879,121.85879448993623,123.03187370097457,1811805.7395460785,56.854279218623546,57.791247326228024,56.83564420582975,57.4188465640827,2179557.445081999,40.45471279283523,41.81053884491176,40.08344575278204,40.42471137405196,4129412.381057122,108.46136277307122,108.54282951446791,108.10607321854947,108.19364444305548,2233658.669025839,181.37711492516434,187.3920899558731,180.44572230429225,202.03806351505324,1999604.5785554186,23.551084599893255,23.887354907741173,23.245471645005555,23.853933968007876,3264804.827927581,9.320604972802036,9.551451447827425,9.278698482500076,9.278745650424051,31747285.406630926,80.23510152844285,80.20745116338134,79.67002165824607,79.83551148095542,8187817.802082478,77.68097302637696,78.11384007913811,77.51675883170432,77.47418678934667,5092729.688977925,50.98341744782687,51.1867928353455,50.8366780767217,51.46990536854716,14212618.106152842,58.662382264900636,58.5472656093614,58.24610743615385,58.435848339640884,4217468.083941326,70.68534039136051,70.91374027203805,70.43642339996546,70.77337681696275,5439834.9061171375,56.70891042889049,56.7791938018773,55.967593211491135,56.12508453585216,2485890.14907293,58.15673281309406,58.186587066622394,57.8691362319351,58.10449270941397,3872105.589579799,167.51991240426747,169.2745920236472,167.00476174175645,168.47393082999838,3139094.1906980127,114.69394620043184,115.838077566478,114.36228110211746,115.64530339385693,2118432.1292499015,45.22795537648621,45.332541471473846,44.89446784251759,44.98051202264964,8749230.305281505,62.240872605796554,62.40923633866429,62.05682935685824,62.1851040010909,4702223.70559094,125.51205433532415,126.85201340216237,125.13867394349774,126.35341617126143,1233898.2502837887,58.22890190252995,55.91503662468365,55.02076746446975,58.32190953997291,8285043.636567592,74.98929157084395,73.66566005227853,71.08110707378052,71.18367447408227,1711676.4582578205,84.40593036648292,85.48331483221789,83.91156753945879,84.58471313477274,6338034.170304485,86.47411705551774,88.11430083565597,85.91635616860215,86.73099502483393,17617418.348904356,107.66700733344072,110.00083566371795,106.66653443977124,107.49710032542338,18076583.974948507,37.83017985419202,38.06202848714867,37.4297923591115,37.73637513144143,6097086.990126964,25.28266915005435,45.95909553944815,22.47760692546453,23.670611456474617,4944443.46575378
1924,115.14504572723897,116.24746930469234,114.74665406948877,115.96899679122265,3213774.991073672,102.08327026515977,104.31296728859355,100.7171843945647,101.28714392770647,2820011.779297983,97.8498689222499,97.88112481591196,97.35908128876864,97.43873554645795,8768870.846843746,6.634307612434864,6.698540564044529,5.915615035154849,6.1704348444294865,23468448.656425558,70.5192828567239,72.50149130626187,69.04202312282295,72.48390861563163,2646621.533200869,480.89481884195914,495.370410372877,480.8207638807064,491.00133008467276,551952.0571706869,15.061402381989334,15.875327292055939,15.450685404743458,15.348849380312254,24968229.875417903,41.43895275997462,42.60452423487061,41.20536509870804,42.04235789107277,7796064.658878548,48.30388803526214,48.33419918453535,48.0358764080498,48.012972400452476,4577113.092302672,72.412304310315,72.444691727421,72.05679520789677,72.20374860042938,6849442.197522482,31.866674956706994,32.083531034978876,31.67233747294835,31.823274011464523,10594164.857109655,77.56906436361156,77.59858780475922,77.09852449032158,77.12268807004101,2244180.1852918277,337.92545005304356,344.75208702923277,335.64101552269005,340.225790803859,2584716.578967668,41.82564670849583,43.05615037933937,41.29362861575526,42.36415599797884,4657957.109353735,9.72855827756854,10.268972627785404,9.537401461438384,9.823087299366767,20403841.23385446,95.31360001764396,98.75745580647907,95.34995895845103,95.71818389368411,10247014.631242039,12.933901172900658,13.24559887575687,12.758261400743367,13.062168168918705,13933813.63534654,151.7500341316857,152.54572145528414,150.07080615453603,150.42379865599284,9195584.215429362,475.1973520359086,488.8676223544971,473.78496776852353,481.5940014150692,1466074.3961371065,33.51472310939602,34.26391262301866,33.10658525336211,34.086704513948,10088095.782260025,43.791932674306985,43.91401628459881,43.48574776469537,43.53817985077634,27071328.101142325,82.18728796841958,82.41520818303577,81.90018912599514,82.19469706020227,17002595.726036806,89.81980664160827,89.78642057439414,89.60714848496497,89.73589447597875,7372078.905456976,41.91763432627926,42.257432574582495,41.50511473238165,42.160484997619825,4126129.54801163,120.02420248094519,123.31295104722648,118.65823145788363,121.96301307439686,3983623.203562945,69.2716703742335,69.53503117094658,69.06735803516096,69.3322966075529,4524026.411116038,49.64468016804304,49.78875159304098,49.332323808613566,49.63962017781803,2925169.6509405836,55.279455976537875,55.57573704700245,55.14210268372272,55.29656837985875,3771690.5763614,24.773936946901934,24.885747941259496,24.351127223974594,24.35403720203471,22660321.92551495,37.43193748498903,38.68291422121455,36.60954605358477,36.609459127898575,16710684.011774512,150.09927817783762,152.95915976236904,147.37731830210947,149.0731630138625,1168510.0788935658,36.57422820244568,36.75996232959453,36.063083277616414,36.116613119097345,53106415.17266633,53.961740646250796,54.77669990858439,53.03726692054288,52.89184761610996,5116837.356843338,43.10162560297247,43.59249835583913,42.1264127807572,42.132367232403844,21353070.6554256,283.0600890289185,283.3924433583569,279.43002229925185,279.31512034426135,9456826.574458005,,,,,,24.317000779577672,25.26510810814638,24.174511184505956,24.678490941398227,11148879.660184324,146.1968628778958,143.854443471936,139.70093514629008,141.29645208932308,2087752.6919400576,5.752698505274091,5.715982286641235,5.503827495492707,5.361545776431209,24376242.706155162,57.968725984229756,58.0349224356082,57.209709491598886,57.202747896268896,9656500.164983574,94.19289240642605,94.25910787317704,93.58256916980243,93.6894247584529,7616078.024679257,54.06230851707237,54.23361677653097,53.7273985889897,53.854552796581814,11845469.481143039,51.722678179594936,51.68916400964596,51.60947849416454,51.63365546031564,3019201.3121729735,93.67104159950074,94.26103274057125,93.58522897609373,95.09621629447864,3906140.3177996706,11.332558531236371,11.609338629530885,11.503197324170971,11.215177492066223,23188127.03419951,27.020395477609032,26.46777976668195,26.059072031760994,26.311288393165288,13892449.33243117,107.18771296298418,107.17531616332035,106.16336775129241,106.23318665777005,33079851.755907897,70.85772738008578,72.17710996166198,70.09481822441276,70.25395468414406,2787120.7005367167,92.62547831708788,92.6912307962347,92.27504602599751,92.34898132622018,4048376.1165644443,139.0376892145103,139.54375051783444,135.19619709289546,136.22955834620603,2723786.321032888,110.48662976390115,113.62097649247352,110.1334836078279,112.94799801862084,8170910.476644233,45.422742661789506,46.21684324261556,43.79945539699629,43.80016675481831,10683144.026258815,131.25049805465252,133.30218881104628,128.5511688469128,130.0317940781376,2778161.7387370337,54.85423228175246,53.2459798217798,49.601334410307345,49.38240824721866,1599953.4537165742,241.34970554710878,247.8621025794709,239.34824007179805,243.05198129172558,569480.0791938012,92.4076267016037,93.62385707142026,91.3250471808903,91.87104915540114,4448576.9973499775,45.45069414039625,46.64147962970428,44.88098505656779,45.75879543830817,12133022.05568245,25.205262143951302,26.010440556145223,24.893098076114228,24.877327154762177,3554640.857716302,61.230352042823014,61.63519139998328,60.51608824262901,60.63223792737651,3280312.990327834,168.52608598558902,170.769265633248,167.9037094583088,170.19266846722843,9915079.191048875,107.6831655217031,109.9512415194656,107.55182999824702,109.83106668899437,1303992.356686938,91.64436652719927,94.13916413394871,90.71766195395838,90.71799471005588,1388964.9067321566,67.03302252545231,67.55445963781771,66.86498175623058,66.88273590352763,6013448.936739932,82.2611404380186,82.30159080557587,82.16967410677375,82.19845500679043,3752618.6514133504,39.87986121138394,40.54664357167359,39.59765588208165,39.97572650668191,14819134.570419095,30.722105856144367,30.92347705885839,30.586629834655405,30.21803592189888,22041221.15864072,32.80610830064319,32.79274672410178,32.682548491096696,32.63945233678557,7941356.137147745,26.938512877604012,26.984952798520716,26.602333813085522,26.659869943433172,4664335.940556722,49.62053693093882,50.195054190387815,49.45067915443899,50.99552384391452,2831259.281162378,122.77814053179527,126.45214554457131,121.85879448993623,123.03187370097457,1811805.7395460785,56.854279218623546,57.791247326228024,56.83564420582975,57.4188465640827,2179557.445081999,40.454565524233004,41.81053884491176,40.08344575278204,40.42471137405196,4129412.381057122,108.46136277307122,108.54282951446791,108.10607321854947,108.19364444305548,2233658.669025839,181.37711484552148,187.3920899558731,180.44572230429225,202.33135430617406,1999604.5785554186,23.551084599893255,23.887354907741177,23.24547164500556,23.853933968007873,3264804.827927581,9.31880753176997,9.551451447827425,9.278698482500076,9.278745650424051,31747285.406630926,80.23510152844285,80.20745116338134,79.67002165824579,79.83551148069509,8187817.802082478,77.68097302637696,78.12173949620987,77.51675883170432,77.4741867891968,5092729.688977925,50.98341744782687,51.18679283534506,50.8366780767217,51.47723408335843,14212618.106152836,58.66499793255579,58.5472656093614,58.24610743615385,58.438306657392495,4217468.083941326,70.68534039136051,70.91374027203805,70.43642339996546,70.77337681696275,5439834.9061171375,56.708910428364476,56.77919380081587,55.967593211491135,56.125084287733664,2485890.1490761377,58.160941927792265,58.19080081850417,57.8691362319351,58.10865181042309,3872105.589579799,167.51991240426747,169.2745920236472,167.00476174175645,168.47393082999838,3139094.190698012,114.69394620043184,115.838077566478,114.36228110211746,115.64530339385693,2118432.1292499015,45.22795537648621,45.332541471473846,44.89446784251759,44.98051202264964,8749230.305281505,62.240872605796554,62.40923633860799,62.05682935685824,62.1851040010909,4702223.70559094,125.51205433532415,126.85201340216237,125.13867394349774,126.3528205609661,1233898.2502837887,58.27709408331795,55.91503662647204,55.02076746446975,58.36993134784497,8285043.636567592,75.03817242424736,73.66566005227853,71.08110707378052,71.18367447408227,1711676.4582578205,84.40593036648292,85.48331483221789,83.91156753945879,84.58471313477274,6338034.170304486,86.47411705551774,88.11430083565597,85.91635616860215,86.73099502483393,17617418.34890436,107.66700733344072,110.00083566371795,106.66653443977124,107.49710032542338,18076583.974948507,37.83017985419202,38.06202848714867,37.4297923591115,37.73637513144143,6097086.990126964,25.557068640137153,45.95909614297285,22.440427885955156,23.071610006866393,4944443.465753788
1925,115.14504572723897,116.24746930469234,114.74665406948877,115.96899679122265,3213774.991073672,102.08327026515977,104.31296728859355,100.7171843945647,101.28714392770647,2820011.779297983,97.8498689222499,97.88112481591196,97.35908128876864,97.43873554645795,8768870.846843746,6.634307594604234,6.698540564044246,5.9114242997065425,6.170434844429487,23468448.656425558,70.6802561686542,72.47330777472023,69.18833017970884,72.74016692680635,2646621.533200869,481.0226710416275,495.70326390660733,481.38900372915856,491.2354147780095,551952.0571706869,15.061402381989334,15.883763161896537,15.458303687012375,15.34884906233111,24968229.875417903,41.43895275997462,42.60452423487061,41.20536509870804,42.04235789107277,7796064.658878548,48.30633420579508,48.336654506935496,48.035876408043336,48.01297240027207,4577113.092302672,72.4123043102637,72.444691727421,72.05679520830961,72.20374860042938,6849442.197522482,31.866674956706994,32.083531034978876,31.67234247318456,31.823274011474307,10594164.857109655,77.57507699001552,77.60459725931449,77.09852449032367,77.12268807004101,2244180.1852918277,338.0893310259559,345.0101597525494,335.9944214027787,340.2195834348896,2584716.578967668,41.825646708495825,43.05615037933934,41.29362861575523,42.36415602379739,4657957.109353735,9.72855827756854,10.268972627785404,9.537401461438469,9.823087299366767,20403841.23385446,95.31360001764396,98.75745580647907,95.34995895845103,95.71818389368411,10247014.631242039,12.933901172900658,13.24559887575687,12.758261400743367,13.062168168918705,13933813.63534654,151.7500341316857,152.54572145528414,150.07080615453603,150.42379865599284,9195584.215429362,475.54028245829227,489.35320342070816,474.13423660985325,481.91635464579275,1466074.3961371065,33.51472310939602,34.26391262301866,33.10658525336211,34.086704513948,10088095.782260025,43.791932674306985,43.91401628459881,43.48574776469537,43.53817985077634,27071328.101142365,82.18728796841958,82.41520818303577,81.90018912599514,82.19469706020227,17002595.726036806,89.81980664160827,89.78642057439369,89.60714848496454,89.73589447596216,7372078.905456976,41.91763432627926,42.25743257458248,41.505156893122006,42.160484997619825,4126129.54801163,120.02420248094519,123.31295104722648,118.65823145788363,121.96301307439687,3983623.203562945,69.2716703742335,69.53503117094658,69.06735803516096,69.3322966075529,4524026.411116038,49.64468016804304,49.78875159304098,49.332323808613566,49.63962017781803,2925169.6509405836,55.279455976537875,55.57573704700245,55.14210268372272,55.29656837985875,3771690.5763614,24.773936946901934,24.885747941259496,24.351127223974594,24.35403720203471,22660321.92551495,37.43193748498903,38.68293196393309,36.60954605358477,36.609459127898575,16710684.011774512,150.09927817783762,152.95915976236904,147.37731830210947,149.05694239425515,1168510.0788935658,36.57422820244568,36.75996232959453,36.063083277616414,36.116613119097345,53106415.17266634,53.96174064621747,54.77669990858439,53.03726692054288,52.89184761610996,5116837.356843338,43.10162560297247,43.59249835583913,42.1264127807593,42.132367232403844,21353070.6554256,283.2081117845159,283.54053126859174,279.57355056339935,279.456833061381,9456826.574458005,,,,,,24.317000779577672,25.26510810814638,24.174511184505956,24.678490941398227,11148879.660184324,146.2433926464638,143.854443471936,139.70093514629008,141.29645208932308,2087752.6919400576,5.752698505274091,5.7133455185671345,5.503827495492707,5.35882907020354,24376242.706155162,57.999521894822195,58.06583370418284,57.23970147949672,57.23233595510631,9656500.164983582,94.19289240642603,94.25910787317704,93.58256916980243,93.6922044420473,7616078.024679257,54.06230851707237,54.23361677653097,53.7273985889897,53.854552796581814,11845469.481143039,51.722678179594936,51.68916400964596,51.609478508710865,51.633655450333535,3019201.3121729735,93.67104159950074,94.26103274057125,93.58522897609373,95.11033547416115,3906140.3177996706,11.332558531236295,11.609338629530885,11.510206873256674,11.215177492066223,23188127.03419951,27.03426964393052,26.46777976668195,26.059072031760994,26.311288393165288,13892449.33243117,107.18771296298418,107.17531616332035,106.16336775129241,106.23318665777003,33079851.75590787,70.85772833670573,72.17710996166198,70.09481822441276,70.25395468414501,2787120.7005367167,92.62547831708788,92.6912307962347,92.27504602599751,92.34898132622018,4048376.1165644443,139.03758882903475,139.54375051783444,135.19619709289546,136.22955834620603,2723786.3210328883,110.48662976390115,113.62097649247352,110.1334836078279,112.94799801862084,8170910.476644233,45.422742661789506,46.21684324261556,43.79945539699629,43.80016675481831,10683144.026258815,131.28827752292767,133.30218881104628,128.5511688469128,130.0317940781376,2778161.7387370337,54.85423228175219,53.23765015383425,49.493366638103296,49.116569650404834,1599953.4537165742,241.01859844213294,247.73111166097712,239.1549775721611,242.84549018335628,569480.0791938012,92.4076267016037,93.62385707142026,91.3250471808903,91.87104915540114,4448576.9973499775,45.45069414039625,46.64147962970428,44.88098505656779,45.75879543830817,12133022.055682432,25.205262096595007,26.010440556145223,24.893098076114228,24.877327154581096,3554640.857716302,61.23051961511066,61.63519295096856,60.516062518081796,60.63223792737651,3280312.990327834,168.52608598558902,170.769265633248,167.9037094583088,170.19266846722843,9915079.191048875,107.6831655217031,109.9512415194656,107.55182999824702,109.83106668899437,1303992.356686938,91.64436652719927,94.13916413394871,90.71785825978228,90.71799471005588,1388964.9067321566,67.03302252545231,67.55445963781771,66.86506336777936,66.88273590352763,6013448.936739932,82.26680225145402,82.30726427292711,82.17529888909006,82.20406151604368,3752618.6514133513,39.8798612113766,40.54664357167359,39.59765588208165,39.975726496874636,14819134.570419095,30.722105856144335,30.92347705885839,30.594395896661194,30.218131253972743,22041221.15864072,32.80610830064319,32.79274672410178,32.682548491096696,32.63945233678472,7941356.137147745,26.938512877548444,26.984952799121235,26.602333813056475,26.659870336257875,4664335.940556722,49.62053693093882,50.195054190387815,49.45067915443899,51.012879000906075,2831259.281162378,122.77814053179527,126.45214554506539,121.85879448993623,123.03187370097457,1811805.7395460785,56.854279218623546,57.791247326228024,56.83564420582975,57.4188465640827,2179557.445081999,40.454696743454306,41.81053884491176,40.08344575278204,40.42471137405196,4129412.381057122,108.46136277307122,108.54282951446791,108.10607321854947,108.19364444305548,2233658.669025839,181.3771147838566,187.3920899558731,180.44572230429225,202.62507085611804,1999604.5785554186,23.551084599893247,23.887354907741173,23.245471645005555,23.853933968007865,3264804.827927581,9.317010437367149,9.551451447827425,9.278698482500076,9.278745650424051,31747285.406630926,80.23510152844285,80.20745116338134,79.67002165824562,79.83551148051,8187817.802082478,77.68097302637696,78.12963971212585,77.51675883170432,77.47418678909017,5092729.688977925,50.98341744782687,51.186792835344775,50.8366780767217,51.4845638416933,14212618.106152836,58.66761371683965,58.5472656093614,58.24610743615385,58.44076507856224,4217468.083941326,70.68534039136051,70.91374027203805,70.43642339996546,70.77337681696275,5439834.9061171375,56.70891042797846,56.77919380158824,55.967593211491135,56.12508449210519,2485890.1490779463,58.16515134712668,58.19501487553711,57.8691362319351,58.11281120913933,3872105.589579799,167.51991240426747,169.2745920236472,167.00476174175645,168.47393082999838,3139094.190698012,114.69394620043184,115.838077566478,114.36228110211746,115.64530339385693,2118432.1292499015,45.22795537648621,45.332541471473846,44.89446784251759,44.98051202264964,8749230.305281505,62.240872605796554,62.40923633856847,62.05682935685824,62.1851040010909,4702223.70559094,125.51205433532415,126.85201340216237,125.13867394349774,126.35338451642804,1233898.2502837887,58.325326149561675,55.91503662517173,55.02076746446975,58.417992696501095,8285043.636567592,75.08708514003779,73.66566005227853,71.08110707378052,71.18367447408227,1711676.4582578205,84.40593036648292,85.48331483221789,83.91156753945879,84.58471313477274,6338034.170304486,86.47411705551774,88.11430083565597,85.91635616860215,86.73099502483393,17617418.34890436,107.66700733344072,110.00083566371795,106.66653443977124,107.49710032542338,18076583.974948507,37.83017985419202,38.06202848714867,37.4297923591115,37.73637513144143,6097086.990126964,25.095246727726284,45.95909664277289,22.27562379182485,23.41728059376566,4944443.465753792
1926,115.14504572723897,116.24746930469234,114.74665406948877,115.96899679122265,3213774.991073672,102.08327026515977,104.31296728859355,100.7171843945647,101.28714392770647,2820011.779297983,97.8498689222499,97.88112481591196,97.35908128876864,97.43873554645795,8768870.846843746,6.6343076081963765,6.698540564044425,5.907236533055816,6.170434844429487,23468448.656425558,70.92632266219447,72.89242576085336,69.32039747967875,72.48964455137526,2646621.533200869,481.2429128319526,495.7458292806766,481.0685580515337,491.47594853235154,551952.0571706869,15.061402381989334,15.89220351441007,15.46592572563405,15.348849334016105,24968229.875417903,41.43895275997462,42.60452423487061,41.20536509870804,42.04235789107277,7796064.658878548,48.30878050020522,48.33910995406323,48.035876408038824,48.01297240014073,4577113.092302672,72.41230431022652,72.444691727421,72.05679520800783,72.20374860042938,6849442.197522482,31.866674956706994,32.083531034978876,31.672338187685266,31.823274011467717,10594164.857109655,77.58109008247739,77.61060717925895,77.09852449032334,77.12268807004101,2244180.1852918277,338.18381385158335,344.97807355156743,336.1098708923494,340.6179614493703,2584716.578967668,41.82564670849583,43.05615037933936,41.293628615755246,42.36415600341913,4657957.109353735,9.72855827756854,10.268972627785404,9.537401461438417,9.823087299366767,20403841.23385446,95.31360001764396,98.75745580647907,95.34995895845103,95.71818389368411,10247014.631242039,12.933901172900658,13.24559887575687,12.758261400743367,13.062168168918705,13933813.63534654,151.7500341316857,152.54572145528414,150.07080615453603,150.42379865599284,9195584.215429362,475.6673504053044,489.311441196028,474.34618618878346,482.11078128581494,1466074.3961371065,33.51472310939602,34.26391262301866,33.10658525336211,34.086704513948,10088095.782260025,43.791932674306985,43.91401628459881,43.48574776469537,43.53817985077634,27071328.101142377,82.18728796841958,82.41520818303577,81.90018912599514,82.19469706020227,17002595.726036806,89.81980664160827,89.7864205743934,89.60714848496427,89.73589447595077,7372078.905456976,41.91763432627926,42.25743257458249,41.50512013510979,42.160484997619825,4126129.54801163,120.02420248094519,123.31295104722648,118.65823145788363,121.96301307439687,3983623.203562945,69.2716703742335,69.53503117094658,69.06735803516096,69.3322966075529,4524026.411116038,49.64468016804304,49.78875159304098,49.332323808613566,49.63962017781803,2925169.6509405836,55.279455976537875,55.57573704700245,55.14210268372272,55.29656837985875,3771690.5763614,24.773936946901934,24.885747941259496,24.351127223974594,24.35403720203471,22660321.92551495,37.43193748498903,38.682916984464526,36.60954605358477,36.609459127898575,16710684.011774512,150.09927817783762,152.95915976236904,147.37731830210947,149.30315661021896,1168510.0788935658,36.57422820244568,36.75996232959453,36.063083277616414,36.116613119097345,53106415.17266631,53.96174064619496,54.77669990858439,53.03726692054288,52.89184761610996,5116837.356843338,43.10162560297247,43.59249835583913,42.126412780757946,42.132367232403844,21353070.6554256,283.3562119467736,283.68869656278537,279.71715255034314,279.5986176775593,9456826.574458005,,,,,,24.317000779577672,25.26510810814638,24.174511184505956,24.678490941398227,11148879.660184324,146.36911691026714,143.854443471936,139.70093514629008,141.29645208932308,2087752.6919400576,5.752698505274091,5.710709966827433,5.503827495492707,5.356113740536482,24376242.706155162,58.03033416575537,58.09676143709455,57.26970919058816,57.26193931833482,9656500.164983582,94.19289240642601,94.25910787317704,93.58256916980243,93.68950734478618,7616078.024679257,54.06230851707237,54.23361677653097,53.7273985889897,53.854552796581814,11845469.481143039,51.722678179594936,51.68916400964596,51.60947849713987,51.63365545824312,3019201.3121729735,93.67104159950074,94.26103274057125,93.58522897609373,95.12445675015456,3906140.3177996706,11.332558531236247,11.609338629530885,11.517220693657299,11.215177492066223,23188127.03419951,27.04815093422217,26.46777976668195,26.059072031760994,26.311288393165288,13892449.33243117,107.18771296298418,107.17531616332035,106.16336775129241,106.23318665777003,33079851.755907863,70.85772753091157,72.17710996166198,70.09481822441276,70.25395468414433,2787120.7005367167,92.62547831708788,92.6912307962347,92.27504602599751,92.34898132622018,4048376.1165644443,139.15419849695576,139.54375051783444,135.19619709289546,136.22955834620603,2723786.3210328883,110.48662976390115,113.62097649247352,110.1334836078279,112.94799801862084,8170910.476644233,45.422742661789506,46.21684324261556,43.79945539699629,43.80016675481831,10683144.026258815,131.53556850125148,133.30218881104628,128.5511688469128,130.0317940781376,2778161.7387370337,54.85423228175247,53.034127357675004,49.28834859871711,49.13356360019624,1599953.4537165742,241.21011180399194,247.34354484626473,239.09604896292467,242.41049212460945,569480.0791938012,92.4076267016037,93.62385707142026,91.3250471808903,91.87104915540114,4448576.9973499775,45.45069414039625,46.64147962970428,44.88098505656779,45.75879543830817,12133022.055682398,25.20526205975847,26.010440556145223,24.893098076114228,24.877327154454882,3554640.857716302,61.23036598026323,61.63519167048086,60.51608543262878,60.63223792737651,3280312.990327834,168.52608598558902,170.769265633248,167.9037094583088,170.19266846722843,9915079.191048875,107.6831655217031,109.9512415194656,107.55182999824702,109.83106668899437,1303992.356686938,91.64436652719927,94.13916413394871,90.71768275276794,90.71799471005588,1388964.9067321566,67.03302252545231,67.55445963781771,66.8649914769407,66.88273590352763,6013448.936739932,82.27246445457686,82.31293813137933,82.18092405644107,82.20966840770006,3752618.6514133513,39.879861211371576,40.54664357167359,39.59765588208165,39.9757264892208,14819134.570419095,30.722105856144353,30.92347705885839,30.602163930499756,30.218045435653114,22041221.15864072,32.80610830064319,32.79274672410178,32.682548491096696,32.63945233678417,7941356.137147745,26.938512877508455,26.984952798681505,26.602333813076868,26.659869998346903,4664335.940556722,49.62053693093882,50.195054190387815,49.45067915443899,51.03024006432728,2831259.281162378,122.77814053179527,126.45214554471539,121.85879448993623,123.03187370097457,1811805.7395460785,56.854279218623546,57.791247326228024,56.83564420582975,57.4188465640827,2179557.445081999,40.454579824547096,41.81053884491176,40.08344575278204,40.42471137405196,4129412.381057122,108.46136277307122,108.54282951446791,108.10607321854947,108.19364444305548,2233658.669025839,181.37711473611148,187.3920899558731,180.44572230429225,202.9192137829427,1999604.5785554186,23.55108459989325,23.887354907741173,23.245471645005555,23.85393396800786,3264804.827927581,9.315213689526725,9.551451447827425,9.278698482500076,9.278745650424051,31747285.406630926,80.23510152844285,80.20745116338134,79.6700216582455,79.83551148037837,8187817.802082478,77.68097302637696,78.13754072696685,77.51675883170432,77.4741867890143,5092729.688977925,50.98341744782687,51.1867928353446,50.8366780767217,51.491894643700356,14212618.106152836,58.6702296177574,58.5472656093614,58.24610743615385,58.44322360315446,4217468.083941326,70.68534039136051,70.91374027203805,70.43642339996546,70.77337681696275,5439834.9061171375,56.70891042769453,56.7791938010262,55.967593211491135,56.1250843237674,2485890.149081377,58.169361071119354,58.19922923774332,57.8691362319351,58.116970905584004,3872105.589579799,167.51991240426747,169.2745920236472,167.00476174175645,168.47393082999838,3139094.1906980122,114.69394620043184,115.838077566478,114.36228110211746,115.64530339385693,2118432.1292499015,45.22795537648621,45.332541471473846,44.89446784251759,44.98051202264964,8749230.305281505,62.240872605796554,62.40923633854073,62.05682935685824,62.1851040010909,4702223.70559094,125.51205433532415,126.85201340216237,125.13867394349774,126.35285053344361,1233898.2502837887,58.37359813427167,55.915036626117164,55.02076746446975,58.46609361849886,8285043.636567592,75.13602973898433,73.66566005227853,71.08110707378052,71.18367447408227,1711676.4582578205,84.40593036648292,85.48331483221789,83.91156753945879,84.58471313477274,6338034.170304486,86.47411705551774,88.11430083565597,85.91635616860215,86.73099502483393,17617418.34890436,107.66700733344072,110.00083566371795,106.66653443977124,107.49710032542338,18076583.974948507,37.83017985419202,38.06202848714867,37.4297923591115,37.73637513144143,6097086.990126964,24.691698537491696,45.95909705670304,21.702968976821513,23.14465989323317,4944443.46575379
1927,115.14504572723897,116.24746930469234,114.74665406948877,115.96899679122265,3213774.991073672,102.08327026515977,104.31296728859355,100.7171843945647,101.28714392770647,2820011.779297983,97.8498689222499,97.88112481591196,97.35908128876864,97.43873554645795,8768870.846843746,6.634307597835198,6.698540564044312,5.903051733099515,6.170434844429487,23468448.656425558,70.40085089991646,72.36356491056996,69.0975191178711,72.73455938088415,2646621.533200869,481.29211215198137,495.58348725498814,481.355701063135,491.50521286143595,551952.0571706869,15.061402381989334,15.90064835197855,15.47355152246063,15.348849101886817,24968229.875417903,41.43895275997462,42.60452423487061,41.20536509870804,42.04235789107277,7796064.658878548,48.31122691849884,48.34156552592489,48.035876408035676,48.012972400045115,4577113.092302672,72.41230431019957,72.444691727421,72.05679520822825,72.20374860042938,6849442.197522482,31.866674956706994,32.083531034978876,31.672341860612587,31.823274011472154,10594164.857109655,77.5871036410333,77.61661756462865,77.09852449032209,77.12268807004101,2244180.1852918277,338.34827497757533,345.168984011256,336.2417486967958,340.5254291718801,2584716.578967668,41.82564670849584,43.05615037933935,41.29362861575524,42.36415601950343,4657957.109353735,9.72855827756854,10.268972627785404,9.53740146143845,9.823087299366767,20403841.23385446,95.31360001764396,98.75745580647907,95.34995895845103,95.71818389368411,10247014.631242039,12.933901172900658,13.24559887575687,12.758261400743367,13.062168168918705,13933813.63534654,151.7500341316857,152.54572145528414,150.07080615453603,150.42379865599284,9195584.215429362,475.9980444613921,489.6129254822905,474.7718157089324,482.3498962049966,1466074.3961371065,33.51472310939602,34.26391262301866,33.10658525336211,34.086704513948,10088095.782260025,43.791932674306985,43.91401628459881,43.48574776469537,43.53817985077634,27071328.10114238,82.18728796841958,82.41520818303577,81.90018912599514,82.19469706020227,17002595.726036806,89.81980664160827,89.78642057439322,89.60714848496409,89.73589447594296,7372078.905456976,41.91763432627926,42.25743257458248,41.5051521827316,42.160484997619825,4126129.54801163,120.02420248094519,123.31295104722648,118.65823145788363,121.96301307439686,3983623.203562945,69.2716703742335,69.53503117094658,69.06735803516096,69.3322966075529,4524026.411116038,49.64468016804304,49.78875159304098,49.332323808613566,49.63962017781803,2925169.6509405836,55.279455976537875,55.57573704700245,55.14210268372272,55.29656837985875,3771690.5763614,24.773936946901934,24.885747941259496,24.351127223974594,24.35403720203471,22660321.92551495,37.43193748498903,38.68292963103151,36.60954605358477,36.609459127898575,16710684.011774512,150.09927817783762,152.95915976236904,147.37731830210947,149.1388254396143,1168510.0788935658,36.57422820244568,36.75996232959453,36.063083277616414,36.116613119097345,53106415.17266627,53.96174064617975,54.77669990858439,53.03726692054288,52.89184761610996,5116837.356843338,43.10162560297247,43.59249835583913,42.12641278075882,42.132367232403844,21353070.6554256,283.50438955617057,283.83693928137507,279.8608282979507,279.74047422927464,9456826.574458005,,,,,,24.317000779577672,25.26510810814638,24.174511184505956,24.678490941398227,11148879.660184324,146.24001022829927,143.854443471936,139.70093514629008,141.29645208932308,2087752.6919400576,5.752698505274091,5.708075630861037,5.503827495492707,5.353399786732528,24376242.706155162,58.06116280572072,58.12770564311277,57.29973263311602,57.291557993870605,9656500.164983585,94.192892406426,94.25910787317704,93.58256916980243,93.69212430941143,7616078.024679257,54.06230851707237,54.23361677653097,53.7273985889897,53.854552796581814,11845469.481143039,51.722678179594936,51.68916400964596,51.60947850634412,51.63365545197575,3019201.3121729735,93.67104159950074,94.26103274057125,93.58522897609373,95.13858012277012,3906140.3177996706,11.332558531236216,11.609338629530885,11.5242387879756,11.215177492066223,23188127.03419951,27.06203935214193,26.46777976668195,26.059072031760994,26.311288393165288,13892449.33243117,107.18771296298418,107.17531616332035,106.16336775129241,106.23318665777003,33079851.755907856,70.85772820965994,72.17710996166198,70.09481822441276,70.25395468414483,2787120.7005367167,92.62547831708788,92.6912307962347,92.27504602599751,92.34898132622018,4048376.1165644443,139.0342352477742,139.54375051783444,135.19619709289546,136.22955834620603,2723786.3210328883,110.48662976390115,113.62097649247352,110.1334836078279,112.94799801862084,8170910.476644233,45.422742661789506,46.21684324261556,43.79945539699629,43.80016675481831,10683144.026258815,131.49246059521045,133.30218881104628,128.5511688469128,130.0317940781376,2778161.7387370337,54.8542322817525,52.667288958251014,49.27156986712636,48.70484275065276,1599953.4537165742,240.94754662679946,247.19249356066067,238.8622651914428,242.2700094608287,569480.0791938012,92.4076267016037,93.62385707142026,91.3250471808903,91.87104915540114,4448576.9973499775,45.45069414039625,46.64147962970428,44.88098505656779,45.75879543830817,12133022.055682346,25.205262031104827,26.010440556145223,24.893098076114228,24.87732715436691,3554640.857716302,61.23050683688503,61.63519272764675,60.51606502113392,60.63223792737651,3280312.990327834,168.52608598558902,170.769265633248,167.9037094583088,170.19266846722843,9915079.191048875,107.6831655217031,109.9512415194656,107.55182999824702,109.83106668899437,1303992.356686938,91.64436652719927,94.13916413394871,90.71783966462857,90.71799471005588,1388964.9067321566,67.03302252545231,67.55445963781771,66.86505480489807,66.88273590352763,6013448.936739932,82.27812704741393,82.31861238095946,82.18654960885314,82.21527568178566,3752618.651413351,39.87986121136814,40.54664357167359,39.59765588208165,39.975726483247556,14819134.570419095,30.722105856144342,30.92347705885839,30.609933936671744,30.218122689652585,22041221.15864072,32.80610830064319,32.79274672410178,32.682548491096696,32.639452336783805,7941356.137147745,26.938512877479734,26.984952799003494,26.602333813062554,26.659870289020645,4664335.940556722,49.62053693093882,50.195054190387815,49.45067915443899,51.04760703618826,2831259.281162378,122.77814053179527,126.45214554496333,121.85879448993623,123.03187370097457,1811805.7395460785,56.854279218623546,57.791247326228024,56.83564420582975,57.4188465640827,2179557.445081999,40.45468400159317,41.81053884491176,40.08344575278204,40.42471137405196,4129412.381057122,108.46136277307122,108.54282951446791,108.10607321854947,108.19364444305548,2233658.669025839,181.37711469914396,187.3920899558731,180.44572230429225,203.21378370560274,1999604.5785554186,23.55108459989325,23.887354907741173,23.245471645005555,23.853933968007876,3264804.827927581,9.313417288181869,9.551451447827425,9.278698482500076,9.278745650424051,31747285.406630926,80.23510152844285,80.20745116338134,79.67002165824543,79.8355114802848,8187817.802082478,77.68097302637696,78.14544254081365,77.51675883170432,77.47418678896031,5092729.688977925,50.98341744782687,51.186792835344484,50.8366780767217,51.4992264895282,14212618.106152834,58.67284563531425,58.5472656093614,58.24610743615385,58.44568223117351,4217468.083941326,70.68534039136051,70.91374027203805,70.43642339996546,70.77337681696275,5439834.9061171375,56.70891042748596,56.779193801435184,55.967593211491135,56.12508446242474,2485890.149076655,58.17357109979233,58.20344390514489,57.8691362319351,58.12113089977842,3872105.589579799,167.51991240426747,169.2745920236472,167.00476174175645,168.47393082999838,3139094.190698012,114.69394620043184,115.838077566478,114.36228110211746,115.64530339385693,2118432.1292499015,45.22795537648621,45.332541471473846,44.89446784251759,44.98051202264964,8749230.305281505,62.240872605796554,62.40923633852126,62.05682935685824,62.1851040010909,4702223.70559094,125.51205433532415,126.85201340216237,125.13867394349774,126.3533561368944,1233898.2502837887,58.42191007048578,55.91503662542976,55.02076746446975,58.514234146422645,8285043.636567592,75.18500624186964,73.66566005227853,71.08110707378052,71.18367447408227,1711676.4582578205,84.40593036648292,85.48331483221789,83.91156753945879,84.58471313477274,6338034.170304486,86.47411705551774,88.11430083565597,85.91635616860215,86.73099502483393,17617418.34890436,107.66700733344072,110.00083566371795,106.66653443977124,107.49710032542338,18076583.974948507,37.83017985419202,38.06202848714867,37.4297923591115,37.73637513144143,6097086.990126964,24.527514916305933,45.959097399491505,21.466610229062326,22.624622783581266,4944443.46575379
1928,115.14504572723897,116.24746930469234,114.74665406948877,115.96899679122265,3213774.991073672,102.08327026515977,104.31296728859355,100.7171843945647,101.28714392770647,2820011.779297983,97.8498689222499,97.88112481591196,97.35908128876864,97.43873554645795,8768870.846843746,6.634307605733439,6.698540564044383,5.8988698977359775,6.170434844429487,23468448.656425558,70.3386777069718,72.27016420059732,69.081807456432,72.49512658127675,2646621.533200869,481.64760121609834,496.64066291927094,482.267467112661,492.0126557808065,551952.0571706869,15.061402381989334,15.909097676985256,15.481181079345177,15.348849300219472,24968229.875417903,41.43895275997462,42.60452423487061,41.20536509870804,42.04235789107277,7796064.658878548,48.313673460682196,48.34402122252681,48.035876408033474,48.0129723999755,4577113.092302672,72.41230431018008,72.444691727421,72.05679520806699,72.20374860042938,6849442.197522482,31.866674956706994,32.083531034978876,31.67233871269581,31.823274011469167,10594164.857109655,77.59311766571938,77.62262841545963,77.0985244903217,77.12268807004101,2244180.1852918277,338.3744085221485,345.40555770448657,336.2873143213061,340.91156391873113,2584716.578967668,41.82564670849583,43.05615037933936,41.293628615755246,42.364156006808294,4657957.109353735,9.72855827756854,10.268972627785404,9.53740146143843,9.823087299366767,20403841.23385446,95.31360001764396,98.75745580647907,95.34995895845103,95.71818389368411,10247014.631242039,12.933901172900658,13.24559887575687,12.758261400743367,13.062168168918705,13933813.63534654,151.7500341316857,152.54572145528414,150.07080615453603,150.42379865599284,9195584.215429362,476.02447396390113,490.0961059124065,475.0074131740141,482.96577347369737,1466074.3961371065,33.51472310939602,34.26391262301866,33.10658525336211,34.086704513948,10088095.782260025,43.791932674306985,43.91401628459881,43.48574776469537,43.53817985077634,27071328.101142384,82.18728796841958,82.41520818303577,81.90018912599514,82.19469706020227,17002595.726036806,89.81980664160827,89.7864205743931,89.60714848496397,89.73589447593757,7372078.905456976,41.91763432627926,42.25743257458248,41.50512424188275,42.160484997619825,4126129.54801163,120.02420248094519,123.31295104722648,118.65823145788363,121.96301307439686,3983623.203562945,69.2716703742335,69.53503117094658,69.06735803516096,69.3322966075529,4524026.411116038,49.64468016804304,49.78875159304098,49.332323808613566,49.63962017781803,2925169.6509405836,55.279455976537875,55.57573704700245,55.14210268372272,55.29656837985875,3771690.5763614,24.773936946901934,24.885747941259496,24.351127223974594,24.35403720203471,22660321.92551495,37.43193748498903,38.68291895404015,36.60954605358477,36.609459127898575,16710684.011774512,150.09927817783762,152.95915976236904,147.37731830210947,149.28958350845443,1168510.0788935658,36.57422820244568,36.75996232959453,36.063083277616414,36.116613119097345,53106415.172666274,53.961740646169474,54.77669990858439,53.03726692054288,52.89184761610996,5116837.356843338,43.10162560297247,43.59249835583913,42.12641278075825,42.132367232403844,21353070.6554256,283.6526446532068,283.9852594648193,280.00457784410895,279.88240275302417,9456826.574458005,,,,,,24.317000779577672,25.26510810814638,24.174511184505956,24.678490941398227,11148879.660184324,146.46388957335787,143.854443471936,139.70093514629008,141.29645208932308,2087752.6919400576,5.752698505274091,5.705442510107115,5.503827495492707,5.350687208094525,24376242.706155162,58.0920078234143,58.1586663310116,57.32977181532746,57.321191989633945,9656500.164983585,94.19289240642598,94.25910787317704,93.58256916980243,93.68958509662569,7616078.024679257,54.06230851707237,54.23361677653097,53.7273985889897,53.854552796581814,11845469.481143039,51.722678179594936,51.68916400964596,51.60947849902252,51.633655456941874,3019201.3121729735,93.67104159950074,94.26103274057125,93.58522897609373,95.15270559231912,3906140.3177996706,11.332558531236197,11.609338629530885,11.531261158815918,11.215177492066223,23188127.03419951,27.07593490134962,26.46777976668195,26.059072031760994,26.311288393165288,13892449.33243117,107.18771296298418,107.17531616332035,106.16336775129241,106.23318665777003,33079851.75590786,70.85772763792666,72.17710996166198,70.09481822441276,70.25395468414447,2787120.7005367167,92.62547831708788,92.6912307962347,92.27504602599751,92.34898132622018,4048376.1165644443,139.0780761624455,139.54375051783444,135.19619709289546,136.22955834620603,2723786.3210328883,110.48662976390115,113.62097649247352,110.1334836078279,112.94799801862084,8170910.476644233,45.422742661789506,46.21684324261556,43.79945539699629,43.80016675481831,10683144.026258815,131.48206568456504,133.30218881104628,128.5511688469128,130.0317940781376,2778161.7387370337,54.85423228175279,52.95195080749397,49.4053663467405,48.82451275971546,1599953.4537165742,241.22845865771276,247.5835380793182,239.50205685616737,242.47197410009383,569480.0791938012,92.4076267016037,93.62385707142026,91.3250471808903,91.87104915540114,4448576.9973499775,45.45069414039625,46.64147962970428,44.88098505656779,45.75879543830817,12133022.055682393,25.20526200881632,26.010440556145223,24.893098076114228,24.877327154305593,3554640.857716302,61.230377695689285,61.63519185485451,60.516083202995546,60.63223792737651,3280312.990327834,168.52608598558902,170.769265633248,167.9037094583088,170.19266846722843,9915079.191048875,107.6831655217031,109.9512415194656,107.55182999824702,109.83106668899437,1303992.356686938,91.64436652719927,94.13916413394871,90.71769937774546,90.71799471005588,1388964.9067321566,67.03302252545231,67.55445963781771,66.86499901990155,66.88273590352763,6013448.936739932,82.28379002999206,82.32428702169449,82.19217554635263,82.22088333832653,3752618.651413351,39.87986121136578,40.54664357167359,39.59765588208165,39.97572647858589,14819134.570419095,30.72210585614435,30.92347705885839,30.617705915677945,30.218053145288863,22041221.15864072,32.80610830064319,32.79274672410178,32.682548491096696,32.63945233678357,7941356.137147745,26.938512877459168,26.984952798767715,26.602333813072605,26.659870038980753,4664335.940556722,49.62053693093882,50.195054190387815,49.45067915443899,51.06497991849981,2831259.281162378,122.77814053179527,126.4521455447877,121.85879448993623,123.03187370097457,1811805.7395460785,56.854279218623546,57.791247326228024,56.83564420582975,57.4188465640827,2179557.445081999,40.45459117779599,41.81053884491176,40.08344575278204,40.42471137405196,4129412.381057122,108.46136277307122,108.54282951446791,108.10607321854947,108.19364444305548,2233658.669025839,181.37711467052122,187.3920899558731,180.44572230429225,203.5087812439514,1999604.5785554186,23.55108459989325,23.887354907741173,23.245471645005555,23.85393396800787,3264804.827927581,9.311621233265758,9.551451447827425,9.278698482500076,9.278745650424051,31747285.406630926,80.23510152844285,80.20745116338134,79.67002165824539,79.83551148021826,8187817.802082478,77.68097302637696,78.15334515374705,77.51675883170432,77.4741867889219,5092729.688977925,50.98341744782687,51.18679283534441,50.8366780767217,51.50655937932546,14212618.106152834,58.67546176951541,58.5472656093614,58.24610743615385,58.44814096262374,4217468.083941326,70.68534039136051,70.91374027203805,70.43642339996546,70.77337681696275,5439834.9061171375,56.70891042733311,56.77919380113758,55.967593211491135,56.12508434821475,2485890.149077828,58.17778143316767,58.207658877763926,57.8691362319351,58.12529119174389,3872105.589579799,167.51991240426747,169.2745920236472,167.00476174175645,168.47393082999838,3139094.190698012,114.69394620043184,115.838077566478,114.36228110211746,115.64530339385693,2118432.1292499015,45.22795537648621,45.332541471473846,44.89446784251759,44.98051202264964,8749230.305281505,62.240872605796554,62.4092363385076,62.05682935685824,62.1851040010909,4702223.70559094,125.51205433532415,126.85201340216237,125.13867394349774,126.35287740469336,1233898.2502837887,58.470261991269204,55.91503662592956,55.02076746446975,58.56241431288366,8285043.636567592,75.2340146694899,73.66566005227853,71.08110707378052,71.18367447408227,1711676.4582578205,84.40593036648292,85.48331483221789,83.91156753945879,84.58471313477274,6338034.170304486,86.47411705551774,88.11430083565597,85.91635616860215,86.73099502483393,17617418.34890436,107.66700733344072,110.00083566371795,106.66653443977124,107.49710032542338,18076583.974948507,37.83017985419202,38.06202848714867,37.4297923591115,37.73637513144143,6097086.990126964,23.49478038814669,45.959097683383526,20.607157462420215,21.914216238795987,4944443.465753789
1929,115.14504572723897,116.24746930469234,114.74665406948877,115.96899679122265,3213774.991073672,102.08327026515977,104.31296728859355,100.7171843945647,101.28714392770647,2820011.779297983,97.8498689222499,97.88112481591196,97.35908128876864,97.43873554645795,8768870.846843746,6.634307599712675,6.698540564044338,5.894691024865028,6.170434844429487,23468448.656425558,70.38963449549287,72.3713392747112,68.91199531747486,72.72920005752414,2646621.533200869,481.79513406374707,496.55932551230455,481.9456137884057,491.92964899170227,551952.0571706869,15.061402381989334,15.917551491814736,15.488814398141667,15.348849130762863,24968229.875417903,41.43895275997462,42.60452423487061,41.20536509870804,42.04235789107277,7796064.658878548,48.31612012676157,48.34647704387533,48.03587640803194,48.01297239992483,4577113.092302672,72.41230431016594,72.444691727421,72.05679520818484,72.20374860042938,6849442.197522482,31.866674956706994,32.083531034978876,31.672341410647377,31.82327401147118,10594164.857109655,77.59913215657176,77.62863973178793,77.09852449032174,77.12268807004101,2244180.1852918277,338.4778703128168,345.32962827679427,336.1912291082438,340.57340935394564,2584716.578967668,41.82564670849583,43.05615037933936,41.293628615755246,42.3641560168284,4657957.109353735,9.72855827756854,10.268972627785404,9.537401461438442,9.823087299366767,20403841.23385446,95.31360001764396,98.75745580647907,95.34995895845103,95.71818389368411,10247014.631242039,12.933901172900658,13.24559887575687,12.758261400743367,13.062168168918705,13933813.63534654,151.7500341316857,152.54572145528414,150.07080615453603,150.42379865599284,9195584.215429362,476.0927760492705,489.7996516979925,474.67987285799086,482.52425684761266,1466074.3961371065,33.51472310939602,34.26391262301866,33.10658525336211,34.086704513948,10088095.782260025,43.791932674306985,43.91401628459881,43.48574776469537,43.53817985077634,27071328.101142388,82.18728796841958,82.41520818303577,81.90018912599514,82.19469706020227,17002595.726036806,89.81980664160827,89.78642057439303,89.6071484849639,89.7358944759339,7372078.905456976,41.91763432627926,42.25743257458248,41.50514860222497,42.160484997619825,4126129.54801163,120.02420248094519,123.31295104722648,118.65823145788363,121.96301307439686,3983623.203562945,69.2716703742335,69.53503117094658,69.06735803516096,69.3322966075529,4524026.411116038,49.64468016804304,49.78875159304098,49.332323808613566,49.63962017781803,2925169.6509405836,55.279455976537875,55.57573704700245,55.14210268372272,55.29656837985875,3771690.5763614,24.773936946901934,24.885747941259496,24.351127223974594,24.35403720203471,22660321.92551495,37.43193748498903,38.68292796819748,36.60954605358477,36.609459127898575,16710684.011774512,150.09927817783762,152.95915976236904,147.37731830210947,149.2798724819756,1168510.0788935658,36.57422820244568,36.75996232959453,36.063083277616414,36.116613119097345,53106415.1726663,53.96174064616253,54.77669990858439,53.03726692054288,52.89184761610996,5116837.356843338,43.10162560297247,43.59249835583913,42.12641278075861,42.132367232403844,21353070.6554256,283.8009772784034,284.1336571535977,280.14840122672416,280.02440328532344,9456826.574458005,,,,,,24.317000779577672,25.26510810814638,24.174511184505956,24.678490941398227,11148879.660184324,146.4696046597869,143.854443471936,139.70093514629008,141.29645208932308,2087752.6919400576,5.752698505274091,5.7028106040050925,5.503827495492707,5.347976003925676,24376242.706155162,58.12286922753679,58.18964350956983,57.35982674547395,57.35084131354921,9656500.164983584,94.19289240642598,94.25910787317704,93.58256916980243,93.69204886763315,7616078.024679257,54.06230851707237,54.23361677653097,53.7273985889897,53.854552796581814,11845469.481143039,51.722678179594936,51.68916400964596,51.60947850484655,51.63365545300683,3019201.3121729735,93.67104159950074,94.26103274057125,93.58522897609373,95.1668331591129,3906140.3177996706,11.332558531236185,11.609338629530885,11.538287808784178,11.215177492066223,23188127.03419951,27.08983758550694,26.46777976668195,26.059072031760994,26.311288393165288,13892449.33243117,107.18771296298418,107.17531616332035,106.16336775129241,106.23318665777003,33079851.755907856,70.85772811951742,72.17710996166198,70.09481822441276,70.25395468414473,2787120.7005367167,92.62547831708788,92.6912307962347,92.27504602599751,92.34898132622018,4048376.1165644443,139.26872796630926,139.54375051783444,135.19619709289546,136.22955834620603,2723786.3210328883,110.48662976390115,113.62097649247352,110.1334836078279,112.94799801862084,8170910.476644233,45.422742661789506,46.21684324261556,43.79945539699629,43.80016675481831,10683144.026258815,131.45077114610493,133.30218881104628,128.5511688469128,130.0317940781376,2778161.7387370337,54.8542322817528,52.955323441848385,49.33464952551647,49.086231171833006,1599953.4537165742,240.96025813946252,247.36199846366324,238.94412540771484,242.52108853617096,569480.0791938012,92.4076267016037,93.62385707142026,91.3250471808903,91.87104915540114,4448576.9973499775,45.45069414039625,46.64147962970428,44.88098505656779,45.75879543830817,12133022.0556824,25.205261991478995,26.010440556145223,24.893098076114228,24.877327154262854,3554640.857716302,61.23049609586263,61.635192575428555,60.51606700721496,60.63223792737651,3280312.990327834,168.52608598558902,170.769265633248,167.9037094583088,170.19266846722843,9915079.191048875,107.6831655217031,109.9512415194656,107.55182999824702,109.83106668899437,1303992.356686938,91.64436652719927,94.13916413394871,90.717824801085,90.71799471005588,1388964.9067321566,67.03302252545231,67.55445963781771,66.86504816037547,66.88273590352763,6013448.936739932,82.28945340233808,82.32996205361137,82.1978018689659,82.22649137734878,3752618.651413351,39.879861211364165,40.54664357167359,39.59765588208165,39.97572647494782,14819134.570419095,30.722105856144346,30.92347705885839,30.625479868019266,30.21811574940721,22041221.15864072,32.80610830064319,32.79274672410178,32.682548491096696,32.639452336783414,7941356.137147745,26.938512877444364,26.984952798940363,26.60233381306555,26.659870254067084,4664335.940556722,49.62053693093882,50.195054190387815,49.45067915443899,51.08235871327342,2831259.281162378,122.77814053179527,126.45214554491211,121.85879448993623,123.03187370097457,1811805.7395460785,56.854279218623546,57.791247326228024,56.83564420582975,57.4188465640827,2179557.445081999,40.454673885625084,41.81053884491176,40.08344575278204,40.42471137405196,4129412.381057122,108.46136277307122,108.54282951446791,108.10607321854947,108.19364444305548,2233658.669025839,181.37711464835957,187.3920899558731,180.44572230429225,203.80420701874172,1999604.5785554186,23.55108459989325,23.887354907741173,23.245471645005555,23.85393396800787,3264804.827927581,9.309825524711584,9.551451447827425,9.278698482500076,9.278745650424051,31747285.406630926,80.23510152844285,80.20745116338134,79.67002165824536,79.83551148017095,8187817.802082478,77.68097302637696,78.16124856584787,77.51675883170432,77.47418678889457,5092729.688977925,50.98341744782687,51.18679283534436,50.8366780767217,51.513893313240786,14212618.106152834,58.67807802036606,58.5472656093614,58.24610743615385,58.45059979750951,4217468.083941326,70.68534039136051,70.91374027203805,70.43642339996546,70.77337681696275,5439834.9061171375,56.70891042722066,56.77919380135414,55.967593211491135,56.12508444228782,2485890.149078169,58.18199207126741,58.21187415562253,57.8691362319351,58.12945178150173,3872105.589579799,167.51991240426747,169.2745920236472,167.00476174175645,168.47393082999838,3139094.190698012,114.69394620043184,115.838077566478,114.36228110211746,115.64530339385693,2118432.1292499015,45.22795537648621,45.332541471473846,44.89446784251759,44.98051202264964,8749230.305281505,62.240872605796554,62.409236338498005,62.05682935685824,62.1851040010909,4702223.70559094,125.51205433532415,126.85201340216237,125.13867394349774,126.35333069376794,1233898.2502837887,58.51865392971451,55.91503662556616,55.02076746446975,58.61063415051998,8285043.636567592,75.28305504265485,73.66566005227853,71.08110707378052,71.18367447408227,1711676.4582578205,84.40593036648292,85.48331483221789,83.91156753945879,84.58471313477274,6338034.170304486,86.47411705551774,88.11430083565597,85.91635616860215,86.73099502483393,17617418.34890436,107.66700733344072,110.00083566371795,106.66653443977124,107.49710032542338,18076583.974948507,37.83017985419202,38.06202848714867,37.4297923591115,37.73637513144143,6097086.990126964,23.769179878229494,45.959097918487195,20.569978422910626,21.315214789187763,4944443.46575379
1930,115.14504572723897,116.24746930469234,114.74665406948877,115.96899679122265,3213774.991073672,102.08327026515977,104.31296728859355,100.7171843945647,101.28714392770647,2820011.779297983,97.8498689222499,97.88112481591196,97.35908128876864,97.43873554645795,8768870.846843746,6.634307604302254,6.698540564044366,5.89051511238798,6.170434844429487,23468448.656425558,70.55066466253564,72.34315574316956,69.05830237436075,72.50036594468607,2646621.533200869,481.9227991344339,496.89217904603487,482.51385363685785,492.163733685039,551952.0571706869,15.061402381989334,15.926009798852801,15.496451480704987,15.348849275547606,24968229.875417903,41.43895275997462,42.60452423487061,41.20536509870804,42.04235789107277,7796064.658878548,48.31856691674324,48.34893298997678,48.035876408030866,48.012972399887936,4577113.092302672,72.41230431015569,72.444691727421,72.0567952080987,72.20374860042938,6849442.197522482,31.866674956706994,32.083531034978876,31.67233909834271,31.823274011469824,10594164.857109655,77.60514711362656,77.6346515136496,77.09852449032199,77.12268807004101,2244180.1852918277,338.6417434226941,345.5877010001109,336.54463498833246,340.9782942640206,2584716.578967668,41.82564670849583,43.05615037933936,41.293628615755246,42.36415600891966,4657957.109353735,9.72855827756854,10.268972627785404,9.537401461438435,9.823087299366767,20403841.23385446,95.31360001764396,98.75745580647907,95.34995895845103,95.71818389368411,10247014.631242039,12.933901172900658,13.24559887575687,12.758261400743367,13.062168168918705,13933813.63534654,151.7500341316857,152.54572145528414,150.07080615453603,150.42379865599284,9195584.215429362,476.4357064716542,490.28523276420356,475.0291416993206,482.8466100783362,1466074.3961371065,33.51472310939602,34.26391262301866,33.10658525336211,34.086704513948,10088095.782260025,43.791932674306985,43.91401628459881,43.48574776469537,43.53817985077634,27071328.10114239,82.18728796841958,82.41520818303577,81.90018912599514,82.19469706020227,17002595.726036806,89.81980664160827,89.78642057439299,89.60714848496386,89.73589447593139,7372078.905456976,41.91763432627926,42.25743257458248,41.505127363561954,42.160484997619825,4126129.54801163,120.02420248094519,123.31295104722648,118.65823145788363,121.96301307439686,3983623.203562945,69.2716703742335,69.53503117094658,69.06735803516096,69.3322966075529,4524026.411116038,49.64468016804304,49.78875159304098,49.332323808613566,49.63962017781803,2925169.6509405836,55.279455976537875,55.57573704700245,55.14210268372272,55.29656837985875,3771690.5763614,24.773936946901934,24.885747941259496,24.351127223974594,24.35403720203471,22660321.92551495,37.43193748498903,38.68292035790449,36.60954605358477,36.609459127898575,16710684.011774512,150.09927817783762,152.95915976236904,147.37731830210947,149.26365186236822,1168510.0788935658,36.57422820244568,36.75996232959453,36.063083277616414,36.116613119097345,53106415.1726663,53.96174064615784,54.77669990858439,53.03726692054288,52.89184761610996,5116837.356843338,43.10162560297247,43.59249835583913,42.12641278075838,42.132367232403844,21353070.6554256,283.9493874723029,284.282132388211,280.2922984837223,280.1664758627066,9456826.574458005,,,,,,24.317000779577672,25.26510810814638,24.174511184505956,24.678490941398227,11148879.660184324,146.51613442835492,143.854443471936,139.70093514629008,141.29645208932308,2087752.6919400576,5.752698505274091,5.700179911994653,5.503827495492707,5.345266173529533,24376242.706155162,58.15374702679348,58.2206371875709,57.38989743181129,57.38050597354487,9656500.164983584,94.19289240642598,94.25910787317704,93.58256916980243,93.68965829697625,7616078.024679257,54.06230851707237,54.23361677653097,53.7273985889897,53.854552796581814,11845469.481143039,51.722678179594936,51.68916400964596,51.60947850021378,51.63365545612487,3019201.3121729735,93.67104159950074,94.26103274057125,93.58522897609373,95.18096282346282,3906140.3177996706,11.332558531236177,11.609338629530885,11.545318740487897,11.215177492066223,23188127.03419951,27.103747408277485,26.46777976668195,26.059072031760994,26.311288393165288,13892449.33243117,107.18771296298418,107.17531616332035,106.16336775129241,106.23318665777003,33079851.755907856,70.85772771385682,72.17710996166198,70.09481822441276,70.25395468414455,2787120.7005367167,92.62547831708788,92.6912307962347,92.27504602599751,92.34898132622018,4048376.1165644443,139.26862757303138,139.54375051783444,135.19619709289546,136.22955834620603,2723786.3210328883,110.48662976390115,113.62097649247352,110.1334836078279,112.94799801862084,8170910.476644233,45.422742661789506,46.21684324261556,43.79945539699629,43.80016675481831,10683144.026258815,131.4885106456821,133.30218881104628,128.5511688469128,130.0317940781376,2778161.7387370337,54.85423228175282,52.94699377390284,49.22668175331242,48.82039257501918,1599953.4537165742,240.6291510344873,247.23100754516946,238.7508629080779,242.31459742808352,569480.0791938012,92.4076267016037,93.62385707142026,91.3250471808903,91.87104915540114,4448576.9973499775,45.45069414039625,46.64147962970428,44.88098505656779,45.75879543830817,12133022.055682402,25.205261977992993,26.010440556145223,24.893098076114228,24.877327154233065,3554640.857716302,61.23038754335181,61.6351919805253,60.516081433862475,60.63223792737651,3280312.990327834,168.52608598558902,170.769265633248,167.9037094583088,170.19266846722843,9915079.191048875,107.6831655217031,109.9512415194656,107.55182999824702,109.83106668899437,1303992.356686938,91.64436652719927,94.13916413394871,90.71771266648088,90.71799471005588,1388964.9067321566,67.03302252545231,67.55445963781771,66.86500487299844,66.88273590352763,6013448.936739932,82.29511716447881,82.33563747673708,82.2034285767193,82.2320997988785,3752618.651413351,39.879861211363064,40.54664357167359,39.59765588208165,39.975726472108576,14819134.570419095,30.72210585614435,30.92347705885839,30.633255794196742,30.218059392925905,22041221.15864072,32.80610830064319,32.79274672410178,32.682548491096696,32.639452336783314,7941356.137147745,26.938512877433734,26.984952798813943,26.6023338130705,26.65987006904809,4664335.940556722,49.62053693093882,50.195054190387815,49.45067915443899,51.099743422521264,2831259.281162378,122.77814053179527,126.45214554482398,121.85879448993623,123.03187370097457,1811805.7395460785,56.854279218623546,57.791247326228024,56.83564420582975,57.4188465640827,2179557.445081999,40.45460019132253,41.81053884491176,40.08344575278204,40.42471137405196,4129412.381057122,108.46136277307122,108.54282951446791,108.10607321854947,108.19364444305548,2233658.669025839,181.3771146312005,187.3920899558731,180.44572230429225,204.1000616516279,1999604.5785554186,23.55108459989325,23.887354907741173,23.245471645005555,23.85393396800787,3264804.827927581,9.308030162452555,9.551451447827425,9.278698482500076,9.278745650424051,31747285.406630926,80.23510152844285,80.20745116338134,79.67002165824535,79.83551148013731,8187817.802082478,77.68097302637696,78.16915277719691,77.51675883170432,77.47418678887513,5092729.688977925,50.98341744782687,51.186792835344335,50.8366780767217,51.52122829142285,14212618.106152834,58.68069438787141,58.5472656093614,58.24610743615385,58.453058735835164,4217468.083941326,70.68534039136051,70.91374027203805,70.43642339996546,70.77337681696275,5439834.9061171375,56.70891042713809,56.779193801196556,55.967593211491135,56.12508436480123,2485890.149078361,58.186203014113616,58.21608973874282,57.8691362319351,58.13361266907325,3872105.589579799,167.51991240426747,169.2745920236472,167.00476174175645,168.47393082999838,3139094.190698012,114.69394620043184,115.838077566478,114.36228110211746,115.64530339385693,2118432.1292499015,45.22795537648621,45.332541471473846,44.89446784251759,44.98051202264964,8749230.305281505,62.240872605796554,62.40923633849127,62.05682935685824,62.1851040010909,4702223.70559094,125.51205433532415,126.85201340216237,125.13867394349774,126.35290149559684,1233898.2502837887,58.56708591894164,55.91503662583038,55.02076746446975,58.658893691996525,8285043.636567592,75.33212738218782,73.66566005227853,71.08110707378052,71.18367447408227,1711676.4582578205,84.40593036648292,85.48331483221789,83.91156753945879,84.58471313477274,6338034.170304486,86.47411705551774,88.11430083565597,85.91635616860215,86.73099502483393,17617418.34890436,107.66700733344072,110.00083566371795,106.66653443977124,107.49710032542338,18076583.974948507,37.83017985419202,38.06202848714867,37.4297923591115,37.73637513144143,6097086.990126964,23.307357965818625,45.95909811319135,20.405174328780188,21.66088537608703,4944443.46575379
1931,115.14504572723897,116.24746930469234,114.74665406948877,115.96899679122265,3213774.991073672,102.08327026515977,104.31296728859355,100.7171843945647,101.28714392770647,2820011.779297983,97.8498689222499,97.88112481591196,97.35908128876864,97.43873554645795,8768870.846843746,6.6343076008036554,6.6985405640443485,5.8863421582076345,6.170434844429487,23468448.656425558,70.79668229572307,72.76227372930269,69.19036967433064,72.72407796895243,2646621.533200869,482.14320470868336,496.93474442010415,482.193407959233,492.40426743938104,551952.0571706869,15.061402381989334,15.934472600486533,15.504092328890941,15.348849151842654,24968229.875417903,41.43895275997462,42.60452423487061,41.20536509870804,42.04235789107277,7796064.658878548,48.32101383063347,48.351389060837505,48.03587640803012,48.01297239986108,4577113.092302672,72.41230431014826,72.444691727421,72.05679520816166,72.20374860042938,6849442.197522482,31.866674956706994,32.083531034978876,31.67234108012509,31.823274011470737,10594164.857109655,77.61116253691993,77.6406637610807,77.09852449032196,77.12268807004101,2244180.1852918277,338.73623290753494,345.55561479912893,336.6600844779032,340.9721906664188,2584716.578967668,41.82564670849583,43.05615037933936,41.293628615755246,42.36415601516193,4657957.109353735,9.72855827756854,10.268972627785404,9.537401461438439,9.823087299366767,20403841.23385446,95.31360001764396,98.75745580647907,95.34995895845103,95.71818389368411,10247014.631242039,12.933901172900658,13.24559887575687,12.758261400743367,13.062168168918705,13933813.63534654,151.7500341316857,152.54572145528414,150.07080615453603,150.42379865599284,9195584.215429362,476.5627744186663,490.2434705395234,475.2410912782508,483.0410367183584,1466074.3961371065,33.51472310939602,34.26391262301866,33.10658525336211,34.086704513948,10088095.782260025,43.791932674306985,43.91401628459881,43.48574776469537,43.53817985077634,27071328.10114239,82.18728796841958,82.41520818303577,81.90018912599514,82.19469706020227,17002595.726036806,89.81980664160827,89.78642057439296,89.60714848496383,89.73589447592967,7372078.905456976,41.91763432627926,42.25743257458248,41.505145880576315,42.160484997619825,4126129.54801163,120.02420248094519,123.31295104722648,118.65823145788363,121.96301307439686,3983623.203562945,69.2716703742335,69.53503117094658,69.06735803516096,69.3322966075529,4524026.411116038,49.64468016804304,49.78875159304098,49.332323808613566,49.63962017781803,2925169.6509405836,55.279455976537875,55.57573704700245,55.14210268372272,55.29656837985875,3771690.5763614,24.773936946901934,24.885747941259496,24.351127223974594,24.35403720203471,22660321.92551495,37.43193748498903,38.68292678297088,36.60954605358477,36.609459127898575,16710684.011774512,150.09927817783762,152.95915976236904,147.37731830210947,149.50986607833204,1168510.0788935658,36.57422820244568,36.75996232959453,36.063083277616414,36.116613119097345,53106415.1726663,53.961740646154674,54.77669990858439,53.03726692054288,52.89184761610996,5116837.356843338,43.10162560297247,43.59249835583913,42.12641278075853,42.132367232403844,21353070.6554256,284.0978752754687,284.430685209181,280.43626965304856,280.3086205217262,9456826.574458005,,,,,,24.317000779577672,25.26510810814638,24.174511184505956,24.678490941398227,11148879.660184324,146.64185869215825,143.854443471936,139.70093514629008,141.29645208932308,2087752.6919400576,5.752698505274091,5.6975504335157385,5.503827495492707,5.342557716210002,24376242.706155162,58.1846412298943,58.25164737380297,57.41998388259961,57.410185977553496,9656500.164983584,94.19289240642598,94.25910787317704,93.58256916980243,93.69197784211592,7616078.024679257,54.06230851707237,54.23361677653097,53.7273985889897,53.854552796581814,11845469.481143039,51.722678179594936,51.68916400964596,51.609478503898956,51.633655453654214,3019201.3121729735,93.67104159950074,94.26103274057125,93.58522897609373,95.19509458568034,3906140.3177996706,11.332558531236172,11.609338629530885,11.552353956536177,11.215177492066223,23188127.03419951,27.11766437332671,26.46777976668195,26.059072031760994,26.311288393165288,13892449.33243117,107.18771296298418,107.17531616332035,106.16336775129241,106.23318665777003,33079851.755907856,70.85772805555881,72.17710996166198,70.09481822441276,70.25395468414467,2787120.7005367167,92.62547831708788,92.6912307962347,92.27504602599751,92.34898132622018,4048376.1165644443,139.38523724675582,139.54375051783444,135.19619709289546,136.22955834620603,2723786.3210328883,110.48662976390115,113.62097649247352,110.1334836078279,112.94799801862084,8170910.476644233,45.422742661789506,46.21684324261556,43.79945539699629,43.80016675481831,10683144.026258815,131.73583575050168,133.30218881104628,128.5511688469128,130.0317940781376,2778161.7387370337,54.8542322817528,52.74347097774359,49.02166371392623,48.83738652481058,1599953.4537165742,240.82066439634673,246.84344073045708,238.69193429884146,241.87959936953706,569480.0791938012,92.4076267016037,93.62385707142026,91.3250471808903,91.87104915540114,4448576.9973499775,45.45069414039625,46.64147962970428,44.88098505656779,45.75879543830817,12133022.055682404,25.205261967502782,26.010440556145223,24.893098076114228,24.877327154212303,3554640.857716302,61.23048706725682,61.63519247167522,60.5160685830982,60.63223792737651,3280312.990327834,168.52608598558902,170.769265633248,167.9037094583088,170.19266846722843,9915079.191048875,107.6831655217031,109.9512415194656,107.55182999824702,109.83106668899437,1303992.356686938,91.64436652719927,94.13916413394871,90.71781292030515,90.71799471005588,1388964.9067321566,67.03302252545231,67.55445963781771,66.86504300443796,66.88273590352763,6013448.936739932,82.30078131644109,82.34131329109857,82.20905566963921,82.23770860294177,3752618.651413351,39.87986121136231,40.54664357167359,39.59765588208165,39.97572646989276,14819134.570419095,30.72210585614435,30.92347705885839,30.641033694711542,30.218110125259,22041221.15864072,32.80610830064319,32.79274672410178,32.682548491096696,32.63945233678325,7941356.137147745,26.938512877426092,26.984952798906516,26.602333813067023,26.65987022820292,4664335.940556722,49.62053693093882,50.195054190387815,49.45067915443899,51.11713404825619,2831259.281162378,122.77814053179527,126.4521455448864,121.85879448993623,123.03187370097457,1811805.7395460785,56.854279218623546,57.791247326228024,56.83564420582975,57.4188465640827,2179557.445081999,40.45466585439564,41.81053884491176,40.08344575278204,40.42471137405196,4129412.381057122,108.46136277307122,108.54282951446791,108.10607321854947,108.19364444305548,2233658.669025839,181.3771146179148,187.3920899558731,180.44572230429225,204.3963457651665,1999604.5785554186,23.55108459989325,23.887354907741173,23.245471645005555,23.85393396800787,3264804.827927581,9.306235146421887,9.551451447827425,9.278698482500076,9.278745650424051,31747285.406630926,80.23510152844285,80.20745116338134,79.67002165824533,79.8355114801134,8187817.802082478,77.68097302637696,78.17705778787501,77.51675883170432,77.4741867888613,5092729.688977925,50.98341744782687,51.18679283534431,50.8366780767217,51.52856431402034,14212618.106152834,58.68331087203667,58.5472656093614,58.24610743615385,58.45551777760505,4217468.083941326,70.68534039136051,70.91374027203805,70.43642339996546,70.77337681696275,5439834.9061171375,56.70891042707741,56.77919380131122,55.967593211491135,56.12508442862578,2485890.149078726,58.19041426172835,58.22030562714688,57.8691362319351,58.137773854479775,3872105.589579799,167.51991240426747,169.2745920236472,167.00476174175645,168.47393082999838,3139094.190698012,114.69394620043184,115.838077566478,114.36228110211746,115.64530339385693,2118432.1292499015,45.22795537648621,45.332541471473846,44.89446784251759,44.98051202264964,8749230.305281505,62.240872605796554,62.409236338486544,62.05682935685824,62.1851040010909,4702223.70559094,125.51205433532415,126.85201340216237,125.13867394349774,126.353307883221,1233898.2502837887,58.61555799209797,55.91503662563827,55.02076746446975,58.707192970005146,8285043.636567592,75.3812317089257,73.66566005227853,71.08110707378052,71.18367447408227,1711676.4582578205,84.40593036648292,85.48331483221789,83.91156753945879,84.58471313477274,6338034.170304486,86.47411705551774,88.11430083565597,85.91635616860215,86.73099502483393,17617418.34890436,107.66700733344072,110.00083566371795,106.66653443977124,107.49710032542338,18076583.974948507,37.83017985419202,38.06202848714867,37.4297923591115,37.73637513144143,6097086.990126964,22.903809775584037,45.959098274434986,19.83251951377677,21.38826467555454,4944443.46575379
1932,115.14504572723897,116.24746930469234,114.74665406948877,115.96899679122265,3213774.991073672,102.08327026515977,104.31296728859355,100.7171843945647,101.28714392770647,2820011.779297983,97.8498689222499,97.88112481591196,97.35908128876864,97.43873554645795,8768870.846843746,6.634307603470608,6.69854056404436,5.882172160228276,6.170434844429487,23468448.656425558,70.27125252323235,72.2334128790193,68.967491312523,72.50537338343129,2646621.533200869,482.19226067745956,496.7724023944157,482.48055097083426,492.43353176846546,551952.0571706869,15.061402381989334,15.94293989910428,15.51173694455625,15.348849257536905,24968229.875417903,41.43895275997462,42.60452423487061,41.20536509870804,42.04235789107277,7796064.658878548,48.323460868438545,48.353845256463835,48.0358764080296,48.01297239984152,4577113.092302672,72.41230431014287,72.444691727421,72.05679520811562,72.20374860042938,6849442.197522482,31.866674956706994,32.083531034978876,31.67233938161993,31.823274011470122,10594164.857109655,77.61717842648802,77.64667647411729,77.09852449032181,77.12268807004101,2244180.1852918277,338.90068839383144,345.7465252588175,336.7919622823496,341.27763563844815,2584716.578967668,41.82564670849583,43.05615037933936,41.293628615755246,42.364156010234986,4657957.109353735,9.72855827756854,10.268972627785404,9.537401461438435,9.823087299366767,20403841.23385446,95.31360001764396,98.75745580647907,95.34995895845103,95.71818389368411,10247014.631242039,12.933901172900658,13.24559887575687,12.758261400743367,13.062168168918705,13933813.63534654,151.7500341316857,152.54572145528414,150.07080615453603,150.42379865599284,9195584.215429362,476.89346847475406,490.5449548257859,475.66672079839975,483.28015163754003,1466074.3961371065,33.51472310939602,34.26391262301866,33.10658525336211,34.086704513948,10088095.782260025,43.791932674306985,43.91401628459881,43.48574776469537,43.53817985077634,27071328.10114239,82.18728796841958,82.41520818303577,81.90018912599514,82.19469706020227,17002595.726036806,89.81980664160827,89.78642057439295,89.60714848496382,89.73589447592849,7372078.905456976,41.91763432627926,42.25743257458248,41.505129736442356,42.160484997619825,4126129.54801163,120.02420248094519,123.31295104722648,118.65823145788363,121.96301307439686,3983623.203562945,69.2716703742335,69.53503117094658,69.06735803516096,69.3322966075529,4524026.411116038,49.64468016804304,49.78875159304098,49.332323808613566,49.63962017781803,2925169.6509405836,55.279455976537875,55.57573704700245,55.14210268372272,55.29656837985875,3771690.5763614,24.773936946901934,24.885747941259496,24.351127223974594,24.35403720203471,22660321.92551495,37.43193748498903,38.682921358543965,36.60954605358477,36.609459127898575,16710684.011774512,150.09927817783762,152.95915976236904,147.37731830210947,149.34553490772737,1168510.0788935658,36.57422820244568,36.75996232959453,36.063083277616414,36.116613119097345,53106415.1726663,53.961740646152535,54.77669990858439,53.03726692054288,52.89184761610996,5116837.356843338,43.10162560297247,43.59249835583913,42.12641278075843,42.132367232403844,21353070.6554256,284.24644072848577,284.5793156570508,280.5803147726678,280.45083729895345,9456826.574458005,,,,,,24.317000779577672,25.26510810814638,24.174511184505956,24.678490941398227,11148879.660184324,146.51275201019038,143.854443471936,139.70093514629008,141.29645208932308,2087752.6919400576,5.752698505274091,5.694922168008552,5.503827495492707,5.339850631271343,24376242.706155162,58.21555184555379,58.28267407705883,57.45008610610336,57.439881333511764,9656500.164983584,94.19289240642598,94.25910787317704,93.58256916980243,93.68972721227594,7616078.024679257,54.06230851707237,54.23361677653097,53.7273985889897,53.854552796581814,11845469.481143039,51.722678179594936,51.68916400964596,51.60947850096755,51.63365545561191,3019201.3121729735,93.67104159950074,94.26103274057125,93.58522897609373,95.2092284460769,3906140.3177996706,11.332558531236169,11.609338629530885,11.559393459539711,11.215177492066223,23188127.03419951,27.131588484321966,26.46777976668195,26.059072031760994,26.311288393165288,13892449.33243117,107.18771296298418,107.17531616332035,106.16336775129241,106.23318665777003,33079851.755907856,70.85772776773138,72.17710996166198,70.09481822441276,70.25395468414457,2787120.7005367167,92.62547831708788,92.6912307962347,92.27504602599751,92.34898132622018,4048376.1165644443,139.2652739932576,139.54375051783444,135.19619709289546,136.22955834620603,2723786.3210328883,110.48662976390115,113.62097649247352,110.1334836078279,112.94799801862084,8170910.476644233,45.422742661789506,46.21684324261556,43.79945539699629,43.80016675481831,10683144.026258815,131.69269870621568,133.30218881104628,128.5511688469128,130.0317940781376,2778161.7387370337,54.8542322817528,52.3766325783196,49.00488498233548,48.4086656752671,1599953.4537165742,240.55809921915446,246.692389444853,238.45815052735958,241.7391167058988,569480.0791938012,92.4076267016037,93.62385707142026,91.3250471808903,91.87104915540114,4448576.9973499775,45.45069414039625,46.64147962970428,44.88098505656779,45.75879543830817,12133022.055682408,25.205261959342874,26.010440556145223,24.893098076114228,24.87732715419783,3554640.857716302,61.23039582102407,61.63519206618366,60.516080030119575,60.63223792737651,3280312.990327834,168.52608598558902,170.769265633248,167.9037094583088,170.19266846722843,9915079.191048875,107.6831655217031,109.9512415194656,107.55182999824702,109.83106668899437,1303992.356686938,91.64436652719927,94.13916413394871,90.71772328847953,90.71799471005588,1388964.9067321566,67.03302252545231,67.55445963781771,66.86500941481484,66.88273590352763,6013448.936739932,82.30644585825173,82.34698949672283,82.214683147752,82.24331778956468,3752618.651413351,39.87986121136179,40.54664357167359,39.59765588208165,39.97572646816349,14819134.570419095,30.72210585614435,30.92347705885839,30.648813570064956,30.218064455806942,22041221.15864072,32.80610830064319,32.79274672410178,32.682548491096696,32.63945233678321,7941356.137147745,26.938512877420603,26.98495279883873,26.602333813069464,26.659870091296654,4664335.940556722,49.62053693093882,50.195054190387815,49.45067915443899,51.13453059249174,2831259.281162378,122.77814053179527,126.45214554484218,121.85879448993623,123.03187370097457,1811805.7395460785,56.854279218623546,57.791247326228024,56.83564420582975,57.4188465640827,2179557.445081999,40.454607347305924,41.81053884491176,40.08344575278204,40.42471137405196,4129412.381057122,108.46136277307122,108.54282951446791,108.10607321854947,108.19364444305548,2233658.669025839,181.3771146076281,187.3920899558731,180.44572230429225,204.69305998281789,1999604.5785554186,23.55108459989325,23.887354907741173,23.245471645005555,23.85393396800787,3264804.827927581,9.304440476552813,9.551451447827425,9.278698482500076,9.278745650424051,31747285.406630926,80.23510152844285,80.20745116338134,79.67002165824533,79.83551148009639,8187817.802082478,77.68097302637696,78.184963597963,77.51675883170432,77.47418678885147,5092729.688977925,50.98341744782687,51.1867928353443,50.8366780767217,51.53590138118197,14212618.106152834,58.685927472867036,58.5472656093614,58.24610743615385,58.45797692282353,4217468.083941326,70.68534039136051,70.91374027203805,70.43642339996546,70.77337681696275,5439834.9061171375,56.70891042703284,56.779193801227784,55.967593211491135,56.125084376054446,2485890.1490782243,58.19462581413366,58.22452182085683,57.8691362319351,58.141935337742616,3872105.589579799,167.51991240426747,169.2745920236472,167.00476174175645,168.47393082999838,3139094.190698012,114.69394620043184,115.838077566478,114.36228110211746,115.64530339385693,2118432.1292499015,45.22795537648621,45.332541471473846,44.89446784251759,44.98051202264964,8749230.305281505,62.240872605796554,62.409236338483225,62.05682935685824,62.1851040010909,4702223.70559094,125.51205433532415,126.85201340216237,125.13867394349774,126.3529230938342,1233898.2502837887,58.66407018235828,55.91503662577795,55.02076746446975,58.755532017264585,8285043.636567592,75.43036804371894,73.66566005227853,71.08110707378052,71.18367447408227,1711676.4582578205,84.40593036648292,85.48331483221789,83.91156753945879,84.58471313477274,6338034.170304486,86.47411705551774,88.11430083565597,85.91635616860215,86.73099502483393,17617418.34890436,107.66700733344072,110.00083566371795,106.66653443977124,107.49710032542338,18076583.974948507,37.83017985419202,38.06202848714867,37.4297923591115,37.73637513144143,6097086.990126964,22.739626154398273,45.95909840797118,19.596160766017533,20.868227565902636,4944443.46575379
1933,115.14504572723897,116.24746930469234,114.74665406948877,115.96899679122265,3213774.991073672,102.08327026515977,104.31296728859355,100.7171843945647,101.28714392770647,2820011.779297983,97.8498689222499,97.88112481591196,97.35908128876864,97.43873554645795,8768870.846843746,6.634307601437612,6.698540564044353,5.878005116355674,6.170434844429487,23468448.656425558,70.20904324495196,72.14001216904666,68.9517796510839,72.71918261377937,2646621.533200869,482.5478752092114,497.8295780586985,483.3923170203603,492.940974687836,551952.0571706869,15.061402381989334,15.95141169709566,15.519385329558544,15.348849167231103,24968229.875417903,41.43895275997462,42.60452423487061,41.20536509870804,42.04235789107277,7796064.658878548,48.32590803016474,48.356301576862116,48.03587640802924,48.01297239982729,4577113.092302672,72.41230431013898,72.444691727421,72.05679520814925,72.20374860042938,6849442.197522482,31.866674956706994,32.083531034978876,31.67234083733969,31.823274011470538,10594164.857109655,77.62319478236697,77.6526896527954,77.09852449032176,77.12268807004101,2244180.1852918277,338.92682671466923,345.98309895204807,336.83752790685986,341.2721929033965,2584716.578967668,41.82564670849583,43.05615037933936,41.293628615755246,42.364156014123765,4657957.109353735,9.72855827756854,10.268972627785404,9.537401461438437,9.823087299366767,20403841.23385446,95.31360001764396,98.75745580647907,95.34995895845103,95.71818389368411,10247014.631242039,12.933901172900658,13.24559887575687,12.758261400743367,13.062168168918705,13933813.63534654,151.7500341316857,152.54572145528414,150.07080615453603,150.42379865599284,9195584.215429362,476.9198979772631,491.0281352559019,475.90231826348145,483.8960289062408,1466074.3961371065,33.51472310939602,34.26391262301866,33.10658525336211,34.086704513948,10088095.782260025,43.791932674306985,43.91401628459881,43.48574776469537,43.53817985077634,27071328.10114239,82.18728796841958,82.41520818303577,81.90018912599514,82.19469706020227,17002595.726036806,89.81980664160827,89.78642057439293,89.6071484849638,89.73589447592768,7372078.905456976,41.91763432627926,42.25743257458248,41.50514381177092,42.160484997619825,4126129.54801163,120.02420248094519,123.31295104722648,118.65823145788363,121.96301307439686,3983623.203562945,69.2716703742335,69.53503117094658,69.06735803516096,69.3322966075529,4524026.411116038,49.64468016804304,49.78875159304098,49.332323808613566,49.63962017781803,2925169.6509405836,55.279455976537875,55.57573704700245,55.14210268372272,55.29656837985875,3771690.5763614,24.773936946901934,24.885747941259496,24.351127223974594,24.35403720203471,22660321.92551495,37.43193748498903,38.682925938170946,36.60954605358477,36.609459127898575,16710684.011774512,150.09927817783762,152.95915976236904,147.37731830210947,149.4962929765675,1168510.0788935658,36.57422820244568,36.75996232959453,36.063083277616414,36.116613119097345,53106415.1726663,53.961740646151085,54.77669990858439,53.03726692054288,52.89184761610996,5116837.356843338,43.10162560297247,43.59249835583913,42.12641278075849,42.132367232403844,21353070.6554256,284.3950838719601,284.7280237723848,280.7244338805644,280.5931262309781,9456826.574458005,,,,,,24.317000779577672,25.26510810814638,24.174511184505956,24.678490941398227,11148879.660184324,146.736631355249,143.854443471936,139.70093514629008,141.29645208932308,2087752.6919400576,5.752698505274091,5.692295114913551,5.503827495492707,5.337144918018168,24376242.706155162,58.24647888249113,58.31371730613599,57.480204110591345,57.46959204936044,9656500.164983584,94.19289240642598,94.25910787317704,93.58256916980243,93.69191097433772,7616078.024679257,54.06230851707237,54.23361677653097,53.7273985889897,53.854552796581814,11845469.481143039,51.722678179594936,51.68916400964596,51.60947850329936,51.63365545406068,3019201.3121729735,93.67104159950074,94.26103274057125,93.58522897609373,95.22336440496407,3906140.3177996706,11.332558531236167,11.609338629530885,11.566437252110786,11.215177492066223,23188127.03419951,27.145519744932482,26.46777976668195,26.059072031760994,26.311288393165288,13892449.33243117,107.18771296298418,107.17531616332035,106.16336775129241,106.23318665777003,33079851.755907856,70.8577280101784,72.17710996166198,70.09481822441276,70.25395468414465,2787120.7005367167,92.62547831708788,92.6912307962347,92.27504602599751,92.34898132622018,4048376.1165644443,139.3091149111397,139.54375051783444,135.19619709289546,136.22955834620603,2723786.3210328883,110.48662976390115,113.62097649247352,110.1334836078279,112.94799801862084,8170910.476644233,45.422742661789506,46.21684324261556,43.79945539699629,43.80016675481831,10683144.026258815,131.68232867469425,133.30218881104628,128.5511688469128,130.0317940781376,2778161.7387370337,54.85423228175278,52.66129442756256,49.13868146194962,48.528335684329804,1599953.4537165742,240.83901125006787,247.08343396351054,239.09794219208416,241.9410813452652,569480.0791938012,92.4076267016037,93.62385707142026,91.3250471808903,91.87104915540114,4448576.9973499775,45.45069414039625,46.64147962970428,44.88098505656779,45.75879543830817,12133022.055682404,25.205261952995613,26.010440556145223,24.893098076114228,24.877327154187743,3554640.857716302,61.23047947806094,61.63519240095599,60.51606983350438,60.63223792737651,3280312.990327834,168.52608598558902,170.769265633248,167.9037094583088,170.19266846722843,9915079.191048875,107.6831655217031,109.9512415194656,107.55182999824702,109.83106668899437,1303992.356686938,91.64436652719927,94.13916413394871,90.71780342371846,90.71799471005588,1388964.9067321566,67.03302252545231,67.55445963781771,66.865039003595,66.88273590352763,6013448.936739932,82.31211078993759,82.35266609363681,82.22031101108402,82.24892735877334,3752618.651413351,39.87986121136144,40.54664357167359,39.59765588208165,39.97572646681392,14819134.570419095,30.72210585614435,30.92347705885839,30.656595420758403,30.218105567632954,22041221.15864072,32.80610830064319,32.79274672410178,32.682548491096696,32.63945233678318,7941356.137147745,26.938512877416667,26.984952798888365,26.60233381306775,26.65987020906453,4664335.940556722,49.62053693093882,50.195054190387815,49.45067915443899,51.15193305724215,2831259.281162378,122.77814053179527,126.45214554487352,121.85879448993623,123.03187370097457,1811805.7395460785,56.854279218623546,57.791247326228024,56.83564420582975,57.4188465640827,2179557.445081999,40.454659478273676,41.81053884491176,40.08344575278204,40.42471137405196,4129412.381057122,108.46136277307122,108.54282951446791,108.10607321854947,108.19364444305548,2233658.669025839,181.37711459966346,187.3920899558731,180.44572230429225,204.99020492894746,1999604.5785554186,23.55108459989325,23.887354907741173,23.245471645005555,23.85393396800787,3264804.827927581,9.302646152778575,9.551451447827425,9.278698482500076,9.278745650424051,31747285.406630926,80.23510152844285,80.20745116338134,79.67002165824533,79.83551148008429,8187817.802082478,77.68097302637696,78.19287020754173,77.51675883170432,77.47418678884446,5092729.688977925,50.98341744782687,51.18679283534429,50.8366780767217,51.543239493056475,14212618.106152834,58.68854419036771,58.5472656093614,58.24610743615385,58.460436171494955,4217468.083941326,70.68534039136051,70.91374027203805,70.43642339996546,70.77337681696275,5439834.9061171375,56.708910427000134,56.7791938012885,55.967593211491135,56.125084419356675,2485890.149078349,58.198837671351605,58.22873831989478,57.8691362319351,58.146097118883105,3872105.589579799,167.51991240426747,169.2745920236472,167.00476174175645,168.47393082999838,3139094.190698012,114.69394620043184,115.838077566478,114.36228110211746,115.64530339385693,2118432.1292499015,45.22795537648621,45.332541471473846,44.89446784251759,44.98051202264964,8749230.305281505,62.240872605796554,62.409236338480895,62.05682935685824,62.1851040010909,4702223.70559094,125.51205433532415,126.85201340216237,125.13867394349774,126.35328743286273,1233898.2502837887,58.71262252292483,55.91503662567639,55.02076746446975,58.80391086652054,8285043.636567592,75.47953640743161,73.66566005227853,71.08110707378052,71.18367447408227,1711676.4582578205,84.40593036648292,85.48331483221789,83.91156753945879,84.58471313477274,6338034.170304486,86.47411705551774,88.11430083565597,85.91635616860215,86.73099502483393,17617418.34890436,107.66700733344072,110.00083566371795,106.66653443977124,107.49710032542338,18076583.974948507,37.83017985419202,38.06202848714867,37.4297923591115,37.73637513144143,6097086.990126964,21.70689162623903,45.95909851855904,18.73670799937539,20.157821021117357,4944443.46575379
1934,115.14504572723897,116.24746930469234,114.74665406948877,115.96899679122265,3213774.991073672,102.08327026515977,104.31296728859355,100.7171843945647,101.28714392770647,2820011.779297983,97.8498689222499,97.88112481591196,97.35908128876864,97.43873554645795,8768870.846843746,6.634307602987349,6.698540564044357,5.873841024497085,6.170434844429487,23468448.656425558,70.26003104461977,72.24118724316054,68.78196751212676,72.5101591638453,2646621.533200869,482.69529824179324,497.7482406517321,483.070463696105,492.8579678987318,551952.0571706869,15.061402381989334,15.959887996851561,15.527037485756376,15.348849244388923,24968229.875417903,41.43895275997462,42.60452423487061,41.20536509870804,42.04235789107277,7796064.658878548,48.32835531581833,48.35875802203868,48.03587640802898,48.012972399816924,4577113.092302672,72.41230431013615,72.444691727421,72.05679520812465,72.20374860042938,6849442.197522482,31.866674956706994,32.083531034978876,31.67233958970143,31.823274011470257,10594164.857109655,77.6292116045929,77.65870329715112,77.09852449032176,77.12268807004101,2244180.1852918277,339.0302844603135,345.90716952435577,336.7414426937976,341.31931896587895,2584716.578967668,41.82564670849583,43.05615037933936,41.293628615755246,42.364156011054405,4657957.109353735,9.72855827756854,10.268972627785404,9.537401461438435,9.823087299366767,20403841.23385446,95.31360001764396,98.75745580647907,95.34995895845103,95.71818389368411,10247014.631242039,12.933901172900658,13.24559887575687,12.758261400743367,13.062168168918705,13933813.63534654,151.7500341316857,152.54572145528414,150.07080615453603,150.42379865599284,9195584.215429362,476.9882000626325,490.7316810414879,475.5747779474582,483.4545122801561,1466074.3961371065,33.51472310939602,34.26391262301866,33.10658525336211,34.086704513948,10088095.782260025,43.791932674306985,43.91401628459881,43.48574776469537,43.53817985077634,27071328.10114239,82.18728796841958,82.41520818303577,81.90018912599514,82.19469706020227,17002595.726036806,89.81980664160827,89.78642057439292,89.60714848496379,89.73589447592713,7372078.905456976,41.91763432627926,42.25743257458248,41.50513154013871,42.160484997619825,4126129.54801163,120.02420248094519,123.31295104722648,118.65823145788363,121.96301307439686,3983623.203562945,69.2716703742335,69.53503117094658,69.06735803516096,69.3322966075529,4524026.411116038,49.64468016804304,49.78875159304098,49.332323808613566,49.63962017781803,2925169.6509405836,55.279455976537875,55.57573704700245,55.14210268372272,55.29656837985875,3771690.5763614,24.773936946901934,24.885747941259496,24.351127223974594,24.35403720203471,22660321.92551495,37.43193748498903,38.68292207177481,36.60954605358477,36.609459127898575,16710684.011774512,150.09927817783762,152.95915976236904,147.37731830210947,149.48658195008866,1168510.0788935658,36.57422820244568,36.75996232959453,36.063083277616414,36.116613119097345,53106415.1726663,53.961740646150105,54.77669990858439,53.03726692054288,52.89184761610996,5116837.356843338,43.10162560297247,43.59249835583913,42.12641278075845,42.132367232403844,21353070.6554256,284.5438047465189,284.87680959576835,280.8686270147421,280.73548735440846,9456826.574458005,,,,,,24.317000779577672,25.26510810814638,24.174511184505956,24.678490941398227,11148879.660184324,146.74234644167802,143.854443471936,139.70093514629008,141.29645208932308,2087752.6919400576,5.752698505274091,5.689669273671454,5.503827495492707,5.3344405757554405,24376242.706155162,58.27742234943014,58.34477706983664,57.51033790433667,57.49931813304443,9656500.164983584,94.19289240642598,94.25910787317704,93.58256916980243,93.68979209336594,7616078.024679257,54.06230851707237,54.23361677653097,53.7273985889897,53.854552796581814,11845469.481143039,51.722678179594936,51.68916400964596,51.6094785014445,51.63365545528984,3019201.3121729735,93.67104159950074,94.26103274057125,93.58522897609373,95.23750246265338,3906140.3177996706,11.332558531236165,11.609338629530885,11.573485336863277,11.215177492066223,23188127.03419951,27.15945815882937,26.46777976668195,26.059072031760994,26.311288393165288,13892449.33243117,107.18771296298418,107.17531616332035,106.16336775129241,106.23318665777003,33079851.755907856,70.85772780595687,72.17710996166198,70.09481822441276,70.25395468414459,2787120.7005367167,92.62547831708788,92.6912307962347,92.27504602599751,92.34898132622018,4048376.1165644443,139.4997667126152,139.54375051783444,135.19619709289546,136.22955834620603,2723786.3210328883,110.48662976390115,113.62097649247352,110.1334836078279,112.94799801862084,8170910.476644233,45.422742661789506,46.21684324261556,43.79945539699629,43.80016675481831,10683144.026258815,131.65101289367777,133.30218881104628,128.5511688469128,130.0317940781376,2778161.7387370337,54.85423228175278,52.66466706191697,49.06796464072559,48.79005409644735,1599953.4537165742,240.57081073181772,246.86189434785558,238.54001074363163,241.99019578141431,569480.0791938012,92.4076267016037,93.62385707142026,91.3250471808903,91.87104915540114,4448576.9973499775,45.45069414039625,46.64147962970428,44.88098505656779,45.75879543830817,12133022.055682404,25.205261948058336,26.010440556145223,24.893098076114228,24.877327154180712,3554640.857716302,61.230402779006,61.635192124569194,60.516078916300515,60.63223792737651,3280312.990327834,168.52608598558902,170.769265633248,167.9037094583088,170.19266846722843,9915079.191048875,107.6831655217031,109.9512415194656,107.55182999824702,109.83106668899437,1303992.356686938,91.64436652719927,94.13916413394871,90.71773177889281,90.71799471005588,1388964.9067321566,67.03302252545231,67.55445963781771,66.86501293911941,66.88273590352763,6013448.936739932,82.31777611152548,82.3583430818675,82.22593925966166,82.25453731059383,3752618.651413351,39.879861211361195,40.54664357167359,39.59765588208165,39.97572646576068,14819134.570419095,30.72210585614435,30.92347705885839,30.66437924729343,30.218068558600397,22041221.15864072,32.80610830064319,32.79274672410178,32.682548491096696,32.63945233678316,7941356.137147745,26.938512877413835,26.98495279885202,26.602333813068956,26.659870107759655,4664335.940556722,49.62053693093882,50.195054190387815,49.45067915443899,51.16934144452232,2831259.281162378,122.77814053179527,126.45214554485132,121.85879448993623,123.03187370097457,1811805.7395460785,56.854279218623546,57.791247326228024,56.83564420582975,57.4188465640827,2179557.445081999,40.45461302855602,41.81053884491176,40.08344575278204,40.42471137405196,4129412.381057122,108.46136277307122,108.54282951446791,108.10607321854947,108.19364444305548,2233658.669025839,181.37711459349669,187.3920899558731,180.44572230429225,205.28778122882696,1999604.5785554186,23.55108459989325,23.887354907741173,23.245471645005555,23.85393396800787,3264804.827927581,9.300852175032432,9.551451447827425,9.278698482500076,9.278745650424051,31747285.406630926,80.23510152844285,80.20745116338134,79.67002165824533,79.8355114800757,8187817.802082478,77.68097302637696,78.20077761669204,77.51675883170432,77.47418678883948,5092729.688977925,50.98341744782687,51.186792835344285,50.8366780767217,51.55057864979261,14212618.106152834,58.69116102454389,58.5472656093614,58.24610743615385,58.462895523623665,4217468.083941326,70.68534039136051,70.91374027203805,70.43642339996546,70.77337681696275,5439834.9061171375,56.7089104269761,56.77919380124432,55.967593211491135,56.12508438368927,2485890.1490783854,58.20304983340425,58.232955124282846,57.8691362319351,58.15025919792255,3872105.589579799,167.51991240426747,169.2745920236472,167.00476174175645,168.47393082999838,3139094.190698012,114.69394620043184,115.838077566478,114.36228110211746,115.64530339385693,2118432.1292499015,45.22795537648621,45.332541471473846,44.89446784251759,44.98051202264964,8749230.305281505,62.240872605796554,62.40923633847926,62.05682935685824,62.1851040010909,4702223.70559094,125.51205433532415,126.85201340216237,125.13867394349774,126.35294245731959,1233898.2502837887,58.761215047027356,55.91503662575023,55.02076746446975,58.85232955054566,8285043.636567592,75.52873682094138,73.66566005227853,71.08110707378052,71.18367447408227,1711676.4582578205,84.40593036648292,85.48331483221789,83.91156753945879,84.58471313477274,6338034.170304486,86.47411705551774,88.11430083565597,85.91635616860215,86.73099502483393,17617418.34890436,107.66700733344072,110.00083566371795,106.66653443977124,107.49710032542338,18076583.974948507,,,,,,21.981291116321835,45.959098610143506,18.69952895986578,19.558819571509133,4944443.46575379
1936,115.14504572723897,116.24746930469234,114.74665406948877,115.96899679122265,3213774.991073672,102.08327026515977,104.31296728859355,100.7171843945647,101.28714392770647,2820011.779297983,97.8498689222499,97.88112481591196,97.35908128876864,97.43873554645795,8768870.846843746,6.634307601805998,6.698540564044355,5.869679882561244,6.170434844429487,23468448.656425558,70.42103456119074,72.2130037116189,68.92827456901264,72.71450395546728,2646621.533200869,482.82305942769676,498.0810941854624,483.63870354455713,493.0920525920685,551952.0571706869,15.061402381989334,15.968368800764143,15.534693415009212,15.34884917846482,24968229.875417903,41.43895275997462,42.60452423487061,41.20536509870804,42.04235789107277,7796064.658878548,48.33080272540558,48.36121459199987,48.035876408028805,48.01297239980938,4577113.092302672,72.4123043101341,72.444691727421,72.05679520814263,72.20374860042938,6849442.197522482,31.866674956706994,32.083531034978876,31.672340659001488,31.823274011470446,10594164.857109655,77.63522889320198,77.6647174072205,77.0985244903218,77.12268807004101,2244180.1852918277,339.1941609959263,346.1652422476724,337.0948485738862,341.34511884525523,2584716.578967668,41.82564670849583,43.05615037933936,41.293628615755246,42.364156013477015,4657957.109353735,9.72855827756854,10.268972627785404,9.537401461438435,9.823087299366767,20403841.23385446,95.31360001764396,98.75745580647907,95.34995895845103,95.71818389368411,10247014.631242039,12.933901172900658,13.24559887575687,12.758261400743367,13.062168168918705,13933813.63534654,151.7500341316857,152.54572145528414,150.07080615453603,150.42379865599284,9195584.215429362,477.33113048501616,491.21726210769896,475.9240467887879,483.77686551087965,1466074.3961371065,33.51472310939602,34.26391262301866,33.10658525336211,34.086704513948,10088095.782260025,43.791932674306985,43.91401628459881,43.48574776469537,43.53817985077634,27071328.10114239,82.18728796841958,82.41520818303577,81.90018912599514,82.19469706020227,17002595.726036806,89.81980664160827,89.78642057439292,89.60714848496379,89.73589447592674,7372078.905456976,41.91763432627926,42.25743257458248,41.505142239210954,42.160484997619825,4126129.54801163,120.02420248094519,123.31295104722648,118.65823145788363,121.96301307439686,3983623.203562945,69.2716703742335,69.53503117094658,69.06735803516096,69.3322966075529,4524026.411116038,49.64468016804304,49.78875159304098,49.332323808613566,49.63962017781803,2925169.6509405836,55.279455976537875,55.57573704700245,55.14210268372272,55.29656837985875,3771690.5763614,24.773936946901934,24.885747941259496,24.351127223974594,24.35403720203471,22660321.92551495,37.43193748498903,38.682925336018634,36.60954605358477,36.609459127898575,16710684.011774512,150.09927817783762,152.95915976236904,147.37731830210947,149.4703613304813,1168510.0788935658,36.57422820244568,36.75996232959453,36.063083277616414,36.116613119097345,53106415.1726663,53.961740646149444,54.77669990858439,53.03726692054288,52.89184761610996,5116837.356843338,43.10162560297247,43.59249835583913,42.12641278075848,42.132367232403844,21353070.6554256,284.6926033928107,285.0256731678081,281.0128942132243,280.8779207058714,9456826.574458005,,,,,,24.317000779577672,25.26510810814638,24.174511184505956,24.678490941398227,11148879.660184324,146.78887621024603,143.854443471936,139.70093514629008,141.29645208932308,2087752.6919400576,5.752698505274091,5.687044643723235,5.503827495492707,5.331737603788477,24376242.706155162,58.30838225509926,58.37585337696765,57.540487495616816,57.52905959251272,9656500.164983584,94.19289240642598,94.25910787317704,93.58256916980243,93.69184802091004,7616078.024679257,54.06230851707237,54.23361677653097,53.7273985889897,53.854552796581814,11845469.481143039,51.722678179594936,51.68916400964596,51.60947850291996,51.633655454315885,3019201.3121729735,93.67104159950074,94.26103274057125,93.58522897609373,95.25164261945646,3906140.3177996706,11.332558531236165,11.609338629530885,11.580537716412652,11.215177492066223,23188127.03419951,27.17340372968563,26.46777976668195,26.059072031760994,26.311288393165288,13892449.33243117,107.18771296298418,107.17531616332035,106.16336775129241,106.23318665777003,33079851.755907856,70.85772797797975,72.17710996166198,70.09481822441276,70.25395468414463,2787120.7005367167,92.62547831708788,92.6912307962347,92.27504602599751,92.34898132622018,4048376.1165644443,139.49966632111372,139.54375051783444,135.19619709289546,136.22955834620603,2723786.3210328883,110.48662976390115,113.62097649247352,110.1334836078279,112.94799801862084,8170910.476644233,45.422742661789506,46.21684324261556,43.79945539699629,43.80016675481831,10683144.026258815,131.6887705307987,133.30218881104628,128.5511688469128,130.0317940781376,2778161.7387370337,54.85423228175278,52.65633739397143,48.95999686852154,48.52421549963352,1599953.4537165742,240.23970362684256,246.7309034293618,238.34674824399468,241.78370467337805,569480.0791938012,92.4076267016037,93.62385707142026,91.3250471808903,91.87104915540114,4448576.9973499775,45.45069414039625,46.64147962970428,44.88098505656779,45.75879543830817,12133022.055682404,25.205261944217828,26.010440556145223,24.893098076114228,24.877327154175813,3554640.857716302,61.230473098793176,61.6351923527531,60.51607082565632,60.63223792737651,3280312.990327834,168.52608598558902,170.769265633248,167.9037094583088,170.19266846722843,9915079.191048875,107.6831655217031,109.9512415194656,107.55182999824702,109.83106668899437,1303992.356686938,91.64436652719927,94.13916413394871,90.71779583287345,90.71799471005588,1388964.9067321566,67.03302252545231,67.55445963781771,66.86503589906854,66.88273590352763,6013448.936739932,82.32344182304224,82.36402046144187,82.23156789351127,82.26014764505226,3752618.651413351,39.87986121136103,40.54664357167359,39.59765588208165,39.97572646493871,14819134.570419095,30.72210585614435,30.92347705885839,30.67216505017171,30.21810187428164,22041221.15864072,32.80610830064319,32.79274672410178,32.682548491096696,32.639452336783144,7941356.137147745,26.938512877411803,26.984952798878634,26.60233381306811,26.659870194902926,4664335.940556722,49.62053693093882,50.195054190387815,49.45067915443899,51.18675575634785,2831259.281162378,122.77814053179527,126.45214554486704,121.85879448993623,123.03187370097457,1811805.7395460785,56.854279218623546,57.791247326228024,56.83564420582975,57.4188465640827,2179557.445081999,40.454654416168104,41.81053884491176,40.08344575278204,40.42471137405196,4129412.381057122,108.46136277307122,108.54282951446791,108.10607321854947,108.19364444305548,2233658.669025839,181.37711458872195,187.3920899558731,180.44572230429225,205.58578950863586,1999604.5785554186,23.55108459989325,23.887354907741173,23.245471645005555,23.85393396800787,3264804.827927581,9.299058543247654,9.551451447827425,9.278698482500076,9.278745650424051,31747285.406630926,80.23510152844285,80.20745116338134,79.67002165824533,79.83551148006958,8187817.802082478,77.68097302637696,78.20868582549478,77.51675883170432,77.47418678883594,5092729.688977925,50.98341744782687,51.186792835344285,50.8366780767217,51.55791885153915,14212618.106152834,58.69377797540078,58.5472656093614,58.24610743615385,58.46535497921402,4217468.083941326,70.68534039136051,70.91374027203805,70.43642339996546,70.77337681696275,5439834.9061171375,56.70891042695844,56.77919380127647,55.967593211491135,56.12508441306798,2485890.149078406,58.20726230031366,58.23717223404313,57.8691362319351,58.154421574882285,3872105.589579799,167.51991240426747,169.2745920236472,167.00476174175645,168.47393082999838,3139094.190698012,114.69394620043184,115.838077566478,114.36228110211746,115.64530339385693,2118432.1292499015,45.22795537648621,45.332541471473846,44.89446784251759,44.98051202264964,8749230.305281505,62.240872605796554,62.40923633847812,62.05682935685824,62.1851040010909,4702223.70559094,125.51205433532415,126.85201340216237,125.13867394349774,126.35326909848634,1233898.2502837887,58.80984778792309,55.915036625696544,55.02076746446975,58.90078810213959,8285043.636567592,75.57796930513949,73.66566005227853,71.08110707378052,71.18367447408227,1711676.4582578205,84.40593036648292,85.48331483221789,83.91156753945879,84.58471313477274,6338034.170304486,86.47411705551774,88.11430083565597,85.91635616860215,86.73099502483393,17617418.34890436,107.66700733344072,110.00083566371795,106.66653443977124,107.49710032542338,18076583.974948507,,,,,,21.519469203910965,45.959098685989645,18.534724865735328,19.9044901584084,4944443.46575379
1937,115.14504572723897,116.24746930469234,114.74665406948877,115.96899679122265,3213774.991073672,102.08327026515977,104.31296728859355,100.7171843945647,101.28714392770647,2820011.779297983,97.8498689222499,97.88112481591196,97.35908128876864,97.43873554645795,8768870.846843746,6.634307602706532,6.6985405640443565,5.86552168845837,6.170434844429487,23468448.656425558,70.6670750973573,72.63212169775203,69.06034186898253,72.51473309781375,2646621.533200869,483.0433808774709,498.1236595595317,483.3182578669323,493.33258634641055,551952.0571706869,15.061402381989334,15.976854111226833,15.542353119177436,15.348849234790768,24968229.875417903,41.43895275997462,42.60452423487061,41.20536509870804,42.04235789107277,7796064.658878548,48.333250258932786,48.363671286752016,48.035876408028685,48.012972399803886,4577113.092302672,72.41230431013263,72.444691727421,72.05679520812949,72.20374860042938,6849442.197522482,31.866674956706994,32.083531034978876,31.672339742547855,31.823274011470318,10594164.857109655,77.64124664823036,77.6707319830396,77.0985244903218,77.12268807004101,2244180.1852918277,339.28864757950777,346.13315604669043,337.21029806345695,341.71200431154375,2584716.578967668,41.82564670849583,43.05615037933936,41.293628615755246,42.36415601156488,4657957.109353735,9.72855827756854,10.268972627785404,9.537401461438435,9.823087299366767,20403841.23385446,95.31360001764396,98.75745580647907,95.34995895845103,95.71818389368411,10247014.631242039,12.933901172900658,13.24559887575687,12.758261400743367,13.062168168918705,13933813.63534654,151.7500341316857,152.54572145528414,150.07080615453603,150.42379865599284,9195584.215429362,477.45819843202827,491.1754998830188,476.1359963677181,483.97129215090183,1466074.3961371065,33.51472310939602,34.26391262301866,33.10658525336211,34.086704513948,10088095.782260025,43.791932674306985,43.91401628459881,43.48574776469537,43.53817985077634,27071328.10114239,82.18728796841958,82.41520818303577,81.90018912599514,82.19469706020227,17002595.726036806,89.81980664160827,89.78642057439292,89.60714848496379,89.73589447592649,7372078.905456976,41.91763432627926,42.25743257458248,41.5051329111815,42.160484997619825,4126129.54801163,120.02420248094519,123.31295104722648,118.65823145788363,121.96301307439686,3983623.203562945,69.2716703742335,69.53503117094658,69.06735803516096,69.3322966075529,4524026.411116038,49.64468016804304,49.78875159304098,49.332323808613566,49.63962017781803,2925169.6509405836,55.279455976537875,55.57573704700245,55.14210268372272,55.29656837985875,3771690.5763614,24.773936946901934,24.885747941259496,24.351127223974594,24.35403720203471,22660321.92551495,37.43193748498903,38.68292258014796,36.60954605358477,36.609459127898575,16710684.011774512,150.09927817783762,152.95915976236904,147.37731830210947,149.7165755464451,1168510.0788935658,36.57422820244568,36.75996232959453,36.063083277616414,36.116613119097345,53106415.1726663,53.961740646148996,54.77669990858439,53.03726692054288,52.89184761610996,5116837.356843338,43.10162560297247,43.59249835583913,42.126412780758464,42.132367232403844,21353070.6554256,284.8414798515053,285.174614529132,281.1572355140538,281.02042632201244,9456826.574458005,,,,,,24.317000779577672,25.26510810814638,24.174511184505956,24.678490941398227,11148879.660184324,146.91460047404937,143.854443471936,139.70093514629008,141.29645208932308,2087752.6919400576,5.752698505274091,5.684421224510128,5.503827495492707,5.3290360014229465,24376242.706155162,58.33935860823157,58.40694623634057,57.570652892713575,57.55881643571842,9656500.164983584,94.19289240642598,94.25910787317704,93.58256916980243,93.68985317640349,7616078.024679257,54.06230851707237,54.23361677653097,53.7273985889897,53.854552796581814,11845469.481143039,51.722678179594936,51.68916400964596,51.609478501746295,51.63365545508763,3019201.3121729735,93.67104159950074,94.26103274057125,93.58522897609373,95.26578487568497,3906140.3177996706,11.332558531236165,11.609338629530885,11.587594393375975,11.215177492066223,23188127.03419951,27.187356461176147,26.46777976668195,26.059072031760994,26.311288393165288,13892449.33243117,107.18771296298418,107.17531616332035,106.16336775129241,106.23318665777003,33079851.755907856,70.85772783307891,72.17710996166198,70.09481822441276,70.2539546841446,2787120.7005367167,92.62547831708788,92.6912307962347,92.27504602599751,92.34898132622018,4048376.1165644443,139.61627599351687,139.54375051783444,135.19619709289546,136.22955834620603,2723786.3210328883,110.48662976390115,113.62097649247352,110.1334836078279,112.94799801862084,8170910.476644233,45.422742661789506,46.21684324261556,43.79945539699629,43.80016675481831,10683144.026258815,131.93608014922916,133.30218881104628,128.5511688469128,130.0317940781376,2778161.7387370337,54.85423228175278,52.45281459781218,48.754978829135354,48.541209449424926,1599953.4537165742,240.43121698870198,246.34333661464942,238.28781963475825,241.34870661486798,569480.0791938012,92.4076267016037,93.62385707142026,91.3250471808903,91.87104915540114,4448576.9973499775,45.45069414039625,46.64147962970428,44.88098505656779,45.75879543830817,12133022.055682404,25.205261941230454,26.010440556145223,24.893098076114228,24.8773271541724,3554640.857716302,61.23040862769282,61.635192164365314,60.516078032525506,60.63223792737651,3280312.990327834,168.52608598558902,170.769265633248,167.9037094583088,170.19266846722843,9915079.191048875,107.6831655217031,109.9512415194656,107.55182999824702,109.83106668899437,1303992.356686938,91.64436652719927,94.13916413394871,90.71773856547978,90.71799471005588,1388964.9067321566,67.03302252545231,67.55445963781771,66.86501567386729,66.88273590352763,6013448.936739932,82.32910792451472,82.3696982323869,82.23719691265924,82.26575836217471,3752618.651413351,39.87986121136092,40.54664357167359,39.59765588208165,39.975726464297225,14819134.570419095,30.72210585614435,30.92347705885839,30.679952829895043,30.218071883370232,22041221.15864072,32.80610830064319,32.79274672410178,32.682548491096696,32.63945233678314,7941356.137147745,26.938512877410343,26.984952798859148,26.602333813068704,26.659870119941584,4664335.940556722,49.62053693093882,50.195054190387815,49.45067915443899,51.204175994735024,2831259.281162378,122.77814053179527,126.4521455448559,121.85879448993623,123.03187370097457,1811805.7395460785,56.854279218623546,57.791247326228024,56.83564420582975,57.4188465640827,2179557.445081999,40.454617538991656,41.81053884491176,40.08344575278204,40.42471137405196,4129412.381057122,108.46136277307122,108.54282951446791,108.10607321854947,108.19364444305548,2233658.669025839,181.37711458502503,187.3920899558731,180.44572230429225,205.88423039546257,1999604.5785554186,23.55108459989325,23.887354907741173,23.245471645005555,23.85393396800787,3264804.827927581,9.297265257357521,9.551451447827425,9.278698482500076,9.278745650424051,31747285.406630926,80.23510152844285,80.20745116338134,79.67002165824533,79.83551148006524,8187817.802082478,77.68097302637696,78.21659483403083,77.51675883170432,77.47418678883342,5092729.688977925,50.98341744782687,51.186792835344285,50.8366780767217,51.56526009844489,14212618.106152834,58.696395042943585,58.5472656093614,58.24610743615385,58.467814538270375,4217468.083941326,70.68534039136051,70.91374027203805,70.43642339996546,70.77337681696275,5439834.9061171375,56.70891042694547,56.77919380125307,55.967593211491135,56.125084388869176,2485890.1490784446,58.21147507210189,58.24138964919775,57.8691362319351,58.15858424978363,3872105.589579799,167.51991240426747,169.2745920236472,167.00476174175645,168.47393082999838,3139094.190698012,114.69394620043184,115.838077566478,114.36228110211746,115.64530339385693,2118432.1292499015,45.22795537648621,45.332541471473846,44.89446784251759,44.98051202264964,8749230.305281505,62.240872605796554,62.409236338477314,62.05682935685824,62.1851040010909,4702223.70559094,125.51205433532415,126.85201340216237,125.13867394349774,126.35295981728095,1233898.2502837887,58.85852077889679,55.91503662573558,55.02076746446975,58.94928655412898,8285043.636567592,75.62723388093086,73.66566005227853,71.08110707378052,71.18367447408227,1711676.4582578205,84.40593036648292,85.48331483221789,83.91156753945879,84.58471313477274,6338034.170304486,86.47411705551774,88.11430083565597,85.91635616860215,86.73099502483393,17617418.34890436,107.66700733344072,110.00083566371795,106.66653443977124,107.49710032542338,18076583.974948507,,,,,,21.115921013676378,45.959098748802354,17.962070050731903,19.63186945787591,4944443.46575379
1938,115.14504572723897,116.24746930469234,114.74665406948877,115.96899679122265,3213774.991073672,102.08327026515977,104.31296728859355,100.7171843945647,101.28714392770647,2820011.779297983,97.8498689222499,97.88112481591196,97.35908128876864,97.43873554645795,8768870.846843746,6.634307602020063,6.698540564044356,5.861366440100159,6.170434844429487,23468448.656425558,70.14162564242127,72.10326084746863,68.83746350717489,72.7100324017542,2646621.533200869,483.0925104758719,497.9613175338432,483.60540087853354,493.36185067549496,551952.0571706869,15.061402381989334,15.985343930634336,15.550016600122348,15.34884918666554,24968229.875417903,41.43895275997462,42.60452423487061,41.20536509870804,42.04235789107277,7796064.658878548,48.335697916406204,48.36612810630147,48.0358764080286,48.012972399799885,4577113.092302672,72.41230431013155,72.444691727421,72.05679520813909,72.20374860042938,6849442.197522482,31.866674956706994,32.083531034978876,31.67234052800303,31.823274011470403,10594164.857109655,77.64726486971419,77.6767470246445,77.09852449032178,77.12268807004101,2244180.1852918277,339.45310552288413,346.324066506379,337.34217586790334,341.65045815885003,2584716.578967668,41.82564670849583,43.05615037933936,41.293628615755246,42.3641560130741,4657957.109353735,9.72855827756854,10.268972627785404,9.537401461438435,9.823087299366767,20403841.23385446,95.31360001764396,98.75745580647907,95.34995895845103,95.71818389368411,10247014.631242039,12.933901172900658,13.24559887575687,12.758261400743367,13.062168168918705,13933813.63534654,151.7500341316857,152.54572145528414,150.07080615453603,150.42379865599284,9195584.215429362,477.788892488116,491.4769841692813,476.5616258878671,484.2104070700835,1466074.3961371065,33.51472310939602,34.26391262301866,33.10658525336211,34.086704513948,10088095.782260025,43.791932674306985,43.91401628459881,43.48574776469537,43.53817985077634,27071328.10114239,82.18728796841958,82.41520818303577,81.90018912599514,82.19469706020227,17002595.726036806,89.81980664160827,89.78642057439292,89.60714848496379,89.7358944759263,7372078.905456976,41.91763432627926,42.25743257458248,41.505141043861755,42.160484997619825,4126129.54801163,120.02420248094519,123.31295104722648,118.65823145788363,121.96301307439686,3983623.203562945,69.2716703742335,69.53503117094658,69.06735803516096,69.3322966075529,4524026.411116038,49.64468016804304,49.78875159304098,49.332323808613566,49.63962017781803,2925169.6509405836,55.279455976537875,55.57573704700245,55.14210268372272,55.29656837985875,3771690.5763614,24.773936946901934,24.885747941259496,24.351127223974594,24.35403720203471,22660321.92551495,37.43193748498903,38.682924906819494,36.60954605358477,36.609459127898575,16710684.011774512,150.09927817783762,152.95915976236904,147.37731830210947,149.55224437584044,1168510.0788935658,36.57422820244568,36.75996232959453,36.063083277616414,36.116613119097345,53106415.1726663,53.9617406461487,54.77669990858439,53.03726692054288,52.89184761610996,5116837.356843338,43.10162560297247,43.59249835583913,42.12641278075848,42.132367232403844,21353070.6554256,284.9904341632937,285.3236337203891,281.3016509552931,281.16300423949554,9456826.574458005,,,,,,24.317000779577672,25.26510810814638,24.174511184505956,24.678490941398227,11148879.660184324,146.7854937920815,143.854443471936,139.70093514629008,141.29645208932308,2087752.6919400576,5.752698505274091,5.681799015473624,5.503827495492707,5.326335767964869,24376242.706155162,58.3703514175648,58.43805565677168,57.600834103913094,57.58858867061875,9656500.164983584,94.19289240642598,94.25910787317704,93.58256916980243,93.69178875269205,7616078.024679257,54.06230851707237,54.23361677653097,53.7273985889897,53.854552796581814,11845469.481143039,51.722678179594936,51.68916400964596,51.6094785026799,51.63365545447612,3019201.3121729735,93.67104159950074,94.26103274057125,93.58522897609373,95.27992923165061,3906140.3177996706,11.332558531236165,11.609338629530885,11.594655370371902,11.215177492066223,23188127.03419951,27.201316356977696,26.46777976668195,26.059072031760994,26.311288393165288,13892449.33243117,107.18771296298418,107.17531616332035,106.16336775129241,106.23318665777003,33079851.755907856,70.85772795513391,72.17710996166198,70.09481822441276,70.25395468414462,2787120.7005367167,92.62547831708788,92.6912307962347,92.27504602599751,92.34898132622018,4048376.1165644443,139.49631274100145,139.54375051783444,135.19619709289546,136.22955834620603,2723786.3210328883,110.48662976390115,113.62097649247352,110.1334836078279,112.94799801862084,8170910.476644233,45.422742661789506,46.21684324261556,43.79945539699629,43.80016675481831,10683144.026258815,131.89295632769546,133.30218881104628,128.5511688469128,130.0317940781376,2778161.7387370337,54.85423228175278,52.08597619838819,48.738200097544606,48.112488599881445,1599953.4537165742,240.16865181150976,246.19228532904535,238.05403586327637,241.20822395125555,569480.0791938012,92.4076267016037,93.62385707142026,91.3250471808903,91.87104915540114,4448576.9973499775,45.45069414039625,46.64147962970428,44.88098505656779,45.75879543830817,12133022.055682404,25.205261938906695,26.010440556145223,24.893098076114228,24.87732715417002,3554640.857716302,61.23046773655746,61.63519231989758,60.51607161289289,60.63223792737651,3280312.990327834,168.52608598558902,170.769265633248,167.9037094583088,170.19266846722843,9915079.191048875,107.6831655217031,109.9512415194656,107.55182999824702,109.83106668899437,1303992.356686938,91.64436652719927,94.13916413394871,90.71778976533255,90.71799471005588,1388964.9067321566,67.03302252545231,67.55445963781771,66.8650334900551,66.88273590352763,6013448.936739932,82.33477441596975,82.37537639472956,82.24282631713194,82.27136946198729,3752618.651413351,39.87986121136084,40.54664357167359,39.59765588208165,39.97572646379659,14819134.570419095,30.72210585614435,30.92347705885839,30.68774258696536,30.218098881310347,22041221.15864072,32.80610830064319,32.79274672410178,32.682548491096696,32.63945233678313,7941356.137147745,26.938512877409295,26.98495279887342,26.602333813068288,26.659870184423934,4664335.940556722,49.62053693093882,50.195054190387815,49.45067915443899,51.22160216170081,2831259.281162378,122.77814053179527,126.45214554486378,121.85879448993623,123.03187370097457,1811805.7395460785,56.854279218623546,57.791247326228024,56.83564420582975,57.4188465640827,2179557.445081999,40.45465039728123,41.81053884491176,40.08344575278204,40.42471137405196,4129412.381057122,108.46136277307122,108.54282951446791,108.10607321854947,108.19364444305548,2233658.669025839,181.37711458216262,187.3920899558731,180.44572230429225,206.18310451730588,1999604.5785554186,23.55108459989325,23.887354907741173,23.245471645005555,23.85393396800787,3264804.827927581,9.295472317295332,9.551451447827425,9.278698482500076,9.278745650424051,31747285.406630926,80.23510152844285,80.20745116338134,79.67002165824533,79.83551148006214,8187817.802082478,77.68097302637696,78.22450464238106,77.51675883170432,77.47418678883163,5092729.688977925,50.98341744782687,51.186792835344285,50.8366780767217,51.57260239065865,14212618.106152834,58.69901222717751,58.5472656093614,58.24610743615385,58.47027420079708,4217468.083941326,70.68534039136051,70.91374027203805,70.43642339996546,70.77337681696275,5439834.9061171375,56.708910426935944,56.7791938012701,55.967593211491135,56.12508440880137,2485890.1490783915,58.21568814879102,58.24560736976883,57.8691362319351,58.162747222647916,3872105.589579799,167.51991240426747,169.2745920236472,167.00476174175645,168.47393082999838,3139094.190698012,114.69394620043184,115.838077566478,114.36228110211746,115.64530339385693,2118432.1292499015,45.22795537648621,45.332541471473846,44.89446784251759,44.98051202264964,8749230.305281505,62.240872605796554,62.409236338476745,62.05682935685824,62.1851040010909,4702223.70559094,125.51205433532415,126.85201340216237,125.13867394349774,126.35325266115288,1233898.2502837887,58.907234053260765,55.915036625707195,55.02076746446975,58.997824939367504,8285043.636567592,75.67653056923399,73.66566005227853,71.08110707378052,71.18367447408227,1711676.4582578205,84.40593036648292,85.48331483221789,83.91156753945879,84.58471313477274,6338034.170304486,86.47411705551774,88.11430083565597,85.91635616860215,86.73099502483393,17617418.34890436,107.66700733344072,110.00083566371795,106.66653443977124,107.49710032542338,18076583.974948507,,,,,,20.951737392490614,45.959098800820996,17.725711302972663,19.111832348224006,4944443.46575379
1939,115.14504572723897,116.24746930469234,114.74665406948877,115.96899679122265,3213774.991073672,102.08327026515977,104.31296728859355,100.7171843945647,101.28714392770647,2820011.779297983,97.8498689222499,97.88112481591196,97.35908128876864,97.43873554645795,8768870.846843746,6.634307602543354,6.6985405640443565,5.857214135399792,6.170434844429487,23468448.656425558,70.07943327891212,72.00986013749599,68.82175184573579,72.51910456289106,2646621.533200869,483.4480605635765,499.018493198126,484.51716692805957,493.8692935948655,551952.0571706869,15.061402381989334,15.993838261382624,15.557683859706167,15.348849227784022,24968229.875417903,41.43895275997462,42.60452423487061,41.20536509870804,42.04235789107277,7796064.658878548,48.338145697832125,48.36858505065456,48.03587640802854,48.01297239979697,4577113.092302672,72.41230431013076,72.444691727421,72.05679520813207,72.20374860042938,6849442.197522482,31.866674956706994,32.083531034978876,31.672339854821313,31.823274011470346,10594164.857109655,77.65328355768962,77.68276253207127,77.09852449032178,77.12268807004101,2244180.1852918277,339.47924176281816,346.56064019960957,337.3877414924136,342.00610506063873,2584716.578967668,41.82564670849583,43.05615037933936,41.293628615755246,42.36415601188289,4657957.109353735,9.72855827756854,10.268972627785404,9.537401461438435,9.823087299366767,20403841.23385446,95.31360001764396,98.75745580647907,95.34995895845103,95.71818389368411,10247014.631242039,12.933901172900658,13.24559887575687,12.758261400743367,13.062168168918705,13933813.63534654,151.7500341316857,152.54572145528414,150.07080615453603,150.42379865599284,9195584.215429362,477.815321990625,491.9601645993973,476.7972233529488,484.82628433878426,1466074.3961371065,33.51472310939602,34.26391262301866,33.10658525336211,34.086704513948,10088095.782260025,43.791932674306985,43.91401628459881,43.48574776469537,43.53817985077634,27071328.10114239,82.18728796841958,82.41520818303577,81.90018912599514,82.19469706020227,17002595.726036806,89.81980664160827,89.78642057439292,89.60714848496379,89.73589447592617,7372078.905456976,41.91763432627926,42.25743257458248,41.50513395335154,42.160484997619825,4126129.54801163,120.02420248094519,123.31295104722648,118.65823145788363,121.96301307439686,3983623.203562945,69.2716703742335,69.53503117094658,69.06735803516096,69.3322966075529,4524026.411116038,49.64468016804304,49.78875159304098,49.332323808613566,49.63962017781803,2925169.6509405836,55.279455976537875,55.57573704700245,55.14210268372272,55.29656837985875,3771690.5763614,24.773936946901934,24.885747941259496,24.351127223974594,24.35403720203471,22660321.92551495,37.43193748498903,38.68292294250365,36.60954605358477,36.609459127898575,16710684.011774512,150.09927817783762,152.95915976236904,147.37731830210947,149.70300244468058,1168510.0788935658,36.57422820244568,36.75996232959453,36.063083277616414,36.116613119097345,53106415.1726663,53.96174064614849,54.77669990858439,53.03726692054288,52.89184761610996,5116837.356843338,43.10162560297247,43.59249835583913,42.12641278075847,42.132367232403844,21353070.6554256,285.1394663688881,285.4727307822498,281.4461405750241,281.3056544950034,9456826.574458005,,,,,,24.317000779577672,25.26510810814638,24.174511184505956,24.678490941398227,11148879.660184324,147.0093731371401,143.854443471936,139.70093514629008,141.29645208932308,2087752.6919400576,5.752698505274091,5.679178016055472,5.503827495492707,5.323636902720615,24376242.706155162,58.401360691841305,58.46918164708192,57.63103113750586,57.61837630517504,9656500.164983584,94.19289240642598,94.25910787317704,93.58256916980243,93.68991068372152,7616078.024679257,54.06230851707237,54.23361677653097,53.7273985889897,53.854552796581814,11845469.481143039,51.722678179594936,51.68916400964596,51.609478501937254,51.63365545496067,3019201.3121729735,93.67104159950074,94.26103274057125,93.58522897609373,95.29407568766514,3906140.3177996706,11.332558531236165,11.609338629530885,11.601720650020686,11.215177492066223,23188127.03419951,27.21528342076893,26.46777976668195,26.059072031760994,26.311288393165288,13892449.33243117,107.18771296298418,107.17531616332035,106.16336775129241,106.23318665777003,33079851.755907856,70.85772785232275,72.17710996166198,70.09481822441276,70.2539546841446,2787120.7005367167,92.62547831708788,92.6912307962347,92.27504602599751,92.34898132622018,4048376.1165644443,139.54015365815255,139.54375051783444,135.19619709289546,136.22955834620603,2723786.3210328883,110.48662976390115,113.62097649247352,110.1334836078279,112.94799801862084,8170910.476644233,45.422742661789506,46.21684324261556,43.79945539699629,43.80016675481831,10683144.026258815,131.88257500618406,133.30218881104628,128.5511688469128,130.0317940781376,2778161.7387370337,54.85423228175278,52.37063804763115,48.87199657715875,48.23215860894415,1599953.4537165742,240.4495638424232,246.58332984770288,238.69382752800095,241.41018859064033,569480.0791938012,92.4076267016037,93.62385707142026,91.3250471808903,91.87104915540114,4448576.9973499775,45.45069414039625,46.64147962970428,44.88098505656779,45.75879543830817,12133022.055682404,25.205261937099138,26.010440556145223,24.893098076114228,24.87732715416836,3554640.857716302,61.2304135439369,61.63519219149072,60.5160773312821,60.63223792737651,3280312.990327834,168.52608598558902,170.769265633248,167.9037094583088,170.19266846722843,9915079.191048875,107.6831655217031,109.9512415194656,107.55182999824702,109.83106668899437,1303992.356686938,91.64436652719927,94.13916413394871,90.71774399015831,90.71799471005588,1388964.9067321566,67.03302252545231,67.55445963781771,66.86501779594438,66.88273590352763,6013448.936739932,82.34044129743417,82.38105494849682,82.24845610695574,82.27698094451611,3752618.651413351,39.87986121136078,40.54664357167359,39.59765588208165,39.975726463405884,14819134.570419095,30.72210585614435,30.92347705885839,30.695534321884715,30.218074577655134,22041221.15864072,32.80610830064319,32.79274672410178,32.682548491096696,32.63945233678313,7941356.137147745,26.93851287740854,26.98495279886297,26.60233381306858,26.659870128955696,4664335.940556722,49.62053693093882,50.195054190387815,49.45067915443899,51.239034259262866,2831259.281162378,122.77814053179527,126.4521455448582,121.85879448993623,123.03187370097457,1811805.7395460785,56.854279218623546,57.791247326228024,56.83564420582975,57.4188465640827,2179557.445081999,40.45462111989891,41.81053884491176,40.08344575278204,40.42471137405196,4129412.381057122,108.46136277307122,108.54282951446791,108.10607321854947,108.19364444305548,2233658.669025839,181.37711457994635,187.3920899558731,180.44572230429225,206.4824125030762,1999604.5785554186,23.55108459989325,23.887354907741173,23.245471645005555,23.85393396800787,3264804.827927581,9.293679722994392,9.551451447827425,9.278698482500076,9.278745650424051,31747285.406630926,80.23510152844285,80.20745116338134,79.67002165824533,79.83551148005994,8187817.802082478,77.68097302637696,78.23241525062636,77.51675883170432,77.47418678883035,5092729.688977925,50.98341744782687,51.186792835344285,50.8366780767217,51.57994572832928,14212618.106152834,58.70162952810776,58.5472656093614,58.24610743615385,58.47273396679849,4217468.083941326,70.68534039136051,70.91374027203805,70.43642339996546,70.77337681696275,5439834.9061171375,56.70891042692895,56.77919380125771,55.967593211491135,56.12508439238351,2485890.1490784045,58.2199015304031,58.24982539577847,57.8691362319351,58.16691049349647,3872105.589579799,167.51991240426747,169.2745920236472,167.00476174175645,168.47393082999838,3139094.190698012,114.69394620043184,115.838077566478,114.36228110211746,115.64530339385693,2118432.1292499015,45.22795537648621,45.332541471473846,44.89446784251759,44.98051202264964,8749230.305281505,62.240872605796554,62.40923633847635,62.05682935685824,62.1851040010909,4702223.70559094,125.51205433532415,126.85201340216237,125.13867394349774,126.35297538102128,1233898.2502837887,58.95598764435489,55.91503662572783,55.02076746446975,59.04640329073589,8285043.636567592,75.72585939098101,73.66566005227853,71.08110707378052,71.18367447408227,1711676.4582578205,84.40593036648292,85.48331483221789,83.91156753945879,84.58471313477274,6338034.170304486,86.47411705551774,88.11430083565597,85.91635616860215,86.73099502483393,17617418.34890436,107.66700733344072,110.00083566371795,106.66653443977124,107.49710032542338,18076583.974948507,,,,,,19.91900286433137,45.959098843900705,16.866258536330516,18.401425803438727,4944443.46575379
1940,115.14504572723897,116.24746930469234,114.74665406948877,115.96899679122265,3213774.991073672,102.08327026515977,104.31296728859355,100.7171843945647,101.28714392770647,2820011.779297983,97.8498689222499,97.88112481591196,97.35908128876864,97.43873554645795,8768870.846843746,6.634307602144454,6.698540564044356,5.853064772271923,6.170434844429487,23468448.656425558,70.13040654230245,72.11103521160987,68.65193970677865,72.70575878498735,2646621.533200869,483.59554000056386,498.9371557911596,484.19531360380427,493.7862868057613,551952.0571706869,15.061402381989334,16.002337105868943,15.565354899792029,15.348849192652144,24968229.875417903,41.43895275997462,42.60452423487061,41.20536509870804,42.04235789107277,7796064.658878548,48.34059360321682,48.37104211981764,48.0358764080285,48.012972399794855,4577113.092302672,72.4123043101302,72.444691727421,72.0567952081372,72.20374860042938,6849442.197522482,31.866674956706994,32.083531034978876,31.67234043177801,31.823274011470385,10594164.857109655,77.65930271219281,77.68877850535597,77.09852449032178,77.12268807004101,2244180.1852918277,339.58270127078225,346.48471077191726,337.29165627935134,341.6979480738871,2584716.578967668,41.82564670849583,43.05615037933936,41.293628615755246,42.3641560128231,4657957.109353735,9.72855827756854,10.268972627785404,9.537401461438435,9.823087299366767,20403841.23385446,95.31360001764396,98.75745580647907,95.34995895845103,95.71818389368411,10247014.631242039,12.933901172900658,13.24559887575687,12.758261400743367,13.062168168918705,13933813.63534654,151.7500341316857,152.54572145528414,150.07080615453603,150.42379865599284,9195584.215429362,477.8836240759944,491.6637103849833,476.4696830369255,484.38476771269956,1466074.3961371065,33.51472310939602,34.26391262301866,33.10658525336211,34.086704513948,10088095.782260025,43.791932674306985,43.91401628459881,43.48574776469537,43.53817985077634,27071328.10114239,82.18728796841958,82.41520818303577,81.90018912599514,82.19469706020227,17002595.726036806,89.81980664160827,89.78642057439292,89.60714848496379,89.73589447592609,7372078.905456976,41.91763432627926,42.25743257458248,41.50514013524159,42.160484997619825,4126129.54801163,120.02420248094519,123.31295104722648,118.65823145788363,121.96301307439686,3983623.203562945,69.2716703742335,69.53503117094658,69.06735803516096,69.3322966075529,4524026.411116038,49.64468016804304,49.78875159304098,49.332323808613566,49.63962017781803,2925169.6509405836,55.279455976537875,55.57573704700245,55.14210268372272,55.29656837985875,3771690.5763614,24.773936946901934,24.885747941259496,24.351127223974594,24.35403720203471,22660321.92551495,37.43193748498903,38.68292460089705,36.60954605358477,36.609459127898575,16710684.011774512,150.09927817783762,152.95915976236904,147.37731830210947,149.69329141820174,1168510.0788935658,36.57422820244568,36.75996232959453,36.063083277616414,36.116613119097345,53106415.1726663,53.96174064614836,54.77669990858439,53.03726692054288,52.89184761610996,5116837.356843338,43.10162560297247,43.59249835583913,42.12641278075848,42.132367232403844,21353070.6554256,285.2885765090223,285.62190575540575,281.5907044113484,281.4483771252373,9456826.574458005,,,,,,24.317000779577672,25.26510810814638,24.174511184505956,24.678490941398227,11148879.660184324,147.01508822356914,143.854443471936,139.70093514629008,141.29645208932308,2087752.6919400576,5.752698505274091,5.676558225697677,5.503827495492707,5.320939404996909,24376242.706155162,58.43238643980809,58.500324216096935,57.6612440017867,57.64817934735275,9656500.164983584,94.19289240642598,94.25910787317704,93.58256916980243,93.69173295395646,7616078.024679257,54.06230851707237,54.23361677653097,53.7273985889897,53.854552796581814,11845469.481143039,51.722678179594936,51.68916400964596,51.609478502528,51.633655454576726,3019201.3121729735,93.67104159950074,94.26103274057125,93.58522897609373,95.30822424404036,3906140.3177996706,11.332558531236165,11.609338629530885,11.60879023494418,11.215177492066223,23188127.03419951,27.229257656230406,26.46777976668195,26.059072031760994,26.311288393165288,13892449.33243117,107.18771296298418,107.17531616332035,106.16336775129241,106.23318665777003,33079851.755907856,70.85772793892416,72.17710996166198,70.09481822441276,70.25395468414462,2787120.7005367167,92.62547831708788,92.6912307962347,92.27504602599751,92.34898132622018,4048376.1165644443,139.7308054601718,139.54375051783444,135.19619709289546,136.22955834620603,2723786.3210328883,110.48662976390115,113.62097649247352,110.1334836078279,112.94799801862084,8170910.476644233,45.422742661789506,46.21684324261556,43.79945539699629,43.80016675481831,10683144.026258815,131.85126886490605,133.30218881104628,128.5511688469128,130.0317940781376,2778161.7387370337,54.85423228175278,52.37401068198556,48.801279755934715,48.49387702106169,1599953.4537165742,240.18136332417305,246.36179023204792,238.13589607954842,241.45930302680253,569480.0791938012,92.4076267016037,93.62385707142026,91.3250471808903,91.87104915540114,4448576.9973499775,45.45069414039625,46.64147962970428,44.88098505656779,45.75879543830817,12133022.055682404,25.205261935693112,26.010440556145223,24.893098076114228,24.8773271541672,3554640.857716302,61.230463229210685,61.63519229750294,60.516072237536534,60.63223792737651,3280312.990327834,168.52608598558902,170.769265633248,167.9037094583088,170.19266846722843,9915079.191048875,107.6831655217031,109.9512415194656,107.55182999824702,109.83106668899437,1303992.356686938,91.64436652719927,94.13916413394871,90.71778491540447,90.71799471005588,1388964.9067321566,67.03302252545231,67.55445963781771,66.86503162073754,66.88273590352763,6013448.936739932,82.34610856893482,82.3867338937157,82.25408628215703,82.28259280978726,3752618.651413351,39.87986121136075,40.54664357167359,39.59765588208165,39.97572646310097,14819134.570419095,30.72210585614435,30.92347705885839,30.70332803515529,30.218096455904153,22041221.15864072,32.80610830064319,32.79274672410178,32.682548491096696,32.63945233678313,7941356.137147745,26.938512877408,26.984952798870623,26.602333813068373,26.65987017666992,4664335.940556722,49.62053693093882,50.195054190387815,49.45067915443899,51.256472289439536,2831259.281162378,122.77814053179527,126.45214554486216,121.85879448993623,123.03187370097457,1811805.7395460785,56.854279218623546,57.791247326228024,56.83564420582975,57.4188465640827,2179557.445081999,40.45464720662243,41.81053884491176,40.08344575278204,40.42471137405196,4129412.381057122,108.46136277307122,108.54282951446791,108.10607321854947,108.19364444305548,2233658.669025839,181.37711457823036,187.3920899558731,180.44572230429225,206.7821549825969,1999604.5785554186,23.55108459989325,23.887354907741173,23.245471645005555,23.85393396800787,3264804.827927581,9.291887474388027,9.551451447827425,9.278698482500076,9.278745650424051,31747285.406630926,80.23510152844285,80.20745116338134,79.67002165824533,79.83551148005837,8187817.802082478,77.68097302637696,78.24032665884761,77.51675883170432,77.47418678882944,5092729.688977925,50.98341744782687,51.186792835344285,50.8366780767217,51.587290111605625,14212618.106152834,58.70424694573953,58.5472656093614,58.24610743615385,58.47519383627895,4217468.083941326,70.68534039136051,70.91374027203805,70.43642339996546,70.77337681696275,5439834.9061171375,56.708910426923815,56.77919380126673,55.967593211491135,56.125084405906655,2485890.1490784083,58.22411521696021,58.254043727248806,57.8691362319351,58.17107406235061,3872105.589579799,167.51991240426747,169.2745920236472,167.00476174175645,168.47393082999838,3139094.190698012,114.69394620043184,115.838077566478,114.36228110211746,115.64530339385693,2118432.1292499015,45.22795537648621,45.332541471473846,44.89446784251759,44.98051202264964,8749230.305281505,62.240872605796554,62.40923633847607,62.05682935685824,62.1851040010909,4702223.70559094,125.51205433532415,126.85201340216237,125.13867394349774,126.35323792457692,1233898.2502837887,59.00478158554664,55.91503662571282,55.02076746446975,59.09502164114193,8285043.636567592,75.77522036711774,73.66566005227853,71.08110707378052,71.18367447408227,1711676.4582578205,84.40593036648292,85.48331483221789,83.91156753945879,84.58471313477274,6338034.170304486,86.47411705551774,88.11430083565597,85.91635616860215,86.73099502483393,17617418.34890436,107.66700733344072,110.00083566371795,106.66653443977124,107.49710032542338,18076583.974948507,,,,,,20.193402354414175,45.95909887957742,16.829079496820903,17.802424353830503,4944443.46575379
1941,115.14504572723897,116.24746930469234,114.74665406948877,115.96899679122265,3213774.991073672,102.08327026515977,104.31296728859355,100.7171843945647,101.28714392770647,2820011.779297983,97.8498689222499,97.88112481591196,97.35908128876864,97.43873554645795,8768870.846843746,6.634307602448533,6.698540564044356,5.848918348632686,6.170434844429487,23468448.656425558,70.2914225511123,72.08285168006823,68.79824676366454,72.52328252152667,2646621.533200869,483.72325181872753,499.27000932488994,484.7635534522564,494.020371499098,551952.0571706869,15.061402381989334,16.010840466491818,15.573029722243987,15.348849222669033,24968229.875417903,41.43895275997462,42.60452423487061,41.20536509870804,42.04235789107277,7796064.658878548,48.34304163256656,48.37349931379703,48.03587640802847,48.01297239979331,4577113.092302672,72.41230431012978,72.444691727421,72.05679520813345,72.20374860042938,6849442.197522482,31.866674956706994,32.083531034978876,31.672339937291866,31.82327401147036,10594164.857109655,77.66532233325994,77.6947949445347,77.09852449032178,77.12268807004101,2244180.1852918277,339.7465763138844,346.7427834952339,337.64506215944,342.07331778910134,2584716.578967668,41.82564670849583,43.05615037933936,41.293628615755246,42.36415601208101,4657957.109353735,9.72855827756854,10.268972627785404,9.537401461438435,9.823087299366767,20403841.23385446,95.31360001764396,98.75745580647907,95.34995895845103,95.71818389368411,10247014.631242039,12.933901172900658,13.24559887575687,12.758261400743367,13.062168168918705,13933813.63534654,151.7500341316857,152.54572145528414,150.07080615453603,150.42379865599284,9195584.215429362,478.2265544983781,492.14929145119436,476.81895187825523,484.7071209434231,1466074.3961371065,33.51472310939602,34.26391262301866,33.10658525336211,34.086704513948,10088095.782260025,43.791932674306985,43.91401628459881,43.48574776469537,43.53817985077634,27071328.10114239,82.18728796841958,82.41520818303577,81.90018912599514,82.19469706020227,17002595.726036806,89.81980664160827,89.78642057439292,89.60714848496379,89.73589447592603,7372078.905456976,41.91763432627926,42.25743257458248,41.50513474553572,42.160484997619825,4126129.54801163,120.02420248094519,123.31295104722648,118.65823145788363,121.96301307439686,3983623.203562945,69.2716703742335,69.53503117094658,69.06735803516096,69.3322966075529,4524026.411116038,49.64468016804304,49.78875159304098,49.332323808613566,49.63962017781803,2925169.6509405836,55.279455976537875,55.57573704700245,55.14210268372272,55.29656837985875,3771690.5763614,24.773936946901934,24.885747941259496,24.351127223974594,24.35403720203471,22660321.92551495,37.43193748498903,38.682923200781744,36.60954605358477,36.609459127898575,16710684.011774512,150.09927817783762,152.95915976236904,147.37731830210947,149.67707079859437,1168510.0788935658,36.57422820244568,36.75996232959453,36.063083277616414,36.116613119097345,53106415.1726663,53.961740646148264,54.77669990858439,53.03726692054288,52.89184761610996,5116837.356843338,43.10162560297247,43.59249835583913,42.12641278075848,42.132367232403844,21353070.6554256,285.437764624451,285.7711586805697,281.73534250238697,281.5911721669171,9456826.574458005,,,,,,24.317000779577672,25.26510810814638,24.174511184505956,24.678490941398227,11148879.660184324,147.06161799213714,143.854443471936,139.70093514629008,141.29645208932308,2087752.6919400576,5.752698505274091,5.673939643842504,5.503827495492707,5.318243274100825,24376242.706155162,58.46342867021682,58.53148337264709,57.6914727050548,57.677997805121464,9656500.164983584,94.19289240642598,94.25910787317704,93.58256916980243,93.68996482463787,7616078.024679257,54.06230851707237,54.23361677653097,53.7273985889897,53.854552796581814,11845469.481143039,51.722678179594936,51.68916400964596,51.60947850205809,51.63365545488095,3019201.3121729735,93.67104159950074,94.26103274057125,93.58522897609373,95.32237490108811,3906140.3177996706,11.332558531236165,11.609338629530885,11.61586412776583,11.215177492066223,23188127.03419951,27.243239067044556,26.46777976668195,26.059072031760994,26.311288393165288,13892449.33243117,107.18771296298418,107.17531616332035,106.16336775129241,106.23318665777003,33079851.755907856,70.85772786597678,72.17710996166198,70.09481822441276,70.25395468414462,2787120.7005367167,92.62547831708788,92.6912307962347,92.27504602599751,92.34898132622018,4048376.1165644443,139.73070506826588,139.54375051783444,135.19619709289546,136.22955834620603,2723786.3210328883,110.48662976390115,113.62097649247352,110.1334836078279,112.94799801862084,8170910.476644233,45.422742661789506,46.21684324261556,43.79945539699629,43.80016675481831,10683144.026258815,131.8890182713237,133.30218881104628,128.5511688469128,130.0317940781376,2778161.7387370337,54.85423228175278,52.365681014040014,48.693311983730666,48.22803842424786,1599953.4537165742,239.8502562191979,246.23079931355414,237.94263357991147,241.25281191877556,569480.0791938012,92.4076267016037,93.62385707142026,91.3250471808903,91.87104915540114,4448576.9973499775,45.45069414039625,46.64147962970428,44.88098505656779,45.75879543830817,12133022.055682404,25.205261934599424,26.010440556145223,24.893098076114228,24.877327154166395,3554640.857716302,61.23041767639545,61.63519220997964,60.516076774870896,60.63223792737651,3280312.990327834,168.52608598558902,170.769265633248,167.9037094583088,170.19266846722843,9915079.191048875,107.6831655217031,109.9512415194656,107.55182999824702,109.83106668899437,1303992.356686938,91.64436652719927,94.13916413394871,90.71774832623142,90.71799471005588,1388964.9067321566,67.03302252545231,67.55445963781771,66.86501944260847,66.88273590352763,6013448.936739932,82.35177623049856,82.39241323041315,82.25971684276219,82.28820505782686,3752618.651413351,39.87986121136072,40.54664357167359,39.59765588208165,39.97572646286301,14819134.570419095,30.72210585614435,30.92347705885839,30.711123727279404,30.218076761015634,22041221.15864072,32.80610830064319,32.79274672410178,32.682548491096696,32.63945233678313,7941356.137147745,26.938512877407614,26.98495279886502,26.60233381306852,26.65987013562576,4664335.940556722,49.62053693093882,50.195054190387815,49.45067915443899,51.27391625424985,2831259.281162378,122.77814053179527,126.45214554485936,121.85879448993623,123.03187370097457,1811805.7395460785,56.854279218623546,57.791247326228024,56.83564420582975,57.4188465640827,2179557.445081999,40.45462396283866,41.81053884491176,40.08344575278204,40.42471137405196,4129412.381057122,108.46136277307122,108.54282951446791,108.10607321854947,108.19364444305548,2233658.669025839,181.37711457690173,187.3920899558731,180.44572230429225,207.08233258660565,1999604.5785554186,23.55108459989325,23.887354907741173,23.245471645005555,23.85393396800787,3264804.827927581,9.290095571409568,9.551451447827425,9.278698482500076,9.278745650424051,31747285.406630926,80.23510152844285,80.20745116338134,79.67002165824533,79.83551148005726,8187817.802082478,77.68097302637696,78.2482388671257,77.51675883170432,77.4741867888288,5092729.688977925,50.98341744782687,51.186792835344285,50.8366780767217,51.594635540636574,14212618.106152834,58.70686448007802,58.5472656093614,58.24610743615385,58.477653809242824,4217468.083941326,70.68534039136051,70.91374027203805,70.43642339996546,70.77337681696275,5439834.9061171375,56.70891042692004,56.77919380126017,55.967593211491135,56.12508439476784,2485890.1490784106,58.22832920848441,58.258262364201954,57.8691362319351,58.17523792923169,3872105.589579799,167.51991240426747,169.2745920236472,167.00476174175645,168.47393082999838,3139094.190698012,114.69394620043184,115.838077566478,114.36228110211746,115.64530339385693,2118432.1292499015,45.22795537648621,45.332541471473846,44.89446784251759,44.98051202264964,8749230.305281505,62.240872605796554,62.40923633847587,62.05682935685824,62.1851040010909,4702223.70559094,125.51205433532415,126.85201340216237,125.13867394349774,126.35298933439412,1233898.2502837887,59.05361591023109,55.91503662572373,55.02076746446975,59.14368002352053,8285043.636567592,75.82461351860361,73.66566005227853,71.08110707378052,71.18367447408227,1711676.4582578205,84.40593036648292,85.48331483221789,83.91156753945879,84.58471313477274,6338034.170304486,86.47411705551774,88.11430083565597,85.91635616860215,86.73099502483393,17617418.34890436,107.66700733344072,110.00083566371795,106.66653443977124,107.49710032542338,18076583.974948507,,,,,,19.731580442003306,45.95909890912335,16.66427540269045,18.14809494072977,4944443.46575379
1942,115.14504572723897,116.24746930469234,114.74665406948877,115.96899679122265,3213774.991073672,102.08327026515977,104.31296728859355,100.7171843945647,101.28714392770647,2820011.779297983,97.8498689222499,97.88112481591196,97.35908128876864,97.43873554645795,8768870.846843746,6.634307602216737,6.698540564044356,5.8447748623996905,6.170434844429487,23468448.656425558,70.5374523516533,72.50196966620136,68.93031406363443,72.70167434332748,2646621.533200869,483.94361647742693,499.3125746989592,484.4431077746316,494.26090525344006,551952.0571706869,15.061402381989334,16.01934834565104,15.58070832892702,15.348849197022425,24968229.875417903,41.43895275997462,42.60452423487061,41.20536509870804,42.04235789107277,7796064.658878548,48.34548978588764,48.37595663259909,48.03587640802845,48.01297239979219,4577113.092302672,72.41230431012949,72.444691727421,72.0567952081362,72.20374860042938,6849442.197522482,31.866674956706994,32.083531034978876,31.67234036109585,31.823274011470378,10594164.857109655,77.67134242092715,77.70081184964354,77.09852449032178,77.12268807004101,2244180.1852918277,339.84106416147495,346.71069729425193,337.7605116490107,342.0962547602642,2584716.578967668,41.82564670849583,43.05615037933936,41.293628615755246,42.36415601266674,4657957.109353735,9.72855827756854,10.268972627785404,9.537401461438435,9.823087299366767,20403841.23385446,95.31360001764396,98.75745580647907,95.34995895845103,95.71818389368411,10247014.631242039,12.933901172900658,13.24559887575687,12.758261400743367,13.062168168918705,13933813.63534654,151.7500341316857,152.54572145528414,150.07080615453603,150.42379865599284,9195584.215429362,478.3536224453902,492.1075292265142,477.03090145718545,484.9015475834453,1466074.3961371065,33.51472310939602,34.26391262301866,33.10658525336211,34.086704513948,10088095.782260025,43.791932674306985,43.91401628459881,43.48574776469537,43.53817985077634,27071328.10114239,82.18728796841958,82.41520818303577,81.90018912599514,82.19469706020227,17002595.726036806,89.81980664160827,89.78642057439292,89.60714848496379,89.73589447592599,7372078.905456976,41.91763432627926,42.25743257458248,41.50513944457261,42.160484997619825,4126129.54801163,120.02420248094519,123.31295104722648,118.65823145788363,121.96301307439686,3983623.203562945,69.2716703742335,69.53503117094658,69.06735803516096,69.3322966075529,4524026.411116038,49.64468016804304,49.78875159304098,49.332323808613566,49.63962017781803,2925169.6509405836,55.279455976537875,55.57573704700245,55.14210268372272,55.29656837985875,3771690.5763614,24.773936946901934,24.885747941259496,24.351127223974594,24.35403720203471,22660321.92551495,37.43193748498903,38.682924382843176,36.60954605358477,36.609459127898575,16710684.011774512,150.09927817783762,152.95915976236904,147.37731830210947,149.9232850145582,1168510.0788935658,36.57422820244568,36.75996232959453,36.063083277616414,36.116613119097345,53106415.1726663,53.9617406461482,54.77669990858439,53.03726692054288,52.89184761610996,5116837.356843338,43.10162560297247,43.59249835583913,42.12641278075848,42.132367232403844,21353070.6554256,285.58703075595054,285.92048959847597,281.8800548862806,281.73403965678125,9456826.574458005,,,,,,24.317000779577672,25.26510810814638,24.174511184505956,24.678490941398227,11148879.660184324,147.18734225594048,143.854443471936,139.70093514629008,141.29645208932308,2087752.6919400576,5.752698505274091,5.671322269932472,5.503827495492707,5.31554850933979,24376242.706155162,58.494487391823796,58.562659125567436,57.7217172556137,57.70783168645487,9656500.164983584,94.19289240642598,94.25910787317704,93.58256916980243,93.6916804216044,7616078.024679257,54.06230851707237,54.23361677653097,53.7273985889897,53.854552796581814,11845469.481143039,51.722678179594936,51.68916400964596,51.609478502431884,51.633655454639886,3019201.3121729735,93.67104159950074,94.26103274057125,93.58522897609373,95.33652765912029,3906140.3177996706,11.332558531236165,11.609338629530885,11.622942331110682,11.215177492066223,23188127.03419951,27.25722765689571,26.46777976668195,26.059072031760994,26.311288393165288,13892449.33243117,107.18771296298418,107.17531616332035,106.16336775129241,106.23318665777003,33079851.755907856,70.85772792742289,72.17710996166198,70.09481822441276,70.25395468414462,2787120.7005367167,92.62547831708788,92.6912307962347,92.27504602599751,92.34898132622018,4048376.1165644443,139.84731474096984,139.54375051783444,135.19619709289546,136.22955834620603,2723786.3210328883,110.48662976390115,113.62097649247352,110.1334836078279,112.94799801862084,8170910.476644233,45.422742661789506,46.21684324261556,43.79945539699629,43.80016675481831,10683144.026258815,132.13633491738008,133.30218881104628,128.5511688469128,130.0317940781376,2778161.7387370337,54.85423228175278,52.162158217880766,48.48829394434448,48.24503237403927,1599953.4537165742,240.04176958105734,245.84323249884176,237.88370497067504,240.81781386027208,569480.0791938012,92.4076267016037,93.62385707142026,91.3250471808903,91.87104915540114,4448576.9973499775,45.45069414039625,46.64147962970428,44.88098505656779,45.75879543830817,12133022.055682404,25.205261933748687,26.010440556145223,24.893098076114228,24.877327154165833,3554640.857716302,61.23045944045988,61.635192282238556,60.516072733168606,60.63223792737651,3280312.990327834,168.52608598558902,170.769265633248,167.9037094583088,170.19266846722843,9915079.191048875,107.6831655217031,109.9512415194656,107.55182999824702,109.83106668899437,1303992.356686938,91.64436652719927,94.13916413394871,90.7177810387429,90.71799471005588,1388964.9067321566,67.03302252545231,67.55445963781771,66.86503017020677,66.88273590352763,6013448.936739932,82.35744428215223,82.39809295861619,82.26534778879758,82.29381768866101,3752618.651413351,39.879861211360705,40.54664357167359,39.59765588208165,39.975726462677294,14819134.570419095,30.72210585614435,30.92347705885839,30.718921398759488,30.218094490434176,22041221.15864072,32.80610830064319,32.79274672410178,32.682548491096696,32.63945233678313,7941356.137147745,26.938512877407334,26.984952798869124,26.60233381306842,26.659870170932276,4664335.940556722,49.62053693093882,50.195054190387815,49.45067915443899,51.29136615571351,2831259.281162378,122.77814053179527,126.45214554486135,121.85879448993623,123.03187370097457,1811805.7395460785,56.854279218623546,57.791247326228024,56.83564420582975,57.4188465640827,2179557.445081999,40.454644673507204,41.81053884491176,40.08344575278204,40.42471137405196,4129412.381057122,108.46136277307122,108.54282951446791,108.10607321854947,108.19364444305548,2233658.669025839,181.377114575873,187.3920899558731,180.44572230429225,207.3829459467557,1999604.5785554186,23.55108459989325,23.887354907741173,23.245471645005555,23.85393396800787,3264804.827927581,9.288304013992361,9.551451447827425,9.278698482500076,9.278745650424051,31747285.406630926,80.23510152844285,80.20745116338134,79.67002165824533,79.83551148005647,8187817.802082478,77.68097302637696,78.25615187554158,77.51675883170432,77.47418678882835,5092729.688977925,50.98341744782687,51.186792835344285,50.8366780767217,51.60198201557103,14212618.106152834,58.709482131128446,58.5472656093614,58.24610743615385,58.48011388569446,4217468.083941326,70.68534039136051,70.91374027203805,70.43642339996546,70.77337681696275,5439834.9061171375,56.70891042691727,56.779193801264945,55.967593211491135,56.125084403942715,2485890.149078415,58.232543504997786,58.262481306660035,57.8691362319351,58.17940209416103,3872105.589579799,167.51991240426747,169.2745920236472,167.00476174175645,168.47393082999838,3139094.190698012,114.69394620043184,115.838077566478,114.36228110211746,115.64530339385693,2118432.1292499015,45.22795537648621,45.332541471473846,44.89446784251759,44.98051202264964,8749230.305281505,62.240872605796554,62.409236338475736,62.05682935685824,62.1851040010909,4702223.70559094,125.51205433532415,126.85201340216237,125.13867394349774,126.35322471278243,1233898.2502837887,59.10249065183097,55.9150366257158,55.02076746446975,59.19237847083371,8285043.636567592,75.87403886641174,73.66566005227853,71.08110707378052,71.18367447408227,1711676.4582578205,84.40593036648292,85.48331483221789,83.91156753945879,84.58471313477274,6338034.170304486,86.47411705551774,88.11430083565597,85.91635616860215,86.73099502483393,17617418.34890436,107.66700733344072,110.00083566371795,106.66653443977124,107.49710032542338,18076583.974948507,,,,,,19.328032251768718,45.95909893359199,16.09162058768702,17.87547424019728,4944443.46575379
1943,115.14504572723897,116.24746930469234,114.74665406948877,115.96899679122265,3213774.991073672,102.08327026515977,104.31296728859355,100.7171843945647,101.28714392770647,2820011.779297983,97.8498689222499,97.88112481591196,97.35908128876864,97.43873554645795,8768870.846843746,6.634307602393433,6.698540564044356,5.840634311492022,6.170434844429487,23468448.656425558,70.01201212273813,71.97310881591797,68.70743570182678,72.52727553943991,2646621.533200869,483.99270825738154,499.15023267327075,484.73025078623283,494.29016958252447,551952.0571706869,15.061402381989334,16.02786074574768,15.58839072170702,15.34884921893504,24968229.875417903,41.43895275997462,42.60452423487061,41.20536509870804,42.04235789107277,7796064.658878548,48.34793806318632,48.37841407623015,48.035876408028436,48.01297239979137,4577113.092302672,72.41230431012927,72.444691727421,72.05679520813419,72.20374860042938,6849442.197522482,31.866674956706994,32.083531034978876,31.672339997870676,31.823274011470367,10594164.857109655,77.67736297523062,77.70682922071856,77.09852449032178,77.12268807004101,2244180.1852918277,340.00552103436064,346.9016077539405,337.8923894534571,342.37312615728746,2584716.578967668,41.82564670849583,43.05615037933936,41.293628615755246,42.36415601220443,4657957.109353735,9.72855827756854,10.268972627785404,9.537401461438435,9.823087299366767,20403841.23385446,95.31360001764396,98.75745580647907,95.34995895845103,95.71818389368411,10247014.631242039,12.933901172900658,13.24559887575687,12.758261400743367,13.062168168918705,13933813.63534654,151.7500341316857,152.54572145528414,150.07080615453603,150.42379865599284,9195584.215429362,478.68431650147795,492.4090135127767,477.4565309773344,485.1406625026269,1466074.3961371065,33.51472310939602,34.26391262301866,33.10658525336211,34.086704513948,10088095.782260025,43.791932674306985,43.91401628459881,43.48574776469537,43.53817985077634,27071328.10114239,82.18728796841958,82.41520818303577,81.90018912599514,82.19469706020227,17002595.726036806,89.81980664160827,89.78642057439292,89.60714848496379,89.73589447592596,7372078.905456976,41.91763432627926,42.25743257458248,41.50513534769827,42.160484997619825,4126129.54801163,120.02420248094519,123.31295104722648,118.65823145788363,121.96301307439686,3983623.203562945,69.2716703742335,69.53503117094658,69.06735803516096,69.3322966075529,4524026.411116038,49.64468016804304,49.78875159304098,49.332323808613566,49.63962017781803,2925169.6509405836,55.279455976537875,55.57573704700245,55.14210268372272,55.29656837985875,3771690.5763614,24.773936946901934,24.885747941259496,24.351127223974594,24.35403720203471,22660321.92551495,37.43193748498903,38.68292338487593,36.60954605358477,36.609459127898575,16710684.011774512,150.09927817783762,152.95915976236904,147.37731830210947,149.75895384395352,1168510.0788935658,36.57422820244568,36.75996232959453,36.063083277616414,36.116613119097345,53106415.1726663,53.96174064614816,54.77669990858439,53.03726692054288,52.89184761610996,5116837.356843338,43.10162560297247,43.59249835583913,42.12641278075848,42.132367232403844,21353070.6554256,285.7363749443184,286.06989854987984,282.02484160118956,281.876979631587,9456826.574458005,,,,,,24.317000779577672,25.26510810814638,24.174511184505956,24.678490941398227,11148879.660184324,147.0582355739726,143.854443471936,139.70093514629008,141.29645208932308,2087752.6919400576,5.752698505274091,5.6687061034103605,5.503827495492707,5.312855110021578,24376242.706155162,58.52556261338997,58.59385148369773,57.75197766177128,57.73768099933079,9656500.164983584,94.19289240642598,94.25910787317704,93.58256916980243,93.69001579621721,7616078.024679257,54.06230851707237,54.23361677653097,53.7273985889897,53.854552796581814,11845469.481143039,51.722678179594936,51.68916400964596,51.60947850213454,51.6336554548309,3019201.3121729735,93.67104159950074,94.26103274057125,93.58522897609373,95.35068251844883,3906140.3177996706,11.332558531236165,11.609338629530885,11.63002484760538,11.215177492066223,23188127.03419951,27.271223429470094,26.46777976668195,26.059072031760994,26.311288393165288,13892449.33243117,107.18771296298418,107.17531616332035,106.16336775129241,106.23318665777003,33079851.755907856,70.85772787566471,72.17710996166198,70.09481822441276,70.25395468414462,2787120.7005367167,92.62547831708788,92.6912307962347,92.27504602599751,92.34898132622018,4048376.1165644443,139.72735148823062,139.54375051783444,135.19619709289546,136.22955834620603,2723786.3210328883,110.48662976390115,113.62097649247352,110.1334836078279,112.94799801862084,8170910.476644233,45.422742661789506,46.21684324261556,43.79945539699629,43.80016675481831,10683144.026258815,132.09320509544457,133.30218881104628,128.5511688469128,130.0317940781376,2778161.7387370337,54.85423228175278,51.795319818456775,48.47151521275373,47.81631152449579,1599953.4537165742,239.77920440386512,245.6921812132377,237.64992119919316,240.67733119666434,569480.0791938012,92.4076267016037,93.62385707142026,91.3250471808903,91.87104915540114,4448576.9973499775,45.45069414039625,46.64147962970428,44.88098505656779,45.75879543830817,12133022.055682404,25.205261933086934,26.010440556145223,24.893098076114228,24.877327154165442,3554640.857716302,61.2304211500256,61.635192222581864,60.5160763333788,60.63223792737651,3280312.990327834,168.52608598558902,170.769265633248,167.9037094583088,170.19266846722843,9915079.191048875,107.6831655217031,109.9512415194656,107.55182999824702,109.83106668899437,1303992.356686938,91.64436652719927,94.13916413394871,90.71775179215659,90.71799471005588,1388964.9067321566,67.03302252545231,67.55445963781771,66.86502072036726,66.88273590352763,6013448.936739932,82.36311272392267,82.40377307835178,82.27097912028961,82.29943070231582,3752618.651413351,39.87986121136069,40.54664357167359,39.59765588208165,39.97572646253236,14819134.570419095,30.72210585614435,30.92347705885839,30.726721050098107,30.21807853033968,22041221.15864072,32.80610830064319,32.79274672410178,32.682548491096696,32.63945233678313,7941356.137147745,26.938512877407135,26.984952798866118,26.60233381306849,26.659870140561324,4664335.940556722,49.62053693093882,50.195054190387815,49.45067915443899,51.30882199585094,2831259.281162378,122.77814053179527,126.45214554485995,121.85879448993623,123.03187370097457,1811805.7395460785,56.854279218623546,57.791247326228024,56.83564420582975,57.4188465640827,2179557.445081999,40.454626219894166,41.81053884491176,40.08344575278204,40.42471137405196,4129412.381057122,108.46136277307122,108.54282951446791,108.10607321854947,108.19364444305548,2233658.669025839,181.37711457507652,187.3920899558731,180.44572230429225,207.6839956956173,1999604.5785554186,23.55108459989325,23.887354907741173,23.245471645005555,23.85393396800787,3264804.827927581,9.286512802069769,9.551451447827425,9.278698482500076,9.278745650424051,31747285.406630926,80.23510152844285,80.20745116338134,79.67002165824533,79.8355114800559,8187817.802082478,77.68097302637696,78.26406568417612,77.51675883170432,77.47418678882802,5092729.688977925,50.98341744782687,51.186792835344285,50.8366780767217,51.60932953655792,14212618.106152834,58.71209989889601,58.5472656093614,58.24610743615385,58.48257406563821,4217468.083941326,70.68534039136051,70.91374027203805,70.43642339996546,70.77337681696275,5439834.9061171375,56.70891042691523,56.77919380126147,55.967593211491135,56.12508439638551,2485890.149078409,58.23675810652241,58.266700554645176,57.8691362319351,58.183566557159956,3872105.589579799,167.51991240426747,169.2745920236472,167.00476174175645,168.47393082999838,3139094.190698012,114.69394620043184,115.838077566478,114.36228110211746,115.64530339385693,2118432.1292499015,45.22795537648621,45.332541471473846,44.89446784251759,44.98051202264964,8749230.305281505,62.240872605796554,62.40923633847564,62.05682935685824,62.1851040010909,4702223.70559094,125.51205433532415,126.85201340216237,125.13867394349774,126.35300184402287,1233898.2502837887,59.15140584379667,55.91503662572157,55.02076746446975,59.24111701607062,8285043.636567592,75.92349643152889,73.66566005227853,71.08110707378052,71.18367447408227,1711676.4582578205,84.40593036648292,85.48331483221789,83.91156753945879,84.58471313477274,6338034.170304486,86.47411705551774,88.11430083565597,85.91635616860215,86.73099502483393,17617418.34890436,107.66700733344072,110.00083566371795,106.66653443977124,107.49710032542338,18076583.974948507,,,,,,19.163848630582955,45.95909895385587,15.85526183992778,17.355437130545376,4944443.46575379
1944,115.14504572723897,116.24746930469234,114.74665406948877,115.96899679122265,3213774.991073672,102.08327026515977,104.31296728859355,100.7171843945647,101.28714392770647,2820011.779297983,97.8498689222499,97.88112481591196,97.35908128876864,97.43873554645795,8768870.846843746,6.634307602258739,6.698540564044356,5.83649669383024,6.170434844429487,23468448.656425558,69.94981183053771,71.87970810594533,68.69172404038768,72.69777070278532,2646621.533200869,484.3482914455365,500.20740833755355,485.64201683575885,494.797612501895,551952.0571706869,15.061402381989334,16.03637766918409,15.596076902450799,15.34884920021277,24968229.875417903,41.43895275997462,42.60452423487061,41.20536509870804,42.04235789107277,7796064.658878548,48.35038646446889,48.380871644696555,48.03587640802843,48.012972399790776,4577113.092302672,72.41230431012912,72.444691727421,72.05679520813565,72.20374860042938,6849442.197522482,31.866674956706994,32.083531034978876,31.672340309176214,31.823274011470374,10594164.857109655,77.68338399620653,77.71284705779584,77.09852449032178,77.12268807004101,2244180.1852918277,340.03165818089445,347.13818144717106,337.9379550779674,342.3957975130873,2584716.578967668,41.82564670849583,43.05615037933936,41.293628615755246,42.364156012569325,4657957.109353735,9.72855827756854,10.268972627785404,9.537401461438435,9.823087299366767,20403841.23385446,95.31360001764396,98.75745580647907,95.34995895845103,95.71818389368411,10247014.631242039,12.933901172900658,13.24559887575687,12.758261400743367,13.062168168918705,13933813.63534654,151.7500341316857,152.54572145528414,150.07080615453603,150.42379865599284,9195584.215429362,478.71074600398697,492.8921939428927,477.6921284424161,485.7565397713277,1466074.3961371065,33.51472310939602,34.26391262301866,33.10658525336211,34.086704513948,10088095.782260025,43.791932674306985,43.91401628459881,43.48574776469537,43.53817985077634,27071328.10114239,82.18728796841958,82.41520818303577,81.90018912599514,82.19469706020227,17002595.726036806,89.81980664160827,89.78642057439292,89.60714848496379,89.73589447592595,7372078.905456976,41.91763432627926,42.25743257458248,41.505138919574755,42.160484997619825,4126129.54801163,120.02420248094519,123.31295104722648,118.65823145788363,121.96301307439686,3983623.203562945,69.2716703742335,69.53503117094658,69.06735803516096,69.3322966075529,4524026.411116038,49.64468016804304,49.78875159304098,49.332323808613566,49.63962017781803,2925169.6509405836,55.279455976537875,55.57573704700245,55.14210268372272,55.29656837985875,3771690.5763614,24.773936946901934,24.885747941259496,24.351127223974594,24.35403720203471,22660321.92551495,37.43193748498903,38.68292422741982,36.60954605358477,36.609459127898575,16710684.011774512,150.09927817783762,152.95915976236904,147.37731830210947,149.90971191279365,1168510.0788935658,36.57422820244568,36.75996232959453,36.063083277616414,36.116613119097345,53106415.1726663,53.96174064614813,54.77669990858439,53.03726692054288,52.89184761610996,5116837.356843338,43.10162560297247,43.59249835583913,42.12641278075848,42.132367232403844,21353070.6554256,285.8857972303735,286.21938557555814,282.16970268529366,282.0199921281101,9456826.574458005,,,,,,24.317000779577672,25.26510810814638,24.174511184505956,24.678490941398227,11148879.660184324,147.28211491903122,143.854443471936,139.70093514629008,141.29645208932308,2087752.6919400576,5.752698505274091,5.666091143719204,5.503827495492707,5.3101630754543185,24376242.706155162,58.55665434368096,58.62506045588245,57.782253931839776,57.76754575173118,9656500.164983584,94.19289240642598,94.25910787317704,93.58256916980243,93.69163096442615,7616078.024679257,54.06230851707237,54.23361677653097,53.7273985889897,53.854552796581814,11845469.481143039,51.722678179594936,51.68916400964596,51.60947850237106,51.63365545467955,3019201.3121729735,93.67104159950074,94.26103274057125,93.58522897609373,95.36483947938574,3906140.3177996706,11.332558531236165,11.609338629530885,11.637111679878172,11.215177492066223,23188127.03419951,27.28522638845582,26.46777976668195,26.059072031760994,26.311288393165288,13892449.33243117,107.18771296298418,107.17531616332035,106.16336775129241,106.23318665777003,33079851.755907856,70.85772791926242,72.17710996166198,70.09481822441276,70.25395468414462,2787120.7005367167,92.62547831708788,92.6912307962347,92.27504602599751,92.34898132622018,4048376.1165644443,139.77119240554816,139.54375051783444,135.19619709289546,136.22955834620603,2723786.3210328883,110.48662976390115,113.62097649247352,110.1334836078279,112.94799801862084,8170910.476644233,45.422742661789506,46.21684324261556,43.79945539699629,43.80016675481831,10683144.026258815,132.0828288972596,133.30218881104628,128.5511688469128,130.0317940781376,2778161.7387370337,54.85423228175278,52.079981667699734,48.60531169236787,47.93598153355849,1599953.4537165742,240.06011643477856,246.08322573189523,238.28971286391774,240.87929583605245,569480.0791938012,92.4076267016037,93.62385707142026,91.3250471808903,91.87104915540114,4448576.9973499775,45.45069414039625,46.64147962970428,44.88098505656779,45.75879543830817,12133022.055682404,25.20526193257218,26.010440556145223,24.893098076114228,24.87732715416517,3554640.857716302,61.23045625574094,61.63519227183421,60.51607312643468,60.63223792737651,3280312.990327834,168.52608598558902,170.769265633248,167.9037094583088,170.19266846722843,9915079.191048875,107.6831655217031,109.9512415194656,107.55182999824702,109.83106668899437,1303992.356686938,91.64436652719927,94.13916413394871,90.71777794003617,90.71799471005588,1388964.9067321566,67.03302252545231,67.55445963781771,66.86502904464118,66.88273590352763,6013448.936739932,82.36878155583675,82.40945358964692,82.27661083726466,82.30504409881739,3752618.651413351,39.879861211360684,40.54664357167359,39.59765588208165,39.975726462419246,14819134.570419095,30.72210585614435,30.92347705885839,30.73452268179796,30.21809289768149,22041221.15864072,32.80610830064319,32.79274672410178,32.682548491096696,32.63945233678313,7941356.137147745,26.93851287740699,26.984952798868317,26.60233381306844,26.65987016668666,4664335.940556722,49.62053693093882,50.195054190387815,49.45067915443899,51.32628377668322,2831259.281162378,122.77814053179527,126.45214554486094,121.85879448993623,123.03187370097457,1811805.7395460785,56.854279218623546,57.791247326228024,56.83564420582975,57.4188465640827,2179557.445081999,40.45464266242636,41.81053884491176,40.08344575278204,40.42471137405196,4129412.381057122,108.46136277307122,108.54282951446791,108.10607321854947,108.19364444305548,2233658.669025839,181.37711457445982,187.3920899558731,180.44572230429225,207.98548246667895,1999604.5785554186,23.55108459989325,23.887354907741173,23.245471645005555,23.85393396800787,3264804.827927581,9.284721935575163,9.551451447827425,9.278698482500076,9.278745650424051,31747285.406630926,80.23510152844285,80.20745116338134,79.67002165824533,79.8355114800555,8187817.802082478,77.68097302637696,78.27198029311026,77.51675883170432,77.4741867888278,5092729.688977925,50.98341744782687,51.186792835344285,50.8366780767217,51.61667810374619,14212618.106152834,58.71471778338591,58.5472656093614,58.24610743615385,58.48503434907843,4217468.083941326,70.68534039136051,70.91374027203805,70.43642339996546,70.77337681696275,5439834.9061171375,56.70891042691374,56.779193801264,55.967593211491135,56.12508440261027,2485890.1490784106,58.24097301308035,58.270920108179496,57.8691362319351,58.18773131824982,3872105.589579799,167.51991240426747,169.2745920236472,167.00476174175645,168.47393082999838,3139094.190698012,114.69394620043184,115.838077566478,114.36228110211746,115.64530339385693,2118432.1292499015,45.22795537648621,45.332541471473846,44.89446784251759,44.98051202264964,8749230.305281505,62.240872605796554,62.409236338475566,62.05682935685824,62.1851040010909,4702223.70559094,125.51205433532415,126.85201340216237,125.13867394349774,126.35321286800153,1233898.2502837887,59.200361519606254,55.91503662571738,55.02076746446975,59.289895692247576,8285043.636567592,75.97298623495554,73.66566005227853,71.08110707378052,71.18367447408227,1711676.4582578205,84.40593036648292,85.48331483221789,83.91156753945879,84.58471313477274,6338034.170304486,86.47411705551774,88.11430083565597,85.91635616860215,86.73099502483393,17617418.34890436,107.66700733344072,110.00083566371795,106.66653443977124,107.49710032542338,18076583.974948507,,,,,,18.131114102423712,45.959098970637534,14.995809073285633,16.645030585760097,4944443.46575379
1945,115.14504572723897,116.24746930469234,114.74665406948877,115.96899679122265,3213774.991073672,102.08327026515977,104.31296728859355,100.7171843945647,101.28714392770647,2820011.779297983,97.8498689222499,97.88112481591196,97.35908128876864,97.43873554645795,8768870.846843746,6.634307602361415,6.698540564044356,5.832362007336376,6.170434844429487,23468448.656425558,70.00079190771551,71.98088318005921,68.52191190143054,72.53109180318165,2646621.533200869,484.49574191148145,500.12607093058716,485.32016351150355,494.7146057127908,551952.0571706869,15.061402381989334,16.04489911836389,15.603766873026093,15.34884921620919,24968229.875417903,41.43895275997462,42.60452423487061,41.20536509870804,42.04235789107277,7796064.658878548,48.35283498974163,48.38332933800465,48.03587640802842,48.01297239979034,4577113.092302672,72.412304310129,72.444691727421,72.05679520813459,72.20374860042938,6849442.197522482,31.866674956706994,32.083531034978876,31.672340042368884,31.823274011470367,10594164.857109655,77.68940548389104,77.71886536091148,77.09852449032178,77.12268807004101,2244180.1852918277,340.1351169210581,347.06225201947876,337.8418698649051,342.41526158002875,2584716.578967668,41.82564670849583,43.05615037933936,41.293628615755246,42.36415601228132,4657957.109353735,9.72855827756854,10.268972627785404,9.537401461438435,9.823087299366767,20403841.23385446,95.31360001764396,98.75745580647907,95.34995895845103,95.71818389368411,10247014.631242039,12.933901172900658,13.24559887575687,12.758261400743367,13.062168168918705,13933813.63534654,151.7500341316857,152.54572145528414,150.07080615453603,150.42379865599284,9195584.215429362,478.77904808935637,492.5957397284787,477.36458812639285,485.315023145243,1466074.3961371065,33.51472310939602,34.26391262301866,33.10658525336211,34.086704513948,10088095.782260025,43.791932674306985,43.91401628459881,43.48574776469537,43.53817985077634,27071328.10114239,82.18728796841958,82.41520818303577,81.90018912599514,82.19469706020227,17002595.726036806,89.81980664160827,89.78642057439292,89.60714848496379,89.73589447592593,7372078.905456976,41.91763432627926,42.25743257458248,41.505135805419776,42.160484997619825,4126129.54801163,120.02420248094519,123.31295104722648,118.65823145788363,121.96301307439686,3983623.203562945,69.2716703742335,69.53503117094658,69.06735803516096,69.3322966075529,4524026.411116038,49.64468016804304,49.78875159304098,49.332323808613566,49.63962017781803,2925169.6509405836,55.279455976537875,55.57573704700245,55.14210268372272,55.29656837985875,3771690.5763614,24.773936946901934,24.885747941259496,24.351127223974594,24.35403720203471,22660321.92551495,37.43193748498903,38.682923516093666,36.60954605358477,36.609459127898575,16710684.011774512,150.09927817783762,152.95915976236904,147.37731830210947,149.9000008863148,1168510.0788935658,36.57422820244568,36.75996232959453,36.063083277616414,36.116613119097345,53106415.1726663,53.96174064614811,54.77669990858439,53.03726692054288,52.89184761610996,5116837.356843338,43.10162560297247,43.59249835583913,42.12641278075848,42.132367232403844,21353070.6554256,286.035297654956,286.36895071630886,282.3146381767924,282.16307718314505,9456826.574458005,,,,,,24.317000779577672,25.26510810814638,24.174511184505956,24.678490941398227,11148879.660184324,147.28783000546025,143.854443471936,139.70093514629008,141.29645208932308,2087752.6919400576,5.752698505274091,5.663477390302295,5.503827495492707,5.3074724049464885,24376242.706155162,58.58776259146703,58.65628605097076,57.812546074135795,57.797425951642104,9656500.164983584,94.19289240642598,94.25910787317704,93.58256916980243,93.6900637839883,7616078.024679257,54.06230851707237,54.23361677653097,53.7273985889897,53.854552796581814,11845469.481143039,51.722678179594936,51.68916400964596,51.60947850218292,51.63365545479948,3019201.3121729735,93.67104159950074,94.26103274057125,93.58522897609373,95.37899854224301,3906140.3177996706,11.332558531236165,11.609338629530885,11.644202830558907,11.215177492066223,23188127.03419951,27.299236537542892,26.46777976668195,26.059072031760994,26.311288393165288,13892449.33243117,107.18771296298418,107.17531616332035,106.16336775129241,106.23318665777003,33079851.755907856,70.85772788253855,72.17710996166198,70.09481822441276,70.25395468414462,2787120.7005367167,92.62547831708788,92.6912307962347,92.27504602599751,92.34898132622018,4048376.1165644443,139.96184420744362,139.54375051783444,135.19619709289546,136.22955834620603,2723786.3210328883,110.48662976390115,113.62097649247352,110.1334836078279,112.94799801862084,8170910.476644233,45.422742661789506,46.21684324261556,43.79945539699629,43.80016675481831,10683144.026258815,132.0515183815289,133.30218881104628,128.5511688469128,130.0317940781376,2778161.7387370337,54.85423228175278,52.08335430205415,48.53459487114384,48.197699945676035,1599953.4537165742,239.7919159165284,245.86168611624026,237.7317814154652,240.92841027221698,569480.0791938012,92.4076267016037,93.62385707142026,91.3250471808903,91.87104915540114,4448576.9973499775,45.45069414039625,46.64147962970428,44.88098505656779,45.75879543830817,12133022.055682404,25.205261932171776,26.010440556145223,24.893098076114228,24.877327154164977,3554640.857716302,61.230424069862856,61.63519223117166,60.516075983070834,60.63223792737651,3280312.990327834,168.52608598558902,170.769265633248,167.9037094583088,170.19266846722843,9915079.191048875,107.6831655217031,109.9512415194656,107.55182999824702,109.83106668899437,1303992.356686938,91.64436652719927,94.13916413394871,90.71775456255207,90.71799471005588,1388964.9067321566,67.03302252545231,67.55445963781771,66.86502171186729,66.88273590352763,6013448.936739932,82.3744507779213,82.4151344925286,82.2822429397491,82.31065787819185,3752618.651413351,39.87986121136068,40.54664357167359,39.59765588208165,39.975726462330975,14819134.570419095,30.72210585614435,30.92347705885839,30.742326294361863,30.21807996414211,22041221.15864072,32.80610830064319,32.79274672410178,32.682548491096696,32.63945233678313,7941356.137147745,26.938512877406886,26.984952798866708,26.602333813068476,26.659870144213436,4664335.940556722,49.62053693093882,50.195054190387815,49.45067915443899,51.34375150023213,2831259.281162378,122.77814053179527,126.45214554486023,121.85879448993623,123.03187370097457,1811805.7395460785,56.854279218623546,57.791247326228024,56.83564420582975,57.4188465640827,2179557.445081999,40.454628011806754,41.81053884491176,40.08344575278204,40.42471137405196,4129412.381057122,108.46136277307122,108.54282951446791,108.10607321854947,108.19364444305548,2233658.669025839,181.37711457398234,187.3920899558731,180.44572230429225,208.28740689434875,1999604.5785554186,23.55108459989325,23.887354907741173,23.245471645005555,23.85393396800787,3264804.827927581,9.28293141444193,9.551451447827425,9.278698482500076,9.278745650424051,31747285.406630926,80.23510152844285,80.20745116338134,79.67002165824533,79.83551148005522,8187817.802082478,77.68097302637696,78.27989570242494,77.51675883170432,77.47418678882762,5092729.688977925,50.98341744782687,51.186792835344285,50.8366780767217,51.6240277172848,14212618.106152834,58.71733578460335,58.5472656093614,58.24610743615385,58.48749473601948,4217468.083941326,70.68534039136051,70.91374027203805,70.43642339996546,70.77337681696275,5439834.9061171375,56.70891042691264,56.77919380126216,55.967593211491135,56.12508439748303,2485890.149078411,58.245188224693685,58.27513996728513,57.8691362319351,58.19189637745195,3872105.589579799,167.51991240426747,169.2745920236472,167.00476174175645,168.47393082999838,3139094.190698012,114.69394620043184,115.838077566478,114.36228110211746,115.64530339385693,2118432.1292499015,45.22795537648621,45.332541471473846,44.89446784251759,44.98051202264964,8749230.305281505,62.240872605796554,62.409236338475516,62.05682935685824,62.1851040010909,4702223.70559094,125.51205433532415,126.85201340216237,125.13867394349774,126.35301305929053,1233898.2502837887,59.24935771276551,55.915036625720425,55.02076746446975,59.33871453240808,8285043.636567592,76.02250829770583,73.66566005227853,71.08110707378052,71.18367447408227,1711676.4582578205,84.40593036648292,85.48331483221789,83.91156753945879,84.58471313477274,6338034.170304486,86.47411705551774,88.11430083565597,85.91635616860215,86.73099502483393,17617418.34890436,107.66700733344072,110.00083566371795,106.66653443977124,107.49710032542338,18076583.974948507,,,,,,18.405513592506516,45.95909898453539,14.958630033776023,16.046029136151873,4944443.46575379
1947,115.14504572723897,116.24746930469234,114.74665406948877,115.96899679122265,3213774.991073672,102.08327026515977,104.31296728859355,100.7171843945647,101.28714392770647,2820011.779297983,97.8498689222499,97.88112481591196,97.35908128876864,97.43873554645795,8768870.846843746,6.634307602283146,6.698540564044356,5.828230249933934,6.170434844429487,23468448.656425558,70.16180206086797,71.95269964851757,68.66821895831643,72.69403986005295,2646621.533200869,484.62347908643903,500.4589244643175,485.8884033599557,494.9486904061275,551952.0571706869,15.061402381989334,16.053425095691978,15.611460635301558,15.348849202541754,24968229.875417903,41.43895275997462,42.60452423487061,41.20536509870804,42.04235789107277,7796064.658878548,48.355283639010814,48.38578715616077,48.035876408028415,48.01297239979003,4577113.092302672,72.41230431012892,72.444691727421,72.05679520813537,72.20374860042938,6849442.197522482,31.866674956706994,32.083531034978876,31.672340271038603,31.82327401147037,10594164.857109655,77.69542743832032,77.72488413010157,77.09852449032178,77.12268807004101,2244180.1852918277,340.29899261441136,347.3203247427954,338.19527574499375,342.4682786296615,2584716.578967668,41.82564670849583,43.05615037933936,41.293628615755246,42.36415601250864,4657957.109353735,9.72855827756854,10.268972627785404,9.537401461438435,9.823087299366767,20403841.23385446,95.31360001764396,98.75745580647907,95.34995895845103,95.71818389368411,10247014.631242039,12.933901172900658,13.24559887575687,12.758261400743367,13.062168168918705,13933813.63534654,151.7500341316857,152.54572145528414,150.07080615453603,150.42379865599284,9195584.215429362,479.12197851174005,493.08132079468976,477.71385696772256,485.63737637596654,1466074.3961371065,33.51472310939602,34.26391262301866,33.10658525336211,34.086704513948,10088095.782260025,43.791932674306985,43.91401628459881,43.48574776469537,43.53817985077634,27071328.10114239,82.18728796841958,82.41520818303577,81.90018912599514,82.19469706020227,17002595.726036806,89.81980664160827,89.78642057439292,89.60714848496379,89.73589447592592,7372078.905456976,41.91763432627926,42.25743257458248,41.5051385205084,42.160484997619825,4126129.54801163,120.02420248094519,123.31295104722648,118.65823145788363,121.96301307439686,3983623.203562945,69.2716703742335,69.53503117094658,69.06735803516096,69.3322966075529,4524026.411116038,49.64468016804304,49.78875159304098,49.332323808613566,49.63962017781803,2925169.6509405836,55.279455976537875,55.57573704700245,55.14210268372272,55.29656837985875,3771690.5763614,24.773936946901934,24.885747941259496,24.351127223974594,24.35403720203471,22660321.92551495,37.43193748498903,38.68292411663792,36.60954605358477,36.609459127898575,16710684.011774512,150.09927817783762,152.95915976236904,147.37731830210947,149.88378026670745,1168510.0788935658,36.57422820244568,36.75996232959453,36.063083277616414,36.116613119097345,53106415.1726663,53.961740646148094,54.77669990858439,53.03726692054288,52.89184761610996,5116837.356843338,43.10162560297247,43.59249835583913,42.12641278075848,42.132367232403844,21353070.6554256,286.18487625892755,286.5185940129514,282.4596481139049,282.30623483350496,9456826.574458005,,,,,,24.317000779577672,25.26510810814638,24.174511184505956,24.678490941398227,11148879.660184324,147.33435977402826,143.854443471936,139.70093514629008,141.29645208932308,2087752.6919400576,5.752698505274091,5.660864842603181,5.503827495492707,5.304783097806917,24376242.706155162,58.61888736552311,58.687528277816575,57.8428540969803,57.82732160705378,9656500.164983584,94.19289240642598,94.25910787317704,93.58256916980243,93.69158440240513,7616078.024679257,54.06230851707237,54.23361677653097,53.7273985889897,53.854552796581814,11845469.481143039,51.722678179594936,51.68916400964596,51.60947850233258,51.63365545470445,3019201.3121729735,93.67104159950074,94.26103274057125,93.58522897609373,95.39315970733276,3906140.3177996706,11.332558531236165,11.609338629530885,11.651298302279033,11.215177492066223,23188127.03419951,27.313253880423215,26.46777976668195,26.059072031760994,26.311288393165288,13892449.33243117,107.18771296298418,107.17531616332035,106.16336775129241,106.23318665777003,33079851.755907856,70.85772791347233,72.17710996166198,70.09481822441276,70.25395468414462,2787120.7005367167,92.62547831708788,92.6912307962347,92.27504602599751,92.34898132622018,4048376.1165644443,139.96174381562977,139.54375051783444,135.19619709289546,136.22955834620603,2723786.3210328883,110.48662976390115,113.62097649247352,110.1334836078279,112.94799801862084,8170910.476644233,45.422742661789506,46.21684324261556,43.79945539699629,43.80016675481831,10683144.026258815,132.08927152298793,133.30218881104628,128.5511688469128,130.0317940781376,2778161.7387370337,54.85423228175278,52.0750246341086,48.42662709893979,47.931861348862206,1599953.4537165742,239.46080881155325,245.73069519774648,237.53851891582826,240.7219191641917,569480.0791938012,92.4076267016037,93.62385707142026,91.3250471808903,91.87104915540114,4448576.9973499775,45.45069414039625,46.64147962970428,44.88098505656779,45.75879543830817,12133022.055682404,25.205261931860317,26.010440556145223,24.893098076114228,24.877327154164846,3554640.857716302,61.23045357875444,61.63519226474251,60.51607343847703,60.63223792737651,3280312.990327834,168.52608598558902,170.769265633248,167.9037094583088,170.19266846722843,9915079.191048875,107.6831655217031,109.9512415194656,107.55182999824702,109.83106668899437,1303992.356686938,91.64436652719927,94.13916413394871,90.71777546316702,90.71799471005588,1388964.9067321566,67.03302252545231,67.55445963781771,66.8650281712382,66.88273590352763,6013448.936739932,82.38012039020319,82.42081578702381,82.28787542776934,82.31627204046531,3752618.651413351,39.87986121136067,40.54664357167359,39.59765588208165,39.97572646226208,14819134.570419095,30.72210585614435,30.92347705885839,30.750131888292767,30.21809160696673,22041221.15864072,32.80610830064319,32.79274672410178,32.682548491096696,32.63945233678313,7941356.137147745,26.93851287740681,26.984952798867887,26.60233381306845,26.659870163545083,4664335.940556722,49.62053693093882,50.195054190387815,49.45067915443899,51.36122516852014,2831259.281162378,122.77814053179527,126.45214554486073,121.85879448993623,123.03187370097457,1811805.7395460785,56.854279218623546,57.791247326228024,56.83564420582975,57.4188465640827,2179557.445081999,40.45464106579699,41.81053884491176,40.08344575278204,40.42471137405196,4129412.381057122,108.46136277307122,108.54282951446791,108.10607321854947,108.19364444305548,2233658.669025839,181.37711457361263,187.3920899558731,180.44572230429225,208.58976961395578,1999604.5785554186,23.55108459989325,23.887354907741173,23.245471645005555,23.85393396800787,3264804.827927581,9.281141238603466,9.551451447827425,9.278698482500076,9.278745650424051,31747285.406630926,80.23510152844285,80.20745116338134,79.67002165824533,79.83551148005502,8187817.802082478,77.68097302637696,78.2878119122011,77.51675883170432,77.47418678882751,5092729.688977925,50.98341744782687,51.186792835344285,50.8366780767217,51.63137837732274,14212618.106152834,58.71995390255354,58.5472656093614,58.24610743615385,58.4899552264657,4217468.083941326,70.68534039136051,70.91374027203805,70.43642339996546,70.77337681696275,5439834.9061171375,56.70891042691183,56.779193801263496,55.967593211491135,56.12508440170626,2485890.149078411,58.24940374138449,58.2793601319842,57.8691362319351,58.19606173478768,3872105.589579799,167.51991240426747,169.2745920236472,167.00476174175645,168.47393082999838,3139094.190698012,114.69394620043184,115.838077566478,114.36228110211746,115.64530339385693,2118432.1292499015,45.22795537648621,45.332541471473846,44.89446784251759,44.98051202264964,8749230.305281505,62.240872605796554,62.40923633847548,62.05682935685824,62.1851040010909,4702223.70559094,125.51205433532415,126.85201340216237,125.13867394349774,126.35320224879044,1233898.2502837887,59.29839445680795,55.91503662571821,55.02076746446975,59.38757356962286,8285043.636567592,76.0720626408076,73.66566005227853,71.08110707378052,71.18367447408227,1711676.4582578205,84.40593036648292,85.48331483221789,83.91156753945879,84.58471313477274,6338034.170304486,86.47411705551774,88.11430083565597,85.91635616860215,86.73099502483393,17617418.34890436,107.66700733344072,110.00083566371795,106.66653443977124,107.49710032542338,18076583.974948507,,,,,,17.943691680095647,45.959098996044986,14.793825939645568,16.39169972305114,4944443.46575379
1948,115.14504572723897,116.24746930469234,114.74665406948877,115.96899679122265,3213774.991073672,102.08327026515977,104.31296728859355,100.7171843945647,101.28714392770647,2820011.779297983,97.8498689222499,97.88112481591196,97.35908128876864,97.43873554645795,8768870.846843746,6.63430760234281,6.698540564044356,5.8241014195478895,6.170434844429487,23468448.656425558,70.40783689366506,72.3718176346507,68.80028625828632,72.53473913691842,2646621.533200869,484.84382155170164,500.50148983838676,485.56795768233087,495.18922416046956,551952.0571706869,15.061402381989334,16.061955603574535,15.61915819114677,15.348849214219294,24968229.875417903,41.43895275997462,42.60452423487061,41.20536509870804,42.04235789107277,7796064.658878548,48.35773241228272,48.38824509917126,48.035876408028415,48.0129723997898,4577113.092302672,72.41230431012886,72.444691727421,72.0567952081348,72.20374860042938,6849442.197522482,31.866674956706994,32.083531034978876,31.672340075055075,31.823274011470367,10594164.857109655,77.70144985953057,77.73090336540221,77.09852449032178,77.12268807004101,2244180.1852918277,340.3934799113035,347.2882385418134,338.3107252345645,342.8083845978597,2584716.578967668,41.82564670849583,43.05615037933936,41.293628615755246,42.36415601232922,4657957.109353735,9.72855827756854,10.268972627785404,9.537401461438435,9.823087299366767,20403841.23385446,95.31360001764396,98.75745580647907,95.34995895845103,95.71818389368411,10247014.631242039,12.933901172900658,13.24559887575687,12.758261400743367,13.062168168918705,13933813.63534654,151.7500341316857,152.54572145528414,150.07080615453603,150.42379865599284,9195584.215429362,479.24904645875216,493.0395585700096,477.9258065466528,485.8318030159887,1466074.3961371065,33.51472310939602,34.26391262301866,33.10658525336211,34.086704513948,10088095.782260025,43.791932674306985,43.91401628459881,43.48574776469537,43.53817985077634,27071328.10114239,82.18728796841958,82.41520818303577,81.90018912599514,82.19469706020227,17002595.726036806,89.81980664160827,89.78642057439292,89.60714848496379,89.73589447592592,7372078.905456976,41.91763432627926,42.25743257458248,41.50513615334739,42.160484997619825,4126129.54801163,120.02420248094519,123.31295104722648,118.65823145788363,121.96301307439686,3983623.203562945,69.2716703742335,69.53503117094658,69.06735803516096,69.3322966075529,4524026.411116038,49.64468016804304,49.78875159304098,49.332323808613566,49.63962017781803,2925169.6509405836,55.279455976537875,55.57573704700245,55.14210268372272,55.29656837985875,3771690.5763614,24.773936946901934,24.885747941259496,24.351127223974594,24.35403720203471,22660321.92551495,37.43193748498903,38.68292360962239,36.60954605358477,36.609459127898575,16710684.011774512,150.09927817783762,152.95915976236904,147.37731830210947,150.12999448267126,1168510.0788935658,36.57422820244568,36.75996232959453,36.063083277616414,36.116613119097345,53106415.1726663,53.96174064614809,54.77669990858439,53.03726692054288,52.89184761610996,5116837.356843338,43.10162560297247,43.59249835583913,42.12641278075848,42.132367232403844,21353070.6554256,286.334533083171,286.66831550632634,282.60473253486987,282.44946511602166,9456826.574458005,,,,,,24.317000779577672,25.26510810814638,24.174511184505956,24.678490941398227,11148879.660184324,147.4600840378316,143.854443471936,139.70093514629008,141.29645208932308,2087752.6919400576,5.752698505274091,5.658253500065669,5.503827495492707,5.302095153344782,24376242.706155162,58.65002867462878,58.71878714527849,57.8731780086986,57.85723272596056,9656500.164983584,94.19289240642598,94.25910787317704,93.58256916980243,93.69010896261928,7616078.024679257,54.06230851707237,54.23361677653097,53.7273985889897,53.854552796581814,11845469.481143039,51.722678179594936,51.68916400964596,51.609478502213534,51.63365545477975,3019201.3121729735,93.67104159950074,94.26103274057125,93.58522897609373,95.40732297496707,3906140.3177996706,11.332558531236165,11.609338629530885,11.658398097671604,11.215177492066223,23188127.03419951,27.327278420790588,26.46777976668195,26.059072031760994,26.311288393165288,13892449.33243117,107.18771296298418,107.17531616332035,106.16336775129241,106.23318665777003,33079851.755907856,70.85772788741573,72.17710996166198,70.09481822441276,70.25395468414462,2787120.7005367167,92.62547831708788,92.6912307962347,92.27504602599751,92.34898132622018,4048376.1165644443,140.07835348826526,139.54375051783444,135.19619709289546,136.22955834620603,2723786.3210328883,110.48662976390115,113.62097649247352,110.1334836078279,112.94799801862084,8170910.476644233,45.422742661789506,46.21684324261556,43.79945539699629,43.80016675481831,10683144.026258815,132.33658497995188,133.30218881104628,128.5511688469128,130.0317940781376,2778161.7387370337,54.85423228175278,51.87150183794935,48.2216090595536,47.94885529865361,1599953.4537165742,239.6523221734127,245.3431283830341,237.47959030659183,240.2869211056894,569480.0791938012,92.4076267016037,93.62385707142026,91.3250471808903,91.87104915540114,4448576.9973499775,45.45069414039625,46.64147962970428,44.88098505656779,45.75879543830817,12133022.055682404,25.205261931618047,26.010440556145223,24.893098076114228,24.877327154164753,3554640.857716302,61.23042652419715,61.63519223702654,60.516075705114176,60.63223792737651,3280312.990327834,168.52608598558902,170.769265633248,167.9037094583088,170.19266846722843,9915079.191048875,107.6831655217031,109.9512415194656,107.55182999824702,109.83106668899437,1303992.356686938,91.64436652719927,94.13916413394871,90.71775677699432,90.71799471005588,1388964.9067321566,67.03302252545231,67.55445963781771,66.86502248123968,66.88273590352763,6013448.936739932,82.38579039270927,82.42649747315956,82.29350830135176,82.32188658566388,3752618.651413351,39.87986121136067,40.54664357167359,39.59765588208165,39.975726462208314,14819134.570419095,30.72210585614435,30.92347705885839,30.757939464093752,30.218081126048776,22041221.15864072,32.80610830064319,32.79274672410178,32.682548491096696,32.63945233678313,7941356.137147745,26.938512877406758,26.984952798867024,26.60233381306847,26.659870146915843,4664335.940556722,49.62053693093882,50.195054190387815,49.45067915443899,51.378704783570406,2831259.281162378,122.77814053179527,126.45214554486037,121.85879448993623,123.03187370097457,1811805.7395460785,56.854279218623546,57.791247326228024,56.83564420582975,57.4188465640827,2179557.445081999,40.45462943443492,41.81053884491176,40.08344575278204,40.42471137405196,4129412.381057122,108.46136277307122,108.54282951446791,108.10607321854947,108.19364444305548,2233658.669025839,181.37711457332637,187.3920899558731,180.44572230429225,208.89257126175136,1999604.5785554186,23.55108459989325,23.887354907741173,23.245471645005555,23.85393396800787,3264804.827927581,9.279351407993184,9.551451447827425,9.278698482500076,9.278745650424051,31747285.406630926,80.23510152844285,80.20745116338134,79.67002165824533,79.83551148005488,8187817.802082478,77.68097302637696,78.29572892251967,77.51675883170432,77.47418678882742,5092729.688977925,50.98341744782687,51.186792835344285,50.8366780767217,51.638730084009026,14212618.106152834,58.722572137241684,58.5472656093614,58.24610743615385,58.49241582042146,4217468.083941326,70.68534039136051,70.91374027203805,70.43642339996546,70.77337681696275,5439834.9061171375,56.70891042691124,56.77919380126252,55.967593211491135,56.12508439822765,2485890.1490784115,58.25361956317485,58.28358060229884,57.8691362319351,58.200227390278364,3872105.589579799,167.51991240426747,169.2745920236472,167.00476174175645,168.47393082999838,3139094.190698012,114.69394620043184,115.838077566478,114.36228110211746,115.64530339385693,2118432.1292499015,45.22795537648621,45.332541471473846,44.89446784251759,44.98051202264964,8749230.305281505,62.240872605796554,62.40923633847546,62.05682935685824,62.1851040010909,4702223.70559094,125.51205433532415,126.85201340216237,125.13867394349774,126.35302311412362,1233898.2502837887,59.34747178529482,55.91503662571982,55.02076746446975,59.43647283698984,8285043.636567592,76.12164928530241,73.66566005227853,71.08110707378052,71.18367447408227,1711676.4582578205,84.40593036648292,85.48331483221789,83.91156753945879,84.58471313477274,6338034.170304486,86.47411705551774,88.11430083565597,85.91635616860215,86.73099502483393,17617418.34890436,107.66700733344072,110.00083566371795,106.66653443977124,107.49710032542338,18076583.974948507,,,,,,17.54014348986106,45.95909900557674,14.22117112464214,16.11907902251865,4944443.46575379
1949,115.14504572723897,116.24746930469234,114.74665406948877,115.96899679122265,3213774.991073672,102.08327026515977,104.31296728859355,100.7171843945647,101.28714392770647,2820011.779297983,97.8498689222499,97.88112481591196,97.35908128876864,97.43873554645795,8768870.846843746,6.634307602297328,6.698540564044356,5.819975514104688,6.170434844429487,23468448.656425558,69.88239234011138,71.8429567843673,68.57740789647868,72.69047416609541,2646621.533200869,484.8929327563768,500.3391478126983,485.8551006939321,495.218488489554,551952.0571706869,15.061402381989334,16.070490644419017,15.626859542432229,15.348849204241933,24968229.875417903,41.43895275997462,42.60452423487061,41.20536509870804,42.04235789107277,7796064.658878548,48.36018130956363,48.39070316704246,48.035876408028415,48.01297239978963,4577113.092302672,72.41230431012882,72.444691727421,72.05679520813521,72.20374860042938,6849442.197522482,31.866674956706994,32.083531034978876,31.672340243024593,31.823274011470367,10594164.857109655,77.70747274755796,77.73692306684949,77.09852449032178,77.12268807004101,2244180.1852918277,340.55793725057623,347.479149001502,338.44260303901086,342.77318730918137,2584716.578967668,41.82564670849583,43.05615037933936,41.293628615755246,42.36415601247083,4657957.109353735,9.72855827756854,10.268972627785404,9.537401461438435,9.823087299366767,20403841.23385446,95.31360001764396,98.75745580647907,95.34995895845103,95.71818389368411,10247014.631242039,12.933901172900658,13.24559887575687,12.758261400743367,13.062168168918705,13933813.63534654,151.7500341316857,152.54572145528414,150.07080615453603,150.42379865599284,9195584.215429362,479.5797405148399,493.3410428562721,478.35143606680174,486.07091793517037,1466074.3961371065,33.51472310939602,34.26391262301866,33.10658525336211,34.086704513948,10088095.782260025,43.791932674306985,43.91401628459881,43.48574776469537,43.53817985077634,27071328.10114239,82.18728796841958,82.41520818303577,81.90018912599514,82.19469706020227,17002595.726036806,89.81980664160827,89.78642057439292,89.60714848496379,89.73589447592592,7372078.905456976,41.91763432627926,42.25743257458248,41.505138217166305,42.160484997619825,4126129.54801163,120.02420248094519,123.31295104722648,118.65823145788363,121.96301307439686,3983623.203562945,69.2716703742335,69.53503117094658,69.06735803516096,69.3322966075529,4524026.411116038,49.64468016804304,49.78875159304098,49.332323808613566,49.63962017781803,2925169.6509405836,55.279455976537875,55.57573704700245,55.14210268372272,55.29656837985875,3771690.5763614,24.773936946901934,24.885747941259496,24.351127223974594,24.35403720203471,22660321.92551495,37.43193748498903,38.68292403767535,36.60954605358477,36.609459127898575,16710684.011774512,150.09927817783762,152.95915976236904,147.37731830210947,149.9656633120666,1168510.0788935658,36.57422820244568,36.75996232959453,36.063083277616414,36.116613119097345,53106415.1726663,53.96174064614808,54.77669990858439,53.03726692054288,52.89184761610996,5116837.356843338,43.10162560297247,43.59249835583913,42.12641278075848,42.132367232403844,21353070.6554256,286.4842681685907,286.81811523729584,282.74989147794565,282.5927680675456,9456826.574458005,,,,,,24.317000779577672,25.26510810814638,24.174511184505956,24.678490941398227,11148879.660184324,147.33097735586372,143.854443471936,139.70093514629008,141.29645208932308,2087752.6919400576,5.752698505274091,5.65564336213382,5.503827495492707,5.299408570869612,24376242.706155162,58.68118652756829,58.75006266221984,57.9035178176204,57.88715931636089,9656500.164983584,94.19289240642598,94.25910787317704,93.58256916980243,93.6915405660627,7616078.024679257,54.06230851707237,54.23361677653097,53.7273985889897,53.854552796581814,11845469.481143039,51.722678179594936,51.68916400964596,51.60947850230823,51.633655454720085,3019201.3121729735,93.67104159950074,94.26103274057125,93.58522897609373,95.42148834545814,3906140.3177996706,11.332558531236165,11.609338629530885,11.66550221937128,11.215177492066223,23188127.03419951,27.341310162340704,26.46777976668195,26.059072031760994,26.311288393165288,13892449.33243117,107.18771296298418,107.17531616332035,106.16336775129241,106.23318665777003,33079851.755907856,70.85772790936412,72.17710996166198,70.09481822441276,70.25395468414462,2787120.7005367167,92.62547831708788,92.6912307962347,92.27504602599751,92.34898132622018,4048376.1165644443,139.958390235577,139.54375051783444,135.19619709289546,136.22955834620603,2723786.3210328883,110.48662976390115,113.62097649247352,110.1334836078279,112.94799801862084,8170910.476644233,45.422742661789506,46.21684324261556,43.79945539699629,43.80016675481831,10683144.026258815,132.29345788096094,133.30218881104628,128.5511688469128,130.0317940781376,2778161.7387370337,54.85423228175278,51.50466343852536,48.20483032796285,47.52013444911013,1599953.4537165742,239.38975699622048,245.19207709743003,237.24580653510995,240.1464384420825,569480.0791938012,92.4076267016037,93.62385707142026,91.3250471808903,91.87104915540114,4448576.9973499775,45.45069414039625,46.64147962970428,44.88098505656779,45.75879543830817,12133022.055682404,25.205261931429593,26.010440556145223,24.893098076114228,24.87732715416469,3554640.857716302,61.23045132855376,61.63519225990874,60.516073686071316,60.63223792737651,3280312.990327834,168.52608598558902,170.769265633248,167.9037094583088,170.19266846722843,9915079.191048875,107.6831655217031,109.9512415194656,107.55182999824702,109.83106668899437,1303992.356686938,91.64436652719927,94.13916413394871,90.71777348334726,90.71799471005588,1388964.9067321566,67.03302252545231,67.55445963781771,66.86502749350537,66.88273590352763,6013448.936739932,82.39146078546639,82.43217955096284,82.29914156052277,82.32750151381367,3752618.651413351,39.87986121136067,40.54664357167359,39.59765588208165,39.97572646216636,14819134.570419095,30.72210585614435,30.92347705885839,30.765749022268018,30.21809056101364,22041221.15864072,32.80610830064319,32.79274672410178,32.682548491096696,32.63945233678313,7941356.137147745,26.93851287740672,26.984952798867656,26.60233381306846,26.65987016122045,4664335.940556722,49.62053693093882,50.195054190387815,49.45067915443899,51.39619034740677,2831259.281162378,122.77814053179527,126.45214554486063,121.85879448993623,123.03187370097457,1811805.7395460785,56.854279218623546,57.791247326228024,56.83564420582975,57.4188465640827,2179557.445081999,40.45463979820731,41.81053884491176,40.08344575278204,40.42471137405196,4129412.381057122,108.46136277307122,108.54282951446791,108.10607321854947,108.19364444305548,2233658.669025839,181.37711457310473,187.3920899558731,180.44572230429225,209.19581247491047,1999604.5785554186,23.55108459989325,23.887354907741173,23.245471645005555,23.85393396800787,3264804.827927581,9.277561922544507,9.551451447827425,9.278698482500076,9.278745650424051,31747285.406630926,80.23510152844285,80.20745116338134,79.67002165824533,79.83551148005478,8187817.802082478,77.68097302637696,78.30364673346162,77.51675883170432,77.47418678882737,5092729.688977925,50.98341744782687,51.186792835344285,50.8366780767217,51.646082837492685,14212618.106152834,58.725190488672986,58.5472656093614,58.24610743615385,58.49487651789111,4217468.083941326,70.68534039136051,70.91374027203805,70.43642339996546,70.77337681696275,5439834.9061171375,56.708910426910805,56.77919380126323,55.967593211491135,56.125084401092934,2485890.149078411,58.25783569008685,58.28780137825118,57.8691362319351,58.204393343945334,3872105.589579799,167.51991240426747,169.2745920236472,167.00476174175645,168.47393082999838,3139094.190698012,114.69394620043184,115.838077566478,114.36228110211746,115.64530339385693,2118432.1292499015,45.22795537648621,45.332541471473846,44.89446784251759,44.98051202264964,8749230.305281505,62.240872605796554,62.409236338475445,62.05682935685824,62.1851040010909,4702223.70559094,125.51205433532415,126.85201340216237,125.13867394349774,126.35319272834045,1233898.2502837887,59.39658973181518,55.91503662571865,55.02076746446975,59.48541236763423,8285043.636567592,76.17126825224553,73.66566005227853,71.08110707378052,71.18367447408227,1711676.4582578205,84.40593036648292,85.48331483221789,83.91156753945879,84.58471313477274,6338034.170304486,86.47411705551774,88.11430083565597,85.91635616860215,86.73099502483393,17617418.34890436,107.66700733344072,110.00083566371795,106.66653443977124,107.49710032542338,18076583.974948507,,,,,,17.375959868675295,45.95909901347052,13.984812376882898,15.599041912866747,4944443.46575379
1950,115.14504572723897,116.24746930469234,114.74665406948877,115.96899679122265,3213774.991073672,102.08327026515977,104.31296728859355,100.7171843945647,101.28714392770647,2820011.779297983,97.8498689222499,97.88112481591196,97.35908128876864,97.43873554645795,8768870.846843746,6.634307602331998,6.698540564044356,5.815852531532244,6.170434844429487,23468448.656425558,69.82019576443449,71.74955607439466,68.56169623503958,72.53822501847368,2646621.533200869,485.24849894311956,501.3963234769811,486.76686674345814,495.7259314089245,551952.0571706869,15.061402381989334,16.079030220634163,15.634564691029352,15.34884921276665,24968229.875417903,41.43895275997462,42.60452423487061,41.20536509870804,42.04235789107277,7796064.658878548,48.36263033085982,48.39316135978072,48.035876408028415,48.01297239978951,4577113.092302672,72.41230431012879,72.444691727421,72.0567952081349,72.20374860042938,6849442.197522482,31.866674956706994,32.083531034978876,31.672340099064744,31.823274011470367,10594164.857109655,77.71349610243867,77.7429432344795,77.09852449032178,77.12268807004101,2244180.1852918277,340.5840740021263,347.71572269473256,338.48816866352115,343.102909056116,2584716.578967668,41.82564670849583,43.05615037933936,41.293628615755246,42.364156012359054,4657957.109353735,9.72855827756854,10.268972627785404,9.537401461438435,9.823087299366767,20403841.23385446,95.31360001764396,98.75745580647907,95.34995895845103,95.71818389368411,10247014.631242039,12.933901172900658,13.24559887575687,12.758261400743367,13.062168168918705,13933813.63534654,151.7500341316857,152.54572145528414,150.07080615453603,150.42379865599284,9195584.215429362,479.6061700173489,493.8242232863881,478.58703353188343,486.68679520387116,1466074.3961371065,33.51472310939602,34.26391262301866,33.10658525336211,34.086704513948,10088095.782260025,43.791932674306985,43.91401628459881,43.48574776469537,43.53817985077634,27071328.10114239,82.18728796841958,82.41520818303577,81.90018912599514,82.19469706020227,17002595.726036806,89.81980664160827,89.78642057439292,89.60714848496379,89.73589447592592,7372078.905456976,41.91763432627926,42.25743257458248,41.505136417817425,42.160484997619825,4126129.54801163,120.02420248094519,123.31295104722648,118.65823145788363,121.96301307439686,3983623.203562945,69.2716703742335,69.53503117094658,69.06735803516096,69.3322966075529,4524026.411116038,49.64468016804304,49.78875159304098,49.332323808613566,49.63962017781803,2925169.6509405836,55.279455976537875,55.57573704700245,55.14210268372272,55.29656837985875,3771690.5763614,24.773936946901934,24.885747941259496,24.351127223974594,24.35403720203471,22660321.92551495,37.43193748498903,38.68292367628733,36.60954605358477,36.609459127898575,16710684.011774512,150.09927817783762,152.95915976236904,147.37731830210947,150.11642138090673,1168510.0788935658,36.57422820244568,36.75996232959453,36.063083277616414,36.116613119097345,53106415.1726663,53.96174064614807,54.77669990858439,53.03726692054288,52.89184761610996,5116837.356843338,43.10162560297247,43.59249835583913,42.12641278075848,42.132367232403844,21353070.6554256,286.6340815561124,286.9679932467432,282.89512498141033,282.736143724946,9456826.574458005,,,,,,24.317000779577672,25.26510810814638,24.174511184505956,24.678490941398227,11148879.660184324,147.55485670092233,143.854443471936,139.70093514629008,141.29645208932308,2087752.6919400576,5.752698505274091,5.653034428251953,5.503827495492707,5.296723349691285,24376242.706155162,58.712360933130576,58.78135483750867,57.93387353207973,57.917101386257414,9656500.164983584,94.19289240642598,94.25910787317704,93.58256916980243,93.69015149655348,7616078.024679257,54.06230851707237,54.23361677653097,53.7273985889897,53.854552796581814,11845469.481143039,51.722678179594936,51.68916400964596,51.6094785022329,51.633655454767364,3019201.3121729735,93.67104159950074,94.26103274057125,93.58522897609373,95.4356558191182,3906140.3177996706,11.332558531236165,11.609338629530885,11.672610670014324,11.215177492066223,23188127.03419951,27.355349108771158,26.46777976668195,26.059072031760994,26.311288393165288,13892449.33243117,107.18771296298418,107.17531616332035,106.16336775129241,106.23318665777003,33079851.755907856,70.85772789087623,72.17710996166198,70.09481822441276,70.25395468414462,2787120.7005367167,92.62547831708788,92.6912307962347,92.27504602599751,92.34898132622018,4048376.1165644443,140.00223115285664,139.54375051783444,135.19619709289546,136.22955834620603,2723786.3210328883,110.48662976390115,113.62097649247352,110.1334836078279,112.94799801862084,8170910.476644233,45.422742661789506,46.21684324261556,43.79945539699629,43.80016675481831,10683144.026258815,132.28307935784264,133.30218881104628,128.5511688469128,130.0317940781376,2778161.7387370337,54.85423228175278,51.78932528776832,48.33862680757699,47.63980445817283,1599953.4537165742,239.67066902713393,245.58312161608757,237.88559819983453,240.34840308147122,569480.0791938012,92.4076267016037,93.62385707142026,91.3250471808903,91.87104915540114,4448576.9973499775,45.45069414039625,46.64147962970428,44.88098505656779,45.75879543830817,12133022.055682404,25.205261931283005,26.010440556145223,24.893098076114228,24.877327154164643,3554640.857716302,61.23042858724255,61.63519224101728,60.516075484565654,60.63223792737651,3280312.990327834,168.52608598558902,170.769265633248,167.9037094583088,170.19266846722843,9915079.191048875,107.6831655217031,109.9512415194656,107.55182999824702,109.83106668899437,1303992.356686938,91.64436652719927,94.13916413394871,90.71775854705007,90.71799471005588,1388964.9067321566,67.03302252545231,67.55445963781771,66.8650230782481,66.88273590352763,6013448.936739932,82.39713156850144,82.43786202046066,82.30477520530874,82.33311682494083,3752618.651413351,39.87986121136067,40.54664357167359,39.59765588208165,39.97572646213361,14819134.570419095,30.72210585614435,30.92347705885839,30.7735605633189,30.218082067619996,22041221.15864072,32.80610830064319,32.79274672410178,32.682548491096696,32.63945233678313,7941356.137147745,26.93851287740669,26.984952798867194,26.602333813068466,26.659870148915513,4664335.940556722,49.62053693093882,50.195054190387815,49.45067915443899,51.41368186205377,2831259.281162378,122.77814053179527,126.45214554486044,121.85879448993623,123.03187370097457,1811805.7395460785,56.854279218623546,57.791247326228024,56.83564420582975,57.4188465640827,2179557.445081999,40.45463056388226,41.81053884491176,40.08344575278204,40.42471137405196,4129412.381057122,108.46136277307122,108.54282951446791,108.10607321854947,108.19364444305548,2233658.669025839,181.37711457293312,187.3920899558731,180.44572230429225,209.49949389153304,1999604.5785554186,23.55108459989325,23.887354907741173,23.245471645005555,23.85393396800787,3264804.827927581,9.275772782190874,9.551451447827425,9.278698482500076,9.278745650424051,31747285.406630926,80.23510152844285,80.20745116338134,79.67002165824533,79.8355114800547,8187817.802082478,77.68097302637696,78.31156534510791,77.51675883170432,77.47418678882732,5092729.688977925,50.98341744782687,51.186792835344285,50.8366780767217,51.653436637922766,14212618.106152834,58.727808956852655,58.5472656093614,58.24610743615385,58.49733731887899,4217468.083941326,70.68534039136051,70.91374027203805,70.43642339996546,70.77337681696275,5439834.9061171375,56.708910426910485,56.779193801262714,55.967593211491135,56.125084398732845,2485890.149078411,58.26205212214257,58.292022459863354,57.8691362319351,58.20855959580993,3872105.589579799,167.51991240426747,169.2745920236472,167.00476174175645,168.47393082999838,3139094.190698012,114.69394620043184,115.838077566478,114.36228110211746,115.64530339385693,2118432.1292499015,45.22795537648621,45.332541471473846,44.89446784251759,44.98051202264964,8749230.305281505,62.240872605796554,62.40923633847543,62.05682935685824,62.1851040010909,4702223.70559094,125.51205433532415,126.85201340216237,125.13867394349774,126.35303212859132,1233898.2502837887,59.44574832998586,55.9150366257195,55.02076746446975,59.534392194708495,8285043.636567592,76.22091956270594,73.66566005227853,71.08110707378052,71.18367447408227,1711676.4582578205,84.40593036648292,85.48331483221789,83.91156753945879,84.58471313477274,6338034.170304486,86.47411705551774,88.11430083565597,85.91635616860215,86.73099502483393,17617418.34890436,107.66700733344072,110.00083566371795,106.66653443977124,107.49710032542338,18076583.974948507,,,,,,16.343225340516053,45.95909902000781,13.125359610240752,14.88863536808147,4944443.46575379
1951,115.14504572723897,116.24746930469234,114.74665406948877,115.96899679122265,3213774.991073672,102.08327026515977,104.31296728859355,100.7171843945647,101.28714392770647,2820011.779297983,97.8498689222499,97.88112481591196,97.35908128876864,97.43873554645795,8768870.846843746,6.63430760230557,6.698540564044356,5.811732469759939,6.170434844429487,23468448.656425558,69.87117264769282,71.85073114850854,68.39188409608244,72.68706631046844,2646621.533200869,485.39596428948545,501.3149860700147,486.44501341920284,495.6429246198203,551952.0571706869,15.061402381989334,16.087574334629984,15.642273638810487,15.34884920548308,24968229.875417903,41.43895275997462,42.60452423487061,41.20536509870804,42.04235789107277,7796064.658878548,48.36507947617758,48.395619677392375,48.035876408028415,48.012972399789426,4577113.092302672,72.41230431012876,72.444691727421,72.05679520813513,72.20374860042938,6849442.197522482,31.866674956706994,32.083531034978876,31.67234022244688,31.823274011470367,10594164.857109655,77.7195199242089,77.74896386832836,77.09852449032178,77.12268807004101,2244180.1852918277,340.6875330768022,347.63979326704026,338.39208345045887,342.82026032861273,2584716.578967668,41.82564670849583,43.05615037933936,41.293628615755246,42.364156012447275,4657957.109353735,9.72855827756854,10.268972627785404,9.537401461438435,9.823087299366767,20403841.23385446,95.31360001764396,98.75745580647907,95.34995895845103,95.71818389368411,10247014.631242039,12.933901172900658,13.24559887575687,12.758261400743367,13.062168168918705,13933813.63534654,151.7500341316857,152.54572145528414,150.07080615453603,150.42379865599284,9195584.215429362,479.6744721027183,493.5277690719741,478.2594932158602,486.24527857778645,1466074.3961371065,33.51472310939602,34.26391262301866,33.10658525336211,34.086704513948,10088095.782260025,43.791932674306985,43.91401628459881,43.48574776469537,43.53817985077634,27071328.10114239,82.18728796841958,82.41520818303577,81.90018912599514,82.19469706020227,17002595.726036806,89.81980664160827,89.78642057439292,89.60714848496379,89.73589447592592,7372078.905456976,41.91763432627926,42.25743257458248,41.50513798658704,42.160484997619825,4126129.54801163,120.02420248094519,123.31295104722648,118.65823145788363,121.96301307439686,3983623.203562945,69.2716703742335,69.53503117094658,69.06735803516096,69.3322966075529,4524026.411116038,49.64468016804304,49.78875159304098,49.332323808613566,49.63962017781803,2925169.6509405836,55.279455976537875,55.57573704700245,55.14210268372272,55.29656837985875,3771690.5763614,24.773936946901934,24.885747941259496,24.351127223974594,24.35403720203471,22660321.92551495,37.43193748498903,38.6829239813928,36.60954605358477,36.609459127898575,16710684.011774512,150.09927817783762,152.95915976236904,147.37731830210947,150.1067103544279,1168510.0788935658,36.57422820244568,36.75996232959453,36.063083277616414,36.116613119097345,53106415.1726663,53.96174064614807,54.77669990858439,53.03726692054288,52.89184761610996,5116837.356843338,43.10162560297247,43.59249835583913,42.12641278075848,42.132367232403844,21353070.6554256,286.78397328668314,287.1179495755732,283.04043308356154,282.8795921251107,9456826.574458005,,,,,,24.317000779577672,25.26510810814638,24.174511184505956,24.678490941398227,11148879.660184324,147.56057178735136,143.854443471936,139.70093514629008,141.29645208932308,2087752.6919400576,5.752698505274091,5.650426697864642,5.503827495492707,5.2940394891200295,24376242.706155162,58.74355190010921,58.81266368001776,57.964245160415025,57.94705894365687,9656500.164983584,94.19289240642598,94.25910787317704,93.58256916980243,93.69149929584127,7616078.024679257,54.06230851707237,54.23361677653097,53.7273985889897,53.854552796581814,11845469.481143039,51.722678179594936,51.68916400964596,51.60947850229282,51.633655454729904,3019201.3121729735,93.67104159950074,94.26103274057125,93.58522897609373,95.44982539625947,3906140.3177996706,11.332558531236165,11.609338629530885,11.679723452238605,11.215177492066223,23188127.03419951,27.36939526378144,26.46777976668195,26.059072031760994,26.311288393165288,13892449.33243117,107.18771296298418,107.17531616332035,106.16336775129241,106.23318665777003,33079851.755907856,70.85772790644921,72.17710996166198,70.09481822441276,70.25395468414462,2787120.7005367167,92.62547831708788,92.6912307962347,92.27504602599751,92.34898132622018,4048376.1165644443,140.19288295478032,139.54375051783444,135.19619709289546,136.22955834620603,2723786.3210328883,110.48662976390115,113.62097649247352,110.1334836078279,112.94799801862084,8170910.476644233,45.422742661789506,46.21684324261556,43.79945539699629,43.80016675481831,10683144.026258815,132.25177082721106,133.30218881104628,128.5511688469128,130.0317940781376,2778161.7387370337,54.85423228175278,51.792697922122734,48.26790998635296,47.90152287029038,1599953.4537165742,239.40246850888377,245.3615820004326,237.327666751382,240.3975175176362,569480.0791938012,92.4076267016037,93.62385707142026,91.3250471808903,91.87104915540114,4448576.9973499775,45.45069414039625,46.64147962970428,44.88098505656779,45.75879543830817,12133022.055682404,25.20526193116898,26.010440556145223,24.893098076114228,24.87732715416461,3554640.857716302,61.23044943709743,61.635192256614,60.5160738825284,60.63223792737651,3280312.990327834,168.52608598558902,170.769265633248,167.9037094583088,170.19266846722843,9915079.191048875,107.6831655217031,109.9512415194656,107.55182999824702,109.83106668899437,1303992.356686938,91.64436652719927,94.13916413394871,90.71777190083078,90.71799471005588,1388964.9067321566,67.03302252545231,67.55445963781771,66.86502696760631,66.88273590352763,6013448.936739932,82.40280274184124,82.44354488168,82.31040923573609,82.33873251907146,3752618.651413351,39.87986121136067,40.54664357167359,39.59765588208165,39.97572646210805,14819134.570419095,30.72210585614435,30.92347705885839,30.781374087749853,30.21808971340741,22041221.15864072,32.80610830064319,32.79274672410178,32.682548491096696,32.63945233678313,7941356.137147745,26.93851287740667,26.984952798867532,26.60233381306846,26.65987015950032,4664335.940556722,49.62053693093882,50.195054190387815,49.45067915443899,51.43117932953662,2831259.281162378,122.77814053179527,126.45214554486057,121.85879448993623,123.03187370097457,1811805.7395460785,56.854279218623546,57.791247326228024,56.83564420582975,57.4188465640827,2179557.445081999,40.454638791847515,41.81053884491176,40.08344575278204,40.42471137405196,4129412.381057122,108.46136277307122,108.54282951446791,108.10607321854947,108.19364444305548,2233658.669025839,181.37711457280025,187.3920899558731,180.44572230429225,209.80361615064527,1999604.5785554186,23.55108459989325,23.887354907741173,23.245471645005555,23.85393396800787,3264804.827927581,9.273983986865733,9.551451447827425,9.278698482500076,9.278745650424051,31747285.406630926,80.23510152844285,80.20745116338134,79.67002165824533,79.83551148005465,8187817.802082478,77.68097302637696,78.31948475753951,77.51675883170432,77.4741867888273,5092729.688977925,50.98341744782687,51.186792835344285,50.8366780767217,51.66079148544834,14212618.106152834,58.73042754178589,58.5472656093614,58.24610743615385,58.499798223389476,4217468.083941326,70.68534039136051,70.91374027203805,70.43642339996546,70.77337681696275,5439834.9061171375,56.70891042691025,56.77919380126309,55.967593211491135,56.12508440067682,2485890.149078411,58.26626885936409,58.2962438471575,57.8691362319351,58.212726145893505,3872105.589579799,167.51991240426747,169.2745920236472,167.00476174175645,168.47393082999838,3139094.190698012,114.69394620043184,115.838077566478,114.36228110211746,115.64530339385693,2118432.1292499015,45.22795537648621,45.332541471473846,44.89446784251759,44.98051202264964,8749230.305281505,62.240872605796554,62.409236338475424,62.05682935685824,62.1851040010909,4702223.70559094,125.51205433532415,126.85201340216237,125.13867394349774,126.35318419296364,1233898.2502837887,59.49494761345152,55.915036625718884,55.02076746446975,59.583412351392404,8285043.636567592,76.27060323776638,73.66566005227853,71.08110707378052,71.18367447408227,1711676.4582578205,84.40593036648292,85.48331483221789,83.91156753945879,84.58471313477274,6338034.170304486,86.47411705551774,88.11430083565597,85.91635616860215,86.73099502483393,17617418.34890436,107.66700733344072,110.00083566371795,106.66653443977124,107.49710032542338,18076583.974948507,,,,,,16.617624830598857,45.959099025421715,13.088180570731142,14.289633918473244,4944443.46575379
1952,115.14504572723897,116.24746930469234,114.74665406948877,115.96899679122265,3213774.991073672,102.08327026515977,104.31296728859355,100.7171843945647,101.28714392770647,2820011.779297983,97.8498689222499,97.88112481591196,97.35908128876864,97.43873554645795,8768870.846843746,6.634307602325716,6.698540564044356,5.807615326718622,6.170434844429487,23468448.656425558,70.03218554564738,71.8225476169669,68.53819115296832,72.541556594659,2646621.533200869,485.52368844041155,501.647839603745,487.013253267655,495.87700931315703,551952.0571706869,15.061402381989334,16.096122988817783,15.649986387648898,15.348849211706206,24968229.875417903,41.43895275997462,42.60452423487061,41.20536509870804,42.04235789107277,7796064.658878548,48.36752874552318,48.39807811988377,48.035876408028415,48.01297239978936,4577113.092302672,72.41230431012875,72.444691727421,72.05679520813496,72.20374860042938,6849442.197522482,31.866674956706994,32.083531034978876,31.672340116701065,31.823274011470367,10594164.857109655,77.72554421290482,77.75498496843217,77.09852449032178,77.12268807004101,2244180.1852918277,340.8514084868566,347.8978659903569,338.7454893305475,343.1705319761956,2584716.578967668,41.82564670849583,43.05615037933936,41.293628615755246,42.36415601237764,4657957.109353735,9.72855827756854,10.268972627785404,9.537401461438435,9.823087299366767,20403841.23385446,95.31360001764396,98.75745580647907,95.34995895845103,95.71818389368411,10247014.631242039,12.933901172900658,13.24559887575687,12.758261400743367,13.062168168918705,13933813.63534654,151.7500341316857,152.54572145528414,150.07080615453603,150.42379865599284,9195584.215429362,480.017402525102,494.01335013818516,478.6087620571899,486.56763180851,1466074.3961371065,33.51472310939602,34.26391262301866,33.10658525336211,34.086704513948,10088095.782260025,43.791932674306985,43.91401628459881,43.48574776469537,43.53817985077634,27071328.10114239,82.18728796841958,82.41520818303577,81.90018912599514,82.19469706020227,17002595.726036806,89.81980664160827,89.78642057439292,89.60714848496379,89.73589447592592,7372078.905456976,41.91763432627926,42.25743257458248,41.5051366188489,42.160484997619825,4126129.54801163,120.02420248094519,123.31295104722648,118.65823145788363,121.96301307439686,3983623.203562945,69.2716703742335,69.53503117094658,69.06735803516096,69.3322966075529,4524026.411116038,49.64468016804304,49.78875159304098,49.332323808613566,49.63962017781803,2925169.6509405836,55.279455976537875,55.57573704700245,55.14210268372272,55.29656837985875,3771690.5763614,24.773936946901934,24.885747941259496,24.351127223974594,24.35403720203471,22660321.92551495,37.43193748498903,38.682923723804436,36.60954605358477,36.609459127898575,16710684.011774512,150.09927817783762,152.95915976236904,147.37731830210947,150.09048973482052,1168510.0788935658,36.57422820244568,36.75996232959453,36.063083277616414,36.116613119097345,53106415.1726663,53.96174064614807,54.77669990858439,53.03726692054288,52.89184761610996,5116837.356843338,43.10162560297247,43.59249835583913,42.12641278075848,42.132367232403844,21353070.6554256,286.9339434012715,287.267984264712,283.1858158227167,283.02311330494643,9456826.574458005,,,,,,24.317000779577672,25.26510810814638,24.174511184505956,24.678490941398227,11148879.660184324,147.60710155591937,143.854443471936,139.70093514629008,141.29645208932308,2087752.6919400576,5.752698505274091,5.647820170416718,5.503827495492707,5.291356988466424,24376242.706155162,58.77475943730246,58.84398919862459,57.99463271096908,57.97703199657015,9656500.164983584,94.19289240642598,94.25910787317704,93.58256916980243,93.69019154060791,7616078.024679257,54.06230851707237,54.23361677653097,53.7273985889897,53.854552796581814,11845469.481143039,51.722678179594936,51.68916400964596,51.60947850224516,51.63365545475959,3019201.3121729735,93.67104159950074,94.26103274057125,93.58522897609373,95.46399707719429,3906140.3177996706,11.332558531236165,11.609338629530885,11.686840568683602,11.215177492066223,23188127.03419951,27.383448631072934,26.46777976668195,26.059072031760994,26.311288393165288,13892449.33243117,107.18771296298418,107.17531616332035,106.16336775129241,106.23318665777003,33079851.755907856,70.85772789333156,72.17710996166198,70.09481822441276,70.25395468414462,2787120.7005367167,92.62547831708788,92.6912307962347,92.27504602599751,92.34898132622018,4048376.1165644443,140.1927825629455,139.54375051783444,135.19619709289546,136.22955834620603,2723786.3210328883,110.48662976390115,113.62097649247352,110.1334836078279,112.94799801862084,8170910.476644233,45.422742661789506,46.21684324261556,43.79945539699629,43.80016675481831,10683144.026258815,132.28952227373182,133.30218881104628,128.5511688469128,130.0317940781376,2778161.7387370337,54.85423228175278,51.78436825417719,48.15994221414891,47.63568427347655,1599953.4537165742,239.0713614039086,245.23059108193883,237.13440425174505,240.19102640961125,569480.0791938012,92.4076267016037,93.62385707142026,91.3250471808903,91.87104915540114,4448576.9973499775,45.45069414039625,46.64147962970428,44.88098505656779,45.75879543830817,12133022.055682404,25.205261931080283,26.010440556145223,24.893098076114228,24.87732715416459,3554640.857716302,61.23043032138135,61.6351922437374,60.51607530956841,60.63223792737651,3280312.990327834,168.52608598558902,170.769265633248,167.9037094583088,170.19266846722843,9915079.191048875,107.6831655217031,109.9512415194656,107.55182999824702,109.83106668899437,1303992.356686938,91.64436652719927,94.13916413394871,90.71775996189726,90.71799471005588,1388964.9067321566,67.03302252545231,67.55445963781771,66.86502354150758,66.88273590352763,6013448.936739932,82.40847430551268,82.44922813464787,82.3160436518312,82.34434859623168,3752618.651413351,39.87986121136067,40.54664357167359,39.59765588208165,39.975726462088105,14819134.570419095,30.72210585614435,30.92347705885839,30.78918959606447,30.21808283063856,22041221.15864072,32.80610830064319,32.79274672410178,32.682548491096696,32.63945233678313,7941356.137147745,26.938512877406655,26.984952798867283,26.602333813068462,26.659870150395182,4664335.940556722,49.62053693093882,50.195054190387815,49.45067915443899,51.448682751881236,2831259.281162378,122.77814053179527,126.45214554486049,121.85879448993623,123.03187370097457,1811805.7395460785,56.854279218623546,57.791247326228024,56.83564420582975,57.4188465640827,2179557.445081999,40.45463146056863,41.81053884491176,40.08344575278204,40.42471137405196,4129412.381057122,108.46136277307122,108.54282951446791,108.10607321854947,108.19364444305548,2233658.669025839,181.37711457269737,187.3920899558731,180.44572230429225,210.10817989220106,1999604.5785554186,23.55108459989325,23.887354907741173,23.245471645005555,23.85393396800787,3264804.827927581,9.272195536502547,9.551451447827425,9.278698482500076,9.278745650424051,31747285.406630926,80.23510152844285,80.20745116338134,79.67002165824533,79.8355114800546,8187817.802082478,77.68097302637696,78.32740497083742,77.51675883170432,77.47418678882727,5092729.688977925,50.98341744782687,51.186792835344285,50.8366780767217,51.66814738021851,14212618.106152834,58.73304624347791,58.5472656093614,58.24610743615385,58.50225923142691,4217468.083941326,70.68534039136051,70.91374027203805,70.43642339996546,70.77337681696275,5439834.9061171375,56.70891042691008,56.77919380126282,55.967593211491135,56.1250843990756,2485890.149078411,58.270485901773505,58.30046554015575,57.8691362319351,58.2168929942174,3872105.589579799,167.51991240426747,169.2745920236472,167.00476174175645,168.47393082999838,3139094.190698012,114.69394620043184,115.838077566478,114.36228110211746,115.64530339385693,2118432.1292499015,45.22795537648621,45.332541471473846,44.89446784251759,44.98051202264964,8749230.305281505,62.240872605796554,62.40923633847542,62.05682935685824,62.1851040010909,4702223.70559094,125.51205433532415,126.85201340216237,125.13867394349774,126.35304021033943,1233898.2502837887,59.54418761588467,55.91503662571933,55.02076746446975,59.63247287089305,8285043.636567592,76.32031929852332,73.66566005227853,71.08110707378052,71.18367447408227,1711676.4582578205,84.40593036648292,85.48331483221789,83.91156753945879,84.58471313477274,6338034.170304486,86.47411705551774,88.11430083565597,85.91635616860215,86.73099502483393,17617418.34890436,107.66700733344072,110.00083566371795,106.66653443977124,107.49710032542338,18076583.974948507,,,,,,16.155802918187987,45.959099029905275,12.923376476600687,14.63530450537251,4944443.46575379
1953,115.14504572723897,116.24746930469234,114.74665406948877,115.96899679122265,3213774.991073672,102.08327026515977,104.31296728859355,100.7171843945647,101.28714392770647,2820011.779297983,97.8498689222499,97.88112481591196,97.35908128876864,97.43873554645795,8768870.846843746,6.634307602310359,6.698540564044356,5.8035011003406085,6.170434844429487,23468448.656425558,70.27821801960648,72.24166560310003,68.67025845293821,72.6838093063305,2646621.533200869,485.74404230490785,501.6904049778143,486.69280759003016,496.11754306749907,551952.0571706869,15.061402381989334,16.104676185610135,15.657702939418778,15.348849206389131,24968229.875417903,41.43895275997462,42.60452423487061,41.20536509870804,42.04235789107277,7796064.658878548,48.36997813890291,48.40053668726125,48.035876408028415,48.01297239978931,4577113.092302672,72.41230431012873,72.444691727421,72.05679520813507,72.20374860042938,6849442.197522482,31.866674956706994,32.083531034978876,31.67234020733151,31.823274011470367,10594164.857109655,77.73156896856264,77.76100653482703,77.09852449032178,77.12268807004101,2244180.1852918277,340.9458960236748,347.8657797893749,338.86093882011824,343.21816341955645,2584716.578967668,41.82564670849583,43.05615037933936,41.293628615755246,42.3641560124326,4657957.109353735,9.72855827756854,10.268972627785404,9.537401461438435,9.823087299366767,20403841.23385446,95.31360001764396,98.75745580647907,95.34995895845103,95.71818389368411,10247014.631242039,12.933901172900658,13.24559887575687,12.758261400743367,13.062168168918705,13933813.63534654,151.7500341316857,152.54572145528414,150.07080615453603,150.42379865599284,9195584.215429362,480.1444704721141,493.971587913505,478.8207116361201,486.7620584485322,1466074.3961371065,33.51472310939602,34.26391262301866,33.10658525336211,34.086704513948,10088095.782260025,43.791932674306985,43.91401628459881,43.48574776469537,43.53817985077634,27071328.10114239,82.18728796841958,82.41520818303577,81.90018912599514,82.19469706020227,17002595.726036806,89.81980664160827,89.78642057439292,89.60714848496379,89.73589447592592,7372078.905456976,41.91763432627926,42.25743257458248,41.505137811316935,42.160484997619825,4126129.54801163,120.02420248094519,123.31295104722648,118.65823145788363,121.96301307439686,3983623.203562945,69.2716703742335,69.53503117094658,69.06735803516096,69.3322966075529,4524026.411116038,49.64468016804304,49.78875159304098,49.332323808613566,49.63962017781803,2925169.6509405836,55.279455976537875,55.57573704700245,55.14210268372272,55.29656837985875,3771690.5763614,24.773936946901934,24.885747941259496,24.351127223974594,24.35403720203471,22660321.92551495,37.43193748498903,38.682923941275995,36.60954605358477,36.609459127898575,16710684.011774512,150.09927817783762,152.95915976236904,147.37731830210947,150.33670395078434,1168510.0788935658,36.57422820244568,36.75996232959453,36.063083277616414,36.116613119097345,53106415.1726663,53.96174064614807,54.77669990858439,53.03726692054288,52.89184761610996,5116837.356843338,43.10162560297247,43.59249835583913,42.12641278075848,42.132367232403844,21353070.6554256,287.0839919408674,287.4180973551071,283.33127323721277,283.16670730137844,9456826.574458005,,,,,,24.317000779577672,25.26510810814638,24.174511184505956,24.678490941398227,11148879.660184324,147.7328258197227,143.854443471936,139.70093514629008,141.29645208932308,2087752.6919400576,5.752698505274091,5.645214845353269,5.503827495492707,5.288675847041394,24376242.706155162,58.80598355351325,58.87533140221141,58.025036192089054,58.00702055301229,9656500.164983584,94.19289240642598,94.25910787317704,93.58256916980243,93.69146044152353,7616078.024679257,54.06230851707237,54.23361677653097,53.7273985889897,53.854552796581814,11845469.481143039,51.722678179594936,51.68916400964596,51.609478502283075,51.63365545473607,3019201.3121729735,93.67104159950074,94.26103274057125,93.58522897609373,95.478170862235,3906140.3177996706,11.332558531236165,11.609338629530885,11.6939620219904,11.215177492066223,23188127.03419951,27.39750921434894,26.46777976668195,26.059072031760994,26.311288393165288,13892449.33243117,107.18771296298418,107.17531616332035,106.16336775129241,106.23318665777003,33079851.755907856,70.85772790438102,72.17710996166198,70.09481822441276,70.25395468414462,2787120.7005367167,92.62547831708788,92.6912307962347,92.27504602599751,92.34898132622018,4048376.1165644443,140.3093922355966,139.54375051783444,135.19619709289546,136.22955834620603,2723786.3210328883,110.48662976390115,113.62097649247352,110.1334836078279,112.94799801862084,8170910.476644233,45.422742661789506,46.21684324261556,43.79945539699629,43.80016675481831,10683144.026258815,132.53683717788587,133.30218881104628,128.5511688469128,130.0317940781376,2778161.7387370337,54.85423228175278,51.58084545801794,47.95492417476272,47.652678223267955,1599953.4537165742,239.26287476576806,244.84302426722644,237.07547564250862,239.7560283511092,569480.0791938012,92.4076267016037,93.62385707142026,91.3250471808903,91.87104915540114,4448576.9973499775,45.45069414039625,46.64147962970428,44.88098505656779,45.75879543830817,12133022.055682404,25.20526193101129,26.010440556145223,24.893098076114228,24.877327154164576,3554640.857716302,61.23044784719164,61.63519225436827,60.516074038409975,60.63223792737651,3280312.990327834,168.52608598558902,170.769265633248,167.9037094583088,170.19266846722843,9915079.191048875,107.6831655217031,109.9512415194656,107.55182999824702,109.83106668899437,1303992.356686938,91.64436652719927,94.13916413394871,90.71777063588816,90.71799471005588,1388964.9067321566,67.03302252545231,67.55445963781771,66.86502655952543,66.88273590352763,6013448.936739932,82.41414625954263,82.45491177939128,82.32167845362046,82.34996505644763,3752618.651413351,39.87986121136067,40.54664357167359,39.59765588208165,39.97572646207254,14819134.570419095,30.72210585614435,30.92347705885839,30.797007088766467,30.218089026534997,22041221.15864072,32.80610830064319,32.79274672410178,32.682548491096696,32.63945233678313,7941356.137147745,26.938512877406644,26.984952798867464,26.60233381306846,26.659870158227495,4664335.940556722,49.62053693093882,50.195054190387815,49.45067915443899,51.46619213111422,2831259.281162378,122.77814053179527,126.45214554486054,121.85879448993623,123.03187370097457,1811805.7395460785,56.854279218623546,57.791247326228024,56.83564420582975,57.4188465640827,2179557.445081999,40.45463799288232,41.81053884491176,40.08344575278204,40.42471137405196,4129412.381057122,108.46136277307122,108.54282951446791,108.10607321854947,108.19364444305548,2233658.669025839,181.3771145726177,187.3920899558731,180.44572230429225,210.41318575708328,1999604.5785554186,23.55108459989325,23.887354907741173,23.245471645005555,23.85393396800787,3264804.827927581,9.270407431034792,9.551451447827425,9.278698482500076,9.278745650424051,31747285.406630926,80.23510152844285,80.20745116338134,79.67002165824533,79.83551148005458,8187817.802082478,77.68097302637696,78.3353259850826,77.51675883170432,77.47418678882725,5092729.688977925,50.98341744782687,51.186792835344285,50.8366780767217,51.67550432238238,14212618.106152834,58.7356650619339,58.5472656093614,58.24610743615385,58.504720342995654,4217468.083941326,70.68534039136051,70.91374027203805,70.43642339996546,70.77337681696275,5439834.9061171375,56.70891042690995,56.77919380126302,55.967593211491135,56.1250844003945,2485890.149078411,58.2747032493929,58.304687538880245,57.8691362319351,58.22106014080297,3872105.589579799,167.51991240426747,169.2745920236472,167.00476174175645,168.47393082999838,3139094.190698012,114.69394620043184,115.838077566478,114.36228110211746,115.64530339385693,2118432.1292499015,45.22795537648621,45.332541471473846,44.89446784251759,44.98051202264964,8749230.305281505,62.240872605796554,62.40923633847541,62.05682935685824,62.1851040010909,4702223.70559094,125.51205433532415,126.85201340216237,125.13867394349774,126.3531765407353,1233898.2502837887,59.593468370985676,55.915036625719004,55.02076746446975,59.681573786444844,8285043.636567592,76.37006776608696,73.66566005227853,71.08110707378052,71.18367447408227,1711676.4582578205,84.40593036648292,85.48331483221789,83.91156753945879,84.58471313477274,6338034.170304486,86.47411705551774,88.11430083565597,85.91635616860215,86.73099502483393,17617418.34890436,107.66700733344072,110.00083566371795,106.66653443977124,107.49710032542338,18076583.974948507,,,,,,15.7522547279534,45.959099033618365,12.350721661597259,14.362683804840021,4944443.46575379
1954,115.14504572723897,116.24746930469234,114.74665406948877,115.96899679122265,3213774.991073672,102.08327026515977,104.31296728859355,100.7171843945647,101.28714392770647,2820011.779297983,97.8498689222499,97.88112481591196,97.35908128876864,97.43873554645795,8768870.846843746,6.634307602322066,6.698540564044356,5.799389788559678,6.170434844429487,23468448.656425558,69.75277549319955,71.71280475281664,68.44738009113057,72.54474069592654,2646621.533200869,485.7931435324474,501.5280629521258,486.9799506016314,496.1468073965835,551952.0571706869,15.061402381989334,16.1132339274209,15.66542329599524,15.348849210932071,24968229.875417903,41.43895275997462,42.60452423487061,41.20536509870804,42.04235789107277,7796064.658878548,48.37242765632304,48.40299537953116,48.035876408028415,48.01297239978928,4577113.092302672,72.41230431012872,72.444691727421,72.05679520813499,72.20374860042938,6849442.197522482,31.866674956706994,32.083531034978876,31.672340129655836,31.823274011470367,10594164.857109655,77.73759419121855,77.76702856754906,77.09852449032178,77.12268807004101,2244180.1852918277,341.1103531597539,348.0566902490635,338.9928166245646,343.4707374497029,2584716.578967668,41.82564670849583,43.05615037933936,41.293628615755246,42.36415601238922,4657957.109353735,9.72855827756854,10.268972627785404,9.537401461438435,9.823087299366767,20403841.23385446,95.31360001764396,98.75745580647907,95.34995895845103,95.71818389368411,10247014.631242039,12.933901172900658,13.24559887575687,12.758261400743367,13.062168168918705,13933813.63534654,151.7500341316857,152.54572145528414,150.07080615453603,150.42379865599284,9195584.215429362,480.47516452820184,494.2730721997675,479.24634115626907,487.0011733677138,1466074.3961371065,33.51472310939602,34.26391262301866,33.10658525336211,34.086704513948,10088095.782260025,43.791932674306985,43.91401628459881,43.48574776469537,43.53817985077634,27071328.10114239,82.18728796841958,82.41520818303577,81.90018912599514,82.19469706020227,17002595.726036806,89.81980664160827,89.78642057439292,89.60714848496379,89.73589447592592,7372078.905456976,41.91763432627926,42.25743257458248,41.50513677165885,42.160484997619825,4126129.54801163,120.02420248094519,123.31295104722648,118.65823145788363,121.96301307439686,3983623.203562945,69.2716703742335,69.53503117094658,69.06735803516096,69.3322966075529,4524026.411116038,49.64468016804304,49.78875159304098,49.332323808613566,49.63962017781803,2925169.6509405836,55.279455976537875,55.57573704700245,55.14210268372272,55.29656837985875,3771690.5763614,24.773936946901934,24.885747941259496,24.351127223974594,24.35403720203471,22660321.92551495,37.43193748498903,38.68292375767344,36.60954605358477,36.609459127898575,16710684.011774512,150.09927817783762,152.95915976236904,147.37731830210947,150.17237278017967,1168510.0788935658,36.57422820244568,36.75996232959453,36.063083277616414,36.116613119097345,53106415.1726663,53.96174064614807,54.77669990858439,53.03726692054288,52.89184761610996,5116837.356843338,43.10162560297247,43.59249835583913,42.12641278075848,42.132367232403844,21353070.6554256,287.2341189464822,287.5682888877273,283.47680536540656,283.3103741513508,9456826.574458005,,,,,,24.317000779577672,25.26510810814638,24.174511184505956,24.678490941398227,11148879.660184324,147.60371913775484,143.854443471936,139.70093514629008,141.29645208932308,2087752.6919400576,5.752698505274091,5.642610722119638,5.503827495492707,5.285996064156216,24376242.706155162,58.8372242575492,58.90669029966516,58.055455612126494,58.03702462100248,9656500.164983584,94.19289240642598,94.25910787317704,93.58256916980243,93.69022924053682,7616078.024679257,54.06230851707237,54.23361677653097,53.7273985889897,53.854552796581814,11845469.481143039,51.722678179594936,51.68916400964596,51.60947850225291,51.63365545475471,3019201.3121729735,93.67104159950074,94.26103274057125,93.58522897609373,95.49234675169401,3906140.3177996706,11.332558531236165,11.609338629530885,11.701087814801696,11.215177492066223,23188127.03419951,27.411577017314645,26.46777976668195,26.059072031760994,26.311288393165288,13892449.33243117,107.18771296298418,107.17531616332035,106.16336775129241,106.23318665777003,33079851.755907856,70.85772789507368,72.17710996166198,70.09481822441276,70.25395468414462,2787120.7005367167,92.62547831708788,92.6912307962347,92.27504602599751,92.34898132622018,4048376.1165644443,140.18942898289674,139.54375051783444,135.19619709289546,136.22955834620603,2723786.3210328883,110.48662976390115,113.62097649247352,110.1334836078279,112.94799801862084,8170910.476644233,45.422742661789506,46.21684324261556,43.79945539699629,43.80016675481831,10683144.026258815,132.49370884323983,133.30218881104628,128.5511688469128,130.0317940781376,2778161.7387370337,54.85423228175278,51.21400705859395,47.938145443171976,47.223957373724474,1599953.4537165742,239.00030958857585,244.69197298162237,236.84169187102674,239.61554568750245,569480.0791938012,92.4076267016037,93.62385707142026,91.3250471808903,91.87104915540114,4448576.9973499775,45.45069414039625,46.64147962970428,44.88098505656779,45.75879543830817,12133022.055682404,25.205261930957622,26.010440556145223,24.893098076114228,24.877327154164565,3554640.857716302,61.23043177905038,61.63519224559146,60.516075170714444,60.63223792737651,3280312.990327834,168.52608598558902,170.769265633248,167.9037094583088,170.19266846722843,9915079.191048875,107.6831655217031,109.9512415194656,107.55182999824702,109.83106668899437,1303992.356686938,91.64436652719927,94.13916413394871,90.71776109281788,90.71799471005588,1388964.9067321566,67.03302252545231,67.55445963781771,66.86502390098215,66.88273590352763,6013448.936739932,82.41981860395795,82.46059581593724,82.3273136411303,82.35558189974543,3752618.651413351,39.87986121136067,40.54664357167359,39.59765588208165,39.975726462060386,14819134.570419095,30.72210585614435,30.92347705885839,30.804826566359683,30.21808344896389,22041221.15864072,32.80610830064319,32.79274672410178,32.682548491096696,32.63945233678313,7941356.137147745,26.938512877406637,26.984952798867333,26.602333813068462,26.65987015149008,4664335.940556722,49.62053693093882,50.195054190387815,49.45067915443899,51.48370746926285,2831259.281162378,122.77814053179527,126.4521455448605,121.85879448993623,123.03187370097457,1811805.7395460785,56.854279218623546,57.791247326228024,56.83564420582975,57.4188465640827,2179557.445081999,40.45463217246233,41.81053884491176,40.08344575278204,40.42471137405196,4129412.381057122,108.46136277307122,108.54282951446791,108.10607321854947,108.19364444305548,2233658.669025839,181.37711457255602,187.3920899558731,180.44572230429225,210.71863438710517,1999604.5785554186,23.55108459989325,23.887354907741173,23.245471645005555,23.85393396800787,3264804.827927581,9.268619670395957,9.551451447827425,9.278698482500076,9.278745650424051,31747285.406630926,80.23510152844285,80.20745116338134,79.67002165824533,79.83551148005456,8187817.802082478,77.68097302637696,78.34324780035608,77.51675883170432,77.47418678882724,5092729.688977925,50.98341744782687,51.186792835344285,50.8366780767217,51.6828623120891,14212618.106152834,58.73828399715908,58.5472656093614,58.24610743615385,58.50718155810006,4217468.083941326,70.68534039136051,70.91374027203805,70.43642339996546,70.77337681696275,5439834.9061171375,56.70891042690986,56.77919380126288,55.967593211491135,56.125084399308136,2485890.149078411,58.27892090224436,58.30890984335313,57.8691362319351,58.225227585671554,3872105.589579799,167.51991240426747,169.2745920236472,167.00476174175645,168.47393082999838,3139094.190698012,114.69394620043184,115.838077566478,114.36228110211746,115.64530339385693,2118432.1292499015,45.22795537648621,45.332541471473846,44.89446784251759,44.98051202264964,8749230.305281505,62.240872605796554,62.40923633847541,62.05682935685824,62.1851040010909,4702223.70559094,125.51205433532415,126.85201340216237,125.13867394349774,126.35304745587565,1233898.2502837887,59.64278991248281,55.915036625719246,55.02076746446975,59.7307151313096,8285043.636567592,76.41984866158131,73.66566005227853,71.08110707378052,71.18367447408227,1711676.4582578205,84.40593036648292,85.48331483221789,83.91156753945879,84.58471313477274,6338034.170304486,86.47411705551774,88.11430083565597,85.91635616860215,86.73099502483393,17617418.34890436,107.66700733344072,110.00083566371795,106.66653443977124,107.49710032542338,18076583.974948507,,,,,,15.588071106767634,45.95909903669339,12.114362913838017,13.842646695188117,4944443.46575379
1955,115.14504572723897,116.24746930469234,114.74665406948877,115.96899679122265,3213774.991073672,102.08327026515977,104.31296728859355,100.7171843945647,101.28714392770647,2820011.779297983,97.8498689222499,97.88112481591196,97.35908128876864,97.43873554645795,8768870.846843746,6.634307602313141,6.698540564044356,5.795281389311073,6.170434844429487,23468448.656425558,69.69057717542593,71.619404042844,68.43166842969147,72.68069647611829,2646621.533200869,486.14871845163987,502.5852386164086,487.8917166511574,496.654250315954,551952.0571706869,15.061402381989334,16.12179621666522,15.673147459254322,15.348849207050556,24968229.875417903,41.43895275997462,42.60452423487061,41.20536509870804,42.04235789107277,7796064.658878548,48.37487729778986,48.40545419669985,48.035876408028415,48.01297239978925,4577113.092302672,72.41230431012872,72.444691727421,72.05679520813504,72.20374860042938,6849442.197522482,31.866674956706994,32.083531034978876,31.672340196228497,31.823274011470367,10594164.857109655,77.74361988090875,77.77305106663437,77.09852449032178,77.12268807004101,2244180.1852918277,341.1364900833889,348.29326394229406,339.0383822490749,343.5173154528048,2584716.578967668,41.82564670849583,43.05615037933936,41.293628615755246,42.364156012423464,4657957.109353735,9.72855827756854,10.268972627785404,9.537401461438435,9.823087299366767,20403841.23385446,95.31360001764396,98.75745580647907,95.34995895845103,95.71818389368411,10247014.631242039,12.933901172900658,13.24559887575687,12.758261400743367,13.062168168918705,13933813.63534654,151.7500341316857,152.54572145528414,150.07080615453603,150.42379865599284,9195584.215429362,480.50159403071086,494.7562526298835,479.48193862135076,487.6170506364146,1466074.3961371065,33.51472310939602,34.26391262301866,33.10658525336211,34.086704513948,10088095.782260025,43.791932674306985,43.91401628459881,43.48574776469537,43.53817985077634,27071328.10114239,82.18728796841958,82.41520818303577,81.90018912599514,82.19469706020227,17002595.726036806,89.81980664160827,89.78642057439292,89.60714848496379,89.73589447592592,7372078.905456976,41.91763432627926,42.25743257458248,41.50513767808896,42.160484997619825,4126129.54801163,120.02420248094519,123.31295104722648,118.65823145788363,121.96301307439686,3983623.203562945,69.2716703742335,69.53503117094658,69.06735803516096,69.3322966075529,4524026.411116038,49.64468016804304,49.78875159304098,49.332323808613566,49.63962017781803,2925169.6509405836,55.279455976537875,55.57573704700245,55.14210268372272,55.29656837985875,3771690.5763614,24.773936946901934,24.885747941259496,24.351127223974594,24.35403720203471,22660321.92551495,37.43193748498903,38.682923912681744,36.60954605358477,36.609459127898575,16710684.011774512,150.09927817783762,152.95915976236904,147.37731830210947,150.3231308490198,1168510.0788935658,36.57422820244568,36.75996232959453,36.063083277616414,36.116613119097345,53106415.1726663,53.96174064614807,54.77669990858439,53.03726692054288,52.89184761610996,5116837.356843338,43.10162560297247,43.59249835583913,42.12641278075848,42.132367232403844,21353070.6554256,287.38432445914884,287.71855890356306,283.62241224567447,283.45411389182635,9456826.574458005,,,,,,24.317000779577672,25.26510810814638,24.174511184505956,24.678490941398227,11148879.660184324,147.82759848281344,143.854443471936,139.70093514629008,141.29645208932308,2087752.6919400576,5.752698505274091,5.640007800161424,5.503827495492707,5.283317639122516,24376242.706155162,58.8684815582226,58.938065899877536,58.085890979437316,58.06704420856405,9656500.164983584,94.19289240642598,94.25910787317704,93.58256916980243,93.69142386168572,7616078.024679257,54.06230851707237,54.23361677653097,53.7273985889897,53.854552796581814,11845469.481143039,51.722678179594936,51.68916400964596,51.6094785022769,51.633655454739944,3019201.3121729735,93.67104159950074,94.26103274057125,93.58522897609373,95.50652474588378,3906140.3177996706,11.332558531236165,11.609338629530885,11.708217949761794,11.215177492066223,23188127.03419951,27.425652043677147,26.46777976668195,26.059072031760994,26.311288393165288,13892449.33243117,107.18771296298418,107.17531616332035,106.16336775129241,106.23318665777003,33079851.755907856,70.85772790291358,72.17710996166198,70.09481822441276,70.25395468414462,2787120.7005367167,92.62547831708788,92.6912307962347,92.27504602599751,92.34898132622018,4048376.1165644443,140.233269900185,139.54375051783444,135.19619709289546,136.22955834620603,2723786.3210328883,110.48662976390115,113.62097649247352,110.1334836078279,112.94799801862084,8170910.476644233,45.422742661789506,46.21684324261556,43.79945539699629,43.80016675481831,10683144.026258815,132.48333137516164,133.30218881104628,128.5511688469128,130.0317940781376,2778161.7387370337,54.85423228175278,51.49866890783691,48.07194192278612,47.343627382787176,1599953.4537165742,239.2812216194893,245.0830175002799,237.48148353575132,239.81751032689127,569480.0791938012,92.4076267016037,93.62385707142026,91.3250471808903,91.87104915540114,4448576.9973499775,45.45069414039625,46.64147962970428,44.88098505656779,45.75879543830817,12133022.055682404,25.205261930915878,26.010440556145223,24.893098076114228,24.877327154164558,3554640.857716302,61.23044651076089,61.63519225283756,60.516074162096345,60.63223792737651,3280312.990327834,168.52608598558902,170.769265633248,167.9037094583088,170.19266846722843,9915079.191048875,107.6831655217031,109.9512415194656,107.55182999824702,109.83106668899437,1303992.356686938,91.64436652719927,94.13916413394871,90.71776962478978,90.71799471005588,1388964.9067321566,67.03302252545231,67.55445963781771,66.86502624286769,66.88273590352763,6013448.936739932,82.42549133878549,82.46628024431276,82.33294921438711,82.3611991261512,3752618.651413351,39.87986121136067,40.54664357167359,39.59765588208165,39.97572646205091,14819134.570419095,30.72210585614435,30.92347705885839,30.812648029348093,30.218088469916026,22041221.15864072,32.80610830064319,32.79274672410178,32.682548491096696,32.63945233678313,7941356.137147745,26.938512877406634,26.98495279886743,26.602333813068462,26.65987015728566,4664335.940556722,49.62053693093882,50.195054190387815,49.45067915443899,51.501228768355126,2831259.281162378,122.77814053179527,126.45214554486053,121.85879448993623,123.03187370097457,1811805.7395460785,56.854279218623546,57.791247326228024,56.83564420582975,57.4188465640827,2179557.445081999,40.45463735857103,41.81053884491176,40.08344575278204,40.42471137405196,4129412.381057122,108.46136277307122,108.54282951446791,108.10607321854947,108.19364444305548,2233658.669025839,181.37711457250828,187.3920899558731,180.44572230429225,211.02452642501163,1999604.5785554186,23.55108459989325,23.887354907741173,23.245471645005555,23.85393396800787,3264804.827927581,9.26683225451954,9.551451447827425,9.278698482500076,9.278745650424051,31747285.406630926,80.23510152844285,80.20745116338134,79.67002165824533,79.83551148005455,8187817.802082478,77.68097302637696,78.35117041673884,77.51675883170432,77.47418678882723,5092729.688977925,50.98341744782687,51.186792835344285,50.8366780767217,51.690221349487814,14212618.106152834,58.74090304915865,58.5472656093614,58.24610743615385,58.50964287674448,4217468.083941326,70.68534039136051,70.91374027203805,70.43642339996546,70.77337681696275,5439834.9061171375,56.70891042690979,56.779193801262984,55.967593211491135,56.12508440020296,2485890.149078411,58.28313886034998,58.31313245359654,57.8691362319351,58.22939532884451,3872105.589579799,167.51991240426747,169.2745920236472,167.00476174175645,168.47393082999838,3139094.190698012,114.69394620043184,115.838077566478,114.36228110211746,115.64530339385693,2118432.1292499015,45.22795537648621,45.332541471473846,44.89446784251759,44.98051202264964,8749230.305281505,62.240872605796554,62.40923633847541,62.05682935685824,62.1851040010909,4702223.70559094,125.51205433532415,126.85201340216237,125.13867394349774,126.35316968027679,1233898.2502837887,59.69215227413226,55.915036625719075,55.02076746446975,59.779896938776496,8285043.636567592,76.4696620061441,73.66566005227853,71.08110707378052,71.18367447408227,1711676.4582578205,84.40593036648292,85.48331483221789,83.91156753945879,84.58471313477274,6338034.170304486,86.47411705551774,88.11430083565597,85.91635616860215,86.73099502483393,17617418.34890436,107.66700733344072,110.00083566371795,106.66653443977124,107.49710032542338,18076583.974948507,,,,,,14.555336578608392,45.95909903923999,11.25491014719587,13.13224015040284,4944443.46575379
1956,115.14504572723897,116.24746930469234,114.74665406948877,115.96899679122265,3213774.991073672,102.08327026515977,104.31296728859355,100.7171843945647,101.28714392770647,2820011.779297983,97.8498689222499,97.88112481591196,97.35908128876864,97.43873554645795,8768870.846843746,6.634307602319944,6.698540564044356,5.791175900531502,6.170434844429487,23468448.656425558,69.74155555581366,71.72057911695788,68.26185629073433,72.54778385037294,2646621.533200869,486.29617615496255,502.50390120944223,487.5698633269021,496.5712435268498,551952.0571706869,15.061402381989334,16.130363055759524,15.68087543107299,15.348849210366946,24968229.875417903,41.43895275997462,42.60452423487061,41.20536509870804,42.04235789107277,7796064.658878548,48.37732706330965,48.40791313877365,48.035876408028415,48.01297239978923,4577113.092302672,72.41230431012872,72.444691727421,72.056795208135,72.20374860042938,6849442.197522482,31.866674956706994,32.083531034978876,31.672340139171773,31.823274011470367,10594164.857109655,77.74964603766945,77.77907403211907,77.09852449032178,77.12268807004101,2244180.1852918277,341.23994901232584,348.21733451460176,338.94229703601263,343.51325730896014,2584716.578967668,41.82564670849583,43.05615037933936,41.293628615755246,42.36415601239644,4657957.109353735,9.72855827756854,10.268972627785404,9.537401461438435,9.823087299366767,20403841.23385446,95.31360001764396,98.75745580647907,95.34995895845103,95.71818389368411,10247014.631242039,12.933901172900658,13.24559887575687,12.758261400743367,13.062168168918705,13933813.63534654,151.7500341316857,152.54572145528414,150.07080615453603,150.42379865599284,9195584.215429362,480.56989611608026,494.4597984154695,479.1543983053275,487.1755340103299,1466074.3961371065,33.51472310939602,34.26391262301866,33.10658525336211,34.086704513948,10088095.782260025,43.791932674306985,43.91401628459881,43.48574776469537,43.53817985077634,27071328.10114239,82.18728796841958,82.41520818303577,81.90018912599514,82.19469706020227,17002595.726036806,89.81980664160827,89.78642057439292,89.60714848496379,89.73589447592592,7372078.905456976,41.91763432627926,42.25743257458248,41.505136887814196,42.160484997619825,4126129.54801163,120.02420248094519,123.31295104722648,118.65823145788363,121.96301307439686,3983623.203562945,69.2716703742335,69.53503117094658,69.06735803516096,69.3322966075529,4524026.411116038,49.64468016804304,49.78875159304098,49.332323808613566,49.63962017781803,2925169.6509405836,55.279455976537875,55.57573704700245,55.14210268372272,55.29656837985875,3771690.5763614,24.773936946901934,24.885747941259496,24.351127223974594,24.35403720203471,22660321.92551495,37.43193748498903,38.682923781814424,36.60954605358477,36.609459127898575,16710684.011774512,150.09927817783762,152.95915976236904,147.37731830210947,150.31341982254096,1168510.0788935658,36.57422820244568,36.75996232959453,36.063083277616414,36.116613119097345,53106415.1726663,53.96174064614807,54.77669990858439,53.03726692054288,52.89184761610996,5116837.356843338,43.10162560297247,43.59249835583913,42.12641278075848,42.132367232403844,21353070.6554256,287.5346085199215,287.86890744362603,283.7680939164126,283.5979265597867,9456826.574458005,,,,,,24.317000779577672,25.26510810814638,24.174511184505956,24.678490941398227,11148879.660184324,,,,,,5.752698505274091,5.6374060789244815,5.503827495492707,5.280640571252267,24376242.706155162,58.899755464350406,58.96945821174497,58.11634230238183,58.09707932372448,9656500.164983584,94.19289240642598,94.25910787317704,93.58256916980243,93.69026473356219,7616078.024679257,54.06230851707237,54.23361677653097,53.7273985889897,53.854552796581814,11845469.481143039,51.722678179594936,51.68916400964596,51.609478502257815,51.63365545475165,3019201.3121729735,93.67104159950074,94.26103274057125,93.58522897609373,95.52070484511678,3906140.3177996706,11.332558531236165,11.609338629530885,11.715352429516612,11.215177492066223,23188127.03419951,27.439734297145442,26.46777976668195,26.059072031760994,26.311288393165288,13892449.33243117,107.18771296298418,107.17531616332035,106.16336775129241,106.23318665777003,33079851.755907856,70.85772789630977,72.17710996166198,70.09481822441276,70.25395468414462,2787120.7005367167,92.62547831708788,92.6912307962347,92.27504602599751,92.34898132622018,4048376.1165644443,140.42392170210223,139.54375051783444,135.19619709289546,136.22955834620603,2723786.3210328883,110.48662976390115,113.62097649247352,110.1334836078279,112.94799801862084,8170910.476644233,45.422742661789506,46.21684324261556,43.79945539699629,43.80016675481831,10683144.026258815,132.45202194370458,133.30218881104628,128.5511688469128,130.0317940781376,2778161.7387370337,54.85423228175278,51.50204154219132,48.001225101562085,47.60534579490472,1599953.4537165742,239.01302110123913,244.86147788462495,236.9235520872988,239.86662476305634,569480.0791938012,92.4076267016037,93.62385707142026,91.3250471808903,91.87104915540114,4448576.9973499775,45.45069414039625,46.64147962970428,44.88098505656779,45.75879543830817,12133022.055682404,25.205261930883406,26.010440556145223,24.893098076114228,24.877327154164554,3554640.857716302,61.23043300432657,61.63519224685521,60.51607506053885,60.63223792737651,3280312.990327834,168.52608598558902,170.769265633248,167.9037094583088,170.19266846722843,9915079.191048875,107.6831655217031,109.9512415194656,107.55182999824702,109.83106668899437,1303992.356686938,91.64436652719927,94.13916413394871,90.71776199678933,90.71799471005588,1388964.9067321566,67.03302252545231,67.55445963781771,66.86502417992294,66.88273590352763,6013448.936739932,82.43116446405215,82.47196506454485,82.33858517341731,82.36681673569109,3752618.651413351,39.87986121136067,40.54664357167359,39.59765588208165,39.97572646204351,14819134.570419095,30.72210585614435,30.92347705885839,30.820471478235795,30.218083950034544,22041221.15864072,32.80610830064319,32.79274672410178,32.682548491096696,32.63945233678313,7941356.137147745,26.93851287740663,26.984952798867358,26.602333813068462,26.659870152300254,4664335.940556722,49.62053693093882,50.195054190387815,49.45067915443899,51.5187560304197,2831259.281162378,122.77814053179527,126.4521455448605,121.85879448993623,123.03187370097457,1811805.7395460785,56.854279218623546,57.791247326228024,56.83564420582975,57.4188465640827,2179557.445081999,40.45463273764617,41.81053884491176,40.08344575278204,40.42471137405196,4129412.381057122,108.46136277307122,108.54282951446791,108.10607321854947,108.19364444305548,2233658.669025839,181.3771145724713,187.3920899558731,180.44572230429225,211.33086251448063,1999604.5785554186,23.55108459989325,23.887354907741173,23.245471645005555,23.85393396800787,3264804.827927581,9.265045183339058,9.551451447827425,9.278698482500076,9.278745650424051,31747285.406630926,80.23510152844285,80.20745116338134,79.67002165824533,79.83551148005454,8187817.802082478,77.68097302637696,78.35909383431189,77.51675883170432,77.47418678882723,5092729.688977925,50.98341744782687,51.186792835344285,50.8366780767217,51.69758143472771,14212618.106152834,58.74352221793783,58.5472656093614,58.24610743615385,58.512104298933274,4217468.083941326,70.68534039136051,70.91374027203805,70.43642339996546,70.77337681696275,5439834.9061171375,56.70891042690974,56.779193801262906,55.967593211491135,56.12508439946591,2485890.149078411,58.28735712373185,58.31735536963262,57.8691362319351,58.23356337034319,3872105.589579799,167.51991240426747,169.2745920236472,167.00476174175645,168.47393082999838,3139094.190698012,114.69394620043184,115.838077566478,114.36228110211746,115.64530339385693,2118432.1292499015,45.22795537648621,45.332541471473846,44.89446784251759,44.98051202264964,8749230.305281505,62.240872605796554,62.40923633847541,62.05682935685824,62.1851040010909,4702223.70559094,125.51205433532415,126.85201340216237,125.13867394349774,126.35305395172216,1233898.2502837887,59.741555489718145,55.9150366257192,55.02076746446975,59.82911924216212,8285043.636567592,76.51950782092688,73.66566005227853,71.08110707378052,71.18367447408227,1711676.4582578205,84.40593036648292,85.48331483221789,83.91156753945879,84.58471313477274,6338034.170304486,86.47411705551774,88.11430083565597,85.91635616860215,86.73099502483393,17617418.34890436,107.66700733344072,110.00083566371795,106.66653443977124,107.49710032542338,18076583.974948507,,,,,,14.829736068691194,45.95909904134897,11.21773110768626,12.533238700794614,4944443.46575379
1957,115.14504572723897,116.24746930469234,114.74665406948877,115.96899679122265,3213774.991073672,102.08327026515977,104.31296728859355,100.7171843945647,101.28714392770647,2820011.779297983,97.8498689222499,97.88112481591196,97.35908128876864,97.43873554645795,8768870.846843746,6.634307602314758,6.698540564044356,5.78707332015913,6.170434844429487,23468448.656425558,69.90256716715973,71.69239558541624,68.40816334762022,72.6777214378562,2646621.533200869,486.4239069954329,502.83675474317255,488.1381031753543,496.80532822018654,551952.0571706869,15.061402381989334,16.13893444712152,15.688607213329131,15.348849207533403,24968229.875417903,41.43895275997462,42.60452423487061,41.20536509870804,42.04235789107277,7796064.658878548,48.37977695288869,48.41037220575892,48.035876408028415,48.01297239978921,4577113.092302672,72.41230431012872,72.444691727421,72.05679520813503,72.20374860042938,6849442.197522482,31.866674956706994,32.083531034978876,31.672340188072774,31.823274011470367,10594164.857109655,77.75567266153683,77.7850974640393,77.09852449032178,77.12268807004101,2244180.1852918277,341.40382454580674,348.4754072379184,339.2957029161013,343.5894183148856,2584716.578967668,41.82564670849583,43.05615037933936,41.293628615755246,42.36415601241777,4657957.109353735,9.72855827756854,10.268972627785404,9.537401461438435,9.823087299366767,20403841.23385446,95.31360001764396,98.75745580647907,95.34995895845103,95.71818389368411,10247014.631242039,12.933901172900658,13.24559887575687,12.758261400743367,13.062168168918705,13933813.63534654,151.7500341316857,152.54572145528414,150.07080615453603,150.42379865599284,9195584.215429362,480.91282653846395,494.94537948168056,479.5036671466572,487.49788724105343,1466074.3961371065,33.51472310939602,34.26391262301866,33.10658525336211,34.086704513948,10088095.782260025,43.791932674306985,43.91401628459881,43.48574776469537,43.53817985077634,27071328.10114239,82.18728796841958,82.41520818303577,81.90018912599514,82.19469706020227,17002595.726036806,89.81980664160827,89.78642057439292,89.60714848496379,89.73589447592592,7372078.905456976,41.91763432627926,42.25743257458248,41.50513757681845,42.160484997619825,4126129.54801163,120.02420248094519,123.31295104722648,118.65823145788363,121.96301307439686,3983623.203562945,69.2716703742335,69.53503117094658,69.06735803516096,69.3322966075529,4524026.411116038,49.64468016804304,49.78875159304098,49.332323808613566,49.63962017781803,2925169.6509405836,55.279455976537875,55.57573704700245,55.14210268372272,55.29656837985875,3771690.5763614,24.773936946901934,24.885747941259496,24.351127223974594,24.35403720203471,22660321.92551495,37.43193748498903,38.68292389230047,36.60954605358477,36.609459127898575,16710684.011774512,150.09927817783762,152.95915976236904,147.37731830210947,150.2971992029336,1168510.0788935658,36.57422820244568,36.75996232959453,36.063083277616414,36.116613119097345,53106415.1726663,53.96174064614807,54.77669990858439,53.03726692054288,52.89184761610996,5116837.356843338,43.10162560297247,43.59249835583913,42.12641278075848,42.132367232403844,21353070.6554256,287.68497116987595,288.01933454894936,283.9138504160369,283.7418121922321,9456826.574458005,,,,,,24.317000779577672,25.26510810814638,24.174511184505956,24.678490941398227,11148879.660184324,,,,,,5.752698505274091,5.6348055578549205,5.503827495492707,5.277964859857791,24376242.706155162,58.931045984754284,59.000867244168624,58.14680958932472,58.127129974515405,9656500.164983584,94.19289240642598,94.25910787317704,93.58256916980243,93.69138942318281,7616078.024679257,54.06230851707237,54.23361677653097,53.7273985889897,53.854552796581814,11845469.481143039,51.722678179594936,51.68916400964596,51.60947850227299,51.633655454742375,3019201.3121729735,93.67104159950074,94.26103274057125,93.58522897609373,95.53488704970557,3906140.3177996706,11.332558531236165,11.609338629530885,11.722491256713678,11.215177492066223,23188127.03419951,27.453823781430437,26.46777976668195,26.059072031760994,26.311288393165288,13892449.33243117,107.18771296298418,107.17531616332035,106.16336775129241,106.23318665777003,33079851.755907856,70.8577279018724,72.17710996166198,70.09481822441276,70.25395468414462,2787120.7005367167,92.62547831708788,92.6912307962347,92.27504602599751,92.34898132622018,4048376.1165644443,140.4238213102722,139.54375051783444,135.19619709289546,136.22955834620603,2723786.3210328883,110.48662976390115,113.62097649247352,110.1334836078279,112.94799801862084,8170910.476644233,45.422742661789506,46.21684324261556,43.79945539699629,43.80016675481831,10683144.026258815,132.48977415937767,133.30218881104628,128.5511688469128,130.0317940781376,2778161.7387370337,54.85423228175278,51.493711874245776,47.893257329358036,47.33950719809089,1599953.4537165742,238.68191399626397,244.73048696613117,236.73028958766184,239.66013365503142,569480.0791938012,92.4076267016037,93.62385707142026,91.3250471808903,91.87104915540114,4448576.9973499775,45.45069414039625,46.64147962970428,44.88098505656779,45.75879543830817,12133022.055682404,25.205261930858146,26.010440556145223,24.893098076114228,24.87732715416455,3554640.857716302,61.230445387394234,61.63519225179422,60.51607426023699,60.63223792737651,3280312.990327834,168.52608598558902,170.769265633248,167.9037094583088,170.19266846722843,9915079.191048875,107.6831655217031,109.9512415194656,107.55182999824702,109.83106668899437,1303992.356686938,91.64436652719927,94.13916413394871,90.71776881659508,90.71799471005588,1388964.9067321566,67.03302252545231,67.55445963781771,66.86502599715138,66.88273590352763,6013448.936739932,82.43683797978478,82.47765027666051,82.3442215182473,82.37243472839121,3752618.651413351,39.87986121136067,40.54664357167359,39.59765588208165,39.975726462037734,14819134.570419095,30.72210585614435,30.92347705885839,30.828296913527016,30.21808801885019,22041221.15864072,32.80610830064319,32.79274672410178,32.682548491096696,32.63945233678313,7941356.137147745,26.938512877406627,26.98495279886741,26.602333813068462,26.659870156588738,4664335.940556722,49.62053693093882,50.195054190387815,49.45067915443899,51.53628925748595,2831259.281162378,122.77814053179527,126.45214554486051,121.85879448993623,123.03187370097457,1811805.7395460785,56.854279218623546,57.791247326228024,56.83564420582975,57.4188465640827,2179557.445081999,40.45463685498111,41.81053884491176,40.08344575278204,40.42471137405196,4129412.381057122,108.46136277307122,108.54282951446791,108.10607321854947,108.19364444305548,2233658.669025839,181.37711457244268,187.3920899558731,180.44572230429225,211.63764330012452,1999604.5785554186,23.55108459989325,23.887354907741173,23.245471645005555,23.85393396800787,3264804.827927581,9.263258456788037,9.551451447827425,9.278698482500076,9.278745650424051,31747285.406630926,80.23510152844285,80.20745116338134,79.67002165824533,79.83551148005454,8187817.802082478,77.68097302637696,78.36701805315627,77.51675883170432,77.47418678882723,5092729.688977925,50.98341744782687,51.186792835344285,50.8366780767217,51.704942567957985,14212618.106152834,58.74614150350182,58.5472656093614,58.24610743615385,58.5145658246708,4217468.083941326,70.68534039136051,70.91374027203805,70.43642339996546,70.77337681696275,5439834.9061171375,56.7089104269097,56.77919380126296,55.967593211491135,56.12508440007301,2485890.149078411,58.291575692412074,58.32157859148352,57.8691362319351,58.23773171018895,3872105.589579799,167.51991240426747,169.2745920236472,167.00476174175645,168.47393082999838,3139094.190698012,114.69394620043184,115.838077566478,114.36228110211746,115.64530339385693,2118432.1292499015,45.22795537648621,45.332541471473846,44.89446784251759,44.98051202264964,8749230.305281505,62.240872605796554,62.40923633847541,62.05682935685824,62.1851040010909,4702223.70559094,125.51205433532415,126.85201340216237,125.13867394349774,126.35316352966431,1233898.2502837887,59.79099959305254,55.91503662571911,55.02076746446975,59.8783820748105,8285043.636567592,76.56938612709493,73.66566005227853,71.08110707378052,71.18367447408227,1711676.4582578205,84.40593036648292,85.48331483221789,83.91156753945879,84.58471313477274,6338034.170304486,86.47411705551774,88.11430083565597,85.91635616860215,86.73099502483393,17617418.34890436,107.66700733344072,110.00083566371795,106.66653443977124,107.49710032542338,18076583.974948507,,,,,,14.367914156280325,45.95909904309554,11.052927013555806,12.87890928769388,4944443.46575379
1958,115.14504572723897,116.24746930469234,114.74665406948877,115.96899679122265,3213774.991073672,102.08327026515977,104.31296728859355,100.7171843945647,101.28714392770647,2820011.779297983,97.8498689222499,97.88112481591196,97.35908128876864,97.43873554645795,8768870.846843746,6.634307602318711,6.698540564044356,5.782973646133587,6.170434844429487,23468448.656425558,70.14860074680911,72.11151357154937,68.5402306475901,72.55069229712339,2646621.533200869,486.6442550049312,502.87932011724183,487.81765749772944,497.0458619745286,551952.0571706869,15.061402381989334,16.147510393170204,15.696342807901566,15.3488492099544,24968229.875417903,41.43895275997462,42.60452423487061,41.20536509870804,42.04235789107277,7796064.658878548,48.38222696653327,48.412831397661996,48.035876408028415,48.012972399789206,4577113.092302672,72.41230431012872,72.444691727421,72.056795208135,72.20374860042938,6849442.197522482,31.866674956706994,32.083531034978876,31.672340146161716,31.823274011470367,10594164.857109655,77.76169975254712,77.79112136243116,77.09852449032178,77.12268807004101,2244180.1852918277,341.4983119780949,348.4433210369364,339.411152405672,343.9067524986732,2584716.578967668,41.82564670849583,43.05615037933936,41.293628615755246,42.36415601240094,4657957.109353735,9.72855827756854,10.268972627785404,9.537401461438435,9.823087299366767,20403841.23385446,95.31360001764396,98.75745580647907,95.34995895845103,95.71818389368411,10247014.631242039,12.933901172900658,13.24559887575687,12.758261400743367,13.062168168918705,13933813.63534654,151.7500341316857,152.54572145528414,150.07080615453603,150.42379865599284,9195584.215429362,481.03989448547605,494.9036172570004,479.71561672558744,487.6923138810756,1466074.3961371065,33.51472310939602,34.26391262301866,33.10658525336211,34.086704513948,10088095.782260025,43.791932674306985,43.91401628459881,43.48574776469537,43.53817985077634,27071328.10114239,82.18728796841958,82.41520818303577,81.90018912599514,82.19469706020227,17002595.726036806,89.81980664160827,89.78642057439292,89.60714848496379,89.73589447592592,7372078.905456976,41.91763432627926,42.25743257458248,41.5051369761073,42.160484997619825,4126129.54801163,120.02420248094519,123.31295104722648,118.65823145788363,121.96301307439686,3983623.203562945,69.2716703742335,69.53503117094658,69.06735803516096,69.3322966075529,4524026.411116038,49.64468016804304,49.78875159304098,49.332323808613566,49.63962017781803,2925169.6509405836,55.279455976537875,55.57573704700245,55.14210268372272,55.29656837985875,3771690.5763614,24.773936946901934,24.885747941259496,24.351127223974594,24.35403720203471,22660321.92551495,37.43193748498903,38.682923799021516,36.60954605358477,36.609459127898575,16710684.011774512,150.09927817783762,152.95915976236904,147.37731830210947,150.54341341889742,1168510.0788935658,36.57422820244568,36.75996232959453,36.063083277616414,36.116613119097345,53106415.1726663,53.96174064614807,54.77669990858439,53.03726692054288,52.89184761610996,5116837.356843338,43.10162560297247,43.59249835583913,42.12641278075848,42.132367232403844,21353070.6554256,287.83541245010946,288.1698402605877,284.0596817829829,283.88577082618167,9456826.574458005,,,,,,24.317000779577672,25.26510810814638,24.174511184505956,24.678490941398227,11148879.660184324,,,,,,5.752698505274091,5.6322062363991074,5.503827495492707,5.2752905042517595,24376242.706155162,58.96235312826058,59.0322930060544,58.17729284863505,58.15719616897261,9656500.164983584,94.19289240642598,94.25910787317704,93.58256916980243,93.69029814887321,7616078.024679257,54.06230851707237,54.23361677653097,53.7273985889897,53.854552796581814,11845469.481143039,51.722678179594936,51.68916400964596,51.60947850226092,51.63365545474972,3019201.3121729735,93.67104159950074,94.26103274057125,93.58522897609373,95.54907135996274,3906140.3177996706,11.332558531236165,11.609338629530885,11.729634434002135,11.215177492066223,23188127.03419951,27.467920500244936,26.46777976668195,26.059072031760994,26.311288393165288,13892449.33243117,107.18771296298418,107.17531616332035,106.16336775129241,106.23318665777003,33079851.755907856,70.8577278971868,72.17710996166198,70.09481822441276,70.25395468414462,2787120.7005367167,92.62547831708788,92.6912307962347,92.27504602599751,92.34898132622018,4048376.1165644443,140.5404309829197,139.54375051783444,135.19619709289546,136.22955834620603,2723786.3210328883,110.48662976390115,113.62097649247352,110.1334836078279,112.94799801862084,8170910.476644233,45.422742661789506,46.21684324261556,43.79945539699629,43.80016675481831,10683144.026258815,132.73708840680595,133.30218881104628,128.5511688469128,130.0317940781376,2778161.7387370337,54.85423228175278,51.29018907808653,47.68823928997185,47.3565011478823,1599953.4537165742,238.87342735812342,244.34292015141878,236.6713609784254,239.22513559652938,569480.0791938012,92.4076267016037,93.62385707142026,91.3250471808903,91.87104915540114,4448576.9973499775,45.45069414039625,46.64147962970428,44.88098505656779,45.75879543830817,12133022.055682404,25.2052619308385,26.010440556145223,24.893098076114228,24.877327154164547,3554640.857716302,61.23043403425979,61.635192247716596,60.51607497311853,60.63223792737651,3280312.990327834,168.52608598558902,170.769265633248,167.9037094583088,170.19266846722843,9915079.191048875,107.6831655217031,109.9512415194656,107.55182999824702,109.83106668899437,1303992.356686938,91.64436652719927,94.13916413394871,90.71776271935497,90.71799471005588,1388964.9067321566,67.03302252545231,67.55445963781771,66.86502439637209,66.88273590352763,6013448.936739932,82.44251188601028,82.48333588068677,82.34985824890347,82.37805310427771,3752618.651413351,39.87986121136067,40.54664357167359,39.59765588208165,39.97572646203323,14819134.570419095,30.72210585614435,30.92347705885839,30.83612433572611,30.218084356085836,22041221.15864072,32.80610830064319,32.79274672410178,32.682548491096696,32.63945233678313,7941356.137147745,26.938512877406623,26.984952798867372,26.602333813068462,26.65987015289975,4664335.940556722,49.62053693093882,50.195054190387815,49.45067915443899,51.55382845158391,2831259.281162378,122.77814053179527,126.4521455448605,121.85879448993623,123.03187370097457,1811805.7395460785,56.854279218623546,57.791247326228024,56.83564420582975,57.4188465640827,2179557.445081999,40.4546331863547,41.81053884491176,40.08344575278204,40.42471137405196,4129412.381057122,108.46136277307122,108.54282951446791,108.10607321854947,108.19364444305548,2233658.669025839,181.3771145724205,187.3920899558731,180.44572230429225,211.94486942749143,1999604.5785554186,23.55108459989325,23.887354907741173,23.245471645005555,23.85393396800787,3264804.827927581,9.261472074800016,9.551451447827425,9.278698482500076,9.278745650424051,31747285.406630926,80.23510152844285,80.20745116338134,79.67002165824533,79.83551148005454,8187817.802082478,77.68097302637696,78.37494307335301,77.51675883170432,77.47418678882723,5092729.688977925,50.98341744782687,51.186792835344285,50.8366780767217,51.71230474932786,14212618.106152834,58.74876090585582,58.5472656093614,58.24610743615385,58.517027453961404,4217468.083941326,70.68534039136051,70.91374027203805,70.43642339996546,70.77337681696275,5439834.9061171375,56.708910426909675,56.77919380126292,55.967593211491135,56.12508439957295,2485890.149078411,58.29579456641274,58.325802119171385,57.8691362319351,58.24190034840315,3872105.589579799,167.51991240426747,169.2745920236472,167.00476174175645,168.47393082999838,3139094.190698012,114.69394620043184,115.838077566478,114.36228110211746,115.64530339385693,2118432.1292499015,45.22795537648621,45.332541471473846,44.89446784251759,44.98051202264964,8749230.305281505,62.240872605796554,62.40923633847541,62.05682935685824,62.1851040010909,4702223.70559094,125.51205433532415,126.85201340216237,125.13867394349774,126.35305977544874,1233898.2502837887,59.840484617975505,55.915036625719175,55.02076746446975,59.927685470093124,8285043.636567592,76.6192969458274,73.66566005227853,71.08110707378052,71.18367447408227,1711676.4582578205,84.40593036648292,85.48331483221789,83.91156753945879,84.58471313477274,6338034.170304486,86.47411705551774,88.11430083565597,85.91635616860215,86.73099502483393,17617418.34890436,107.66700733344072,110.00083566371795,106.66653443977124,107.49710032542338,18076583.974948507,,,,,,13.964365966045737,45.95909904454197,10.480272198552377,12.60628858716139,4944443.46575379
1959,115.14504572723897,116.24746930469234,114.74665406948877,115.96899679122265,3213774.991073672,102.08327026515977,104.31296728859355,100.7171843945647,101.28714392770647,2820011.779297983,97.8498689222499,97.88112481591196,97.35908128876864,97.43873554645795,8768870.846843746,6.6343076023156975,6.698540564044356,5.77887687639596,6.170434844429487,23468448.656425558,69.62315727019005,71.58265272126597,68.31735228578246,72.674878092072,2646621.533200869,486.6933613570354,502.71697809155336,488.1048005093307,497.075126303613,551952.0571706869,15.061402381989334,16.156090896325857,15.704082216670031,15.348849207885886,24968229.875417903,41.43895275997462,42.60452423487061,41.20536509870804,42.04235789107277,7796064.658878548,48.38467710424966,48.415290714489224,48.035876408028415,48.0129723997892,4577113.092302672,72.41230431012872,72.444691727421,72.05679520813501,72.20374860042938,6849442.197522482,31.866674956706994,32.083531034978876,31.67234018208198,31.823274011470367,10594164.857109655,77.76772731073652,77.79714572733079,77.09852449032178,77.12268807004101,2244180.1852918277,341.66276920270053,348.634231496625,339.5430302101184,343.89396080732166,2584716.578967668,41.82564670849583,43.05615037933936,41.293628615755246,42.36415601241423,4657957.109353735,9.72855827756854,10.268972627785404,9.537401461438435,9.823087299366767,20403841.23385446,95.31360001764396,98.75745580647907,95.34995895845103,95.71818389368411,10247014.631242039,12.933901172900658,13.24559887575687,12.758261400743367,13.062168168918705,13933813.63534654,151.7500341316857,152.54572145528414,150.07080615453603,150.42379865599284,9195584.215429362,481.3705885415638,495.2051015432629,480.1412462457364,487.93142880025727,1466074.3961371065,33.51472310939602,34.26391262301866,33.10658525336211,34.086704513948,10088095.782260025,43.791932674306985,43.91401628459881,43.48574776469537,43.53817985077634,27071328.10114239,82.18728796841958,82.41520818303577,81.90018912599514,82.19469706020227,17002595.726036806,89.81980664160827,89.78642057439292,89.60714848496379,89.73589447592592,7372078.905456976,41.91763432627926,42.25743257458248,41.50513749983975,42.160484997619825,4126129.54801163,120.02420248094519,123.31295104722648,118.65823145788363,121.96301307439686,3983623.203562945,69.2716703742335,69.53503117094658,69.06735803516096,69.3322966075529,4524026.411116038,49.64468016804304,49.78875159304098,49.332323808613566,49.63962017781803,2925169.6509405836,55.279455976537875,55.57573704700245,55.14210268372272,55.29656837985875,3771690.5763614,24.773936946901934,24.885747941259496,24.351127223974594,24.35403720203471,22660321.92551495,37.43193748498903,38.68292387777321,36.60954605358477,36.609459127898575,16710684.011774512,150.09927817783762,152.95915976236904,147.37731830210947,150.37908224829275,1168510.0788935658,36.57422820244568,36.75996232959453,36.063083277616414,36.116613119097345,53106415.1726663,53.96174064614807,54.77669990858439,53.03726692054288,52.89184761610996,5116837.356843338,43.10162560297247,43.59249835583913,42.12641278075848,42.132367232403844,21353070.6554256,287.9859324017407,288.3204246196171,284.205588055706,284.02980249867335,9456826.574458005,,,,,,24.317000779577672,25.26510810814638,24.174511184505956,24.678490941398227,11148879.660184324,,,,,,5.752698505274091,5.629608114003663,5.503827495492707,5.272617503747192,24376242.706155162,58.99367690370032,59.06373550631296,58.207792088686276,58.18727791513604,9656500.164983584,94.19289240642598,94.25910787317704,93.58256916980243,93.69135700066393,7616078.024679257,54.06230851707237,54.23361677653097,53.7273985889897,53.854552796581814,11845469.481143039,51.722678179594936,51.68916400964596,51.60947850227053,51.6336554547439,3019201.3121729735,93.67104159950074,94.26103274057125,93.58522897609373,95.5632577762009,3906140.3177996706,11.332558531236165,11.609338629530885,11.73678196403274,11.215177492066223,23188127.03419951,27.48202445730366,26.46777976668195,26.059072031760994,26.311288393165288,13892449.33243117,107.18771296298418,107.17531616332035,106.16336775129241,106.23318665777003,33079851.755907856,70.85772790113364,72.17710996166198,70.09481822441276,70.25395468414462,2787120.7005367167,92.62547831708788,92.6912307962347,92.27504602599751,92.34898132622018,4048376.1165644443,140.4204677302225,139.54375051783444,135.19619709289546,136.22955834620603,2723786.3210328883,110.48662976390115,113.62097649247352,110.1334836078279,112.94799801862084,8170910.476644233,45.422742661789506,46.21684324261556,43.79945539699629,43.80016675481831,10683144.026258815,132.69396063289244,133.30218881104628,128.5511688469128,130.0317940781376,2778161.7387370337,54.85423228175278,50.92335067866254,47.6714605583811,46.92778029833882,1599953.4537165742,238.6108621809312,244.1918688658147,236.43757720694353,239.0846529329227,569480.0791938012,92.4076267016037,93.62385707142026,91.3250471808903,91.87104915540114,4448576.9973499775,45.45069414039625,46.64147962970428,44.88098505656779,45.75879543830817,12133022.055682404,25.205261930823216,26.010440556145223,24.893098076114228,24.877327154164547,3554640.857716302,61.230444443123346,61.63519225108307,60.516074338108034,60.63223792737651,3280312.990327834,168.52608598558902,170.769265633248,167.9037094583088,170.19266846722843,9915079.191048875,107.6831655217031,109.9512415194656,107.55182999824702,109.83106668899437,1303992.356686938,91.64436652719927,94.13916413394871,90.71776817058604,90.71799471005588,1388964.9067321566,67.03302252545231,67.55445963781771,66.86502580648337,66.88273590352763,6013448.936739932,82.4481861827555,82.48902187665064,82.35549536541225,82.38367186337672,3752618.651413351,39.87986121136067,40.54664357167359,39.59765588208165,39.97572646202971,14819134.570419095,30.72210585614435,30.92347705885839,30.84395374533757,30.218087653321163,22041221.15864072,32.80610830064319,32.79274672410178,32.682548491096696,32.63945233678313,7941356.137147745,26.938512877406623,26.9849527988674,26.602333813068462,26.659870156073048,4664335.940556722,49.62053693093882,50.195054190387815,49.45067915443899,51.57137361474434,2831259.281162378,122.77814053179527,126.45214554486051,121.85879448993623,123.03187370097457,1811805.7395460785,56.854279218623546,57.791247326228024,56.83564420582975,57.4188465640827,2179557.445081999,40.454636455172995,41.81053884491176,40.08344575278204,40.42471137405196,4129412.381057122,108.46136277307122,108.54282951446791,108.10607321854947,108.19364444305548,2233658.669025839,181.37711457240334,187.3920899558731,180.44572230429225,212.2525415430666,1999604.5785554186,23.55108459989325,23.887354907741173,23.245471645005555,23.85393396800787,3264804.827927581,9.25968603730855,9.551451447827425,9.278698482500076,9.278745650424051,31747285.406630926,80.23510152844285,80.20745116338134,79.67002165824533,79.83551148005454,8187817.802082478,77.68097302637696,78.38286889498313,77.51675883170432,77.47418678882723,5092729.688977925,50.98341744782687,51.186792835344285,50.8366780767217,51.719667978986585,14212618.106152834,58.75138042500504,58.5472656093614,58.24610743615385,58.51948918680946,4217468.083941326,70.68534039136051,70.91374027203805,70.43642339996546,70.77337681696275,5439834.9061171375,56.708910426909654,56.77919380126295,55.967593211491135,56.125084399984836,2485890.149078411,58.30001374575594,58.33002595271836,57.8691362319351,58.24606928500713,3872105.589579799,167.51991240426747,169.2745920236472,167.00476174175645,168.47393082999838,3139094.190698012,114.69394620043184,115.838077566478,114.36228110211746,115.64530339385693,2118432.1292499015,45.22795537648621,45.332541471473846,44.89446784251759,44.98051202264964,8749230.305281505,62.240872605796554,62.40923633847541,62.05682935685824,62.1851040010909,4702223.70559094,125.51205433532415,126.85201340216237,125.13867394349774,126.35315801545069,1233898.2502837887,59.89001059835512,55.915036625719125,55.02076746446975,59.97702946140894,8285043.636567592,76.66924029831719,73.66566005227853,71.08110707378052,71.18367447408227,1711676.4582578205,84.40593036648292,85.48331483221789,83.91156753945879,84.58471313477274,6338034.170304486,86.47411705551774,88.11430083565597,85.91635616860215,86.73099502483393,17617418.34890436,107.66700733344072,110.00083566371795,106.66653443977124,107.49710032542338,18076583.974948507,,,,,,13.800182344859971,45.95909904573985,10.243913450793135,12.086251477509487,4944443.46575379
1960,115.14504572723897,116.24746930469234,114.74665406948877,115.96899679122265,3213774.991073672,102.08327026515977,104.31296728859355,100.7171843945647,101.28714392770647,2820011.779297983,97.8498689222499,97.88112481591196,97.35908128876864,97.43873554645795,8768870.846843746,6.634307602317994,6.698540564044356,5.774783008888796,6.170434844429487,23468448.656425558,69.56095976901317,71.48925201129333,68.30164062434336,72.55347199912315,2646621.533200869,487.04893179097235,503.77415375583615,489.0165665588567,497.5825692229835,551952.0571706869,15.061402381989334,16.164675959010044,15.711825441515199,15.348849209653237,24968229.875417903,41.43895275997462,42.60452423487061,41.20536509870804,42.04235789107277,7796064.658878548,48.387127366044155,48.41775015624695,48.035876408028415,48.01297239978919,4577113.092302672,72.41230431012872,72.444691727421,72.056795208135,72.20374860042938,6849442.197522482,31.866674956706994,32.083531034978876,31.67234015129618,31.823274011470367,10594164.857109655,77.77375533614124,77.8031705587743,77.09852449032178,77.12268807004101,2244180.1852918277,341.6889060513622,348.87080518985556,339.5885958346287,344.20163725545507,2584716.578967668,41.82564670849583,43.05615037933936,41.293628615755246,42.36415601240374,4657957.109353735,9.72855827756854,10.268972627785404,9.537401461438435,9.823087299366767,20403841.23385446,95.31360001764396,98.75745580647907,95.34995895845103,95.71818389368411,10247014.631242039,12.933901172900658,13.24559887575687,12.758261400743367,13.062168168918705,13933813.63534654,151.7500341316857,152.54572145528414,150.07080615453603,150.42379865599284,9195584.215429362,481.3970180440728,495.6882819733789,480.3768437108181,488.54730606895805,1466074.3961371065,33.51472310939602,34.26391262301866,33.10658525336211,34.086704513948,10088095.782260025,43.791932674306985,43.91401628459881,43.48574776469537,43.53817985077634,27071328.10114239,82.18728796841958,82.41520818303577,81.90018912599514,82.19469706020227,17002595.726036806,89.81980664160827,89.78642057439292,89.60714848496379,89.73589447592592,7372078.905456976,41.91763432627926,42.25743257458248,41.505137043221495,42.160484997619825,4126129.54801163,120.02420248094519,123.31295104722648,118.65823145788363,121.96301307439686,3983623.203562945,69.2716703742335,69.53503117094658,69.06735803516096,69.3322966075529,4524026.411116038,49.64468016804304,49.78875159304098,49.332323808613566,49.63962017781803,2925169.6509405836,55.279455976537875,55.57573704700245,55.14210268372272,55.29656837985875,3771690.5763614,24.773936946901934,24.885747941259496,24.351127223974594,24.35403720203471,22660321.92551495,37.43193748498903,38.6829238112863,36.60954605358477,36.609459127898575,16710684.011774512,150.09927817783762,152.95915976236904,147.37731830210947,150.52984031713288,1168510.0788935658,36.57422820244568,36.75996232959453,36.063083277616414,36.116613119097345,53106415.1726663,53.96174064614807,54.77669990858439,53.03726692054288,52.89184761610996,5116837.356843338,43.10162560297247,43.59249835583913,42.12641278075848,42.132367232403844,21353070.6554256,288.13653106590994,288.47108766713507,284.3515692726813,284.1739072467638,9456826.574458005,,,,,,24.317000779577672,25.26510810814638,24.174511184505956,24.678490941398227,11148879.660184324,,,,,,5.752698505274091,5.627011190115463,5.503827495492707,5.269945857657455,24376242.706155162,59.02501731990922,59.09519475385969,58.23830731785625,58.21737522104981,9656500.164983584,94.19289240642598,94.25910787317704,93.58256916980243,93.6903296080965,7616078.024679257,54.06230851707237,54.23361677653097,53.7273985889897,53.854552796581814,11845469.481143039,51.722678179594936,51.68916400964596,51.60947850226289,51.633655454748514,3019201.3121729735,93.67104159950074,94.26103274057125,93.58522897609373,95.57744629873275,3906140.3177996706,11.332558531236165,11.609338629530885,11.743933849457866,11.215177492066223,23188127.03419951,27.496135656323226,26.46777976668195,26.059072031760994,26.311288393165288,13892449.33243117,107.18771296298418,107.17531616332035,106.16336775129241,106.23318665777003,33079851.755907856,70.85772789780908,72.17710996166198,70.09481822441276,70.25395468414462,2787120.7005367167,92.62547831708788,92.6912307962347,92.27504602599751,92.34898132622018,4048376.1165644443,140.4643086475088,139.54375051783444,135.19619709289546,136.22955834620603,2723786.3210328883,110.48662976390115,113.62097649247352,110.1334836078279,112.94799801862084,8170910.476644233,45.422742661789506,46.21684324261556,43.79945539699629,43.80016675481831,10683144.026258815,132.68358268604368,133.30218881104628,128.5511688469128,130.0317940781376,2778161.7387370337,54.85423228175278,51.208012527905495,47.80525703799524,47.04745030740152,1599953.4537165742,238.89177421184465,244.58291338447225,237.0773688716681,239.28661757231154,569480.0791938012,92.4076267016037,93.62385707142026,91.3250471808903,91.87104915540114,4448576.9973499775,45.45069414039625,46.64147962970428,44.88098505656779,45.75879543830817,12133022.055682404,25.20526193081133,26.010440556145223,24.893098076114228,24.877327154164547,3554640.857716302,61.230434899993114,61.635192248303724,60.51607490375367,60.63223792737651,3280312.990327834,168.52608598558902,170.769265633248,167.9037094583088,170.19266846722843,9915079.191048875,107.6831655217031,109.9512415194656,107.55182999824702,109.83106668899437,1303992.356686938,91.64436652719927,94.13916413394871,90.71776329691866,90.71799471005588,1388964.9067321566,67.03302252545231,67.55445963781771,66.86502456432973,66.88273590352763,6013448.936739932,82.45386087004734,82.49470826457913,82.36113286780005,82.38929100571438,3752618.651413351,39.87986121136067,40.54664357167359,39.59765588208165,39.97572646202697,14819134.570419095,30.72210585614435,30.92347705885839,30.851785142865996,30.218084685136546,22041221.15864072,32.80610830064319,32.79274672410178,32.682548491096696,32.63945233678313,7941356.137147745,26.938512877406623,26.98495279886738,26.602333813068462,26.659870153343352,4664335.940556722,49.62053693093882,50.195054190387815,49.45067915443899,51.58892474899866,2831259.281162378,122.77814053179527,126.45214554486051,121.85879448993623,123.03187370097457,1811805.7395460785,56.854279218623546,57.791247326228024,56.83564420582975,57.4188465640827,2179557.445081999,40.454633542591594,41.81053884491176,40.08344575278204,40.42471137405196,4129412.381057122,108.46136277307122,108.54282951446791,108.10607321854947,108.19364444305548,2233658.669025839,181.37711457239004,187.3920899558731,180.44572230429225,212.56066029427376,1999604.5785554186,23.55108459989325,23.887354907741173,23.245471645005555,23.85393396800787,3264804.827927581,9.2579003442472,9.551451447827425,9.278698482500076,9.278745650424051,31747285.406630926,80.23510152844285,80.20745116338134,79.67002165824533,79.83551148005454,8187817.802082478,77.68097302637696,78.3907955181277,77.51675883170432,77.47418678882723,5092729.688977925,50.98341744782687,51.186792835344285,50.8366780767217,51.72703225708342,14212618.106152834,58.754000060954695,58.5472656093614,58.24610743615385,58.52195102321931,4217468.083941326,70.68534039136051,70.91374027203805,70.43642339996546,70.77337681696275,5439834.9061171375,56.70891042690964,56.77919380126293,55.967593211491135,56.125084399645566,2485890.149078411,58.30423323046379,58.33425009214659,57.8691362319351,58.250238520022265,3872105.589579799,167.51991240426747,169.2745920236472,167.00476174175645,168.47393082999838,3139094.190698012,114.69394620043184,115.838077566478,114.36228110211746,115.64530339385693,2118432.1292499015,45.22795537648621,45.332541471473846,44.89446784251759,44.98051202264964,8749230.305281505,62.240872605796554,62.40923633847541,62.05682935685824,62.1851040010909,4702223.70559094,125.51205433532415,126.85201340216237,125.13867394349774,126.35306499659907,1233898.2502837887,59.93957756808748,55.91503662571916,55.02076746446975,60.02641408218441,8285043.636567592,76.71921620577103,73.66566005227853,71.08110707378052,71.18367447408227,1711676.4582578205,84.40593036648292,85.48331483221789,83.91156753945879,84.58471313477274,6338034.170304486,86.47411705551774,88.11430083565597,85.91635616860215,86.73099502483393,17617418.34890436,107.66700733344072,110.00083566371795,106.66653443977124,107.49710032542338,18076583.974948507,,,,,,12.767447816700729,45.95909904673187,9.384460684150989,11.37584493272421,4944443.46575379
